reportDate,marketplace,accountId,adProduct,adType,creativeType,inventoryType,placement,interaction_type,cost_type,normalizedTouchpoint,currencyCode,impressions,clicks,cost,purchases,sales
报告日期,广告市场,广告账户 ID 对应 AMC advertiser id,广告产品,Sponsored Ads 广告形式,创意类型,DSP 库存类型,广告位置,互动类型（IMPRESSION 或 CLICK）,计费类型（CPC 或 CPM）,标准化五段触点键,币种,曝光量,点击量,广告花费,平台报告购买量,平台报告销售额
2026-01-01,US,adv_demo_001,AMAZON_DSP,,,AUDIO,,IMPRESSION,CPM,AMAZON_DSP:AUDIO:UNSPECIFIED:UNSPECIFIED:IMPRESSION,USD,45910,0,826.38,0,0
2026-01-01,US,adv_demo_001,AMAZON_DSP,,IMAGE,DISPLAY,,IMPRESSION,CPM,AMAZON_DSP:DISPLAY:UNSPECIFIED:IMAGE:IMPRESSION,USD,55451,0,693.14,0,0
2026-01-01,US,adv_demo_001,AMAZON_DSP,,VIDEO,ONLINE_VIDEO,,IMPRESSION,CPM,AMAZON_DSP:ONLINE_VIDEO:UNSPECIFIED:VIDEO:IMPRESSION,USD,42992,0,859.84,0,0
2026-01-01,US,adv_demo_001,AMAZON_DSP,,VIDEO,STREAMING_TV,,IMPRESSION,CPM,AMAZON_DSP:STREAMING_TV:UNSPECIFIED:VIDEO:IMPRESSION,USD,51533,0,1442.92,0,0
2026-01-01,US,adv_demo_001,SPONSORED_BRANDS,COMPONENT,IMAGE,,TOP_OF_SEARCH,IMPRESSION,CPM,SPONSORED_BRANDS:COMPONENT:TOP_OF_SEARCH:IMAGE:IMPRESSION,USD,24074,0,0,0,0
2026-01-01,US,adv_demo_001,SPONSORED_BRANDS,COMPONENT,IMAGE,,TOP_OF_SEARCH,CLICK,CPC,SPONSORED_BRANDS:COMPONENT:TOP_OF_SEARCH:IMAGE:CLICK,USD,0,195,234.0,10,836.4
2026-01-01,US,adv_demo_001,SPONSORED_BRANDS,DISPLAY,IMAGE,,REST_OF_SEARCH,IMPRESSION,CPM,SPONSORED_BRANDS:DISPLAY:REST_OF_SEARCH:IMAGE:IMPRESSION,USD,27615,0,0,0,0
2026-01-01,US,adv_demo_001,SPONSORED_BRANDS,VIDEO,VIDEO,,TOP_OF_SEARCH,IMPRESSION,CPM,SPONSORED_BRANDS:VIDEO:TOP_OF_SEARCH:VIDEO:IMPRESSION,USD,16356,0,0,0,0
2026-01-01,US,adv_demo_001,SPONSORED_BRANDS,VIDEO,VIDEO,,TOP_OF_SEARCH,CLICK,CPC,SPONSORED_BRANDS:VIDEO:TOP_OF_SEARCH:VIDEO:CLICK,USD,0,109,150.42,5,473.2
2026-01-01,US,adv_demo_001,SPONSORED_DISPLAY,DISPLAY,IMAGE,,PRODUCT_PAGE,IMPRESSION,CPM,SPONSORED_DISPLAY:DISPLAY:PRODUCT_PAGE:IMAGE:IMPRESSION,USD,24897,0,0,0,0
2026-01-01,US,adv_demo_001,SPONSORED_DISPLAY,DISPLAY,IMAGE,,PRODUCT_PAGE,CLICK,CPC,SPONSORED_DISPLAY:DISPLAY:PRODUCT_PAGE:IMAGE:CLICK,USD,0,137,126.04,6,478.8
2026-01-01,US,adv_demo_001,SPONSORED_DISPLAY,DISPLAY,VIDEO,,PRODUCT_PAGE,IMPRESSION,CPM,SPONSORED_DISPLAY:DISPLAY:PRODUCT_PAGE:VIDEO:IMPRESSION,USD,20438,0,0,0,0
2026-01-01,US,adv_demo_001,SPONSORED_DISPLAY,VIDEO,VIDEO,,PRODUCT_PAGE,CLICK,CPC,SPONSORED_DISPLAY:VIDEO:PRODUCT_PAGE:VIDEO:CLICK,USD,0,127,149.86,6,512.16
2026-01-01,US,adv_demo_001,SPONSORED_PRODUCTS,PRODUCT_AD,,,PRODUCT_PAGE,CLICK,CPC,SPONSORED_PRODUCTS:PRODUCT_AD:PRODUCT_PAGE:UNSPECIFIED:CLICK,USD,0,366,322.08,27,1799.28
2026-01-01,US,adv_demo_001,SPONSORED_PRODUCTS,PRODUCT_AD,,,REST_OF_SEARCH,CLICK,CPC,SPONSORED_PRODUCTS:PRODUCT_AD:REST_OF_SEARCH:UNSPECIFIED:CLICK,USD,0,364,298.48,25,1608.75
2026-01-01,US,adv_demo_001,SPONSORED_PRODUCTS,PRODUCT_AD,,,TOP_OF_SEARCH,IMPRESSION,CPM,SPONSORED_PRODUCTS:PRODUCT_AD:TOP_OF_SEARCH:UNSPECIFIED:IMPRESSION,USD,43602,0,0,0,0
2026-01-01,US,adv_demo_001,SPONSORED_PRODUCTS,PRODUCT_AD,,,TOP_OF_SEARCH,CLICK,CPC,SPONSORED_PRODUCTS:PRODUCT_AD:TOP_OF_SEARCH:UNSPECIFIED:CLICK,USD,0,523,533.46,44,3168.0
2026-01-02,US,adv_demo_001,AMAZON_DSP,,,AUDIO,,IMPRESSION,CPM,AMAZON_DSP:AUDIO:UNSPECIFIED:UNSPECIFIED:IMPRESSION,USD,46887,0,843.97,0,0
2026-01-02,US,adv_demo_001,AMAZON_DSP,,IMAGE,DISPLAY,,IMPRESSION,CPM,AMAZON_DSP:DISPLAY:UNSPECIFIED:IMAGE:IMPRESSION,USD,56428,0,705.35,0,0
2026-01-02,US,adv_demo_001,AMAZON_DSP,,VIDEO,ONLINE_VIDEO,,IMPRESSION,CPM,AMAZON_DSP:ONLINE_VIDEO:UNSPECIFIED:VIDEO:IMPRESSION,USD,43969,0,879.38,0,0
2026-01-02,US,adv_demo_001,AMAZON_DSP,,VIDEO,STREAMING_TV,,IMPRESSION,CPM,AMAZON_DSP:STREAMING_TV:UNSPECIFIED:VIDEO:IMPRESSION,USD,52510,0,1470.28,0,0
2026-01-02,US,adv_demo_001,SPONSORED_BRANDS,COMPONENT,IMAGE,,TOP_OF_SEARCH,IMPRESSION,CPM,SPONSORED_BRANDS:COMPONENT:TOP_OF_SEARCH:IMAGE:IMPRESSION,USD,18251,0,0,0,0
2026-01-02,US,adv_demo_001,SPONSORED_BRANDS,COMPONENT,IMAGE,,TOP_OF_SEARCH,CLICK,CPC,SPONSORED_BRANDS:COMPONENT:TOP_OF_SEARCH:IMAGE:CLICK,USD,0,149,178.8,8,688.8
2026-01-02,US,adv_demo_001,SPONSORED_BRANDS,DISPLAY,IMAGE,,REST_OF_SEARCH,IMPRESSION,CPM,SPONSORED_BRANDS:DISPLAY:REST_OF_SEARCH:IMAGE:IMPRESSION,USD,21792,0,0,0,0
2026-01-02,US,adv_demo_001,SPONSORED_BRANDS,VIDEO,VIDEO,,TOP_OF_SEARCH,IMPRESSION,CPM,SPONSORED_BRANDS:VIDEO:TOP_OF_SEARCH:VIDEO:IMPRESSION,USD,17333,0,0,0,0
2026-01-02,US,adv_demo_001,SPONSORED_BRANDS,VIDEO,VIDEO,,TOP_OF_SEARCH,CLICK,CPC,SPONSORED_BRANDS:VIDEO:TOP_OF_SEARCH:VIDEO:CLICK,USD,0,117,161.46,6,529.62
2026-01-02,US,adv_demo_001,SPONSORED_DISPLAY,DISPLAY,IMAGE,,PRODUCT_PAGE,IMPRESSION,CPM,SPONSORED_DISPLAY:DISPLAY:PRODUCT_PAGE:IMAGE:IMPRESSION,USD,25874,0,0,0,0
2026-01-02,US,adv_demo_001,SPONSORED_DISPLAY,DISPLAY,IMAGE,,PRODUCT_PAGE,CLICK,CPC,SPONSORED_DISPLAY:DISPLAY:PRODUCT_PAGE:IMAGE:CLICK,USD,0,144,132.48,6,446.88
2026-01-02,US,adv_demo_001,SPONSORED_DISPLAY,DISPLAY,VIDEO,,PRODUCT_PAGE,IMPRESSION,CPM,SPONSORED_DISPLAY:DISPLAY:PRODUCT_PAGE:VIDEO:IMPRESSION,USD,21415,0,0,0,0
2026-01-02,US,adv_demo_001,SPONSORED_DISPLAY,VIDEO,VIDEO,,PRODUCT_PAGE,CLICK,CPC,SPONSORED_DISPLAY:VIDEO:PRODUCT_PAGE:VIDEO:CLICK,USD,0,135,159.3,7,616.0
2026-01-02,US,adv_demo_001,SPONSORED_PRODUCTS,PRODUCT_AD,,,PRODUCT_PAGE,CLICK,CPC,SPONSORED_PRODUCTS:PRODUCT_AD:PRODUCT_PAGE:UNSPECIFIED:CLICK,USD,0,379,333.52,29,1991.72
2026-01-02,US,adv_demo_001,SPONSORED_PRODUCTS,PRODUCT_AD,,,REST_OF_SEARCH,CLICK,CPC,SPONSORED_PRODUCTS:PRODUCT_AD:REST_OF_SEARCH:UNSPECIFIED:CLICK,USD,0,376,308.32,24,1591.2
2026-01-02,US,adv_demo_001,SPONSORED_PRODUCTS,PRODUCT_AD,,,TOP_OF_SEARCH,IMPRESSION,CPM,SPONSORED_PRODUCTS:PRODUCT_AD:TOP_OF_SEARCH:UNSPECIFIED:IMPRESSION,USD,44579,0,0,0,0
2026-01-02,US,adv_demo_001,SPONSORED_PRODUCTS,PRODUCT_AD,,,TOP_OF_SEARCH,CLICK,CPC,SPONSORED_PRODUCTS:PRODUCT_AD:TOP_OF_SEARCH:UNSPECIFIED:CLICK,USD,0,540,550.8,41,3040.56
2026-01-03,US,adv_demo_001,AMAZON_DSP,,,AUDIO,,IMPRESSION,CPM,AMAZON_DSP:AUDIO:UNSPECIFIED:UNSPECIFIED:IMPRESSION,USD,47864,0,861.55,0,0
2026-01-03,US,adv_demo_001,AMAZON_DSP,,IMAGE,DISPLAY,,IMPRESSION,CPM,AMAZON_DSP:DISPLAY:UNSPECIFIED:IMAGE:IMPRESSION,USD,57405,0,717.56,0,0
2026-01-03,US,adv_demo_001,AMAZON_DSP,,VIDEO,ONLINE_VIDEO,,IMPRESSION,CPM,AMAZON_DSP:ONLINE_VIDEO:UNSPECIFIED:VIDEO:IMPRESSION,USD,38146,0,762.92,0,0
2026-01-03,US,adv_demo_001,AMAZON_DSP,,VIDEO,STREAMING_TV,,IMPRESSION,CPM,AMAZON_DSP:STREAMING_TV:UNSPECIFIED:VIDEO:IMPRESSION,USD,46687,0,1307.24,0,0
2026-01-03,US,adv_demo_001,SPONSORED_BRANDS,COMPONENT,IMAGE,,TOP_OF_SEARCH,IMPRESSION,CPM,SPONSORED_BRANDS:COMPONENT:TOP_OF_SEARCH:IMAGE:IMPRESSION,USD,19228,0,0,0,0
2026-01-03,US,adv_demo_001,SPONSORED_BRANDS,COMPONENT,IMAGE,,TOP_OF_SEARCH,CLICK,CPC,SPONSORED_BRANDS:COMPONENT:TOP_OF_SEARCH:IMAGE:CLICK,USD,0,145,174.0,8,642.88
2026-01-03,US,adv_demo_001,SPONSORED_BRANDS,DISPLAY,IMAGE,,REST_OF_SEARCH,IMPRESSION,CPM,SPONSORED_BRANDS:DISPLAY:REST_OF_SEARCH:IMAGE:IMPRESSION,USD,22769,0,0,0,0
2026-01-03,US,adv_demo_001,SPONSORED_BRANDS,VIDEO,VIDEO,,TOP_OF_SEARCH,IMPRESSION,CPM,SPONSORED_BRANDS:VIDEO:TOP_OF_SEARCH:VIDEO:IMPRESSION,USD,18310,0,0,0,0
2026-01-03,US,adv_demo_001,SPONSORED_BRANDS,VIDEO,VIDEO,,TOP_OF_SEARCH,CLICK,CPC,SPONSORED_BRANDS:VIDEO:TOP_OF_SEARCH:VIDEO:CLICK,USD,0,125,172.5,6,546.0
2026-01-03,US,adv_demo_001,SPONSORED_DISPLAY,DISPLAY,IMAGE,,PRODUCT_PAGE,IMPRESSION,CPM,SPONSORED_DISPLAY:DISPLAY:PRODUCT_PAGE:IMAGE:IMPRESSION,USD,26851,0,0,0,0
2026-01-03,US,adv_demo_001,SPONSORED_DISPLAY,DISPLAY,IMAGE,,PRODUCT_PAGE,CLICK,CPC,SPONSORED_DISPLAY:DISPLAY:PRODUCT_PAGE:IMAGE:CLICK,USD,0,151,138.92,7,537.32
2026-01-03,US,adv_demo_001,SPONSORED_DISPLAY,DISPLAY,VIDEO,,PRODUCT_PAGE,IMPRESSION,CPM,SPONSORED_DISPLAY:DISPLAY:PRODUCT_PAGE:VIDEO:IMPRESSION,USD,22392,0,0,0,0
2026-01-03,US,adv_demo_001,SPONSORED_DISPLAY,VIDEO,VIDEO,,PRODUCT_PAGE,CLICK,CPC,SPONSORED_DISPLAY:VIDEO:PRODUCT_PAGE:VIDEO:CLICK,USD,0,143,168.74,6,543.84
2026-01-03,US,adv_demo_001,SPONSORED_PRODUCTS,PRODUCT_AD,,,PRODUCT_PAGE,CLICK,CPC,SPONSORED_PRODUCTS:PRODUCT_AD:PRODUCT_PAGE:UNSPECIFIED:CLICK,USD,0,393,345.84,27,1909.44
2026-01-03,US,adv_demo_001,SPONSORED_PRODUCTS,PRODUCT_AD,,,REST_OF_SEARCH,CLICK,CPC,SPONSORED_PRODUCTS:PRODUCT_AD:REST_OF_SEARCH:UNSPECIFIED:CLICK,USD,0,389,318.98,25,1706.25
2026-01-03,US,adv_demo_001,SPONSORED_PRODUCTS,PRODUCT_AD,,,TOP_OF_SEARCH,IMPRESSION,CPM,SPONSORED_PRODUCTS:PRODUCT_AD:TOP_OF_SEARCH:UNSPECIFIED:IMPRESSION,USD,45556,0,0,0,0
2026-01-03,US,adv_demo_001,SPONSORED_PRODUCTS,PRODUCT_AD,,,TOP_OF_SEARCH,CLICK,CPC,SPONSORED_PRODUCTS:PRODUCT_AD:TOP_OF_SEARCH:UNSPECIFIED:CLICK,USD,0,558,569.16,43,2972.16
2026-01-04,US,adv_demo_001,AMAZON_DSP,,,AUDIO,,IMPRESSION,CPM,AMAZON_DSP:AUDIO:UNSPECIFIED:UNSPECIFIED:IMPRESSION,USD,42041,0,756.74,0,0
2026-01-04,US,adv_demo_001,AMAZON_DSP,,IMAGE,DISPLAY,,IMPRESSION,CPM,AMAZON_DSP:DISPLAY:UNSPECIFIED:IMAGE:IMPRESSION,USD,51582,0,644.77,0,0
2026-01-04,US,adv_demo_001,AMAZON_DSP,,VIDEO,ONLINE_VIDEO,,IMPRESSION,CPM,AMAZON_DSP:ONLINE_VIDEO:UNSPECIFIED:VIDEO:IMPRESSION,USD,39123,0,782.46,0,0
2026-01-04,US,adv_demo_001,AMAZON_DSP,,VIDEO,STREAMING_TV,,IMPRESSION,CPM,AMAZON_DSP:STREAMING_TV:UNSPECIFIED:VIDEO:IMPRESSION,USD,47664,0,1334.59,0,0
2026-01-04,US,adv_demo_001,SPONSORED_BRANDS,COMPONENT,IMAGE,,TOP_OF_SEARCH,IMPRESSION,CPM,SPONSORED_BRANDS:COMPONENT:TOP_OF_SEARCH:IMAGE:IMPRESSION,USD,20205,0,0,0,0
2026-01-04,US,adv_demo_001,SPONSORED_BRANDS,COMPONENT,IMAGE,,TOP_OF_SEARCH,CLICK,CPC,SPONSORED_BRANDS:COMPONENT:TOP_OF_SEARCH:IMAGE:CLICK,USD,0,154,184.8,8,662.56
2026-01-04,US,adv_demo_001,SPONSORED_BRANDS,DISPLAY,IMAGE,,REST_OF_SEARCH,IMPRESSION,CPM,SPONSORED_BRANDS:DISPLAY:REST_OF_SEARCH:IMAGE:IMPRESSION,USD,23746,0,0,0,0
2026-01-04,US,adv_demo_001,SPONSORED_BRANDS,VIDEO,VIDEO,,TOP_OF_SEARCH,IMPRESSION,CPM,SPONSORED_BRANDS:VIDEO:TOP_OF_SEARCH:VIDEO:IMPRESSION,USD,19287,0,0,0,0
2026-01-04,US,adv_demo_001,SPONSORED_BRANDS,VIDEO,VIDEO,,TOP_OF_SEARCH,CLICK,CPC,SPONSORED_BRANDS:VIDEO:TOP_OF_SEARCH:VIDEO:CLICK,USD,0,133,183.54,7,656.11
2026-01-04,US,adv_demo_001,SPONSORED_DISPLAY,DISPLAY,IMAGE,,PRODUCT_PAGE,IMPRESSION,CPM,SPONSORED_DISPLAY:DISPLAY:PRODUCT_PAGE:IMAGE:IMPRESSION,USD,27828,0,0,0,0
2026-01-04,US,adv_demo_001,SPONSORED_DISPLAY,DISPLAY,IMAGE,,PRODUCT_PAGE,CLICK,CPC,SPONSORED_DISPLAY:DISPLAY:PRODUCT_PAGE:IMAGE:CLICK,USD,0,158,145.36,7,553.28
2026-01-04,US,adv_demo_001,SPONSORED_DISPLAY,DISPLAY,VIDEO,,PRODUCT_PAGE,IMPRESSION,CPM,SPONSORED_DISPLAY:DISPLAY:PRODUCT_PAGE:VIDEO:IMPRESSION,USD,23369,0,0,0,0
2026-01-04,US,adv_demo_001,SPONSORED_DISPLAY,VIDEO,VIDEO,,PRODUCT_PAGE,CLICK,CPC,SPONSORED_DISPLAY:VIDEO:PRODUCT_PAGE:VIDEO:CLICK,USD,0,151,178.18,7,591.36
2026-01-04,US,adv_demo_001,SPONSORED_PRODUCTS,PRODUCT_AD,,,PRODUCT_PAGE,CLICK,CPC,SPONSORED_PRODUCTS:PRODUCT_AD:PRODUCT_PAGE:UNSPECIFIED:CLICK,USD,0,408,359.04,29,1912.84
2026-01-04,US,adv_demo_001,SPONSORED_PRODUCTS,PRODUCT_AD,,,REST_OF_SEARCH,CLICK,CPC,SPONSORED_PRODUCTS:PRODUCT_AD:REST_OF_SEARCH:UNSPECIFIED:CLICK,USD,0,403,330.46,27,1719.9
2026-01-04,US,adv_demo_001,SPONSORED_PRODUCTS,PRODUCT_AD,,,TOP_OF_SEARCH,IMPRESSION,CPM,SPONSORED_PRODUCTS:PRODUCT_AD:TOP_OF_SEARCH:UNSPECIFIED:IMPRESSION,USD,46533,0,0,0,0
2026-01-04,US,adv_demo_001,SPONSORED_PRODUCTS,PRODUCT_AD,,,TOP_OF_SEARCH,CLICK,CPC,SPONSORED_PRODUCTS:PRODUCT_AD:TOP_OF_SEARCH:UNSPECIFIED:CLICK,USD,0,525,535.5,42,2993.76
2026-01-05,US,adv_demo_001,AMAZON_DSP,,,AUDIO,,IMPRESSION,CPM,AMAZON_DSP:AUDIO:UNSPECIFIED:UNSPECIFIED:IMPRESSION,USD,43018,0,774.32,0,0
2026-01-05,US,adv_demo_001,AMAZON_DSP,,IMAGE,DISPLAY,,IMPRESSION,CPM,AMAZON_DSP:DISPLAY:UNSPECIFIED:IMAGE:IMPRESSION,USD,52559,0,656.99,0,0
2026-01-05,US,adv_demo_001,AMAZON_DSP,,VIDEO,ONLINE_VIDEO,,IMPRESSION,CPM,AMAZON_DSP:ONLINE_VIDEO:UNSPECIFIED:VIDEO:IMPRESSION,USD,40100,0,802.0,0,0
2026-01-05,US,adv_demo_001,AMAZON_DSP,,VIDEO,STREAMING_TV,,IMPRESSION,CPM,AMAZON_DSP:STREAMING_TV:UNSPECIFIED:VIDEO:IMPRESSION,USD,48641,0,1361.95,0,0
2026-01-05,US,adv_demo_001,SPONSORED_BRANDS,COMPONENT,IMAGE,,TOP_OF_SEARCH,IMPRESSION,CPM,SPONSORED_BRANDS:COMPONENT:TOP_OF_SEARCH:IMAGE:IMPRESSION,USD,21182,0,0,0,0
2026-01-05,US,adv_demo_001,SPONSORED_BRANDS,COMPONENT,IMAGE,,TOP_OF_SEARCH,CLICK,CPC,SPONSORED_BRANDS:COMPONENT:TOP_OF_SEARCH:IMAGE:CLICK,USD,0,163,195.6,9,767.52
2026-01-05,US,adv_demo_001,SPONSORED_BRANDS,DISPLAY,IMAGE,,REST_OF_SEARCH,IMPRESSION,CPM,SPONSORED_BRANDS:DISPLAY:REST_OF_SEARCH:IMAGE:IMPRESSION,USD,24723,0,0,0,0
2026-01-05,US,adv_demo_001,SPONSORED_BRANDS,VIDEO,VIDEO,,TOP_OF_SEARCH,IMPRESSION,CPM,SPONSORED_BRANDS:VIDEO:TOP_OF_SEARCH:VIDEO:IMPRESSION,USD,20264,0,0,0,0
2026-01-05,US,adv_demo_001,SPONSORED_BRANDS,VIDEO,VIDEO,,TOP_OF_SEARCH,CLICK,CPC,SPONSORED_BRANDS:VIDEO:TOP_OF_SEARCH:VIDEO:CLICK,USD,0,141,194.58,7,611.52
2026-01-05,US,adv_demo_001,SPONSORED_DISPLAY,DISPLAY,IMAGE,,PRODUCT_PAGE,IMPRESSION,CPM,SPONSORED_DISPLAY:DISPLAY:PRODUCT_PAGE:IMAGE:IMPRESSION,USD,28805,0,0,0,0
2026-01-05,US,adv_demo_001,SPONSORED_DISPLAY,DISPLAY,IMAGE,,PRODUCT_PAGE,CLICK,CPC,SPONSORED_DISPLAY:DISPLAY:PRODUCT_PAGE:IMAGE:CLICK,USD,0,165,151.8,7,516.04
2026-01-05,US,adv_demo_001,SPONSORED_DISPLAY,DISPLAY,VIDEO,,PRODUCT_PAGE,IMPRESSION,CPM,SPONSORED_DISPLAY:DISPLAY:PRODUCT_PAGE:VIDEO:IMPRESSION,USD,24346,0,0,0,0
2026-01-05,US,adv_demo_001,SPONSORED_DISPLAY,VIDEO,VIDEO,,PRODUCT_PAGE,CLICK,CPC,SPONSORED_DISPLAY:VIDEO:PRODUCT_PAGE:VIDEO:CLICK,USD,0,159,187.62,7,609.84
2026-01-05,US,adv_demo_001,SPONSORED_PRODUCTS,PRODUCT_AD,,,PRODUCT_PAGE,CLICK,CPC,SPONSORED_PRODUCTS:PRODUCT_AD:PRODUCT_PAGE:UNSPECIFIED:CLICK,USD,0,422,371.36,31,2108.0
2026-01-05,US,adv_demo_001,SPONSORED_PRODUCTS,PRODUCT_AD,,,REST_OF_SEARCH,CLICK,CPC,SPONSORED_PRODUCTS:PRODUCT_AD:REST_OF_SEARCH:UNSPECIFIED:CLICK,USD,0,320,262.4,22,1444.3
2026-01-05,US,adv_demo_001,SPONSORED_PRODUCTS,PRODUCT_AD,,,TOP_OF_SEARCH,IMPRESSION,CPM,SPONSORED_PRODUCTS:PRODUCT_AD:TOP_OF_SEARCH:UNSPECIFIED:IMPRESSION,USD,40710,0,0,0,0
2026-01-05,US,adv_demo_001,SPONSORED_PRODUCTS,PRODUCT_AD,,,TOP_OF_SEARCH,CLICK,CPC,SPONSORED_PRODUCTS:PRODUCT_AD:TOP_OF_SEARCH:UNSPECIFIED:CLICK,USD,0,464,473.28,38,2790.72
2026-01-06,US,adv_demo_001,AMAZON_DSP,,,AUDIO,,IMPRESSION,CPM,AMAZON_DSP:AUDIO:UNSPECIFIED:UNSPECIFIED:IMPRESSION,USD,43995,0,791.91,0,0
2026-01-06,US,adv_demo_001,AMAZON_DSP,,IMAGE,DISPLAY,,IMPRESSION,CPM,AMAZON_DSP:DISPLAY:UNSPECIFIED:IMAGE:IMPRESSION,USD,53536,0,669.2,0,0
2026-01-06,US,adv_demo_001,AMAZON_DSP,,VIDEO,ONLINE_VIDEO,,IMPRESSION,CPM,AMAZON_DSP:ONLINE_VIDEO:UNSPECIFIED:VIDEO:IMPRESSION,USD,41077,0,821.54,0,0
2026-01-06,US,adv_demo_001,AMAZON_DSP,,VIDEO,STREAMING_TV,,IMPRESSION,CPM,AMAZON_DSP:STREAMING_TV:UNSPECIFIED:VIDEO:IMPRESSION,USD,49618,0,1389.3,0,0
2026-01-06,US,adv_demo_001,SPONSORED_BRANDS,COMPONENT,IMAGE,,TOP_OF_SEARCH,IMPRESSION,CPM,SPONSORED_BRANDS:COMPONENT:TOP_OF_SEARCH:IMAGE:IMPRESSION,USD,22159,0,0,0,0
2026-01-06,US,adv_demo_001,SPONSORED_BRANDS,COMPONENT,IMAGE,,TOP_OF_SEARCH,CLICK,CPC,SPONSORED_BRANDS:COMPONENT:TOP_OF_SEARCH:IMAGE:CLICK,USD,0,172,206.4,9,715.86
2026-01-06,US,adv_demo_001,SPONSORED_BRANDS,DISPLAY,IMAGE,,REST_OF_SEARCH,IMPRESSION,CPM,SPONSORED_BRANDS:DISPLAY:REST_OF_SEARCH:IMAGE:IMPRESSION,USD,25700,0,0,0,0
2026-01-06,US,adv_demo_001,SPONSORED_BRANDS,VIDEO,VIDEO,,TOP_OF_SEARCH,IMPRESSION,CPM,SPONSORED_BRANDS:VIDEO:TOP_OF_SEARCH:VIDEO:IMPRESSION,USD,21241,0,0,0,0
2026-01-06,US,adv_demo_001,SPONSORED_BRANDS,VIDEO,VIDEO,,TOP_OF_SEARCH,CLICK,CPC,SPONSORED_BRANDS:VIDEO:TOP_OF_SEARCH:VIDEO:CLICK,USD,0,149,205.62,7,630.63
2026-01-06,US,adv_demo_001,SPONSORED_DISPLAY,DISPLAY,IMAGE,,PRODUCT_PAGE,IMPRESSION,CPM,SPONSORED_DISPLAY:DISPLAY:PRODUCT_PAGE:IMAGE:IMPRESSION,USD,29782,0,0,0,0
2026-01-06,US,adv_demo_001,SPONSORED_DISPLAY,DISPLAY,IMAGE,,PRODUCT_PAGE,CLICK,CPC,SPONSORED_DISPLAY:DISPLAY:PRODUCT_PAGE:IMAGE:CLICK,USD,0,173,159.16,7,532.0
2026-01-06,US,adv_demo_001,SPONSORED_DISPLAY,DISPLAY,VIDEO,,PRODUCT_PAGE,IMPRESSION,CPM,SPONSORED_DISPLAY:DISPLAY:PRODUCT_PAGE:VIDEO:IMPRESSION,USD,25323,0,0,0,0
2026-01-06,US,adv_demo_001,SPONSORED_DISPLAY,VIDEO,VIDEO,,PRODUCT_PAGE,CLICK,CPC,SPONSORED_DISPLAY:VIDEO:PRODUCT_PAGE:VIDEO:CLICK,USD,0,120,141.6,6,538.56
2026-01-06,US,adv_demo_001,SPONSORED_PRODUCTS,PRODUCT_AD,,,PRODUCT_PAGE,CLICK,CPC,SPONSORED_PRODUCTS:PRODUCT_AD:PRODUCT_PAGE:UNSPECIFIED:CLICK,USD,0,332,292.16,25,1751.0
2026-01-06,US,adv_demo_001,SPONSORED_PRODUCTS,PRODUCT_AD,,,REST_OF_SEARCH,CLICK,CPC,SPONSORED_PRODUCTS:PRODUCT_AD:REST_OF_SEARCH:UNSPECIFIED:CLICK,USD,0,332,272.24,23,1554.8
2026-01-06,US,adv_demo_001,SPONSORED_PRODUCTS,PRODUCT_AD,,,TOP_OF_SEARCH,IMPRESSION,CPM,SPONSORED_PRODUCTS:PRODUCT_AD:TOP_OF_SEARCH:UNSPECIFIED:IMPRESSION,USD,41687,0,0,0,0
2026-01-06,US,adv_demo_001,SPONSORED_PRODUCTS,PRODUCT_AD,,,TOP_OF_SEARCH,CLICK,CPC,SPONSORED_PRODUCTS:PRODUCT_AD:TOP_OF_SEARCH:UNSPECIFIED:CLICK,USD,0,480,489.6,40,3024.0
2026-01-07,US,adv_demo_001,AMAZON_DSP,,,AUDIO,,IMPRESSION,CPM,AMAZON_DSP:AUDIO:UNSPECIFIED:UNSPECIFIED:IMPRESSION,USD,44972,0,809.5,0,0
2026-01-07,US,adv_demo_001,AMAZON_DSP,,IMAGE,DISPLAY,,IMPRESSION,CPM,AMAZON_DSP:DISPLAY:UNSPECIFIED:IMAGE:IMPRESSION,USD,54513,0,681.41,0,0
2026-01-07,US,adv_demo_001,AMAZON_DSP,,VIDEO,ONLINE_VIDEO,,IMPRESSION,CPM,AMAZON_DSP:ONLINE_VIDEO:UNSPECIFIED:VIDEO:IMPRESSION,USD,42054,0,841.08,0,0
2026-01-07,US,adv_demo_001,AMAZON_DSP,,VIDEO,STREAMING_TV,,IMPRESSION,CPM,AMAZON_DSP:STREAMING_TV:UNSPECIFIED:VIDEO:IMPRESSION,USD,50595,0,1416.66,0,0
2026-01-07,US,adv_demo_001,SPONSORED_BRANDS,COMPONENT,IMAGE,,TOP_OF_SEARCH,IMPRESSION,CPM,SPONSORED_BRANDS:COMPONENT:TOP_OF_SEARCH:IMAGE:IMPRESSION,USD,23136,0,0,0,0
2026-01-07,US,adv_demo_001,SPONSORED_BRANDS,COMPONENT,IMAGE,,TOP_OF_SEARCH,CLICK,CPC,SPONSORED_BRANDS:COMPONENT:TOP_OF_SEARCH:IMAGE:CLICK,USD,0,181,217.2,9,738.0
2026-01-07,US,adv_demo_001,SPONSORED_BRANDS,DISPLAY,IMAGE,,REST_OF_SEARCH,IMPRESSION,CPM,SPONSORED_BRANDS:DISPLAY:REST_OF_SEARCH:IMAGE:IMPRESSION,USD,26677,0,0,0,0
2026-01-07,US,adv_demo_001,SPONSORED_BRANDS,VIDEO,VIDEO,,TOP_OF_SEARCH,IMPRESSION,CPM,SPONSORED_BRANDS:VIDEO:TOP_OF_SEARCH:VIDEO:IMPRESSION,USD,22218,0,0,0,0
2026-01-07,US,adv_demo_001,SPONSORED_BRANDS,VIDEO,VIDEO,,TOP_OF_SEARCH,CLICK,CPC,SPONSORED_BRANDS:VIDEO:TOP_OF_SEARCH:VIDEO:CLICK,USD,0,158,218.04,8,742.56
2026-01-07,US,adv_demo_001,SPONSORED_DISPLAY,DISPLAY,IMAGE,,PRODUCT_PAGE,IMPRESSION,CPM,SPONSORED_DISPLAY:DISPLAY:PRODUCT_PAGE:IMAGE:IMPRESSION,USD,30759,0,0,0,0
2026-01-07,US,adv_demo_001,SPONSORED_DISPLAY,DISPLAY,IMAGE,,PRODUCT_PAGE,CLICK,CPC,SPONSORED_DISPLAY:DISPLAY:PRODUCT_PAGE:IMAGE:CLICK,USD,0,180,165.6,8,626.24
2026-01-07,US,adv_demo_001,SPONSORED_DISPLAY,DISPLAY,VIDEO,,PRODUCT_PAGE,IMPRESSION,CPM,SPONSORED_DISPLAY:DISPLAY:PRODUCT_PAGE:VIDEO:IMPRESSION,USD,19500,0,0,0,0
2026-01-07,US,adv_demo_001,SPONSORED_DISPLAY,VIDEO,VIDEO,,PRODUCT_PAGE,CLICK,CPC,SPONSORED_DISPLAY:VIDEO:PRODUCT_PAGE:VIDEO:CLICK,USD,0,117,138.06,6,554.4
2026-01-07,US,adv_demo_001,SPONSORED_PRODUCTS,PRODUCT_AD,,,PRODUCT_PAGE,CLICK,CPC,SPONSORED_PRODUCTS:PRODUCT_AD:PRODUCT_PAGE:UNSPECIFIED:CLICK,USD,0,345,303.6,26,1697.28
2026-01-07,US,adv_demo_001,SPONSORED_PRODUCTS,PRODUCT_AD,,,REST_OF_SEARCH,CLICK,CPC,SPONSORED_PRODUCTS:PRODUCT_AD:REST_OF_SEARCH:UNSPECIFIED:CLICK,USD,0,344,282.08,24,1513.2
2026-01-07,US,adv_demo_001,SPONSORED_PRODUCTS,PRODUCT_AD,,,TOP_OF_SEARCH,IMPRESSION,CPM,SPONSORED_PRODUCTS:PRODUCT_AD:TOP_OF_SEARCH:UNSPECIFIED:IMPRESSION,USD,42664,0,0,0,0
2026-01-07,US,adv_demo_001,SPONSORED_PRODUCTS,PRODUCT_AD,,,TOP_OF_SEARCH,CLICK,CPC,SPONSORED_PRODUCTS:PRODUCT_AD:TOP_OF_SEARCH:UNSPECIFIED:CLICK,USD,0,497,506.94,37,2610.72
2026-01-08,US,adv_demo_001,AMAZON_DSP,,,AUDIO,,IMPRESSION,CPM,AMAZON_DSP:AUDIO:UNSPECIFIED:UNSPECIFIED:IMPRESSION,USD,45949,0,827.08,0,0
2026-01-08,US,adv_demo_001,AMAZON_DSP,,IMAGE,DISPLAY,,IMPRESSION,CPM,AMAZON_DSP:DISPLAY:UNSPECIFIED:IMAGE:IMPRESSION,USD,55490,0,693.62,0,0
2026-01-08,US,adv_demo_001,AMAZON_DSP,,VIDEO,ONLINE_VIDEO,,IMPRESSION,CPM,AMAZON_DSP:ONLINE_VIDEO:UNSPECIFIED:VIDEO:IMPRESSION,USD,43031,0,860.62,0,0
2026-01-08,US,adv_demo_001,AMAZON_DSP,,VIDEO,STREAMING_TV,,IMPRESSION,CPM,AMAZON_DSP:STREAMING_TV:UNSPECIFIED:VIDEO:IMPRESSION,USD,51572,0,1444.02,0,0
2026-01-08,US,adv_demo_001,SPONSORED_BRANDS,COMPONENT,IMAGE,,TOP_OF_SEARCH,IMPRESSION,CPM,SPONSORED_BRANDS:COMPONENT:TOP_OF_SEARCH:IMAGE:IMPRESSION,USD,24113,0,0,0,0
2026-01-08,US,adv_demo_001,SPONSORED_BRANDS,COMPONENT,IMAGE,,TOP_OF_SEARCH,CLICK,CPC,SPONSORED_BRANDS:COMPONENT:TOP_OF_SEARCH:IMAGE:CLICK,USD,0,191,229.2,10,844.6
2026-01-08,US,adv_demo_001,SPONSORED_BRANDS,DISPLAY,IMAGE,,REST_OF_SEARCH,IMPRESSION,CPM,SPONSORED_BRANDS:DISPLAY:REST_OF_SEARCH:IMAGE:IMPRESSION,USD,27654,0,0,0,0
2026-01-08,US,adv_demo_001,SPONSORED_BRANDS,VIDEO,VIDEO,,TOP_OF_SEARCH,IMPRESSION,CPM,SPONSORED_BRANDS:VIDEO:TOP_OF_SEARCH:VIDEO:IMPRESSION,USD,16395,0,0,0,0
2026-01-08,US,adv_demo_001,SPONSORED_BRANDS,VIDEO,VIDEO,,TOP_OF_SEARCH,CLICK,CPC,SPONSORED_BRANDS:VIDEO:TOP_OF_SEARCH:VIDEO:CLICK,USD,0,118,162.84,6,573.3
2026-01-08,US,adv_demo_001,SPONSORED_DISPLAY,DISPLAY,IMAGE,,PRODUCT_PAGE,IMPRESSION,CPM,SPONSORED_DISPLAY:DISPLAY:PRODUCT_PAGE:IMAGE:IMPRESSION,USD,24936,0,0,0,0
2026-01-08,US,adv_demo_001,SPONSORED_DISPLAY,DISPLAY,IMAGE,,PRODUCT_PAGE,CLICK,CPC,SPONSORED_DISPLAY:DISPLAY:PRODUCT_PAGE:IMAGE:CLICK,USD,0,148,136.16,7,510.72
2026-01-08,US,adv_demo_001,SPONSORED_DISPLAY,DISPLAY,VIDEO,,PRODUCT_PAGE,IMPRESSION,CPM,SPONSORED_DISPLAY:DISPLAY:PRODUCT_PAGE:VIDEO:IMPRESSION,USD,20477,0,0,0,0
2026-01-08,US,adv_demo_001,SPONSORED_DISPLAY,VIDEO,VIDEO,,PRODUCT_PAGE,CLICK,CPC,SPONSORED_DISPLAY:VIDEO:PRODUCT_PAGE:VIDEO:CLICK,USD,0,125,147.5,6,517.44
2026-01-08,US,adv_demo_001,SPONSORED_PRODUCTS,PRODUCT_AD,,,PRODUCT_PAGE,CLICK,CPC,SPONSORED_PRODUCTS:PRODUCT_AD:PRODUCT_PAGE:UNSPECIFIED:CLICK,USD,0,358,315.04,25,1683.0
2026-01-08,US,adv_demo_001,SPONSORED_PRODUCTS,PRODUCT_AD,,,REST_OF_SEARCH,CLICK,CPC,SPONSORED_PRODUCTS:PRODUCT_AD:REST_OF_SEARCH:UNSPECIFIED:CLICK,USD,0,357,292.74,23,1495.0
2026-01-08,US,adv_demo_001,SPONSORED_PRODUCTS,PRODUCT_AD,,,TOP_OF_SEARCH,IMPRESSION,CPM,SPONSORED_PRODUCTS:PRODUCT_AD:TOP_OF_SEARCH:UNSPECIFIED:IMPRESSION,USD,43641,0,0,0,0
2026-01-08,US,adv_demo_001,SPONSORED_PRODUCTS,PRODUCT_AD,,,TOP_OF_SEARCH,CLICK,CPC,SPONSORED_PRODUCTS:PRODUCT_AD:TOP_OF_SEARCH:UNSPECIFIED:CLICK,USD,0,513,523.26,40,2908.8
2026-01-09,US,adv_demo_001,AMAZON_DSP,,,AUDIO,,IMPRESSION,CPM,AMAZON_DSP:AUDIO:UNSPECIFIED:UNSPECIFIED:IMPRESSION,USD,46926,0,844.67,0,0
2026-01-09,US,adv_demo_001,AMAZON_DSP,,IMAGE,DISPLAY,,IMPRESSION,CPM,AMAZON_DSP:DISPLAY:UNSPECIFIED:IMAGE:IMPRESSION,USD,56467,0,705.84,0,0
2026-01-09,US,adv_demo_001,AMAZON_DSP,,VIDEO,ONLINE_VIDEO,,IMPRESSION,CPM,AMAZON_DSP:ONLINE_VIDEO:UNSPECIFIED:VIDEO:IMPRESSION,USD,44008,0,880.16,0,0
2026-01-09,US,adv_demo_001,AMAZON_DSP,,VIDEO,STREAMING_TV,,IMPRESSION,CPM,AMAZON_DSP:STREAMING_TV:UNSPECIFIED:VIDEO:IMPRESSION,USD,52549,0,1471.37,0,0
2026-01-09,US,adv_demo_001,SPONSORED_BRANDS,COMPONENT,IMAGE,,TOP_OF_SEARCH,IMPRESSION,CPM,SPONSORED_BRANDS:COMPONENT:TOP_OF_SEARCH:IMAGE:IMPRESSION,USD,18290,0,0,0,0
2026-01-09,US,adv_demo_001,SPONSORED_BRANDS,COMPONENT,IMAGE,,TOP_OF_SEARCH,CLICK,CPC,SPONSORED_BRANDS:COMPONENT:TOP_OF_SEARCH:IMAGE:CLICK,USD,0,146,175.2,8,629.76
2026-01-09,US,adv_demo_001,SPONSORED_BRANDS,DISPLAY,IMAGE,,REST_OF_SEARCH,IMPRESSION,CPM,SPONSORED_BRANDS:DISPLAY:REST_OF_SEARCH:IMAGE:IMPRESSION,USD,21831,0,0,0,0
2026-01-09,US,adv_demo_001,SPONSORED_BRANDS,VIDEO,VIDEO,,TOP_OF_SEARCH,IMPRESSION,CPM,SPONSORED_BRANDS:VIDEO:TOP_OF_SEARCH:VIDEO:IMPRESSION,USD,17372,0,0,0,0
2026-01-09,US,adv_demo_001,SPONSORED_BRANDS,VIDEO,VIDEO,,TOP_OF_SEARCH,CLICK,CPC,SPONSORED_BRANDS:VIDEO:TOP_OF_SEARCH:VIDEO:CLICK,USD,0,126,173.88,6,535.08
2026-01-09,US,adv_demo_001,SPONSORED_DISPLAY,DISPLAY,IMAGE,,PRODUCT_PAGE,IMPRESSION,CPM,SPONSORED_DISPLAY:DISPLAY:PRODUCT_PAGE:IMAGE:IMPRESSION,USD,25913,0,0,0,0
2026-01-09,US,adv_demo_001,SPONSORED_DISPLAY,DISPLAY,IMAGE,,PRODUCT_PAGE,CLICK,CPC,SPONSORED_DISPLAY:DISPLAY:PRODUCT_PAGE:IMAGE:CLICK,USD,0,141,129.72,6,451.44
2026-01-09,US,adv_demo_001,SPONSORED_DISPLAY,DISPLAY,VIDEO,,PRODUCT_PAGE,IMPRESSION,CPM,SPONSORED_DISPLAY:DISPLAY:PRODUCT_PAGE:VIDEO:IMPRESSION,USD,21454,0,0,0,0
2026-01-09,US,adv_demo_001,SPONSORED_DISPLAY,VIDEO,VIDEO,,PRODUCT_PAGE,CLICK,CPC,SPONSORED_DISPLAY:VIDEO:PRODUCT_PAGE:VIDEO:CLICK,USD,0,132,155.76,6,533.28
2026-01-09,US,adv_demo_001,SPONSORED_PRODUCTS,PRODUCT_AD,,,PRODUCT_PAGE,CLICK,CPC,SPONSORED_PRODUCTS:PRODUCT_AD:PRODUCT_PAGE:UNSPECIFIED:CLICK,USD,0,372,327.36,26,1803.36
2026-01-09,US,adv_demo_001,SPONSORED_PRODUCTS,PRODUCT_AD,,,REST_OF_SEARCH,CLICK,CPC,SPONSORED_PRODUCTS:PRODUCT_AD:REST_OF_SEARCH:UNSPECIFIED:CLICK,USD,0,369,302.58,24,1606.8
2026-01-09,US,adv_demo_001,SPONSORED_PRODUCTS,PRODUCT_AD,,,TOP_OF_SEARCH,IMPRESSION,CPM,SPONSORED_PRODUCTS:PRODUCT_AD:TOP_OF_SEARCH:UNSPECIFIED:IMPRESSION,USD,44618,0,0,0,0
2026-01-09,US,adv_demo_001,SPONSORED_PRODUCTS,PRODUCT_AD,,,TOP_OF_SEARCH,CLICK,CPC,SPONSORED_PRODUCTS:PRODUCT_AD:TOP_OF_SEARCH:UNSPECIFIED:CLICK,USD,0,530,540.6,42,3144.96
2026-01-10,US,adv_demo_001,AMAZON_DSP,,,AUDIO,,IMPRESSION,CPM,AMAZON_DSP:AUDIO:UNSPECIFIED:UNSPECIFIED:IMPRESSION,USD,47903,0,862.25,0,0
2026-01-10,US,adv_demo_001,AMAZON_DSP,,IMAGE,DISPLAY,,IMPRESSION,CPM,AMAZON_DSP:DISPLAY:UNSPECIFIED:IMAGE:IMPRESSION,USD,57444,0,718.05,0,0
2026-01-10,US,adv_demo_001,AMAZON_DSP,,VIDEO,ONLINE_VIDEO,,IMPRESSION,CPM,AMAZON_DSP:ONLINE_VIDEO:UNSPECIFIED:VIDEO:IMPRESSION,USD,38185,0,763.7,0,0
2026-01-10,US,adv_demo_001,AMAZON_DSP,,VIDEO,STREAMING_TV,,IMPRESSION,CPM,AMAZON_DSP:STREAMING_TV:UNSPECIFIED:VIDEO:IMPRESSION,USD,46726,0,1308.33,0,0
2026-01-10,US,adv_demo_001,SPONSORED_BRANDS,COMPONENT,IMAGE,,TOP_OF_SEARCH,IMPRESSION,CPM,SPONSORED_BRANDS:COMPONENT:TOP_OF_SEARCH:IMAGE:IMPRESSION,USD,19267,0,0,0,0
2026-01-10,US,adv_demo_001,SPONSORED_BRANDS,COMPONENT,IMAGE,,TOP_OF_SEARCH,CLICK,CPC,SPONSORED_BRANDS:COMPONENT:TOP_OF_SEARCH:IMAGE:CLICK,USD,0,156,187.2,9,730.62
2026-01-10,US,adv_demo_001,SPONSORED_BRANDS,DISPLAY,IMAGE,,REST_OF_SEARCH,IMPRESSION,CPM,SPONSORED_BRANDS:DISPLAY:REST_OF_SEARCH:IMAGE:IMPRESSION,USD,22808,0,0,0,0
2026-01-10,US,adv_demo_001,SPONSORED_BRANDS,VIDEO,VIDEO,,TOP_OF_SEARCH,IMPRESSION,CPM,SPONSORED_BRANDS:VIDEO:TOP_OF_SEARCH:VIDEO:IMPRESSION,USD,18349,0,0,0,0
2026-01-10,US,adv_demo_001,SPONSORED_BRANDS,VIDEO,VIDEO,,TOP_OF_SEARCH,CLICK,CPC,SPONSORED_BRANDS:VIDEO:TOP_OF_SEARCH:VIDEO:CLICK,USD,0,122,168.36,6,551.46
2026-01-10,US,adv_demo_001,SPONSORED_DISPLAY,DISPLAY,IMAGE,,PRODUCT_PAGE,IMPRESSION,CPM,SPONSORED_DISPLAY:DISPLAY:PRODUCT_PAGE:IMAGE:IMPRESSION,USD,26890,0,0,0,0
2026-01-10,US,adv_demo_001,SPONSORED_DISPLAY,DISPLAY,IMAGE,,PRODUCT_PAGE,CLICK,CPC,SPONSORED_DISPLAY:DISPLAY:PRODUCT_PAGE:IMAGE:CLICK,USD,0,148,136.16,6,465.12
2026-01-10,US,adv_demo_001,SPONSORED_DISPLAY,DISPLAY,VIDEO,,PRODUCT_PAGE,IMPRESSION,CPM,SPONSORED_DISPLAY:DISPLAY:PRODUCT_PAGE:VIDEO:IMPRESSION,USD,22431,0,0,0,0
2026-01-10,US,adv_demo_001,SPONSORED_DISPLAY,VIDEO,VIDEO,,PRODUCT_PAGE,CLICK,CPC,SPONSORED_DISPLAY:VIDEO:PRODUCT_PAGE:VIDEO:CLICK,USD,0,140,165.2,7,640.64
2026-01-10,US,adv_demo_001,SPONSORED_PRODUCTS,PRODUCT_AD,,,PRODUCT_PAGE,CLICK,CPC,SPONSORED_PRODUCTS:PRODUCT_AD:PRODUCT_PAGE:UNSPECIFIED:CLICK,USD,0,386,339.68,28,1999.2
2026-01-10,US,adv_demo_001,SPONSORED_PRODUCTS,PRODUCT_AD,,,REST_OF_SEARCH,CLICK,CPC,SPONSORED_PRODUCTS:PRODUCT_AD:REST_OF_SEARCH:UNSPECIFIED:CLICK,USD,0,382,313.24,26,1622.4
2026-01-10,US,adv_demo_001,SPONSORED_PRODUCTS,PRODUCT_AD,,,TOP_OF_SEARCH,IMPRESSION,CPM,SPONSORED_PRODUCTS:PRODUCT_AD:TOP_OF_SEARCH:UNSPECIFIED:IMPRESSION,USD,45595,0,0,0,0
2026-01-10,US,adv_demo_001,SPONSORED_PRODUCTS,PRODUCT_AD,,,TOP_OF_SEARCH,CLICK,CPC,SPONSORED_PRODUCTS:PRODUCT_AD:TOP_OF_SEARCH:UNSPECIFIED:CLICK,USD,0,547,557.94,44,3072.96
2026-01-11,US,adv_demo_001,AMAZON_DSP,,,AUDIO,,IMPRESSION,CPM,AMAZON_DSP:AUDIO:UNSPECIFIED:UNSPECIFIED:IMPRESSION,USD,42080,0,757.44,0,0
2026-01-11,US,adv_demo_001,AMAZON_DSP,,IMAGE,DISPLAY,,IMPRESSION,CPM,AMAZON_DSP:DISPLAY:UNSPECIFIED:IMAGE:IMPRESSION,USD,51621,0,645.26,0,0
2026-01-11,US,adv_demo_001,AMAZON_DSP,,VIDEO,ONLINE_VIDEO,,IMPRESSION,CPM,AMAZON_DSP:ONLINE_VIDEO:UNSPECIFIED:VIDEO:IMPRESSION,USD,39162,0,783.24,0,0
2026-01-11,US,adv_demo_001,AMAZON_DSP,,VIDEO,STREAMING_TV,,IMPRESSION,CPM,AMAZON_DSP:STREAMING_TV:UNSPECIFIED:VIDEO:IMPRESSION,USD,47703,0,1335.68,0,0
2026-01-11,US,adv_demo_001,SPONSORED_BRANDS,COMPONENT,IMAGE,,TOP_OF_SEARCH,IMPRESSION,CPM,SPONSORED_BRANDS:COMPONENT:TOP_OF_SEARCH:IMAGE:IMPRESSION,USD,20244,0,0,0,0
2026-01-11,US,adv_demo_001,SPONSORED_BRANDS,COMPONENT,IMAGE,,TOP_OF_SEARCH,CLICK,CPC,SPONSORED_BRANDS:COMPONENT:TOP_OF_SEARCH:IMAGE:CLICK,USD,0,165,198.0,8,669.12
2026-01-11,US,adv_demo_001,SPONSORED_BRANDS,DISPLAY,IMAGE,,REST_OF_SEARCH,IMPRESSION,CPM,SPONSORED_BRANDS:DISPLAY:REST_OF_SEARCH:IMAGE:IMPRESSION,USD,23785,0,0,0,0
2026-01-11,US,adv_demo_001,SPONSORED_BRANDS,VIDEO,VIDEO,,TOP_OF_SEARCH,IMPRESSION,CPM,SPONSORED_BRANDS:VIDEO:TOP_OF_SEARCH:VIDEO:IMPRESSION,USD,19326,0,0,0,0
2026-01-11,US,adv_demo_001,SPONSORED_BRANDS,VIDEO,VIDEO,,TOP_OF_SEARCH,CLICK,CPC,SPONSORED_BRANDS:VIDEO:TOP_OF_SEARCH:VIDEO:CLICK,USD,0,130,179.4,6,567.84
2026-01-11,US,adv_demo_001,SPONSORED_DISPLAY,DISPLAY,IMAGE,,PRODUCT_PAGE,IMPRESSION,CPM,SPONSORED_DISPLAY:DISPLAY:PRODUCT_PAGE:IMAGE:IMPRESSION,USD,27867,0,0,0,0
2026-01-11,US,adv_demo_001,SPONSORED_DISPLAY,DISPLAY,IMAGE,,PRODUCT_PAGE,CLICK,CPC,SPONSORED_DISPLAY:DISPLAY:PRODUCT_PAGE:IMAGE:CLICK,USD,0,155,142.6,7,558.6
2026-01-11,US,adv_demo_001,SPONSORED_DISPLAY,DISPLAY,VIDEO,,PRODUCT_PAGE,IMPRESSION,CPM,SPONSORED_DISPLAY:DISPLAY:PRODUCT_PAGE:VIDEO:IMPRESSION,USD,23408,0,0,0,0
2026-01-11,US,adv_demo_001,SPONSORED_DISPLAY,VIDEO,VIDEO,,PRODUCT_PAGE,CLICK,CPC,SPONSORED_DISPLAY:VIDEO:PRODUCT_PAGE:VIDEO:CLICK,USD,0,148,174.64,7,597.52
2026-01-11,US,adv_demo_001,SPONSORED_PRODUCTS,PRODUCT_AD,,,PRODUCT_PAGE,CLICK,CPC,SPONSORED_PRODUCTS:PRODUCT_AD:PRODUCT_PAGE:UNSPECIFIED:CLICK,USD,0,400,352.0,29,1932.56
2026-01-11,US,adv_demo_001,SPONSORED_PRODUCTS,PRODUCT_AD,,,REST_OF_SEARCH,CLICK,CPC,SPONSORED_PRODUCTS:PRODUCT_AD:REST_OF_SEARCH:UNSPECIFIED:CLICK,USD,0,395,323.9,27,1737.45
2026-01-11,US,adv_demo_001,SPONSORED_PRODUCTS,PRODUCT_AD,,,TOP_OF_SEARCH,IMPRESSION,CPM,SPONSORED_PRODUCTS:PRODUCT_AD:TOP_OF_SEARCH:UNSPECIFIED:IMPRESSION,USD,46572,0,0,0,0
2026-01-11,US,adv_demo_001,SPONSORED_PRODUCTS,PRODUCT_AD,,,TOP_OF_SEARCH,CLICK,CPC,SPONSORED_PRODUCTS:PRODUCT_AD:TOP_OF_SEARCH:UNSPECIFIED:CLICK,USD,0,564,575.28,46,3312.0
2026-01-12,US,adv_demo_001,AMAZON_DSP,,,AUDIO,,IMPRESSION,CPM,AMAZON_DSP:AUDIO:UNSPECIFIED:UNSPECIFIED:IMPRESSION,USD,43057,0,775.03,0,0
2026-01-12,US,adv_demo_001,AMAZON_DSP,,IMAGE,DISPLAY,,IMPRESSION,CPM,AMAZON_DSP:DISPLAY:UNSPECIFIED:IMAGE:IMPRESSION,USD,52598,0,657.48,0,0
2026-01-12,US,adv_demo_001,AMAZON_DSP,,VIDEO,ONLINE_VIDEO,,IMPRESSION,CPM,AMAZON_DSP:ONLINE_VIDEO:UNSPECIFIED:VIDEO:IMPRESSION,USD,40139,0,802.78,0,0
2026-01-12,US,adv_demo_001,AMAZON_DSP,,VIDEO,STREAMING_TV,,IMPRESSION,CPM,AMAZON_DSP:STREAMING_TV:UNSPECIFIED:VIDEO:IMPRESSION,USD,48680,0,1363.04,0,0
2026-01-12,US,adv_demo_001,SPONSORED_BRANDS,COMPONENT,IMAGE,,TOP_OF_SEARCH,IMPRESSION,CPM,SPONSORED_BRANDS:COMPONENT:TOP_OF_SEARCH:IMAGE:IMPRESSION,USD,21221,0,0,0,0
2026-01-12,US,adv_demo_001,SPONSORED_BRANDS,COMPONENT,IMAGE,,TOP_OF_SEARCH,CLICK,CPC,SPONSORED_BRANDS:COMPONENT:TOP_OF_SEARCH:IMAGE:CLICK,USD,0,160,192.0,8,688.8
2026-01-12,US,adv_demo_001,SPONSORED_BRANDS,DISPLAY,IMAGE,,REST_OF_SEARCH,IMPRESSION,CPM,SPONSORED_BRANDS:DISPLAY:REST_OF_SEARCH:IMAGE:IMPRESSION,USD,24762,0,0,0,0
2026-01-12,US,adv_demo_001,SPONSORED_BRANDS,VIDEO,VIDEO,,TOP_OF_SEARCH,IMPRESSION,CPM,SPONSORED_BRANDS:VIDEO:TOP_OF_SEARCH:VIDEO:IMPRESSION,USD,20303,0,0,0,0
2026-01-12,US,adv_demo_001,SPONSORED_BRANDS,VIDEO,VIDEO,,TOP_OF_SEARCH,CLICK,CPC,SPONSORED_BRANDS:VIDEO:TOP_OF_SEARCH:VIDEO:CLICK,USD,0,138,190.44,7,617.89
2026-01-12,US,adv_demo_001,SPONSORED_DISPLAY,DISPLAY,IMAGE,,PRODUCT_PAGE,IMPRESSION,CPM,SPONSORED_DISPLAY:DISPLAY:PRODUCT_PAGE:IMAGE:IMPRESSION,USD,28844,0,0,0,0
2026-01-12,US,adv_demo_001,SPONSORED_DISPLAY,DISPLAY,IMAGE,,PRODUCT_PAGE,CLICK,CPC,SPONSORED_DISPLAY:DISPLAY:PRODUCT_PAGE:IMAGE:CLICK,USD,0,162,149.04,7,521.36
2026-01-12,US,adv_demo_001,SPONSORED_DISPLAY,DISPLAY,VIDEO,,PRODUCT_PAGE,IMPRESSION,CPM,SPONSORED_DISPLAY:DISPLAY:PRODUCT_PAGE:VIDEO:IMPRESSION,USD,24385,0,0,0,0
2026-01-12,US,adv_demo_001,SPONSORED_DISPLAY,VIDEO,VIDEO,,PRODUCT_PAGE,CLICK,CPC,SPONSORED_DISPLAY:VIDEO:PRODUCT_PAGE:VIDEO:CLICK,USD,0,157,185.26,8,704.0
2026-01-12,US,adv_demo_001,SPONSORED_PRODUCTS,PRODUCT_AD,,,PRODUCT_PAGE,CLICK,CPC,SPONSORED_PRODUCTS:PRODUCT_AD:PRODUCT_PAGE:UNSPECIFIED:CLICK,USD,0,414,364.32,31,2129.08
2026-01-12,US,adv_demo_001,SPONSORED_PRODUCTS,PRODUCT_AD,,,REST_OF_SEARCH,CLICK,CPC,SPONSORED_PRODUCTS:PRODUCT_AD:REST_OF_SEARCH:UNSPECIFIED:CLICK,USD,0,344,282.08,24,1591.2
2026-01-12,US,adv_demo_001,SPONSORED_PRODUCTS,PRODUCT_AD,,,TOP_OF_SEARCH,IMPRESSION,CPM,SPONSORED_PRODUCTS:PRODUCT_AD:TOP_OF_SEARCH:UNSPECIFIED:IMPRESSION,USD,40749,0,0,0,0
2026-01-12,US,adv_demo_001,SPONSORED_PRODUCTS,PRODUCT_AD,,,TOP_OF_SEARCH,CLICK,CPC,SPONSORED_PRODUCTS:PRODUCT_AD:TOP_OF_SEARCH:UNSPECIFIED:CLICK,USD,0,499,508.98,42,3114.72
2026-01-13,US,adv_demo_001,AMAZON_DSP,,,AUDIO,,IMPRESSION,CPM,AMAZON_DSP:AUDIO:UNSPECIFIED:UNSPECIFIED:IMPRESSION,USD,44034,0,792.61,0,0
2026-01-13,US,adv_demo_001,AMAZON_DSP,,IMAGE,DISPLAY,,IMPRESSION,CPM,AMAZON_DSP:DISPLAY:UNSPECIFIED:IMAGE:IMPRESSION,USD,53575,0,669.69,0,0
2026-01-13,US,adv_demo_001,AMAZON_DSP,,VIDEO,ONLINE_VIDEO,,IMPRESSION,CPM,AMAZON_DSP:ONLINE_VIDEO:UNSPECIFIED:VIDEO:IMPRESSION,USD,41116,0,822.32,0,0
2026-01-13,US,adv_demo_001,AMAZON_DSP,,VIDEO,STREAMING_TV,,IMPRESSION,CPM,AMAZON_DSP:STREAMING_TV:UNSPECIFIED:VIDEO:IMPRESSION,USD,49657,0,1390.4,0,0
2026-01-13,US,adv_demo_001,SPONSORED_BRANDS,COMPONENT,IMAGE,,TOP_OF_SEARCH,IMPRESSION,CPM,SPONSORED_BRANDS:COMPONENT:TOP_OF_SEARCH:IMAGE:IMPRESSION,USD,22198,0,0,0,0
2026-01-13,US,adv_demo_001,SPONSORED_BRANDS,COMPONENT,IMAGE,,TOP_OF_SEARCH,CLICK,CPC,SPONSORED_BRANDS:COMPONENT:TOP_OF_SEARCH:IMAGE:CLICK,USD,0,169,202.8,9,723.24
2026-01-13,US,adv_demo_001,SPONSORED_BRANDS,DISPLAY,IMAGE,,REST_OF_SEARCH,IMPRESSION,CPM,SPONSORED_BRANDS:DISPLAY:REST_OF_SEARCH:IMAGE:IMPRESSION,USD,25739,0,0,0,0
2026-01-13,US,adv_demo_001,SPONSORED_BRANDS,VIDEO,VIDEO,,TOP_OF_SEARCH,IMPRESSION,CPM,SPONSORED_BRANDS:VIDEO:TOP_OF_SEARCH:VIDEO:IMPRESSION,USD,21280,0,0,0,0
2026-01-13,US,adv_demo_001,SPONSORED_BRANDS,VIDEO,VIDEO,,TOP_OF_SEARCH,CLICK,CPC,SPONSORED_BRANDS:VIDEO:TOP_OF_SEARCH:VIDEO:CLICK,USD,0,147,202.86,7,637.0
2026-01-13,US,adv_demo_001,SPONSORED_DISPLAY,DISPLAY,IMAGE,,PRODUCT_PAGE,IMPRESSION,CPM,SPONSORED_DISPLAY:DISPLAY:PRODUCT_PAGE:IMAGE:IMPRESSION,USD,29821,0,0,0,0
2026-01-13,US,adv_demo_001,SPONSORED_DISPLAY,DISPLAY,IMAGE,,PRODUCT_PAGE,CLICK,CPC,SPONSORED_DISPLAY:DISPLAY:PRODUCT_PAGE:IMAGE:CLICK,USD,0,170,156.4,8,614.08
2026-01-13,US,adv_demo_001,SPONSORED_DISPLAY,DISPLAY,VIDEO,,PRODUCT_PAGE,IMPRESSION,CPM,SPONSORED_DISPLAY:DISPLAY:PRODUCT_PAGE:VIDEO:IMPRESSION,USD,25362,0,0,0,0
2026-01-13,US,adv_demo_001,SPONSORED_DISPLAY,VIDEO,VIDEO,,PRODUCT_PAGE,CLICK,CPC,SPONSORED_DISPLAY:VIDEO:PRODUCT_PAGE:VIDEO:CLICK,USD,0,118,139.24,6,543.84
2026-01-13,US,adv_demo_001,SPONSORED_PRODUCTS,PRODUCT_AD,,,PRODUCT_PAGE,CLICK,CPC,SPONSORED_PRODUCTS:PRODUCT_AD:PRODUCT_PAGE:UNSPECIFIED:CLICK,USD,0,357,314.16,27,1909.44
2026-01-13,US,adv_demo_001,SPONSORED_PRODUCTS,PRODUCT_AD,,,REST_OF_SEARCH,CLICK,CPC,SPONSORED_PRODUCTS:PRODUCT_AD:REST_OF_SEARCH:UNSPECIFIED:CLICK,USD,0,357,292.74,23,1569.75
2026-01-13,US,adv_demo_001,SPONSORED_PRODUCTS,PRODUCT_AD,,,TOP_OF_SEARCH,IMPRESSION,CPM,SPONSORED_PRODUCTS:PRODUCT_AD:TOP_OF_SEARCH:UNSPECIFIED:IMPRESSION,USD,41726,0,0,0,0
2026-01-13,US,adv_demo_001,SPONSORED_PRODUCTS,PRODUCT_AD,,,TOP_OF_SEARCH,CLICK,CPC,SPONSORED_PRODUCTS:PRODUCT_AD:TOP_OF_SEARCH:UNSPECIFIED:CLICK,USD,0,471,480.42,36,2488.32
2026-01-14,US,adv_demo_001,AMAZON_DSP,,,AUDIO,,IMPRESSION,CPM,AMAZON_DSP:AUDIO:UNSPECIFIED:UNSPECIFIED:IMPRESSION,USD,45011,0,810.2,0,0
2026-01-14,US,adv_demo_001,AMAZON_DSP,,IMAGE,DISPLAY,,IMPRESSION,CPM,AMAZON_DSP:DISPLAY:UNSPECIFIED:IMAGE:IMPRESSION,USD,54552,0,681.9,0,0
2026-01-14,US,adv_demo_001,AMAZON_DSP,,VIDEO,ONLINE_VIDEO,,IMPRESSION,CPM,AMAZON_DSP:ONLINE_VIDEO:UNSPECIFIED:VIDEO:IMPRESSION,USD,42093,0,841.86,0,0
2026-01-14,US,adv_demo_001,AMAZON_DSP,,VIDEO,STREAMING_TV,,IMPRESSION,CPM,AMAZON_DSP:STREAMING_TV:UNSPECIFIED:VIDEO:IMPRESSION,USD,50634,0,1417.75,0,0
2026-01-14,US,adv_demo_001,SPONSORED_BRANDS,COMPONENT,IMAGE,,TOP_OF_SEARCH,IMPRESSION,CPM,SPONSORED_BRANDS:COMPONENT:TOP_OF_SEARCH:IMAGE:IMPRESSION,USD,23175,0,0,0,0
2026-01-14,US,adv_demo_001,SPONSORED_BRANDS,COMPONENT,IMAGE,,TOP_OF_SEARCH,CLICK,CPC,SPONSORED_BRANDS:COMPONENT:TOP_OF_SEARCH:IMAGE:CLICK,USD,0,178,213.6,10,828.2
2026-01-14,US,adv_demo_001,SPONSORED_BRANDS,DISPLAY,IMAGE,,REST_OF_SEARCH,IMPRESSION,CPM,SPONSORED_BRANDS:DISPLAY:REST_OF_SEARCH:IMAGE:IMPRESSION,USD,26716,0,0,0,0
2026-01-14,US,adv_demo_001,SPONSORED_BRANDS,VIDEO,VIDEO,,TOP_OF_SEARCH,IMPRESSION,CPM,SPONSORED_BRANDS:VIDEO:TOP_OF_SEARCH:VIDEO:IMPRESSION,USD,22257,0,0,0,0
2026-01-14,US,adv_demo_001,SPONSORED_BRANDS,VIDEO,VIDEO,,TOP_OF_SEARCH,CLICK,CPC,SPONSORED_BRANDS:VIDEO:TOP_OF_SEARCH:VIDEO:CLICK,USD,0,155,213.9,8,749.84
2026-01-14,US,adv_demo_001,SPONSORED_DISPLAY,DISPLAY,IMAGE,,PRODUCT_PAGE,IMPRESSION,CPM,SPONSORED_DISPLAY:DISPLAY:PRODUCT_PAGE:IMAGE:IMPRESSION,USD,30798,0,0,0,0
2026-01-14,US,adv_demo_001,SPONSORED_DISPLAY,DISPLAY,IMAGE,,PRODUCT_PAGE,CLICK,CPC,SPONSORED_DISPLAY:DISPLAY:PRODUCT_PAGE:IMAGE:CLICK,USD,0,177,162.84,8,632.32
2026-01-14,US,adv_demo_001,SPONSORED_DISPLAY,DISPLAY,VIDEO,,PRODUCT_PAGE,IMPRESSION,CPM,SPONSORED_DISPLAY:DISPLAY:PRODUCT_PAGE:VIDEO:IMPRESSION,USD,19539,0,0,0,0
2026-01-14,US,adv_demo_001,SPONSORED_DISPLAY,VIDEO,VIDEO,,PRODUCT_PAGE,CLICK,CPC,SPONSORED_DISPLAY:VIDEO:PRODUCT_PAGE:VIDEO:CLICK,USD,0,126,148.68,6,506.88
2026-01-14,US,adv_demo_001,SPONSORED_PRODUCTS,PRODUCT_AD,,,PRODUCT_PAGE,CLICK,CPC,SPONSORED_PRODUCTS:PRODUCT_AD:PRODUCT_PAGE:UNSPECIFIED:CLICK,USD,0,371,326.48,26,1714.96
2026-01-14,US,adv_demo_001,SPONSORED_PRODUCTS,PRODUCT_AD,,,REST_OF_SEARCH,CLICK,CPC,SPONSORED_PRODUCTS:PRODUCT_AD:REST_OF_SEARCH:UNSPECIFIED:CLICK,USD,0,337,276.34,22,1401.4
2026-01-14,US,adv_demo_001,SPONSORED_PRODUCTS,PRODUCT_AD,,,TOP_OF_SEARCH,IMPRESSION,CPM,SPONSORED_PRODUCTS:PRODUCT_AD:TOP_OF_SEARCH:UNSPECIFIED:IMPRESSION,USD,42703,0,0,0,0
2026-01-14,US,adv_demo_001,SPONSORED_PRODUCTS,PRODUCT_AD,,,TOP_OF_SEARCH,CLICK,CPC,SPONSORED_PRODUCTS:PRODUCT_AD:TOP_OF_SEARCH:UNSPECIFIED:CLICK,USD,0,487,496.74,38,2708.64
2026-01-15,US,adv_demo_001,AMAZON_DSP,,,AUDIO,,IMPRESSION,CPM,AMAZON_DSP:AUDIO:UNSPECIFIED:UNSPECIFIED:IMPRESSION,USD,45988,0,827.78,0,0
2026-01-15,US,adv_demo_001,AMAZON_DSP,,IMAGE,DISPLAY,,IMPRESSION,CPM,AMAZON_DSP:DISPLAY:UNSPECIFIED:IMAGE:IMPRESSION,USD,55529,0,694.11,0,0
2026-01-15,US,adv_demo_001,AMAZON_DSP,,VIDEO,ONLINE_VIDEO,,IMPRESSION,CPM,AMAZON_DSP:ONLINE_VIDEO:UNSPECIFIED:VIDEO:IMPRESSION,USD,43070,0,861.4,0,0
2026-01-15,US,adv_demo_001,AMAZON_DSP,,VIDEO,STREAMING_TV,,IMPRESSION,CPM,AMAZON_DSP:STREAMING_TV:UNSPECIFIED:VIDEO:IMPRESSION,USD,51611,0,1445.11,0,0
2026-01-15,US,adv_demo_001,SPONSORED_BRANDS,COMPONENT,IMAGE,,TOP_OF_SEARCH,IMPRESSION,CPM,SPONSORED_BRANDS:COMPONENT:TOP_OF_SEARCH:IMAGE:IMPRESSION,USD,24152,0,0,0,0
2026-01-15,US,adv_demo_001,SPONSORED_BRANDS,COMPONENT,IMAGE,,TOP_OF_SEARCH,CLICK,CPC,SPONSORED_BRANDS:COMPONENT:TOP_OF_SEARCH:IMAGE:CLICK,USD,0,187,224.4,10,852.8
2026-01-15,US,adv_demo_001,SPONSORED_BRANDS,DISPLAY,IMAGE,,REST_OF_SEARCH,IMPRESSION,CPM,SPONSORED_BRANDS:DISPLAY:REST_OF_SEARCH:IMAGE:IMPRESSION,USD,27693,0,0,0,0
2026-01-15,US,adv_demo_001,SPONSORED_BRANDS,VIDEO,VIDEO,,TOP_OF_SEARCH,IMPRESSION,CPM,SPONSORED_BRANDS:VIDEO:TOP_OF_SEARCH:VIDEO:IMPRESSION,USD,16434,0,0,0,0
2026-01-15,US,adv_demo_001,SPONSORED_BRANDS,VIDEO,VIDEO,,TOP_OF_SEARCH,CLICK,CPC,SPONSORED_BRANDS:VIDEO:TOP_OF_SEARCH:VIDEO:CLICK,USD,0,116,160.08,6,524.16
2026-01-15,US,adv_demo_001,SPONSORED_DISPLAY,DISPLAY,IMAGE,,PRODUCT_PAGE,IMPRESSION,CPM,SPONSORED_DISPLAY:DISPLAY:PRODUCT_PAGE:IMAGE:IMPRESSION,USD,24975,0,0,0,0
2026-01-15,US,adv_demo_001,SPONSORED_DISPLAY,DISPLAY,IMAGE,,PRODUCT_PAGE,CLICK,CPC,SPONSORED_DISPLAY:DISPLAY:PRODUCT_PAGE:IMAGE:CLICK,USD,0,145,133.4,6,442.32
2026-01-15,US,adv_demo_001,SPONSORED_DISPLAY,DISPLAY,VIDEO,,PRODUCT_PAGE,IMPRESSION,CPM,SPONSORED_DISPLAY:DISPLAY:PRODUCT_PAGE:VIDEO:IMPRESSION,USD,20516,0,0,0,0
2026-01-15,US,adv_demo_001,SPONSORED_DISPLAY,VIDEO,VIDEO,,PRODUCT_PAGE,CLICK,CPC,SPONSORED_DISPLAY:VIDEO:PRODUCT_PAGE:VIDEO:CLICK,USD,0,134,158.12,6,522.72
2026-01-15,US,adv_demo_001,SPONSORED_PRODUCTS,PRODUCT_AD,,,PRODUCT_PAGE,CLICK,CPC,SPONSORED_PRODUCTS:PRODUCT_AD:PRODUCT_PAGE:UNSPECIFIED:CLICK,USD,0,351,308.88,25,1700.0
2026-01-15,US,adv_demo_001,SPONSORED_PRODUCTS,PRODUCT_AD,,,REST_OF_SEARCH,CLICK,CPC,SPONSORED_PRODUCTS:PRODUCT_AD:REST_OF_SEARCH:UNSPECIFIED:CLICK,USD,0,350,287.0,23,1509.95
2026-01-15,US,adv_demo_001,SPONSORED_PRODUCTS,PRODUCT_AD,,,TOP_OF_SEARCH,IMPRESSION,CPM,SPONSORED_PRODUCTS:PRODUCT_AD:TOP_OF_SEARCH:UNSPECIFIED:IMPRESSION,USD,43680,0,0,0,0
2026-01-15,US,adv_demo_001,SPONSORED_PRODUCTS,PRODUCT_AD,,,TOP_OF_SEARCH,CLICK,CPC,SPONSORED_PRODUCTS:PRODUCT_AD:TOP_OF_SEARCH:UNSPECIFIED:CLICK,USD,0,503,513.06,40,2937.6
2026-01-16,US,adv_demo_001,AMAZON_DSP,,,AUDIO,,IMPRESSION,CPM,AMAZON_DSP:AUDIO:UNSPECIFIED:UNSPECIFIED:IMPRESSION,USD,46965,0,845.37,0,0
2026-01-16,US,adv_demo_001,AMAZON_DSP,,IMAGE,DISPLAY,,IMPRESSION,CPM,AMAZON_DSP:DISPLAY:UNSPECIFIED:IMAGE:IMPRESSION,USD,56506,0,706.33,0,0
2026-01-16,US,adv_demo_001,AMAZON_DSP,,VIDEO,ONLINE_VIDEO,,IMPRESSION,CPM,AMAZON_DSP:ONLINE_VIDEO:UNSPECIFIED:VIDEO:IMPRESSION,USD,44047,0,880.94,0,0
2026-01-16,US,adv_demo_001,AMAZON_DSP,,VIDEO,STREAMING_TV,,IMPRESSION,CPM,AMAZON_DSP:STREAMING_TV:UNSPECIFIED:VIDEO:IMPRESSION,USD,52588,0,1472.46,0,0
2026-01-16,US,adv_demo_001,SPONSORED_BRANDS,COMPONENT,IMAGE,,TOP_OF_SEARCH,IMPRESSION,CPM,SPONSORED_BRANDS:COMPONENT:TOP_OF_SEARCH:IMAGE:IMPRESSION,USD,18329,0,0,0,0
2026-01-16,US,adv_demo_001,SPONSORED_BRANDS,COMPONENT,IMAGE,,TOP_OF_SEARCH,CLICK,CPC,SPONSORED_BRANDS:COMPONENT:TOP_OF_SEARCH:IMAGE:CLICK,USD,0,144,172.8,8,636.32
2026-01-16,US,adv_demo_001,SPONSORED_BRANDS,DISPLAY,IMAGE,,REST_OF_SEARCH,IMPRESSION,CPM,SPONSORED_BRANDS:DISPLAY:REST_OF_SEARCH:IMAGE:IMPRESSION,USD,21870,0,0,0,0
2026-01-16,US,adv_demo_001,SPONSORED_BRANDS,VIDEO,VIDEO,,TOP_OF_SEARCH,IMPRESSION,CPM,SPONSORED_BRANDS:VIDEO:TOP_OF_SEARCH:VIDEO:IMPRESSION,USD,17411,0,0,0,0
2026-01-16,US,adv_demo_001,SPONSORED_BRANDS,VIDEO,VIDEO,,TOP_OF_SEARCH,CLICK,CPC,SPONSORED_BRANDS:VIDEO:TOP_OF_SEARCH:VIDEO:CLICK,USD,0,124,171.12,6,540.54
2026-01-16,US,adv_demo_001,SPONSORED_DISPLAY,DISPLAY,IMAGE,,PRODUCT_PAGE,IMPRESSION,CPM,SPONSORED_DISPLAY:DISPLAY:PRODUCT_PAGE:IMAGE:IMPRESSION,USD,25952,0,0,0,0
2026-01-16,US,adv_demo_001,SPONSORED_DISPLAY,DISPLAY,IMAGE,,PRODUCT_PAGE,CLICK,CPC,SPONSORED_DISPLAY:DISPLAY:PRODUCT_PAGE:IMAGE:CLICK,USD,0,152,139.84,6,456.0
2026-01-16,US,adv_demo_001,SPONSORED_DISPLAY,DISPLAY,VIDEO,,PRODUCT_PAGE,IMPRESSION,CPM,SPONSORED_DISPLAY:DISPLAY:PRODUCT_PAGE:VIDEO:IMPRESSION,USD,21493,0,0,0,0
2026-01-16,US,adv_demo_001,SPONSORED_DISPLAY,VIDEO,VIDEO,,PRODUCT_PAGE,CLICK,CPC,SPONSORED_DISPLAY:VIDEO:PRODUCT_PAGE:VIDEO:CLICK,USD,0,130,153.4,6,538.56
2026-01-16,US,adv_demo_001,SPONSORED_PRODUCTS,PRODUCT_AD,,,PRODUCT_PAGE,CLICK,CPC,SPONSORED_PRODUCTS:PRODUCT_AD:PRODUCT_PAGE:UNSPECIFIED:CLICK,USD,0,365,321.2,27,1891.08
2026-01-16,US,adv_demo_001,SPONSORED_PRODUCTS,PRODUCT_AD,,,REST_OF_SEARCH,CLICK,CPC,SPONSORED_PRODUCTS:PRODUCT_AD:REST_OF_SEARCH:UNSPECIFIED:CLICK,USD,0,362,296.84,24,1622.4
2026-01-16,US,adv_demo_001,SPONSORED_PRODUCTS,PRODUCT_AD,,,TOP_OF_SEARCH,IMPRESSION,CPM,SPONSORED_PRODUCTS:PRODUCT_AD:TOP_OF_SEARCH:UNSPECIFIED:IMPRESSION,USD,44657,0,0,0,0
2026-01-16,US,adv_demo_001,SPONSORED_PRODUCTS,PRODUCT_AD,,,TOP_OF_SEARCH,CLICK,CPC,SPONSORED_PRODUCTS:PRODUCT_AD:TOP_OF_SEARCH:UNSPECIFIED:CLICK,USD,0,520,530.4,42,3175.2
2026-01-17,US,adv_demo_001,AMAZON_DSP,,,AUDIO,,IMPRESSION,CPM,AMAZON_DSP:AUDIO:UNSPECIFIED:UNSPECIFIED:IMPRESSION,USD,47942,0,862.96,0,0
2026-01-17,US,adv_demo_001,AMAZON_DSP,,IMAGE,DISPLAY,,IMPRESSION,CPM,AMAZON_DSP:DISPLAY:UNSPECIFIED:IMAGE:IMPRESSION,USD,57483,0,718.54,0,0
2026-01-17,US,adv_demo_001,AMAZON_DSP,,VIDEO,ONLINE_VIDEO,,IMPRESSION,CPM,AMAZON_DSP:ONLINE_VIDEO:UNSPECIFIED:VIDEO:IMPRESSION,USD,38224,0,764.48,0,0
2026-01-17,US,adv_demo_001,AMAZON_DSP,,VIDEO,STREAMING_TV,,IMPRESSION,CPM,AMAZON_DSP:STREAMING_TV:UNSPECIFIED:VIDEO:IMPRESSION,USD,46765,0,1309.42,0,0
2026-01-17,US,adv_demo_001,SPONSORED_BRANDS,COMPONENT,IMAGE,,TOP_OF_SEARCH,IMPRESSION,CPM,SPONSORED_BRANDS:COMPONENT:TOP_OF_SEARCH:IMAGE:IMPRESSION,USD,19306,0,0,0,0
2026-01-17,US,adv_demo_001,SPONSORED_BRANDS,COMPONENT,IMAGE,,TOP_OF_SEARCH,CLICK,CPC,SPONSORED_BRANDS:COMPONENT:TOP_OF_SEARCH:IMAGE:CLICK,USD,0,153,183.6,8,656.0
2026-01-17,US,adv_demo_001,SPONSORED_BRANDS,DISPLAY,IMAGE,,REST_OF_SEARCH,IMPRESSION,CPM,SPONSORED_BRANDS:DISPLAY:REST_OF_SEARCH:IMAGE:IMPRESSION,USD,22847,0,0,0,0
2026-01-17,US,adv_demo_001,SPONSORED_BRANDS,VIDEO,VIDEO,,TOP_OF_SEARCH,IMPRESSION,CPM,SPONSORED_BRANDS:VIDEO:TOP_OF_SEARCH:VIDEO:IMPRESSION,USD,18388,0,0,0,0
2026-01-17,US,adv_demo_001,SPONSORED_BRANDS,VIDEO,VIDEO,,TOP_OF_SEARCH,CLICK,CPC,SPONSORED_BRANDS:VIDEO:TOP_OF_SEARCH:VIDEO:CLICK,USD,0,132,182.16,6,556.92
2026-01-17,US,adv_demo_001,SPONSORED_DISPLAY,DISPLAY,IMAGE,,PRODUCT_PAGE,IMPRESSION,CPM,SPONSORED_DISPLAY:DISPLAY:PRODUCT_PAGE:IMAGE:IMPRESSION,USD,26929,0,0,0,0
2026-01-17,US,adv_demo_001,SPONSORED_DISPLAY,DISPLAY,IMAGE,,PRODUCT_PAGE,CLICK,CPC,SPONSORED_DISPLAY:DISPLAY:PRODUCT_PAGE:IMAGE:CLICK,USD,0,159,146.28,7,547.96
2026-01-17,US,adv_demo_001,SPONSORED_DISPLAY,DISPLAY,VIDEO,,PRODUCT_PAGE,IMPRESSION,CPM,SPONSORED_DISPLAY:DISPLAY:PRODUCT_PAGE:VIDEO:IMPRESSION,USD,22470,0,0,0,0
2026-01-17,US,adv_demo_001,SPONSORED_DISPLAY,VIDEO,VIDEO,,PRODUCT_PAGE,CLICK,CPC,SPONSORED_DISPLAY:VIDEO:PRODUCT_PAGE:VIDEO:CLICK,USD,0,138,162.84,7,646.8
2026-01-17,US,adv_demo_001,SPONSORED_PRODUCTS,PRODUCT_AD,,,PRODUCT_PAGE,CLICK,CPC,SPONSORED_PRODUCTS:PRODUCT_AD:PRODUCT_PAGE:UNSPECIFIED:CLICK,USD,0,379,333.52,28,1827.84
2026-01-17,US,adv_demo_001,SPONSORED_PRODUCTS,PRODUCT_AD,,,REST_OF_SEARCH,CLICK,CPC,SPONSORED_PRODUCTS:PRODUCT_AD:REST_OF_SEARCH:UNSPECIFIED:CLICK,USD,0,375,307.5,26,1639.3
2026-01-17,US,adv_demo_001,SPONSORED_PRODUCTS,PRODUCT_AD,,,TOP_OF_SEARCH,IMPRESSION,CPM,SPONSORED_PRODUCTS:PRODUCT_AD:TOP_OF_SEARCH:UNSPECIFIED:IMPRESSION,USD,45634,0,0,0,0
2026-01-17,US,adv_demo_001,SPONSORED_PRODUCTS,PRODUCT_AD,,,TOP_OF_SEARCH,CLICK,CPC,SPONSORED_PRODUCTS:PRODUCT_AD:TOP_OF_SEARCH:UNSPECIFIED:CLICK,USD,0,537,547.74,44,3104.64
2026-01-18,US,adv_demo_001,AMAZON_DSP,,,AUDIO,,IMPRESSION,CPM,AMAZON_DSP:AUDIO:UNSPECIFIED:UNSPECIFIED:IMPRESSION,USD,42119,0,758.14,0,0
2026-01-18,US,adv_demo_001,AMAZON_DSP,,IMAGE,DISPLAY,,IMPRESSION,CPM,AMAZON_DSP:DISPLAY:UNSPECIFIED:IMAGE:IMPRESSION,USD,51660,0,645.75,0,0
2026-01-18,US,adv_demo_001,AMAZON_DSP,,VIDEO,ONLINE_VIDEO,,IMPRESSION,CPM,AMAZON_DSP:ONLINE_VIDEO:UNSPECIFIED:VIDEO:IMPRESSION,USD,39201,0,784.02,0,0
2026-01-18,US,adv_demo_001,AMAZON_DSP,,VIDEO,STREAMING_TV,,IMPRESSION,CPM,AMAZON_DSP:STREAMING_TV:UNSPECIFIED:VIDEO:IMPRESSION,USD,47742,0,1336.78,0,0
2026-01-18,US,adv_demo_001,SPONSORED_BRANDS,COMPONENT,IMAGE,,TOP_OF_SEARCH,IMPRESSION,CPM,SPONSORED_BRANDS:COMPONENT:TOP_OF_SEARCH:IMAGE:IMPRESSION,USD,20283,0,0,0,0
2026-01-18,US,adv_demo_001,SPONSORED_BRANDS,COMPONENT,IMAGE,,TOP_OF_SEARCH,CLICK,CPC,SPONSORED_BRANDS:COMPONENT:TOP_OF_SEARCH:IMAGE:CLICK,USD,0,162,194.4,8,675.68
2026-01-18,US,adv_demo_001,SPONSORED_BRANDS,DISPLAY,IMAGE,,REST_OF_SEARCH,IMPRESSION,CPM,SPONSORED_BRANDS:DISPLAY:REST_OF_SEARCH:IMAGE:IMPRESSION,USD,23824,0,0,0,0
2026-01-18,US,adv_demo_001,SPONSORED_BRANDS,VIDEO,VIDEO,,TOP_OF_SEARCH,IMPRESSION,CPM,SPONSORED_BRANDS:VIDEO:TOP_OF_SEARCH:VIDEO:IMPRESSION,USD,19365,0,0,0,0
2026-01-18,US,adv_demo_001,SPONSORED_BRANDS,VIDEO,VIDEO,,TOP_OF_SEARCH,CLICK,CPC,SPONSORED_BRANDS:VIDEO:TOP_OF_SEARCH:VIDEO:CLICK,USD,0,140,193.2,7,668.85
2026-01-18,US,adv_demo_001,SPONSORED_DISPLAY,DISPLAY,IMAGE,,PRODUCT_PAGE,IMPRESSION,CPM,SPONSORED_DISPLAY:DISPLAY:PRODUCT_PAGE:IMAGE:IMPRESSION,USD,27906,0,0,0,0
2026-01-18,US,adv_demo_001,SPONSORED_DISPLAY,DISPLAY,IMAGE,,PRODUCT_PAGE,CLICK,CPC,SPONSORED_DISPLAY:DISPLAY:PRODUCT_PAGE:IMAGE:CLICK,USD,0,152,139.84,7,510.72
2026-01-18,US,adv_demo_001,SPONSORED_DISPLAY,DISPLAY,VIDEO,,PRODUCT_PAGE,IMPRESSION,CPM,SPONSORED_DISPLAY:DISPLAY:PRODUCT_PAGE:VIDEO:IMPRESSION,USD,23447,0,0,0,0
2026-01-18,US,adv_demo_001,SPONSORED_DISPLAY,VIDEO,VIDEO,,PRODUCT_PAGE,CLICK,CPC,SPONSORED_DISPLAY:VIDEO:PRODUCT_PAGE:VIDEO:CLICK,USD,0,146,172.28,7,603.68
2026-01-18,US,adv_demo_001,SPONSORED_PRODUCTS,PRODUCT_AD,,,PRODUCT_PAGE,CLICK,CPC,SPONSORED_PRODUCTS:PRODUCT_AD:PRODUCT_PAGE:UNSPECIFIED:CLICK,USD,0,392,344.96,30,2019.6
2026-01-18,US,adv_demo_001,SPONSORED_PRODUCTS,PRODUCT_AD,,,REST_OF_SEARCH,CLICK,CPC,SPONSORED_PRODUCTS:PRODUCT_AD:REST_OF_SEARCH:UNSPECIFIED:CLICK,USD,0,388,318.16,27,1755.0
2026-01-18,US,adv_demo_001,SPONSORED_PRODUCTS,PRODUCT_AD,,,TOP_OF_SEARCH,IMPRESSION,CPM,SPONSORED_PRODUCTS:PRODUCT_AD:TOP_OF_SEARCH:UNSPECIFIED:IMPRESSION,USD,46611,0,0,0,0
2026-01-18,US,adv_demo_001,SPONSORED_PRODUCTS,PRODUCT_AD,,,TOP_OF_SEARCH,CLICK,CPC,SPONSORED_PRODUCTS:PRODUCT_AD:TOP_OF_SEARCH:UNSPECIFIED:CLICK,USD,0,554,565.08,42,3054.24
2026-01-19,US,adv_demo_001,AMAZON_DSP,,,AUDIO,,IMPRESSION,CPM,AMAZON_DSP:AUDIO:UNSPECIFIED:UNSPECIFIED:IMPRESSION,USD,43096,0,775.73,0,0
2026-01-19,US,adv_demo_001,AMAZON_DSP,,IMAGE,DISPLAY,,IMPRESSION,CPM,AMAZON_DSP:DISPLAY:UNSPECIFIED:IMAGE:IMPRESSION,USD,52637,0,657.96,0,0
2026-01-19,US,adv_demo_001,AMAZON_DSP,,VIDEO,ONLINE_VIDEO,,IMPRESSION,CPM,AMAZON_DSP:ONLINE_VIDEO:UNSPECIFIED:VIDEO:IMPRESSION,USD,40178,0,803.56,0,0
2026-01-19,US,adv_demo_001,AMAZON_DSP,,VIDEO,STREAMING_TV,,IMPRESSION,CPM,AMAZON_DSP:STREAMING_TV:UNSPECIFIED:VIDEO:IMPRESSION,USD,48719,0,1364.13,0,0
2026-01-19,US,adv_demo_001,SPONSORED_BRANDS,COMPONENT,IMAGE,,TOP_OF_SEARCH,IMPRESSION,CPM,SPONSORED_BRANDS:COMPONENT:TOP_OF_SEARCH:IMAGE:IMPRESSION,USD,21260,0,0,0,0
2026-01-19,US,adv_demo_001,SPONSORED_BRANDS,COMPONENT,IMAGE,,TOP_OF_SEARCH,CLICK,CPC,SPONSORED_BRANDS:COMPONENT:TOP_OF_SEARCH:IMAGE:CLICK,USD,0,172,206.4,9,708.48
2026-01-19,US,adv_demo_001,SPONSORED_BRANDS,DISPLAY,IMAGE,,REST_OF_SEARCH,IMPRESSION,CPM,SPONSORED_BRANDS:DISPLAY:REST_OF_SEARCH:IMAGE:IMPRESSION,USD,24801,0,0,0,0
2026-01-19,US,adv_demo_001,SPONSORED_BRANDS,VIDEO,VIDEO,,TOP_OF_SEARCH,IMPRESSION,CPM,SPONSORED_BRANDS:VIDEO:TOP_OF_SEARCH:VIDEO:IMPRESSION,USD,20342,0,0,0,0
2026-01-19,US,adv_demo_001,SPONSORED_BRANDS,VIDEO,VIDEO,,TOP_OF_SEARCH,CLICK,CPC,SPONSORED_BRANDS:VIDEO:TOP_OF_SEARCH:VIDEO:CLICK,USD,0,136,187.68,7,624.26
2026-01-19,US,adv_demo_001,SPONSORED_DISPLAY,DISPLAY,IMAGE,,PRODUCT_PAGE,IMPRESSION,CPM,SPONSORED_DISPLAY:DISPLAY:PRODUCT_PAGE:IMAGE:IMPRESSION,USD,28883,0,0,0,0
2026-01-19,US,adv_demo_001,SPONSORED_DISPLAY,DISPLAY,IMAGE,,PRODUCT_PAGE,CLICK,CPC,SPONSORED_DISPLAY:DISPLAY:PRODUCT_PAGE:IMAGE:CLICK,USD,0,159,146.28,7,526.68
2026-01-19,US,adv_demo_001,SPONSORED_DISPLAY,DISPLAY,VIDEO,,PRODUCT_PAGE,IMPRESSION,CPM,SPONSORED_DISPLAY:DISPLAY:PRODUCT_PAGE:VIDEO:IMPRESSION,USD,24424,0,0,0,0
2026-01-19,US,adv_demo_001,SPONSORED_DISPLAY,VIDEO,VIDEO,,PRODUCT_PAGE,CLICK,CPC,SPONSORED_DISPLAY:VIDEO:PRODUCT_PAGE:VIDEO:CLICK,USD,0,154,181.72,8,711.04
2026-01-19,US,adv_demo_001,SPONSORED_PRODUCTS,PRODUCT_AD,,,PRODUCT_PAGE,CLICK,CPC,SPONSORED_PRODUCTS:PRODUCT_AD:PRODUCT_PAGE:UNSPECIFIED:CLICK,USD,0,407,358.16,28,1942.08
2026-01-19,US,adv_demo_001,SPONSORED_PRODUCTS,PRODUCT_AD,,,REST_OF_SEARCH,CLICK,CPC,SPONSORED_PRODUCTS:PRODUCT_AD:REST_OF_SEARCH:UNSPECIFIED:CLICK,USD,0,337,276.34,22,1472.9
2026-01-19,US,adv_demo_001,SPONSORED_PRODUCTS,PRODUCT_AD,,,TOP_OF_SEARCH,IMPRESSION,CPM,SPONSORED_PRODUCTS:PRODUCT_AD:TOP_OF_SEARCH:UNSPECIFIED:IMPRESSION,USD,40788,0,0,0,0
2026-01-19,US,adv_demo_001,SPONSORED_PRODUCTS,PRODUCT_AD,,,TOP_OF_SEARCH,CLICK,CPC,SPONSORED_PRODUCTS:PRODUCT_AD:TOP_OF_SEARCH:UNSPECIFIED:CLICK,USD,0,489,498.78,38,2845.44
2026-01-20,US,adv_demo_001,AMAZON_DSP,,,AUDIO,,IMPRESSION,CPM,AMAZON_DSP:AUDIO:UNSPECIFIED:UNSPECIFIED:IMPRESSION,USD,44073,0,793.31,0,0
2026-01-20,US,adv_demo_001,AMAZON_DSP,,IMAGE,DISPLAY,,IMPRESSION,CPM,AMAZON_DSP:DISPLAY:UNSPECIFIED:IMAGE:IMPRESSION,USD,53614,0,670.17,0,0
2026-01-20,US,adv_demo_001,AMAZON_DSP,,VIDEO,ONLINE_VIDEO,,IMPRESSION,CPM,AMAZON_DSP:ONLINE_VIDEO:UNSPECIFIED:VIDEO:IMPRESSION,USD,41155,0,823.1,0,0
2026-01-20,US,adv_demo_001,AMAZON_DSP,,VIDEO,STREAMING_TV,,IMPRESSION,CPM,AMAZON_DSP:STREAMING_TV:UNSPECIFIED:VIDEO:IMPRESSION,USD,49696,0,1391.49,0,0
2026-01-20,US,adv_demo_001,SPONSORED_BRANDS,COMPONENT,IMAGE,,TOP_OF_SEARCH,IMPRESSION,CPM,SPONSORED_BRANDS:COMPONENT:TOP_OF_SEARCH:IMAGE:IMPRESSION,USD,22237,0,0,0,0
2026-01-20,US,adv_demo_001,SPONSORED_BRANDS,COMPONENT,IMAGE,,TOP_OF_SEARCH,CLICK,CPC,SPONSORED_BRANDS:COMPONENT:TOP_OF_SEARCH:IMAGE:CLICK,USD,0,181,217.2,10,811.8
2026-01-20,US,adv_demo_001,SPONSORED_BRANDS,DISPLAY,IMAGE,,REST_OF_SEARCH,IMPRESSION,CPM,SPONSORED_BRANDS:DISPLAY:REST_OF_SEARCH:IMAGE:IMPRESSION,USD,25778,0,0,0,0
2026-01-20,US,adv_demo_001,SPONSORED_BRANDS,VIDEO,VIDEO,,TOP_OF_SEARCH,IMPRESSION,CPM,SPONSORED_BRANDS:VIDEO:TOP_OF_SEARCH:VIDEO:IMPRESSION,USD,21319,0,0,0,0
2026-01-20,US,adv_demo_001,SPONSORED_BRANDS,VIDEO,VIDEO,,TOP_OF_SEARCH,CLICK,CPC,SPONSORED_BRANDS:VIDEO:TOP_OF_SEARCH:VIDEO:CLICK,USD,0,144,198.72,7,643.37
2026-01-20,US,adv_demo_001,SPONSORED_DISPLAY,DISPLAY,IMAGE,,PRODUCT_PAGE,IMPRESSION,CPM,SPONSORED_DISPLAY:DISPLAY:PRODUCT_PAGE:IMAGE:IMPRESSION,USD,29860,0,0,0,0
2026-01-20,US,adv_demo_001,SPONSORED_DISPLAY,DISPLAY,IMAGE,,PRODUCT_PAGE,CLICK,CPC,SPONSORED_DISPLAY:DISPLAY:PRODUCT_PAGE:IMAGE:CLICK,USD,0,166,152.72,8,620.16
2026-01-20,US,adv_demo_001,SPONSORED_DISPLAY,DISPLAY,VIDEO,,PRODUCT_PAGE,IMPRESSION,CPM,SPONSORED_DISPLAY:DISPLAY:PRODUCT_PAGE:VIDEO:IMPRESSION,USD,25401,0,0,0,0
2026-01-20,US,adv_demo_001,SPONSORED_DISPLAY,VIDEO,VIDEO,,PRODUCT_PAGE,CLICK,CPC,SPONSORED_DISPLAY:VIDEO:PRODUCT_PAGE:VIDEO:CLICK,USD,0,116,136.88,5,457.6
2026-01-20,US,adv_demo_001,SPONSORED_PRODUCTS,PRODUCT_AD,,,PRODUCT_PAGE,CLICK,CPC,SPONSORED_PRODUCTS:PRODUCT_AD:PRODUCT_PAGE:UNSPECIFIED:CLICK,USD,0,350,308.0,25,1785.0
2026-01-20,US,adv_demo_001,SPONSORED_PRODUCTS,PRODUCT_AD,,,REST_OF_SEARCH,CLICK,CPC,SPONSORED_PRODUCTS:PRODUCT_AD:REST_OF_SEARCH:UNSPECIFIED:CLICK,USD,0,350,287.0,23,1435.2
2026-01-20,US,adv_demo_001,SPONSORED_PRODUCTS,PRODUCT_AD,,,TOP_OF_SEARCH,IMPRESSION,CPM,SPONSORED_PRODUCTS:PRODUCT_AD:TOP_OF_SEARCH:UNSPECIFIED:IMPRESSION,USD,41765,0,0,0,0
2026-01-20,US,adv_demo_001,SPONSORED_PRODUCTS,PRODUCT_AD,,,TOP_OF_SEARCH,CLICK,CPC,SPONSORED_PRODUCTS:PRODUCT_AD:TOP_OF_SEARCH:UNSPECIFIED:CLICK,USD,0,506,516.12,40,2793.6
2026-01-21,US,adv_demo_001,AMAZON_DSP,,,AUDIO,,IMPRESSION,CPM,AMAZON_DSP:AUDIO:UNSPECIFIED:UNSPECIFIED:IMPRESSION,USD,45050,0,810.9,0,0
2026-01-21,US,adv_demo_001,AMAZON_DSP,,IMAGE,DISPLAY,,IMPRESSION,CPM,AMAZON_DSP:DISPLAY:UNSPECIFIED:IMAGE:IMPRESSION,USD,54591,0,682.39,0,0
2026-01-21,US,adv_demo_001,AMAZON_DSP,,VIDEO,ONLINE_VIDEO,,IMPRESSION,CPM,AMAZON_DSP:ONLINE_VIDEO:UNSPECIFIED:VIDEO:IMPRESSION,USD,42132,0,842.64,0,0
2026-01-21,US,adv_demo_001,AMAZON_DSP,,VIDEO,STREAMING_TV,,IMPRESSION,CPM,AMAZON_DSP:STREAMING_TV:UNSPECIFIED:VIDEO:IMPRESSION,USD,50673,0,1418.84,0,0
2026-01-21,US,adv_demo_001,SPONSORED_BRANDS,COMPONENT,IMAGE,,TOP_OF_SEARCH,IMPRESSION,CPM,SPONSORED_BRANDS:COMPONENT:TOP_OF_SEARCH:IMAGE:IMPRESSION,USD,23214,0,0,0,0
2026-01-21,US,adv_demo_001,SPONSORED_BRANDS,COMPONENT,IMAGE,,TOP_OF_SEARCH,CLICK,CPC,SPONSORED_BRANDS:COMPONENT:TOP_OF_SEARCH:IMAGE:CLICK,USD,0,175,210.0,10,836.4
2026-01-21,US,adv_demo_001,SPONSORED_BRANDS,DISPLAY,IMAGE,,REST_OF_SEARCH,IMPRESSION,CPM,SPONSORED_BRANDS:DISPLAY:REST_OF_SEARCH:IMAGE:IMPRESSION,USD,26755,0,0,0,0
2026-01-21,US,adv_demo_001,SPONSORED_BRANDS,VIDEO,VIDEO,,TOP_OF_SEARCH,IMPRESSION,CPM,SPONSORED_BRANDS:VIDEO:TOP_OF_SEARCH:VIDEO:IMPRESSION,USD,22296,0,0,0,0
2026-01-21,US,adv_demo_001,SPONSORED_BRANDS,VIDEO,VIDEO,,TOP_OF_SEARCH,CLICK,CPC,SPONSORED_BRANDS:VIDEO:TOP_OF_SEARCH:VIDEO:CLICK,USD,0,152,209.76,7,662.48
2026-01-21,US,adv_demo_001,SPONSORED_DISPLAY,DISPLAY,IMAGE,,PRODUCT_PAGE,IMPRESSION,CPM,SPONSORED_DISPLAY:DISPLAY:PRODUCT_PAGE:IMAGE:IMPRESSION,USD,24037,0,0,0,0
2026-01-21,US,adv_demo_001,SPONSORED_DISPLAY,DISPLAY,IMAGE,,PRODUCT_PAGE,CLICK,CPC,SPONSORED_DISPLAY:DISPLAY:PRODUCT_PAGE:IMAGE:CLICK,USD,0,135,124.2,6,478.8
2026-01-21,US,adv_demo_001,SPONSORED_DISPLAY,DISPLAY,VIDEO,,PRODUCT_PAGE,IMPRESSION,CPM,SPONSORED_DISPLAY:DISPLAY:PRODUCT_PAGE:VIDEO:IMPRESSION,USD,19578,0,0,0,0
2026-01-21,US,adv_demo_001,SPONSORED_DISPLAY,VIDEO,VIDEO,,PRODUCT_PAGE,CLICK,CPC,SPONSORED_DISPLAY:VIDEO:PRODUCT_PAGE:VIDEO:CLICK,USD,0,124,146.32,6,512.16
2026-01-21,US,adv_demo_001,SPONSORED_PRODUCTS,PRODUCT_AD,,,PRODUCT_PAGE,CLICK,CPC,SPONSORED_PRODUCTS:PRODUCT_AD:PRODUCT_PAGE:UNSPECIFIED:CLICK,USD,0,364,320.32,26,1732.64
2026-01-21,US,adv_demo_001,SPONSORED_PRODUCTS,PRODUCT_AD,,,REST_OF_SEARCH,CLICK,CPC,SPONSORED_PRODUCTS:PRODUCT_AD:REST_OF_SEARCH:UNSPECIFIED:CLICK,USD,0,363,297.66,24,1544.4
2026-01-21,US,adv_demo_001,SPONSORED_PRODUCTS,PRODUCT_AD,,,TOP_OF_SEARCH,IMPRESSION,CPM,SPONSORED_PRODUCTS:PRODUCT_AD:TOP_OF_SEARCH:UNSPECIFIED:IMPRESSION,USD,42742,0,0,0,0
2026-01-21,US,adv_demo_001,SPONSORED_PRODUCTS,PRODUCT_AD,,,TOP_OF_SEARCH,CLICK,CPC,SPONSORED_PRODUCTS:PRODUCT_AD:TOP_OF_SEARCH:UNSPECIFIED:CLICK,USD,0,523,533.46,42,3024.0
2026-01-22,US,adv_demo_001,AMAZON_DSP,,,AUDIO,,IMPRESSION,CPM,AMAZON_DSP:AUDIO:UNSPECIFIED:UNSPECIFIED:IMPRESSION,USD,46027,0,828.49,0,0
2026-01-22,US,adv_demo_001,AMAZON_DSP,,IMAGE,DISPLAY,,IMPRESSION,CPM,AMAZON_DSP:DISPLAY:UNSPECIFIED:IMAGE:IMPRESSION,USD,55568,0,694.6,0,0
2026-01-22,US,adv_demo_001,AMAZON_DSP,,VIDEO,ONLINE_VIDEO,,IMPRESSION,CPM,AMAZON_DSP:ONLINE_VIDEO:UNSPECIFIED:VIDEO:IMPRESSION,USD,43109,0,862.18,0,0
2026-01-22,US,adv_demo_001,AMAZON_DSP,,VIDEO,STREAMING_TV,,IMPRESSION,CPM,AMAZON_DSP:STREAMING_TV:UNSPECIFIED:VIDEO:IMPRESSION,USD,51650,0,1446.2,0,0
2026-01-22,US,adv_demo_001,SPONSORED_BRANDS,COMPONENT,IMAGE,,TOP_OF_SEARCH,IMPRESSION,CPM,SPONSORED_BRANDS:COMPONENT:TOP_OF_SEARCH:IMAGE:IMPRESSION,USD,24191,0,0,0,0
2026-01-22,US,adv_demo_001,SPONSORED_BRANDS,COMPONENT,IMAGE,,TOP_OF_SEARCH,CLICK,CPC,SPONSORED_BRANDS:COMPONENT:TOP_OF_SEARCH:IMAGE:CLICK,USD,0,184,220.8,9,774.9
2026-01-22,US,adv_demo_001,SPONSORED_BRANDS,DISPLAY,IMAGE,,REST_OF_SEARCH,IMPRESSION,CPM,SPONSORED_BRANDS:DISPLAY:REST_OF_SEARCH:IMAGE:IMPRESSION,USD,27732,0,0,0,0
2026-01-22,US,adv_demo_001,SPONSORED_BRANDS,VIDEO,VIDEO,,TOP_OF_SEARCH,IMPRESSION,CPM,SPONSORED_BRANDS:VIDEO:TOP_OF_SEARCH:VIDEO:IMPRESSION,USD,16473,0,0,0,0
2026-01-22,US,adv_demo_001,SPONSORED_BRANDS,VIDEO,VIDEO,,TOP_OF_SEARCH,CLICK,CPC,SPONSORED_BRANDS:VIDEO:TOP_OF_SEARCH:VIDEO:CLICK,USD,0,113,155.94,5,441.35
2026-01-22,US,adv_demo_001,SPONSORED_DISPLAY,DISPLAY,IMAGE,,PRODUCT_PAGE,IMPRESSION,CPM,SPONSORED_DISPLAY:DISPLAY:PRODUCT_PAGE:IMAGE:IMPRESSION,USD,25014,0,0,0,0
2026-01-22,US,adv_demo_001,SPONSORED_DISPLAY,DISPLAY,IMAGE,,PRODUCT_PAGE,CLICK,CPC,SPONSORED_DISPLAY:DISPLAY:PRODUCT_PAGE:IMAGE:CLICK,USD,0,142,130.64,6,446.88
2026-01-22,US,adv_demo_001,SPONSORED_DISPLAY,DISPLAY,VIDEO,,PRODUCT_PAGE,IMPRESSION,CPM,SPONSORED_DISPLAY:DISPLAY:PRODUCT_PAGE:VIDEO:IMPRESSION,USD,20555,0,0,0,0
2026-01-22,US,adv_demo_001,SPONSORED_DISPLAY,VIDEO,VIDEO,,PRODUCT_PAGE,CLICK,CPC,SPONSORED_DISPLAY:VIDEO:PRODUCT_PAGE:VIDEO:CLICK,USD,0,132,155.76,6,528.0
2026-01-22,US,adv_demo_001,SPONSORED_PRODUCTS,PRODUCT_AD,,,PRODUCT_PAGE,CLICK,CPC,SPONSORED_PRODUCTS:PRODUCT_AD:PRODUCT_PAGE:UNSPECIFIED:CLICK,USD,0,378,332.64,28,1923.04
2026-01-22,US,adv_demo_001,SPONSORED_PRODUCTS,PRODUCT_AD,,,REST_OF_SEARCH,CLICK,CPC,SPONSORED_PRODUCTS:PRODUCT_AD:REST_OF_SEARCH:UNSPECIFIED:CLICK,USD,0,376,308.32,26,1723.8
2026-01-22,US,adv_demo_001,SPONSORED_PRODUCTS,PRODUCT_AD,,,TOP_OF_SEARCH,IMPRESSION,CPM,SPONSORED_PRODUCTS:PRODUCT_AD:TOP_OF_SEARCH:UNSPECIFIED:IMPRESSION,USD,43719,0,0,0,0
2026-01-22,US,adv_demo_001,SPONSORED_PRODUCTS,PRODUCT_AD,,,TOP_OF_SEARCH,CLICK,CPC,SPONSORED_PRODUCTS:PRODUCT_AD:TOP_OF_SEARCH:UNSPECIFIED:CLICK,USD,0,493,502.86,40,2966.4
2026-01-23,US,adv_demo_001,AMAZON_DSP,,,AUDIO,,IMPRESSION,CPM,AMAZON_DSP:AUDIO:UNSPECIFIED:UNSPECIFIED:IMPRESSION,USD,47004,0,846.07,0,0
2026-01-23,US,adv_demo_001,AMAZON_DSP,,IMAGE,DISPLAY,,IMPRESSION,CPM,AMAZON_DSP:DISPLAY:UNSPECIFIED:IMAGE:IMPRESSION,USD,56545,0,706.81,0,0
2026-01-23,US,adv_demo_001,AMAZON_DSP,,VIDEO,ONLINE_VIDEO,,IMPRESSION,CPM,AMAZON_DSP:ONLINE_VIDEO:UNSPECIFIED:VIDEO:IMPRESSION,USD,44086,0,881.72,0,0
2026-01-23,US,adv_demo_001,AMAZON_DSP,,VIDEO,STREAMING_TV,,IMPRESSION,CPM,AMAZON_DSP:STREAMING_TV:UNSPECIFIED:VIDEO:IMPRESSION,USD,52627,0,1473.56,0,0
2026-01-23,US,adv_demo_001,SPONSORED_BRANDS,COMPONENT,IMAGE,,TOP_OF_SEARCH,IMPRESSION,CPM,SPONSORED_BRANDS:COMPONENT:TOP_OF_SEARCH:IMAGE:IMPRESSION,USD,18368,0,0,0,0
2026-01-23,US,adv_demo_001,SPONSORED_BRANDS,COMPONENT,IMAGE,,TOP_OF_SEARCH,CLICK,CPC,SPONSORED_BRANDS:COMPONENT:TOP_OF_SEARCH:IMAGE:CLICK,USD,0,141,169.2,7,562.52
2026-01-23,US,adv_demo_001,SPONSORED_BRANDS,DISPLAY,IMAGE,,REST_OF_SEARCH,IMPRESSION,CPM,SPONSORED_BRANDS:DISPLAY:REST_OF_SEARCH:IMAGE:IMPRESSION,USD,21909,0,0,0,0
2026-01-23,US,adv_demo_001,SPONSORED_BRANDS,VIDEO,VIDEO,,TOP_OF_SEARCH,IMPRESSION,CPM,SPONSORED_BRANDS:VIDEO:TOP_OF_SEARCH:VIDEO:IMPRESSION,USD,17450,0,0,0,0
2026-01-23,US,adv_demo_001,SPONSORED_BRANDS,VIDEO,VIDEO,,TOP_OF_SEARCH,CLICK,CPC,SPONSORED_BRANDS:VIDEO:TOP_OF_SEARCH:VIDEO:CLICK,USD,0,121,166.98,6,546.0
2026-01-23,US,adv_demo_001,SPONSORED_DISPLAY,DISPLAY,IMAGE,,PRODUCT_PAGE,IMPRESSION,CPM,SPONSORED_DISPLAY:DISPLAY:PRODUCT_PAGE:IMAGE:IMPRESSION,USD,25991,0,0,0,0
2026-01-23,US,adv_demo_001,SPONSORED_DISPLAY,DISPLAY,IMAGE,,PRODUCT_PAGE,CLICK,CPC,SPONSORED_DISPLAY:DISPLAY:PRODUCT_PAGE:IMAGE:CLICK,USD,0,149,137.08,7,537.32
2026-01-23,US,adv_demo_001,SPONSORED_DISPLAY,DISPLAY,VIDEO,,PRODUCT_PAGE,IMPRESSION,CPM,SPONSORED_DISPLAY:DISPLAY:PRODUCT_PAGE:VIDEO:IMPRESSION,USD,21532,0,0,0,0
2026-01-23,US,adv_demo_001,SPONSORED_DISPLAY,VIDEO,VIDEO,,PRODUCT_PAGE,CLICK,CPC,SPONSORED_DISPLAY:VIDEO:PRODUCT_PAGE:VIDEO:CLICK,USD,0,140,165.2,7,634.48
2026-01-23,US,adv_demo_001,SPONSORED_PRODUCTS,PRODUCT_AD,,,PRODUCT_PAGE,CLICK,CPC,SPONSORED_PRODUCTS:PRODUCT_AD:PRODUCT_PAGE:UNSPECIFIED:CLICK,USD,0,392,344.96,29,2050.88
2026-01-23,US,adv_demo_001,SPONSORED_PRODUCTS,PRODUCT_AD,,,REST_OF_SEARCH,CLICK,CPC,SPONSORED_PRODUCTS:PRODUCT_AD:REST_OF_SEARCH:UNSPECIFIED:CLICK,USD,0,355,291.1,25,1706.25
2026-01-23,US,adv_demo_001,SPONSORED_PRODUCTS,PRODUCT_AD,,,TOP_OF_SEARCH,IMPRESSION,CPM,SPONSORED_PRODUCTS:PRODUCT_AD:TOP_OF_SEARCH:UNSPECIFIED:IMPRESSION,USD,44696,0,0,0,0
2026-01-23,US,adv_demo_001,SPONSORED_PRODUCTS,PRODUCT_AD,,,TOP_OF_SEARCH,CLICK,CPC,SPONSORED_PRODUCTS:PRODUCT_AD:TOP_OF_SEARCH:UNSPECIFIED:CLICK,USD,0,510,520.2,43,2972.16
2026-01-24,US,adv_demo_001,AMAZON_DSP,,,AUDIO,,IMPRESSION,CPM,AMAZON_DSP:AUDIO:UNSPECIFIED:UNSPECIFIED:IMPRESSION,USD,47981,0,863.66,0,0
2026-01-24,US,adv_demo_001,AMAZON_DSP,,IMAGE,DISPLAY,,IMPRESSION,CPM,AMAZON_DSP:DISPLAY:UNSPECIFIED:IMAGE:IMPRESSION,USD,57522,0,719.02,0,0
2026-01-24,US,adv_demo_001,AMAZON_DSP,,VIDEO,ONLINE_VIDEO,,IMPRESSION,CPM,AMAZON_DSP:ONLINE_VIDEO:UNSPECIFIED:VIDEO:IMPRESSION,USD,38263,0,765.26,0,0
2026-01-24,US,adv_demo_001,AMAZON_DSP,,VIDEO,STREAMING_TV,,IMPRESSION,CPM,AMAZON_DSP:STREAMING_TV:UNSPECIFIED:VIDEO:IMPRESSION,USD,46804,0,1310.51,0,0
2026-01-24,US,adv_demo_001,SPONSORED_BRANDS,COMPONENT,IMAGE,,TOP_OF_SEARCH,IMPRESSION,CPM,SPONSORED_BRANDS:COMPONENT:TOP_OF_SEARCH:IMAGE:IMPRESSION,USD,19345,0,0,0,0
2026-01-24,US,adv_demo_001,SPONSORED_BRANDS,COMPONENT,IMAGE,,TOP_OF_SEARCH,CLICK,CPC,SPONSORED_BRANDS:COMPONENT:TOP_OF_SEARCH:IMAGE:CLICK,USD,0,150,180.0,8,662.56
2026-01-24,US,adv_demo_001,SPONSORED_BRANDS,DISPLAY,IMAGE,,REST_OF_SEARCH,IMPRESSION,CPM,SPONSORED_BRANDS:DISPLAY:REST_OF_SEARCH:IMAGE:IMPRESSION,USD,22886,0,0,0,0
2026-01-24,US,adv_demo_001,SPONSORED_BRANDS,VIDEO,VIDEO,,TOP_OF_SEARCH,IMPRESSION,CPM,SPONSORED_BRANDS:VIDEO:TOP_OF_SEARCH:VIDEO:IMPRESSION,USD,18427,0,0,0,0
2026-01-24,US,adv_demo_001,SPONSORED_BRANDS,VIDEO,VIDEO,,TOP_OF_SEARCH,CLICK,CPC,SPONSORED_BRANDS:VIDEO:TOP_OF_SEARCH:VIDEO:CLICK,USD,0,130,179.4,6,562.38
2026-01-24,US,adv_demo_001,SPONSORED_DISPLAY,DISPLAY,IMAGE,,PRODUCT_PAGE,IMPRESSION,CPM,SPONSORED_DISPLAY:DISPLAY:PRODUCT_PAGE:IMAGE:IMPRESSION,USD,26968,0,0,0,0
2026-01-24,US,adv_demo_001,SPONSORED_DISPLAY,DISPLAY,IMAGE,,PRODUCT_PAGE,CLICK,CPC,SPONSORED_DISPLAY:DISPLAY:PRODUCT_PAGE:IMAGE:CLICK,USD,0,156,143.52,7,553.28
2026-01-24,US,adv_demo_001,SPONSORED_DISPLAY,DISPLAY,VIDEO,,PRODUCT_PAGE,IMPRESSION,CPM,SPONSORED_DISPLAY:DISPLAY:PRODUCT_PAGE:VIDEO:IMPRESSION,USD,22509,0,0,0,0
2026-01-24,US,adv_demo_001,SPONSORED_DISPLAY,VIDEO,VIDEO,,PRODUCT_PAGE,CLICK,CPC,SPONSORED_DISPLAY:VIDEO:PRODUCT_PAGE:VIDEO:CLICK,USD,0,148,174.64,7,591.36
2026-01-24,US,adv_demo_001,SPONSORED_PRODUCTS,PRODUCT_AD,,,PRODUCT_PAGE,CLICK,CPC,SPONSORED_PRODUCTS:PRODUCT_AD:PRODUCT_PAGE:UNSPECIFIED:CLICK,USD,0,371,326.48,28,1846.88
2026-01-24,US,adv_demo_001,SPONSORED_PRODUCTS,PRODUCT_AD,,,REST_OF_SEARCH,CLICK,CPC,SPONSORED_PRODUCTS:PRODUCT_AD:REST_OF_SEARCH:UNSPECIFIED:CLICK,USD,0,367,300.94,23,1465.1
2026-01-24,US,adv_demo_001,SPONSORED_PRODUCTS,PRODUCT_AD,,,TOP_OF_SEARCH,IMPRESSION,CPM,SPONSORED_PRODUCTS:PRODUCT_AD:TOP_OF_SEARCH:UNSPECIFIED:IMPRESSION,USD,45673,0,0,0,0
2026-01-24,US,adv_demo_001,SPONSORED_PRODUCTS,PRODUCT_AD,,,TOP_OF_SEARCH,CLICK,CPC,SPONSORED_PRODUCTS:PRODUCT_AD:TOP_OF_SEARCH:UNSPECIFIED:CLICK,USD,0,526,536.52,40,2851.2
2026-01-25,US,adv_demo_001,AMAZON_DSP,,,AUDIO,,IMPRESSION,CPM,AMAZON_DSP:AUDIO:UNSPECIFIED:UNSPECIFIED:IMPRESSION,USD,42158,0,758.84,0,0
2026-01-25,US,adv_demo_001,AMAZON_DSP,,IMAGE,DISPLAY,,IMPRESSION,CPM,AMAZON_DSP:DISPLAY:UNSPECIFIED:IMAGE:IMPRESSION,USD,51699,0,646.24,0,0
2026-01-25,US,adv_demo_001,AMAZON_DSP,,VIDEO,ONLINE_VIDEO,,IMPRESSION,CPM,AMAZON_DSP:ONLINE_VIDEO:UNSPECIFIED:VIDEO:IMPRESSION,USD,39240,0,784.8,0,0
2026-01-25,US,adv_demo_001,AMAZON_DSP,,VIDEO,STREAMING_TV,,IMPRESSION,CPM,AMAZON_DSP:STREAMING_TV:UNSPECIFIED:VIDEO:IMPRESSION,USD,47781,0,1337.87,0,0
2026-01-25,US,adv_demo_001,SPONSORED_BRANDS,COMPONENT,IMAGE,,TOP_OF_SEARCH,IMPRESSION,CPM,SPONSORED_BRANDS:COMPONENT:TOP_OF_SEARCH:IMAGE:IMPRESSION,USD,20322,0,0,0,0
2026-01-25,US,adv_demo_001,SPONSORED_BRANDS,COMPONENT,IMAGE,,TOP_OF_SEARCH,CLICK,CPC,SPONSORED_BRANDS:COMPONENT:TOP_OF_SEARCH:IMAGE:CLICK,USD,0,159,190.8,9,767.52
2026-01-25,US,adv_demo_001,SPONSORED_BRANDS,DISPLAY,IMAGE,,REST_OF_SEARCH,IMPRESSION,CPM,SPONSORED_BRANDS:DISPLAY:REST_OF_SEARCH:IMAGE:IMPRESSION,USD,23863,0,0,0,0
2026-01-25,US,adv_demo_001,SPONSORED_BRANDS,VIDEO,VIDEO,,TOP_OF_SEARCH,IMPRESSION,CPM,SPONSORED_BRANDS:VIDEO:TOP_OF_SEARCH:VIDEO:IMPRESSION,USD,19404,0,0,0,0
2026-01-25,US,adv_demo_001,SPONSORED_BRANDS,VIDEO,VIDEO,,TOP_OF_SEARCH,CLICK,CPC,SPONSORED_BRANDS:VIDEO:TOP_OF_SEARCH:VIDEO:CLICK,USD,0,138,190.44,7,611.52
2026-01-25,US,adv_demo_001,SPONSORED_DISPLAY,DISPLAY,IMAGE,,PRODUCT_PAGE,IMPRESSION,CPM,SPONSORED_DISPLAY:DISPLAY:PRODUCT_PAGE:IMAGE:IMPRESSION,USD,27945,0,0,0,0
2026-01-25,US,adv_demo_001,SPONSORED_DISPLAY,DISPLAY,IMAGE,,PRODUCT_PAGE,CLICK,CPC,SPONSORED_DISPLAY:DISPLAY:PRODUCT_PAGE:IMAGE:CLICK,USD,0,164,150.88,7,516.04
2026-01-25,US,adv_demo_001,SPONSORED_DISPLAY,DISPLAY,VIDEO,,PRODUCT_PAGE,IMPRESSION,CPM,SPONSORED_DISPLAY:DISPLAY:PRODUCT_PAGE:VIDEO:IMPRESSION,USD,23486,0,0,0,0
2026-01-25,US,adv_demo_001,SPONSORED_DISPLAY,VIDEO,VIDEO,,PRODUCT_PAGE,CLICK,CPC,SPONSORED_DISPLAY:VIDEO:PRODUCT_PAGE:VIDEO:CLICK,USD,0,143,168.74,6,522.72
2026-01-25,US,adv_demo_001,SPONSORED_PRODUCTS,PRODUCT_AD,,,PRODUCT_PAGE,CLICK,CPC,SPONSORED_PRODUCTS:PRODUCT_AD:PRODUCT_PAGE:UNSPECIFIED:CLICK,USD,0,385,338.8,27,1836.0
2026-01-25,US,adv_demo_001,SPONSORED_PRODUCTS,PRODUCT_AD,,,REST_OF_SEARCH,CLICK,CPC,SPONSORED_PRODUCTS:PRODUCT_AD:REST_OF_SEARCH:UNSPECIFIED:CLICK,USD,0,380,311.6,25,1641.25
2026-01-25,US,adv_demo_001,SPONSORED_PRODUCTS,PRODUCT_AD,,,TOP_OF_SEARCH,IMPRESSION,CPM,SPONSORED_PRODUCTS:PRODUCT_AD:TOP_OF_SEARCH:UNSPECIFIED:IMPRESSION,USD,46650,0,0,0,0
2026-01-25,US,adv_demo_001,SPONSORED_PRODUCTS,PRODUCT_AD,,,TOP_OF_SEARCH,CLICK,CPC,SPONSORED_PRODUCTS:PRODUCT_AD:TOP_OF_SEARCH:UNSPECIFIED:CLICK,USD,0,543,553.86,42,3084.48
2026-01-26,US,adv_demo_001,AMAZON_DSP,,,AUDIO,,IMPRESSION,CPM,AMAZON_DSP:AUDIO:UNSPECIFIED:UNSPECIFIED:IMPRESSION,USD,43135,0,776.43,0,0
2026-01-26,US,adv_demo_001,AMAZON_DSP,,IMAGE,DISPLAY,,IMPRESSION,CPM,AMAZON_DSP:DISPLAY:UNSPECIFIED:IMAGE:IMPRESSION,USD,52676,0,658.45,0,0
2026-01-26,US,adv_demo_001,AMAZON_DSP,,VIDEO,ONLINE_VIDEO,,IMPRESSION,CPM,AMAZON_DSP:ONLINE_VIDEO:UNSPECIFIED:VIDEO:IMPRESSION,USD,40217,0,804.34,0,0
2026-01-26,US,adv_demo_001,AMAZON_DSP,,VIDEO,STREAMING_TV,,IMPRESSION,CPM,AMAZON_DSP:STREAMING_TV:UNSPECIFIED:VIDEO:IMPRESSION,USD,48758,0,1365.22,0,0
2026-01-26,US,adv_demo_001,SPONSORED_BRANDS,COMPONENT,IMAGE,,TOP_OF_SEARCH,IMPRESSION,CPM,SPONSORED_BRANDS:COMPONENT:TOP_OF_SEARCH:IMAGE:IMPRESSION,USD,21299,0,0,0,0
2026-01-26,US,adv_demo_001,SPONSORED_BRANDS,COMPONENT,IMAGE,,TOP_OF_SEARCH,CLICK,CPC,SPONSORED_BRANDS:COMPONENT:TOP_OF_SEARCH:IMAGE:CLICK,USD,0,169,202.8,9,715.86
2026-01-26,US,adv_demo_001,SPONSORED_BRANDS,DISPLAY,IMAGE,,REST_OF_SEARCH,IMPRESSION,CPM,SPONSORED_BRANDS:DISPLAY:REST_OF_SEARCH:IMAGE:IMPRESSION,USD,24840,0,0,0,0
2026-01-26,US,adv_demo_001,SPONSORED_BRANDS,VIDEO,VIDEO,,TOP_OF_SEARCH,IMPRESSION,CPM,SPONSORED_BRANDS:VIDEO:TOP_OF_SEARCH:VIDEO:IMPRESSION,USD,20381,0,0,0,0
2026-01-26,US,adv_demo_001,SPONSORED_BRANDS,VIDEO,VIDEO,,TOP_OF_SEARCH,CLICK,CPC,SPONSORED_BRANDS:VIDEO:TOP_OF_SEARCH:VIDEO:CLICK,USD,0,146,201.48,7,630.63
2026-01-26,US,adv_demo_001,SPONSORED_DISPLAY,DISPLAY,IMAGE,,PRODUCT_PAGE,IMPRESSION,CPM,SPONSORED_DISPLAY:DISPLAY:PRODUCT_PAGE:IMAGE:IMPRESSION,USD,28922,0,0,0,0
2026-01-26,US,adv_demo_001,SPONSORED_DISPLAY,DISPLAY,IMAGE,,PRODUCT_PAGE,CLICK,CPC,SPONSORED_DISPLAY:DISPLAY:PRODUCT_PAGE:IMAGE:CLICK,USD,0,171,157.32,7,532.0
2026-01-26,US,adv_demo_001,SPONSORED_DISPLAY,DISPLAY,VIDEO,,PRODUCT_PAGE,IMPRESSION,CPM,SPONSORED_DISPLAY:DISPLAY:PRODUCT_PAGE:VIDEO:IMPRESSION,USD,24463,0,0,0,0
2026-01-26,US,adv_demo_001,SPONSORED_DISPLAY,VIDEO,VIDEO,,PRODUCT_PAGE,CLICK,CPC,SPONSORED_DISPLAY:VIDEO:PRODUCT_PAGE:VIDEO:CLICK,USD,0,151,178.18,7,628.32
2026-01-26,US,adv_demo_001,SPONSORED_PRODUCTS,PRODUCT_AD,,,PRODUCT_PAGE,CLICK,CPC,SPONSORED_PRODUCTS:PRODUCT_AD:PRODUCT_PAGE:UNSPECIFIED:CLICK,USD,0,399,351.12,28,1961.12
2026-01-26,US,adv_demo_001,SPONSORED_PRODUCTS,PRODUCT_AD,,,REST_OF_SEARCH,CLICK,CPC,SPONSORED_PRODUCTS:PRODUCT_AD:REST_OF_SEARCH:UNSPECIFIED:CLICK,USD,0,331,271.42,22,1487.2
2026-01-26,US,adv_demo_001,SPONSORED_PRODUCTS,PRODUCT_AD,,,TOP_OF_SEARCH,IMPRESSION,CPM,SPONSORED_PRODUCTS:PRODUCT_AD:TOP_OF_SEARCH:UNSPECIFIED:IMPRESSION,USD,40827,0,0,0,0
2026-01-26,US,adv_demo_001,SPONSORED_PRODUCTS,PRODUCT_AD,,,TOP_OF_SEARCH,CLICK,CPC,SPONSORED_PRODUCTS:PRODUCT_AD:TOP_OF_SEARCH:UNSPECIFIED:CLICK,USD,0,480,489.6,38,2872.8
2026-01-27,US,adv_demo_001,AMAZON_DSP,,,AUDIO,,IMPRESSION,CPM,AMAZON_DSP:AUDIO:UNSPECIFIED:UNSPECIFIED:IMPRESSION,USD,44112,0,794.02,0,0
2026-01-27,US,adv_demo_001,AMAZON_DSP,,IMAGE,DISPLAY,,IMPRESSION,CPM,AMAZON_DSP:DISPLAY:UNSPECIFIED:IMAGE:IMPRESSION,USD,53653,0,670.66,0,0
2026-01-27,US,adv_demo_001,AMAZON_DSP,,VIDEO,ONLINE_VIDEO,,IMPRESSION,CPM,AMAZON_DSP:ONLINE_VIDEO:UNSPECIFIED:VIDEO:IMPRESSION,USD,41194,0,823.88,0,0
2026-01-27,US,adv_demo_001,AMAZON_DSP,,VIDEO,STREAMING_TV,,IMPRESSION,CPM,AMAZON_DSP:STREAMING_TV:UNSPECIFIED:VIDEO:IMPRESSION,USD,49735,0,1392.58,0,0
2026-01-27,US,adv_demo_001,SPONSORED_BRANDS,COMPONENT,IMAGE,,TOP_OF_SEARCH,IMPRESSION,CPM,SPONSORED_BRANDS:COMPONENT:TOP_OF_SEARCH:IMAGE:IMPRESSION,USD,22276,0,0,0,0
2026-01-27,US,adv_demo_001,SPONSORED_BRANDS,COMPONENT,IMAGE,,TOP_OF_SEARCH,CLICK,CPC,SPONSORED_BRANDS:COMPONENT:TOP_OF_SEARCH:IMAGE:CLICK,USD,0,178,213.6,10,820.0
2026-01-27,US,adv_demo_001,SPONSORED_BRANDS,DISPLAY,IMAGE,,REST_OF_SEARCH,IMPRESSION,CPM,SPONSORED_BRANDS:DISPLAY:REST_OF_SEARCH:IMAGE:IMPRESSION,USD,25817,0,0,0,0
2026-01-27,US,adv_demo_001,SPONSORED_BRANDS,VIDEO,VIDEO,,TOP_OF_SEARCH,IMPRESSION,CPM,SPONSORED_BRANDS:VIDEO:TOP_OF_SEARCH:VIDEO:IMPRESSION,USD,21358,0,0,0,0
2026-01-27,US,adv_demo_001,SPONSORED_BRANDS,VIDEO,VIDEO,,TOP_OF_SEARCH,CLICK,CPC,SPONSORED_BRANDS:VIDEO:TOP_OF_SEARCH:VIDEO:CLICK,USD,0,155,213.9,7,649.74
2026-01-27,US,adv_demo_001,SPONSORED_DISPLAY,DISPLAY,IMAGE,,PRODUCT_PAGE,IMPRESSION,CPM,SPONSORED_DISPLAY:DISPLAY:PRODUCT_PAGE:IMAGE:IMPRESSION,USD,29899,0,0,0,0
2026-01-27,US,adv_demo_001,SPONSORED_DISPLAY,DISPLAY,IMAGE,,PRODUCT_PAGE,CLICK,CPC,SPONSORED_DISPLAY:DISPLAY:PRODUCT_PAGE:IMAGE:CLICK,USD,0,163,149.96,7,547.96
2026-01-27,US,adv_demo_001,SPONSORED_DISPLAY,DISPLAY,VIDEO,,PRODUCT_PAGE,IMPRESSION,CPM,SPONSORED_DISPLAY:DISPLAY:PRODUCT_PAGE:VIDEO:IMPRESSION,USD,25440,0,0,0,0
2026-01-27,US,adv_demo_001,SPONSORED_DISPLAY,VIDEO,VIDEO,,PRODUCT_PAGE,CLICK,CPC,SPONSORED_DISPLAY:VIDEO:PRODUCT_PAGE:VIDEO:CLICK,USD,0,114,134.52,5,462.0
2026-01-27,US,adv_demo_001,SPONSORED_PRODUCTS,PRODUCT_AD,,,PRODUCT_PAGE,CLICK,CPC,SPONSORED_PRODUCTS:PRODUCT_AD:PRODUCT_PAGE:UNSPECIFIED:CLICK,USD,0,343,301.84,25,1632.0
2026-01-27,US,adv_demo_001,SPONSORED_PRODUCTS,PRODUCT_AD,,,REST_OF_SEARCH,CLICK,CPC,SPONSORED_PRODUCTS:PRODUCT_AD:REST_OF_SEARCH:UNSPECIFIED:CLICK,USD,0,343,281.26,23,1450.15
2026-01-27,US,adv_demo_001,SPONSORED_PRODUCTS,PRODUCT_AD,,,TOP_OF_SEARCH,IMPRESSION,CPM,SPONSORED_PRODUCTS:PRODUCT_AD:TOP_OF_SEARCH:UNSPECIFIED:IMPRESSION,USD,41804,0,0,0,0
2026-01-27,US,adv_demo_001,SPONSORED_PRODUCTS,PRODUCT_AD,,,TOP_OF_SEARCH,CLICK,CPC,SPONSORED_PRODUCTS:PRODUCT_AD:TOP_OF_SEARCH:UNSPECIFIED:CLICK,USD,0,497,506.94,40,2822.4
2026-01-28,US,adv_demo_001,AMAZON_DSP,,,AUDIO,,IMPRESSION,CPM,AMAZON_DSP:AUDIO:UNSPECIFIED:UNSPECIFIED:IMPRESSION,USD,45089,0,811.6,0,0
2026-01-28,US,adv_demo_001,AMAZON_DSP,,IMAGE,DISPLAY,,IMPRESSION,CPM,AMAZON_DSP:DISPLAY:UNSPECIFIED:IMAGE:IMPRESSION,USD,54630,0,682.88,0,0
2026-01-28,US,adv_demo_001,AMAZON_DSP,,VIDEO,ONLINE_VIDEO,,IMPRESSION,CPM,AMAZON_DSP:ONLINE_VIDEO:UNSPECIFIED:VIDEO:IMPRESSION,USD,42171,0,843.42,0,0
2026-01-28,US,adv_demo_001,AMAZON_DSP,,VIDEO,STREAMING_TV,,IMPRESSION,CPM,AMAZON_DSP:STREAMING_TV:UNSPECIFIED:VIDEO:IMPRESSION,USD,50712,0,1419.94,0,0
2026-01-28,US,adv_demo_001,SPONSORED_BRANDS,COMPONENT,IMAGE,,TOP_OF_SEARCH,IMPRESSION,CPM,SPONSORED_BRANDS:COMPONENT:TOP_OF_SEARCH:IMAGE:IMPRESSION,USD,23253,0,0,0,0
2026-01-28,US,adv_demo_001,SPONSORED_BRANDS,COMPONENT,IMAGE,,TOP_OF_SEARCH,CLICK,CPC,SPONSORED_BRANDS:COMPONENT:TOP_OF_SEARCH:IMAGE:CLICK,USD,0,188,225.6,10,844.6
2026-01-28,US,adv_demo_001,SPONSORED_BRANDS,DISPLAY,IMAGE,,REST_OF_SEARCH,IMPRESSION,CPM,SPONSORED_BRANDS:DISPLAY:REST_OF_SEARCH:IMAGE:IMPRESSION,USD,26794,0,0,0,0
2026-01-28,US,adv_demo_001,SPONSORED_BRANDS,VIDEO,VIDEO,,TOP_OF_SEARCH,IMPRESSION,CPM,SPONSORED_BRANDS:VIDEO:TOP_OF_SEARCH:VIDEO:IMPRESSION,USD,22335,0,0,0,0
2026-01-28,US,adv_demo_001,SPONSORED_BRANDS,VIDEO,VIDEO,,TOP_OF_SEARCH,CLICK,CPC,SPONSORED_BRANDS:VIDEO:TOP_OF_SEARCH:VIDEO:CLICK,USD,0,149,205.62,7,668.85
2026-01-28,US,adv_demo_001,SPONSORED_DISPLAY,DISPLAY,IMAGE,,PRODUCT_PAGE,IMPRESSION,CPM,SPONSORED_DISPLAY:DISPLAY:PRODUCT_PAGE:IMAGE:IMPRESSION,USD,24076,0,0,0,0
2026-01-28,US,adv_demo_001,SPONSORED_DISPLAY,DISPLAY,IMAGE,,PRODUCT_PAGE,CLICK,CPC,SPONSORED_DISPLAY:DISPLAY:PRODUCT_PAGE:IMAGE:CLICK,USD,0,133,122.36,6,437.76
2026-01-28,US,adv_demo_001,SPONSORED_DISPLAY,DISPLAY,VIDEO,,PRODUCT_PAGE,IMPRESSION,CPM,SPONSORED_DISPLAY:DISPLAY:PRODUCT_PAGE:VIDEO:IMPRESSION,USD,19617,0,0,0,0
2026-01-28,US,adv_demo_001,SPONSORED_DISPLAY,VIDEO,VIDEO,,PRODUCT_PAGE,CLICK,CPC,SPONSORED_DISPLAY:VIDEO:PRODUCT_PAGE:VIDEO:CLICK,USD,0,122,143.96,6,517.44
2026-01-28,US,adv_demo_001,SPONSORED_PRODUCTS,PRODUCT_AD,,,PRODUCT_PAGE,CLICK,CPC,SPONSORED_PRODUCTS:PRODUCT_AD:PRODUCT_PAGE:UNSPECIFIED:CLICK,USD,0,357,314.16,27,1817.64
2026-01-28,US,adv_demo_001,SPONSORED_PRODUCTS,PRODUCT_AD,,,REST_OF_SEARCH,CLICK,CPC,SPONSORED_PRODUCTS:PRODUCT_AD:REST_OF_SEARCH:UNSPECIFIED:CLICK,USD,0,356,291.92,25,1625.0
2026-01-28,US,adv_demo_001,SPONSORED_PRODUCTS,PRODUCT_AD,,,TOP_OF_SEARCH,IMPRESSION,CPM,SPONSORED_PRODUCTS:PRODUCT_AD:TOP_OF_SEARCH:UNSPECIFIED:IMPRESSION,USD,42781,0,0,0,0
2026-01-28,US,adv_demo_001,SPONSORED_PRODUCTS,PRODUCT_AD,,,TOP_OF_SEARCH,CLICK,CPC,SPONSORED_PRODUCTS:PRODUCT_AD:TOP_OF_SEARCH:UNSPECIFIED:CLICK,USD,0,513,523.26,42,3054.24
2026-01-29,US,adv_demo_001,AMAZON_DSP,,,AUDIO,,IMPRESSION,CPM,AMAZON_DSP:AUDIO:UNSPECIFIED:UNSPECIFIED:IMPRESSION,USD,46066,0,829.19,0,0
2026-01-29,US,adv_demo_001,AMAZON_DSP,,IMAGE,DISPLAY,,IMPRESSION,CPM,AMAZON_DSP:DISPLAY:UNSPECIFIED:IMAGE:IMPRESSION,USD,55607,0,695.09,0,0
2026-01-29,US,adv_demo_001,AMAZON_DSP,,VIDEO,ONLINE_VIDEO,,IMPRESSION,CPM,AMAZON_DSP:ONLINE_VIDEO:UNSPECIFIED:VIDEO:IMPRESSION,USD,43148,0,862.96,0,0
2026-01-29,US,adv_demo_001,AMAZON_DSP,,VIDEO,STREAMING_TV,,IMPRESSION,CPM,AMAZON_DSP:STREAMING_TV:UNSPECIFIED:VIDEO:IMPRESSION,USD,51689,0,1447.29,0,0
2026-01-29,US,adv_demo_001,SPONSORED_BRANDS,COMPONENT,IMAGE,,TOP_OF_SEARCH,IMPRESSION,CPM,SPONSORED_BRANDS:COMPONENT:TOP_OF_SEARCH:IMAGE:IMPRESSION,USD,24230,0,0,0,0
2026-01-29,US,adv_demo_001,SPONSORED_BRANDS,COMPONENT,IMAGE,,TOP_OF_SEARCH,CLICK,CPC,SPONSORED_BRANDS:COMPONENT:TOP_OF_SEARCH:IMAGE:CLICK,USD,0,198,237.6,10,787.2
2026-01-29,US,adv_demo_001,SPONSORED_BRANDS,DISPLAY,IMAGE,,REST_OF_SEARCH,IMPRESSION,CPM,SPONSORED_BRANDS:DISPLAY:REST_OF_SEARCH:IMAGE:IMPRESSION,USD,27771,0,0,0,0
2026-01-29,US,adv_demo_001,SPONSORED_BRANDS,VIDEO,VIDEO,,TOP_OF_SEARCH,IMPRESSION,CPM,SPONSORED_BRANDS:VIDEO:TOP_OF_SEARCH:VIDEO:IMPRESSION,USD,16512,0,0,0,0
2026-01-29,US,adv_demo_001,SPONSORED_BRANDS,VIDEO,VIDEO,,TOP_OF_SEARCH,CLICK,CPC,SPONSORED_BRANDS:VIDEO:TOP_OF_SEARCH:VIDEO:CLICK,USD,0,111,153.18,5,445.9
2026-01-29,US,adv_demo_001,SPONSORED_DISPLAY,DISPLAY,IMAGE,,PRODUCT_PAGE,IMPRESSION,CPM,SPONSORED_DISPLAY:DISPLAY:PRODUCT_PAGE:IMAGE:IMPRESSION,USD,25053,0,0,0,0
2026-01-29,US,adv_demo_001,SPONSORED_DISPLAY,DISPLAY,IMAGE,,PRODUCT_PAGE,CLICK,CPC,SPONSORED_DISPLAY:DISPLAY:PRODUCT_PAGE:IMAGE:CLICK,USD,0,139,127.88,6,451.44
2026-01-29,US,adv_demo_001,SPONSORED_DISPLAY,DISPLAY,VIDEO,,PRODUCT_PAGE,IMPRESSION,CPM,SPONSORED_DISPLAY:DISPLAY:PRODUCT_PAGE:VIDEO:IMPRESSION,USD,20594,0,0,0,0
2026-01-29,US,adv_demo_001,SPONSORED_DISPLAY,VIDEO,VIDEO,,PRODUCT_PAGE,CLICK,CPC,SPONSORED_DISPLAY:VIDEO:PRODUCT_PAGE:VIDEO:CLICK,USD,0,129,152.22,6,533.28
2026-01-29,US,adv_demo_001,SPONSORED_PRODUCTS,PRODUCT_AD,,,PRODUCT_PAGE,CLICK,CPC,SPONSORED_PRODUCTS:PRODUCT_AD:PRODUCT_PAGE:UNSPECIFIED:CLICK,USD,0,371,326.48,28,1942.08
2026-01-29,US,adv_demo_001,SPONSORED_PRODUCTS,PRODUCT_AD,,,REST_OF_SEARCH,CLICK,CPC,SPONSORED_PRODUCTS:PRODUCT_AD:REST_OF_SEARCH:UNSPECIFIED:CLICK,USD,0,369,302.58,26,1740.7
2026-01-29,US,adv_demo_001,SPONSORED_PRODUCTS,PRODUCT_AD,,,TOP_OF_SEARCH,IMPRESSION,CPM,SPONSORED_PRODUCTS:PRODUCT_AD:TOP_OF_SEARCH:UNSPECIFIED:IMPRESSION,USD,43758,0,0,0,0
2026-01-29,US,adv_demo_001,SPONSORED_PRODUCTS,PRODUCT_AD,,,TOP_OF_SEARCH,CLICK,CPC,SPONSORED_PRODUCTS:PRODUCT_AD:TOP_OF_SEARCH:UNSPECIFIED:CLICK,USD,0,530,540.6,40,2995.2
2026-01-30,US,adv_demo_001,AMAZON_DSP,,,AUDIO,,IMPRESSION,CPM,AMAZON_DSP:AUDIO:UNSPECIFIED:UNSPECIFIED:IMPRESSION,USD,47043,0,846.77,0,0
2026-01-30,US,adv_demo_001,AMAZON_DSP,,IMAGE,DISPLAY,,IMPRESSION,CPM,AMAZON_DSP:DISPLAY:UNSPECIFIED:IMAGE:IMPRESSION,USD,56584,0,707.3,0,0
2026-01-30,US,adv_demo_001,AMAZON_DSP,,VIDEO,ONLINE_VIDEO,,IMPRESSION,CPM,AMAZON_DSP:ONLINE_VIDEO:UNSPECIFIED:VIDEO:IMPRESSION,USD,44125,0,882.5,0,0
2026-01-30,US,adv_demo_001,AMAZON_DSP,,VIDEO,STREAMING_TV,,IMPRESSION,CPM,AMAZON_DSP:STREAMING_TV:UNSPECIFIED:VIDEO:IMPRESSION,USD,52666,0,1474.65,0,0
2026-01-30,US,adv_demo_001,SPONSORED_BRANDS,COMPONENT,IMAGE,,TOP_OF_SEARCH,IMPRESSION,CPM,SPONSORED_BRANDS:COMPONENT:TOP_OF_SEARCH:IMAGE:IMPRESSION,USD,18407,0,0,0,0
2026-01-30,US,adv_demo_001,SPONSORED_BRANDS,COMPONENT,IMAGE,,TOP_OF_SEARCH,CLICK,CPC,SPONSORED_BRANDS:COMPONENT:TOP_OF_SEARCH:IMAGE:CLICK,USD,0,138,165.6,7,568.26
2026-01-30,US,adv_demo_001,SPONSORED_BRANDS,DISPLAY,IMAGE,,REST_OF_SEARCH,IMPRESSION,CPM,SPONSORED_BRANDS:DISPLAY:REST_OF_SEARCH:IMAGE:IMPRESSION,USD,21948,0,0,0,0
2026-01-30,US,adv_demo_001,SPONSORED_BRANDS,VIDEO,VIDEO,,TOP_OF_SEARCH,IMPRESSION,CPM,SPONSORED_BRANDS:VIDEO:TOP_OF_SEARCH:VIDEO:IMPRESSION,USD,17489,0,0,0,0
2026-01-30,US,adv_demo_001,SPONSORED_BRANDS,VIDEO,VIDEO,,TOP_OF_SEARCH,CLICK,CPC,SPONSORED_BRANDS:VIDEO:TOP_OF_SEARCH:VIDEO:CLICK,USD,0,119,164.22,6,551.46
2026-01-30,US,adv_demo_001,SPONSORED_DISPLAY,DISPLAY,IMAGE,,PRODUCT_PAGE,IMPRESSION,CPM,SPONSORED_DISPLAY:DISPLAY:PRODUCT_PAGE:IMAGE:IMPRESSION,USD,26030,0,0,0,0
2026-01-30,US,adv_demo_001,SPONSORED_DISPLAY,DISPLAY,IMAGE,,PRODUCT_PAGE,CLICK,CPC,SPONSORED_DISPLAY:DISPLAY:PRODUCT_PAGE:IMAGE:CLICK,USD,0,146,134.32,7,542.64
2026-01-30,US,adv_demo_001,SPONSORED_DISPLAY,DISPLAY,VIDEO,,PRODUCT_PAGE,IMPRESSION,CPM,SPONSORED_DISPLAY:DISPLAY:PRODUCT_PAGE:VIDEO:IMPRESSION,USD,21571,0,0,0,0
2026-01-30,US,adv_demo_001,SPONSORED_DISPLAY,VIDEO,VIDEO,,PRODUCT_PAGE,CLICK,CPC,SPONSORED_DISPLAY:VIDEO:PRODUCT_PAGE:VIDEO:CLICK,USD,0,137,161.66,7,640.64
2026-01-30,US,adv_demo_001,SPONSORED_PRODUCTS,PRODUCT_AD,,,PRODUCT_PAGE,CLICK,CPC,SPONSORED_PRODUCTS:PRODUCT_AD:PRODUCT_PAGE:UNSPECIFIED:CLICK,USD,0,385,338.8,27,1927.8
2026-01-30,US,adv_demo_001,SPONSORED_PRODUCTS,PRODUCT_AD,,,REST_OF_SEARCH,CLICK,CPC,SPONSORED_PRODUCTS:PRODUCT_AD:REST_OF_SEARCH:UNSPECIFIED:CLICK,USD,0,382,313.24,25,1560.0
2026-01-30,US,adv_demo_001,SPONSORED_PRODUCTS,PRODUCT_AD,,,TOP_OF_SEARCH,IMPRESSION,CPM,SPONSORED_PRODUCTS:PRODUCT_AD:TOP_OF_SEARCH:UNSPECIFIED:IMPRESSION,USD,44735,0,0,0,0
2026-01-30,US,adv_demo_001,SPONSORED_PRODUCTS,PRODUCT_AD,,,TOP_OF_SEARCH,CLICK,CPC,SPONSORED_PRODUCTS:PRODUCT_AD:TOP_OF_SEARCH:UNSPECIFIED:CLICK,USD,0,548,558.96,42,2933.28
2026-01-31,US,adv_demo_001,AMAZON_DSP,,,AUDIO,,IMPRESSION,CPM,AMAZON_DSP:AUDIO:UNSPECIFIED:UNSPECIFIED:IMPRESSION,USD,48020,0,864.36,0,0
2026-01-31,US,adv_demo_001,AMAZON_DSP,,IMAGE,DISPLAY,,IMPRESSION,CPM,AMAZON_DSP:DISPLAY:UNSPECIFIED:IMAGE:IMPRESSION,USD,57561,0,719.51,0,0
2026-01-31,US,adv_demo_001,AMAZON_DSP,,VIDEO,ONLINE_VIDEO,,IMPRESSION,CPM,AMAZON_DSP:ONLINE_VIDEO:UNSPECIFIED:VIDEO:IMPRESSION,USD,38302,0,766.04,0,0
2026-01-31,US,adv_demo_001,AMAZON_DSP,,VIDEO,STREAMING_TV,,IMPRESSION,CPM,AMAZON_DSP:STREAMING_TV:UNSPECIFIED:VIDEO:IMPRESSION,USD,46843,0,1311.6,0,0
2026-01-31,US,adv_demo_001,SPONSORED_BRANDS,COMPONENT,IMAGE,,TOP_OF_SEARCH,IMPRESSION,CPM,SPONSORED_BRANDS:COMPONENT:TOP_OF_SEARCH:IMAGE:IMPRESSION,USD,19384,0,0,0,0
2026-01-31,US,adv_demo_001,SPONSORED_BRANDS,COMPONENT,IMAGE,,TOP_OF_SEARCH,CLICK,CPC,SPONSORED_BRANDS:COMPONENT:TOP_OF_SEARCH:IMAGE:CLICK,USD,0,147,176.4,8,669.12
2026-01-31,US,adv_demo_001,SPONSORED_BRANDS,DISPLAY,IMAGE,,REST_OF_SEARCH,IMPRESSION,CPM,SPONSORED_BRANDS:DISPLAY:REST_OF_SEARCH:IMAGE:IMPRESSION,USD,22925,0,0,0,0
2026-01-31,US,adv_demo_001,SPONSORED_BRANDS,VIDEO,VIDEO,,TOP_OF_SEARCH,IMPRESSION,CPM,SPONSORED_BRANDS:VIDEO:TOP_OF_SEARCH:VIDEO:IMPRESSION,USD,18466,0,0,0,0
2026-01-31,US,adv_demo_001,SPONSORED_BRANDS,VIDEO,VIDEO,,TOP_OF_SEARCH,CLICK,CPC,SPONSORED_BRANDS:VIDEO:TOP_OF_SEARCH:VIDEO:CLICK,USD,0,127,175.26,6,567.84
2026-01-31,US,adv_demo_001,SPONSORED_DISPLAY,DISPLAY,IMAGE,,PRODUCT_PAGE,IMPRESSION,CPM,SPONSORED_DISPLAY:DISPLAY:PRODUCT_PAGE:IMAGE:IMPRESSION,USD,27007,0,0,0,0
2026-01-31,US,adv_demo_001,SPONSORED_DISPLAY,DISPLAY,IMAGE,,PRODUCT_PAGE,CLICK,CPC,SPONSORED_DISPLAY:DISPLAY:PRODUCT_PAGE:IMAGE:CLICK,USD,0,154,141.68,7,558.6
2026-01-31,US,adv_demo_001,SPONSORED_DISPLAY,DISPLAY,VIDEO,,PRODUCT_PAGE,IMPRESSION,CPM,SPONSORED_DISPLAY:DISPLAY:PRODUCT_PAGE:VIDEO:IMPRESSION,USD,22548,0,0,0,0
2026-01-31,US,adv_demo_001,SPONSORED_DISPLAY,VIDEO,VIDEO,,PRODUCT_PAGE,CLICK,CPC,SPONSORED_DISPLAY:VIDEO:PRODUCT_PAGE:VIDEO:CLICK,USD,0,146,172.28,7,597.52
2026-01-31,US,adv_demo_001,SPONSORED_PRODUCTS,PRODUCT_AD,,,PRODUCT_PAGE,CLICK,CPC,SPONSORED_PRODUCTS:PRODUCT_AD:PRODUCT_PAGE:UNSPECIFIED:CLICK,USD,0,399,351.12,28,1865.92
2026-01-31,US,adv_demo_001,SPONSORED_PRODUCTS,PRODUCT_AD,,,REST_OF_SEARCH,CLICK,CPC,SPONSORED_PRODUCTS:PRODUCT_AD:REST_OF_SEARCH:UNSPECIFIED:CLICK,USD,0,395,323.9,26,1673.1
2026-01-31,US,adv_demo_001,SPONSORED_PRODUCTS,PRODUCT_AD,,,TOP_OF_SEARCH,IMPRESSION,CPM,SPONSORED_PRODUCTS:PRODUCT_AD:TOP_OF_SEARCH:UNSPECIFIED:IMPRESSION,USD,45712,0,0,0,0
2026-01-31,US,adv_demo_001,SPONSORED_PRODUCTS,PRODUCT_AD,,,TOP_OF_SEARCH,CLICK,CPC,SPONSORED_PRODUCTS:PRODUCT_AD:TOP_OF_SEARCH:UNSPECIFIED:CLICK,USD,0,516,526.32,41,2952.0
2026-02-01,US,adv_demo_001,AMAZON_DSP,,,AUDIO,,IMPRESSION,CPM,AMAZON_DSP:AUDIO:UNSPECIFIED:UNSPECIFIED:IMPRESSION,USD,42197,0,759.55,0,0
2026-02-01,US,adv_demo_001,AMAZON_DSP,,IMAGE,DISPLAY,,IMPRESSION,CPM,AMAZON_DSP:DISPLAY:UNSPECIFIED:IMAGE:IMPRESSION,USD,51738,0,646.73,0,0
2026-02-01,US,adv_demo_001,AMAZON_DSP,,VIDEO,ONLINE_VIDEO,,IMPRESSION,CPM,AMAZON_DSP:ONLINE_VIDEO:UNSPECIFIED:VIDEO:IMPRESSION,USD,39279,0,785.58,0,0
2026-02-01,US,adv_demo_001,AMAZON_DSP,,VIDEO,STREAMING_TV,,IMPRESSION,CPM,AMAZON_DSP:STREAMING_TV:UNSPECIFIED:VIDEO:IMPRESSION,USD,47820,0,1338.96,0,0
2026-02-01,US,adv_demo_001,SPONSORED_BRANDS,COMPONENT,IMAGE,,TOP_OF_SEARCH,IMPRESSION,CPM,SPONSORED_BRANDS:COMPONENT:TOP_OF_SEARCH:IMAGE:IMPRESSION,USD,20361,0,0,0,0
2026-02-01,US,adv_demo_001,SPONSORED_BRANDS,COMPONENT,IMAGE,,TOP_OF_SEARCH,CLICK,CPC,SPONSORED_BRANDS:COMPONENT:TOP_OF_SEARCH:IMAGE:CLICK,USD,0,156,187.2,9,774.9
2026-02-01,US,adv_demo_001,SPONSORED_BRANDS,DISPLAY,IMAGE,,REST_OF_SEARCH,IMPRESSION,CPM,SPONSORED_BRANDS:DISPLAY:REST_OF_SEARCH:IMAGE:IMPRESSION,USD,23902,0,0,0,0
2026-02-01,US,adv_demo_001,SPONSORED_BRANDS,VIDEO,VIDEO,,TOP_OF_SEARCH,IMPRESSION,CPM,SPONSORED_BRANDS:VIDEO:TOP_OF_SEARCH:VIDEO:IMPRESSION,USD,19443,0,0,0,0
2026-02-01,US,adv_demo_001,SPONSORED_BRANDS,VIDEO,VIDEO,,TOP_OF_SEARCH,CLICK,CPC,SPONSORED_BRANDS:VIDEO:TOP_OF_SEARCH:VIDEO:CLICK,USD,0,135,186.3,6,529.62
2026-02-01,US,adv_demo_001,SPONSORED_DISPLAY,DISPLAY,IMAGE,,PRODUCT_PAGE,IMPRESSION,CPM,SPONSORED_DISPLAY:DISPLAY:PRODUCT_PAGE:IMAGE:IMPRESSION,USD,27984,0,0,0,0
2026-02-01,US,adv_demo_001,SPONSORED_DISPLAY,DISPLAY,IMAGE,,PRODUCT_PAGE,CLICK,CPC,SPONSORED_DISPLAY:DISPLAY:PRODUCT_PAGE:IMAGE:CLICK,USD,0,161,148.12,7,521.36
2026-02-01,US,adv_demo_001,SPONSORED_DISPLAY,DISPLAY,VIDEO,,PRODUCT_PAGE,IMPRESSION,CPM,SPONSORED_DISPLAY:DISPLAY:PRODUCT_PAGE:VIDEO:IMPRESSION,USD,23525,0,0,0,0
2026-02-01,US,adv_demo_001,SPONSORED_DISPLAY,VIDEO,VIDEO,,PRODUCT_PAGE,CLICK,CPC,SPONSORED_DISPLAY:VIDEO:PRODUCT_PAGE:VIDEO:CLICK,USD,0,154,181.72,7,616.0
2026-02-01,US,adv_demo_001,SPONSORED_PRODUCTS,PRODUCT_AD,,,PRODUCT_PAGE,CLICK,CPC,SPONSORED_PRODUCTS:PRODUCT_AD:PRODUCT_PAGE:UNSPECIFIED:CLICK,USD,0,413,363.44,30,2060.4
2026-02-01,US,adv_demo_001,SPONSORED_PRODUCTS,PRODUCT_AD,,,REST_OF_SEARCH,CLICK,CPC,SPONSORED_PRODUCTS:PRODUCT_AD:REST_OF_SEARCH:UNSPECIFIED:CLICK,USD,0,372,305.04,25,1657.5
2026-02-01,US,adv_demo_001,SPONSORED_PRODUCTS,PRODUCT_AD,,,TOP_OF_SEARCH,IMPRESSION,CPM,SPONSORED_PRODUCTS:PRODUCT_AD:TOP_OF_SEARCH:UNSPECIFIED:IMPRESSION,USD,46689,0,0,0,0
2026-02-01,US,adv_demo_001,SPONSORED_PRODUCTS,PRODUCT_AD,,,TOP_OF_SEARCH,CLICK,CPC,SPONSORED_PRODUCTS:PRODUCT_AD:TOP_OF_SEARCH:UNSPECIFIED:CLICK,USD,0,532,542.64,43,3188.88
2026-02-02,US,adv_demo_001,AMAZON_DSP,,,AUDIO,,IMPRESSION,CPM,AMAZON_DSP:AUDIO:UNSPECIFIED:UNSPECIFIED:IMPRESSION,USD,43174,0,777.13,0,0
2026-02-02,US,adv_demo_001,AMAZON_DSP,,IMAGE,DISPLAY,,IMPRESSION,CPM,AMAZON_DSP:DISPLAY:UNSPECIFIED:IMAGE:IMPRESSION,USD,52715,0,658.94,0,0
2026-02-02,US,adv_demo_001,AMAZON_DSP,,VIDEO,ONLINE_VIDEO,,IMPRESSION,CPM,AMAZON_DSP:ONLINE_VIDEO:UNSPECIFIED:VIDEO:IMPRESSION,USD,40256,0,805.12,0,0
2026-02-02,US,adv_demo_001,AMAZON_DSP,,VIDEO,STREAMING_TV,,IMPRESSION,CPM,AMAZON_DSP:STREAMING_TV:UNSPECIFIED:VIDEO:IMPRESSION,USD,48797,0,1366.32,0,0
2026-02-02,US,adv_demo_001,SPONSORED_BRANDS,COMPONENT,IMAGE,,TOP_OF_SEARCH,IMPRESSION,CPM,SPONSORED_BRANDS:COMPONENT:TOP_OF_SEARCH:IMAGE:IMPRESSION,USD,21338,0,0,0,0
2026-02-02,US,adv_demo_001,SPONSORED_BRANDS,COMPONENT,IMAGE,,TOP_OF_SEARCH,CLICK,CPC,SPONSORED_BRANDS:COMPONENT:TOP_OF_SEARCH:IMAGE:CLICK,USD,0,166,199.2,8,642.88
2026-02-02,US,adv_demo_001,SPONSORED_BRANDS,DISPLAY,IMAGE,,REST_OF_SEARCH,IMPRESSION,CPM,SPONSORED_BRANDS:DISPLAY:REST_OF_SEARCH:IMAGE:IMPRESSION,USD,24879,0,0,0,0
2026-02-02,US,adv_demo_001,SPONSORED_BRANDS,VIDEO,VIDEO,,TOP_OF_SEARCH,IMPRESSION,CPM,SPONSORED_BRANDS:VIDEO:TOP_OF_SEARCH:VIDEO:IMPRESSION,USD,20420,0,0,0,0
2026-02-02,US,adv_demo_001,SPONSORED_BRANDS,VIDEO,VIDEO,,TOP_OF_SEARCH,CLICK,CPC,SPONSORED_BRANDS:VIDEO:TOP_OF_SEARCH:VIDEO:CLICK,USD,0,144,198.72,7,637.0
2026-02-02,US,adv_demo_001,SPONSORED_DISPLAY,DISPLAY,IMAGE,,PRODUCT_PAGE,IMPRESSION,CPM,SPONSORED_DISPLAY:DISPLAY:PRODUCT_PAGE:IMAGE:IMPRESSION,USD,28961,0,0,0,0
2026-02-02,US,adv_demo_001,SPONSORED_DISPLAY,DISPLAY,IMAGE,,PRODUCT_PAGE,CLICK,CPC,SPONSORED_DISPLAY:DISPLAY:PRODUCT_PAGE:IMAGE:CLICK,USD,0,168,154.56,7,537.32
2026-02-02,US,adv_demo_001,SPONSORED_DISPLAY,DISPLAY,VIDEO,,PRODUCT_PAGE,IMPRESSION,CPM,SPONSORED_DISPLAY:DISPLAY:PRODUCT_PAGE:VIDEO:IMPRESSION,USD,24502,0,0,0,0
2026-02-02,US,adv_demo_001,SPONSORED_DISPLAY,VIDEO,VIDEO,,PRODUCT_PAGE,CLICK,CPC,SPONSORED_DISPLAY:VIDEO:PRODUCT_PAGE:VIDEO:CLICK,USD,0,162,191.16,8,725.12
2026-02-02,US,adv_demo_001,SPONSORED_PRODUCTS,PRODUCT_AD,,,PRODUCT_PAGE,CLICK,CPC,SPONSORED_PRODUCTS:PRODUCT_AD:PRODUCT_PAGE:UNSPECIFIED:CLICK,USD,0,391,344.08,29,2050.88
2026-02-02,US,adv_demo_001,SPONSORED_PRODUCTS,PRODUCT_AD,,,REST_OF_SEARCH,CLICK,CPC,SPONSORED_PRODUCTS:PRODUCT_AD:REST_OF_SEARCH:UNSPECIFIED:CLICK,USD,0,324,265.68,22,1501.5
2026-02-02,US,adv_demo_001,SPONSORED_PRODUCTS,PRODUCT_AD,,,TOP_OF_SEARCH,IMPRESSION,CPM,SPONSORED_PRODUCTS:PRODUCT_AD:TOP_OF_SEARCH:UNSPECIFIED:IMPRESSION,USD,40866,0,0,0,0
2026-02-02,US,adv_demo_001,SPONSORED_PRODUCTS,PRODUCT_AD,,,TOP_OF_SEARCH,CLICK,CPC,SPONSORED_PRODUCTS:PRODUCT_AD:TOP_OF_SEARCH:UNSPECIFIED:CLICK,USD,0,471,480.42,39,2695.68
2026-02-03,US,adv_demo_001,AMAZON_DSP,,,AUDIO,,IMPRESSION,CPM,AMAZON_DSP:AUDIO:UNSPECIFIED:UNSPECIFIED:IMPRESSION,USD,44151,0,794.72,0,0
2026-02-03,US,adv_demo_001,AMAZON_DSP,,IMAGE,DISPLAY,,IMPRESSION,CPM,AMAZON_DSP:DISPLAY:UNSPECIFIED:IMAGE:IMPRESSION,USD,53692,0,671.15,0,0
2026-02-03,US,adv_demo_001,AMAZON_DSP,,VIDEO,ONLINE_VIDEO,,IMPRESSION,CPM,AMAZON_DSP:ONLINE_VIDEO:UNSPECIFIED:VIDEO:IMPRESSION,USD,41233,0,824.66,0,0
2026-02-03,US,adv_demo_001,AMAZON_DSP,,VIDEO,STREAMING_TV,,IMPRESSION,CPM,AMAZON_DSP:STREAMING_TV:UNSPECIFIED:VIDEO:IMPRESSION,USD,49774,0,1393.67,0,0
2026-02-03,US,adv_demo_001,SPONSORED_BRANDS,COMPONENT,IMAGE,,TOP_OF_SEARCH,IMPRESSION,CPM,SPONSORED_BRANDS:COMPONENT:TOP_OF_SEARCH:IMAGE:IMPRESSION,USD,22315,0,0,0,0
2026-02-03,US,adv_demo_001,SPONSORED_BRANDS,COMPONENT,IMAGE,,TOP_OF_SEARCH,CLICK,CPC,SPONSORED_BRANDS:COMPONENT:TOP_OF_SEARCH:IMAGE:CLICK,USD,0,175,210.0,9,745.38
2026-02-03,US,adv_demo_001,SPONSORED_BRANDS,DISPLAY,IMAGE,,REST_OF_SEARCH,IMPRESSION,CPM,SPONSORED_BRANDS:DISPLAY:REST_OF_SEARCH:IMAGE:IMPRESSION,USD,25856,0,0,0,0
2026-02-03,US,adv_demo_001,SPONSORED_BRANDS,VIDEO,VIDEO,,TOP_OF_SEARCH,IMPRESSION,CPM,SPONSORED_BRANDS:VIDEO:TOP_OF_SEARCH:VIDEO:IMPRESSION,USD,21397,0,0,0,0
2026-02-03,US,adv_demo_001,SPONSORED_BRANDS,VIDEO,VIDEO,,TOP_OF_SEARCH,CLICK,CPC,SPONSORED_BRANDS:VIDEO:TOP_OF_SEARCH:VIDEO:CLICK,USD,0,152,209.76,7,656.11
2026-02-03,US,adv_demo_001,SPONSORED_DISPLAY,DISPLAY,IMAGE,,PRODUCT_PAGE,IMPRESSION,CPM,SPONSORED_DISPLAY:DISPLAY:PRODUCT_PAGE:IMAGE:IMPRESSION,USD,29938,0,0,0,0
2026-02-03,US,adv_demo_001,SPONSORED_DISPLAY,DISPLAY,IMAGE,,PRODUCT_PAGE,CLICK,CPC,SPONSORED_DISPLAY:DISPLAY:PRODUCT_PAGE:IMAGE:CLICK,USD,0,175,161.0,8,632.32
2026-02-03,US,adv_demo_001,SPONSORED_DISPLAY,DISPLAY,VIDEO,,PRODUCT_PAGE,IMPRESSION,CPM,SPONSORED_DISPLAY:DISPLAY:PRODUCT_PAGE:VIDEO:IMPRESSION,USD,25479,0,0,0,0
2026-02-03,US,adv_demo_001,SPONSORED_DISPLAY,VIDEO,VIDEO,,PRODUCT_PAGE,CLICK,CPC,SPONSORED_DISPLAY:VIDEO:PRODUCT_PAGE:VIDEO:CLICK,USD,0,112,132.16,5,422.4
2026-02-03,US,adv_demo_001,SPONSORED_PRODUCTS,PRODUCT_AD,,,PRODUCT_PAGE,CLICK,CPC,SPONSORED_PRODUCTS:PRODUCT_AD:PRODUCT_PAGE:UNSPECIFIED:CLICK,USD,0,337,296.56,25,1649.0
2026-02-03,US,adv_demo_001,SPONSORED_PRODUCTS,PRODUCT_AD,,,REST_OF_SEARCH,CLICK,CPC,SPONSORED_PRODUCTS:PRODUCT_AD:REST_OF_SEARCH:UNSPECIFIED:CLICK,USD,0,337,276.34,23,1465.1
2026-02-03,US,adv_demo_001,SPONSORED_PRODUCTS,PRODUCT_AD,,,TOP_OF_SEARCH,IMPRESSION,CPM,SPONSORED_PRODUCTS:PRODUCT_AD:TOP_OF_SEARCH:UNSPECIFIED:IMPRESSION,USD,41843,0,0,0,0
2026-02-03,US,adv_demo_001,SPONSORED_PRODUCTS,PRODUCT_AD,,,TOP_OF_SEARCH,CLICK,CPC,SPONSORED_PRODUCTS:PRODUCT_AD:TOP_OF_SEARCH:UNSPECIFIED:CLICK,USD,0,487,496.74,41,2922.48
2026-02-04,US,adv_demo_001,AMAZON_DSP,,,AUDIO,,IMPRESSION,CPM,AMAZON_DSP:AUDIO:UNSPECIFIED:UNSPECIFIED:IMPRESSION,USD,45128,0,812.3,0,0
2026-02-04,US,adv_demo_001,AMAZON_DSP,,IMAGE,DISPLAY,,IMPRESSION,CPM,AMAZON_DSP:DISPLAY:UNSPECIFIED:IMAGE:IMPRESSION,USD,54669,0,683.36,0,0
2026-02-04,US,adv_demo_001,AMAZON_DSP,,VIDEO,ONLINE_VIDEO,,IMPRESSION,CPM,AMAZON_DSP:ONLINE_VIDEO:UNSPECIFIED:VIDEO:IMPRESSION,USD,42210,0,844.2,0,0
2026-02-04,US,adv_demo_001,AMAZON_DSP,,VIDEO,STREAMING_TV,,IMPRESSION,CPM,AMAZON_DSP:STREAMING_TV:UNSPECIFIED:VIDEO:IMPRESSION,USD,50751,0,1421.03,0,0
2026-02-04,US,adv_demo_001,SPONSORED_BRANDS,COMPONENT,IMAGE,,TOP_OF_SEARCH,IMPRESSION,CPM,SPONSORED_BRANDS:COMPONENT:TOP_OF_SEARCH:IMAGE:IMPRESSION,USD,23292,0,0,0,0
2026-02-04,US,adv_demo_001,SPONSORED_BRANDS,COMPONENT,IMAGE,,TOP_OF_SEARCH,CLICK,CPC,SPONSORED_BRANDS:COMPONENT:TOP_OF_SEARCH:IMAGE:CLICK,USD,0,184,220.8,10,852.8
2026-02-04,US,adv_demo_001,SPONSORED_BRANDS,DISPLAY,IMAGE,,REST_OF_SEARCH,IMPRESSION,CPM,SPONSORED_BRANDS:DISPLAY:REST_OF_SEARCH:IMAGE:IMPRESSION,USD,26833,0,0,0,0
2026-02-04,US,adv_demo_001,SPONSORED_BRANDS,VIDEO,VIDEO,,TOP_OF_SEARCH,IMPRESSION,CPM,SPONSORED_BRANDS:VIDEO:TOP_OF_SEARCH:VIDEO:IMPRESSION,USD,22374,0,0,0,0
2026-02-04,US,adv_demo_001,SPONSORED_BRANDS,VIDEO,VIDEO,,TOP_OF_SEARCH,CLICK,CPC,SPONSORED_BRANDS:VIDEO:TOP_OF_SEARCH:VIDEO:CLICK,USD,0,160,220.8,8,698.88
2026-02-04,US,adv_demo_001,SPONSORED_DISPLAY,DISPLAY,IMAGE,,PRODUCT_PAGE,IMPRESSION,CPM,SPONSORED_DISPLAY:DISPLAY:PRODUCT_PAGE:IMAGE:IMPRESSION,USD,24115,0,0,0,0
2026-02-04,US,adv_demo_001,SPONSORED_DISPLAY,DISPLAY,IMAGE,,PRODUCT_PAGE,CLICK,CPC,SPONSORED_DISPLAY:DISPLAY:PRODUCT_PAGE:IMAGE:CLICK,USD,0,143,131.56,6,442.32
2026-02-04,US,adv_demo_001,SPONSORED_DISPLAY,DISPLAY,VIDEO,,PRODUCT_PAGE,IMPRESSION,CPM,SPONSORED_DISPLAY:DISPLAY:PRODUCT_PAGE:VIDEO:IMPRESSION,USD,19656,0,0,0,0
2026-02-04,US,adv_demo_001,SPONSORED_DISPLAY,VIDEO,VIDEO,,PRODUCT_PAGE,CLICK,CPC,SPONSORED_DISPLAY:VIDEO:PRODUCT_PAGE:VIDEO:CLICK,USD,0,119,140.42,6,522.72
2026-02-04,US,adv_demo_001,SPONSORED_PRODUCTS,PRODUCT_AD,,,PRODUCT_PAGE,CLICK,CPC,SPONSORED_PRODUCTS:PRODUCT_AD:PRODUCT_PAGE:UNSPECIFIED:CLICK,USD,0,350,308.0,27,1836.0
2026-02-04,US,adv_demo_001,SPONSORED_PRODUCTS,PRODUCT_AD,,,REST_OF_SEARCH,CLICK,CPC,SPONSORED_PRODUCTS:PRODUCT_AD:REST_OF_SEARCH:UNSPECIFIED:CLICK,USD,0,349,286.18,22,1444.3
2026-02-04,US,adv_demo_001,SPONSORED_PRODUCTS,PRODUCT_AD,,,TOP_OF_SEARCH,IMPRESSION,CPM,SPONSORED_PRODUCTS:PRODUCT_AD:TOP_OF_SEARCH:UNSPECIFIED:IMPRESSION,USD,42820,0,0,0,0
2026-02-04,US,adv_demo_001,SPONSORED_PRODUCTS,PRODUCT_AD,,,TOP_OF_SEARCH,CLICK,CPC,SPONSORED_PRODUCTS:PRODUCT_AD:TOP_OF_SEARCH:UNSPECIFIED:CLICK,USD,0,504,514.08,38,2790.72
2026-02-05,US,adv_demo_001,AMAZON_DSP,,,AUDIO,,IMPRESSION,CPM,AMAZON_DSP:AUDIO:UNSPECIFIED:UNSPECIFIED:IMPRESSION,USD,46105,0,829.89,0,0
2026-02-05,US,adv_demo_001,AMAZON_DSP,,IMAGE,DISPLAY,,IMPRESSION,CPM,AMAZON_DSP:DISPLAY:UNSPECIFIED:IMAGE:IMPRESSION,USD,55646,0,695.58,0,0
2026-02-05,US,adv_demo_001,AMAZON_DSP,,VIDEO,ONLINE_VIDEO,,IMPRESSION,CPM,AMAZON_DSP:ONLINE_VIDEO:UNSPECIFIED:VIDEO:IMPRESSION,USD,43187,0,863.74,0,0
2026-02-05,US,adv_demo_001,AMAZON_DSP,,VIDEO,STREAMING_TV,,IMPRESSION,CPM,AMAZON_DSP:STREAMING_TV:UNSPECIFIED:VIDEO:IMPRESSION,USD,51728,0,1448.38,0,0
2026-02-05,US,adv_demo_001,SPONSORED_BRANDS,COMPONENT,IMAGE,,TOP_OF_SEARCH,IMPRESSION,CPM,SPONSORED_BRANDS:COMPONENT:TOP_OF_SEARCH:IMAGE:IMPRESSION,USD,24269,0,0,0,0
2026-02-05,US,adv_demo_001,SPONSORED_BRANDS,COMPONENT,IMAGE,,TOP_OF_SEARCH,CLICK,CPC,SPONSORED_BRANDS:COMPONENT:TOP_OF_SEARCH:IMAGE:CLICK,USD,0,194,232.8,10,795.4
2026-02-05,US,adv_demo_001,SPONSORED_BRANDS,DISPLAY,IMAGE,,REST_OF_SEARCH,IMPRESSION,CPM,SPONSORED_BRANDS:DISPLAY:REST_OF_SEARCH:IMAGE:IMPRESSION,USD,21010,0,0,0,0
2026-02-05,US,adv_demo_001,SPONSORED_BRANDS,VIDEO,VIDEO,,TOP_OF_SEARCH,IMPRESSION,CPM,SPONSORED_BRANDS:VIDEO:TOP_OF_SEARCH:VIDEO:IMPRESSION,USD,16551,0,0,0,0
2026-02-05,US,adv_demo_001,SPONSORED_BRANDS,VIDEO,VIDEO,,TOP_OF_SEARCH,CLICK,CPC,SPONSORED_BRANDS:VIDEO:TOP_OF_SEARCH:VIDEO:CLICK,USD,0,120,165.6,6,540.54
2026-02-05,US,adv_demo_001,SPONSORED_DISPLAY,DISPLAY,IMAGE,,PRODUCT_PAGE,IMPRESSION,CPM,SPONSORED_DISPLAY:DISPLAY:PRODUCT_PAGE:IMAGE:IMPRESSION,USD,25092,0,0,0,0
2026-02-05,US,adv_demo_001,SPONSORED_DISPLAY,DISPLAY,IMAGE,,PRODUCT_PAGE,CLICK,CPC,SPONSORED_DISPLAY:DISPLAY:PRODUCT_PAGE:IMAGE:CLICK,USD,0,137,126.04,6,456.0
2026-02-05,US,adv_demo_001,SPONSORED_DISPLAY,DISPLAY,VIDEO,,PRODUCT_PAGE,IMPRESSION,CPM,SPONSORED_DISPLAY:DISPLAY:PRODUCT_PAGE:VIDEO:IMPRESSION,USD,20633,0,0,0,0
2026-02-05,US,adv_demo_001,SPONSORED_DISPLAY,VIDEO,VIDEO,,PRODUCT_PAGE,CLICK,CPC,SPONSORED_DISPLAY:VIDEO:PRODUCT_PAGE:VIDEO:CLICK,USD,0,127,149.86,6,538.56
2026-02-05,US,adv_demo_001,SPONSORED_PRODUCTS,PRODUCT_AD,,,PRODUCT_PAGE,CLICK,CPC,SPONSORED_PRODUCTS:PRODUCT_AD:PRODUCT_PAGE:UNSPECIFIED:CLICK,USD,0,364,320.32,25,1751.0
2026-02-05,US,adv_demo_001,SPONSORED_PRODUCTS,PRODUCT_AD,,,REST_OF_SEARCH,CLICK,CPC,SPONSORED_PRODUCTS:PRODUCT_AD:REST_OF_SEARCH:UNSPECIFIED:CLICK,USD,0,362,296.84,23,1554.8
2026-02-05,US,adv_demo_001,SPONSORED_PRODUCTS,PRODUCT_AD,,,TOP_OF_SEARCH,IMPRESSION,CPM,SPONSORED_PRODUCTS:PRODUCT_AD:TOP_OF_SEARCH:UNSPECIFIED:IMPRESSION,USD,43797,0,0,0,0
2026-02-05,US,adv_demo_001,SPONSORED_PRODUCTS,PRODUCT_AD,,,TOP_OF_SEARCH,CLICK,CPC,SPONSORED_PRODUCTS:PRODUCT_AD:TOP_OF_SEARCH:UNSPECIFIED:CLICK,USD,0,520,530.4,41,3099.6
2026-02-06,US,adv_demo_001,AMAZON_DSP,,,AUDIO,,IMPRESSION,CPM,AMAZON_DSP:AUDIO:UNSPECIFIED:UNSPECIFIED:IMPRESSION,USD,47082,0,847.48,0,0
2026-02-06,US,adv_demo_001,AMAZON_DSP,,IMAGE,DISPLAY,,IMPRESSION,CPM,AMAZON_DSP:DISPLAY:UNSPECIFIED:IMAGE:IMPRESSION,USD,56623,0,707.79,0,0
2026-02-06,US,adv_demo_001,AMAZON_DSP,,VIDEO,ONLINE_VIDEO,,IMPRESSION,CPM,AMAZON_DSP:ONLINE_VIDEO:UNSPECIFIED:VIDEO:IMPRESSION,USD,44164,0,883.28,0,0
2026-02-06,US,adv_demo_001,AMAZON_DSP,,VIDEO,STREAMING_TV,,IMPRESSION,CPM,AMAZON_DSP:STREAMING_TV:UNSPECIFIED:VIDEO:IMPRESSION,USD,52705,0,1475.74,0,0
2026-02-06,US,adv_demo_001,SPONSORED_BRANDS,COMPONENT,IMAGE,,TOP_OF_SEARCH,IMPRESSION,CPM,SPONSORED_BRANDS:COMPONENT:TOP_OF_SEARCH:IMAGE:IMPRESSION,USD,18446,0,0,0,0
2026-02-06,US,adv_demo_001,SPONSORED_BRANDS,COMPONENT,IMAGE,,TOP_OF_SEARCH,CLICK,CPC,SPONSORED_BRANDS:COMPONENT:TOP_OF_SEARCH:IMAGE:CLICK,USD,0,149,178.8,8,656.0
2026-02-06,US,adv_demo_001,SPONSORED_BRANDS,DISPLAY,IMAGE,,REST_OF_SEARCH,IMPRESSION,CPM,SPONSORED_BRANDS:DISPLAY:REST_OF_SEARCH:IMAGE:IMPRESSION,USD,21987,0,0,0,0
2026-02-06,US,adv_demo_001,SPONSORED_BRANDS,VIDEO,VIDEO,,TOP_OF_SEARCH,IMPRESSION,CPM,SPONSORED_BRANDS:VIDEO:TOP_OF_SEARCH:VIDEO:IMPRESSION,USD,17528,0,0,0,0
2026-02-06,US,adv_demo_001,SPONSORED_BRANDS,VIDEO,VIDEO,,TOP_OF_SEARCH,CLICK,CPC,SPONSORED_BRANDS:VIDEO:TOP_OF_SEARCH:VIDEO:CLICK,USD,0,117,161.46,6,556.92
2026-02-06,US,adv_demo_001,SPONSORED_DISPLAY,DISPLAY,IMAGE,,PRODUCT_PAGE,IMPRESSION,CPM,SPONSORED_DISPLAY:DISPLAY:PRODUCT_PAGE:IMAGE:IMPRESSION,USD,26069,0,0,0,0
2026-02-06,US,adv_demo_001,SPONSORED_DISPLAY,DISPLAY,IMAGE,,PRODUCT_PAGE,CLICK,CPC,SPONSORED_DISPLAY:DISPLAY:PRODUCT_PAGE:IMAGE:CLICK,USD,0,144,132.48,6,469.68
2026-02-06,US,adv_demo_001,SPONSORED_DISPLAY,DISPLAY,VIDEO,,PRODUCT_PAGE,IMPRESSION,CPM,SPONSORED_DISPLAY:DISPLAY:PRODUCT_PAGE:VIDEO:IMPRESSION,USD,21610,0,0,0,0
2026-02-06,US,adv_demo_001,SPONSORED_DISPLAY,VIDEO,VIDEO,,PRODUCT_PAGE,CLICK,CPC,SPONSORED_DISPLAY:VIDEO:PRODUCT_PAGE:VIDEO:CLICK,USD,0,135,159.3,6,554.4
2026-02-06,US,adv_demo_001,SPONSORED_PRODUCTS,PRODUCT_AD,,,PRODUCT_PAGE,CLICK,CPC,SPONSORED_PRODUCTS:PRODUCT_AD:PRODUCT_PAGE:UNSPECIFIED:CLICK,USD,0,378,332.64,27,1762.56
2026-02-06,US,adv_demo_001,SPONSORED_PRODUCTS,PRODUCT_AD,,,REST_OF_SEARCH,CLICK,CPC,SPONSORED_PRODUCTS:PRODUCT_AD:REST_OF_SEARCH:UNSPECIFIED:CLICK,USD,0,374,306.68,25,1576.25
2026-02-06,US,adv_demo_001,SPONSORED_PRODUCTS,PRODUCT_AD,,,TOP_OF_SEARCH,IMPRESSION,CPM,SPONSORED_PRODUCTS:PRODUCT_AD:TOP_OF_SEARCH:UNSPECIFIED:IMPRESSION,USD,44774,0,0,0,0
2026-02-06,US,adv_demo_001,SPONSORED_PRODUCTS,PRODUCT_AD,,,TOP_OF_SEARCH,CLICK,CPC,SPONSORED_PRODUCTS:PRODUCT_AD:TOP_OF_SEARCH:UNSPECIFIED:CLICK,USD,0,537,547.74,43,3034.08
2026-02-07,US,adv_demo_001,AMAZON_DSP,,,AUDIO,,IMPRESSION,CPM,AMAZON_DSP:AUDIO:UNSPECIFIED:UNSPECIFIED:IMPRESSION,USD,48059,0,865.06,0,0
2026-02-07,US,adv_demo_001,AMAZON_DSP,,IMAGE,DISPLAY,,IMPRESSION,CPM,AMAZON_DSP:DISPLAY:UNSPECIFIED:IMAGE:IMPRESSION,USD,57600,0,720.0,0,0
2026-02-07,US,adv_demo_001,AMAZON_DSP,,VIDEO,ONLINE_VIDEO,,IMPRESSION,CPM,AMAZON_DSP:ONLINE_VIDEO:UNSPECIFIED:VIDEO:IMPRESSION,USD,38341,0,766.82,0,0
2026-02-07,US,adv_demo_001,AMAZON_DSP,,VIDEO,STREAMING_TV,,IMPRESSION,CPM,AMAZON_DSP:STREAMING_TV:UNSPECIFIED:VIDEO:IMPRESSION,USD,46882,0,1312.7,0,0
2026-02-07,US,adv_demo_001,SPONSORED_BRANDS,COMPONENT,IMAGE,,TOP_OF_SEARCH,IMPRESSION,CPM,SPONSORED_BRANDS:COMPONENT:TOP_OF_SEARCH:IMAGE:IMPRESSION,USD,19423,0,0,0,0
2026-02-07,US,adv_demo_001,SPONSORED_BRANDS,COMPONENT,IMAGE,,TOP_OF_SEARCH,CLICK,CPC,SPONSORED_BRANDS:COMPONENT:TOP_OF_SEARCH:IMAGE:CLICK,USD,0,158,189.6,9,760.14
2026-02-07,US,adv_demo_001,SPONSORED_BRANDS,DISPLAY,IMAGE,,REST_OF_SEARCH,IMPRESSION,CPM,SPONSORED_BRANDS:DISPLAY:REST_OF_SEARCH:IMAGE:IMPRESSION,USD,22964,0,0,0,0
2026-02-07,US,adv_demo_001,SPONSORED_BRANDS,VIDEO,VIDEO,,TOP_OF_SEARCH,IMPRESSION,CPM,SPONSORED_BRANDS:VIDEO:TOP_OF_SEARCH:VIDEO:IMPRESSION,USD,18505,0,0,0,0
2026-02-07,US,adv_demo_001,SPONSORED_BRANDS,VIDEO,VIDEO,,TOP_OF_SEARCH,CLICK,CPC,SPONSORED_BRANDS:VIDEO:TOP_OF_SEARCH:VIDEO:CLICK,USD,0,125,172.5,6,573.3
2026-02-07,US,adv_demo_001,SPONSORED_DISPLAY,DISPLAY,IMAGE,,PRODUCT_PAGE,IMPRESSION,CPM,SPONSORED_DISPLAY:DISPLAY:PRODUCT_PAGE:IMAGE:IMPRESSION,USD,27046,0,0,0,0
2026-02-07,US,adv_demo_001,SPONSORED_DISPLAY,DISPLAY,IMAGE,,PRODUCT_PAGE,CLICK,CPC,SPONSORED_DISPLAY:DISPLAY:PRODUCT_PAGE:IMAGE:CLICK,USD,0,151,138.92,6,437.76
2026-02-07,US,adv_demo_001,SPONSORED_DISPLAY,DISPLAY,VIDEO,,PRODUCT_PAGE,IMPRESSION,CPM,SPONSORED_DISPLAY:DISPLAY:PRODUCT_PAGE:VIDEO:IMPRESSION,USD,22587,0,0,0,0
2026-02-07,US,adv_demo_001,SPONSORED_DISPLAY,VIDEO,VIDEO,,PRODUCT_PAGE,CLICK,CPC,SPONSORED_DISPLAY:VIDEO:PRODUCT_PAGE:VIDEO:CLICK,USD,0,143,168.74,7,603.68
2026-02-07,US,adv_demo_001,SPONSORED_PRODUCTS,PRODUCT_AD,,,PRODUCT_PAGE,CLICK,CPC,SPONSORED_PRODUCTS:PRODUCT_AD:PRODUCT_PAGE:UNSPECIFIED:CLICK,USD,0,392,344.96,29,1952.28
2026-02-07,US,adv_demo_001,SPONSORED_PRODUCTS,PRODUCT_AD,,,REST_OF_SEARCH,CLICK,CPC,SPONSORED_PRODUCTS:PRODUCT_AD:REST_OF_SEARCH:UNSPECIFIED:CLICK,USD,0,387,317.34,26,1690.0
2026-02-07,US,adv_demo_001,SPONSORED_PRODUCTS,PRODUCT_AD,,,TOP_OF_SEARCH,IMPRESSION,CPM,SPONSORED_PRODUCTS:PRODUCT_AD:TOP_OF_SEARCH:UNSPECIFIED:IMPRESSION,USD,45751,0,0,0,0
2026-02-07,US,adv_demo_001,SPONSORED_PRODUCTS,PRODUCT_AD,,,TOP_OF_SEARCH,CLICK,CPC,SPONSORED_PRODUCTS:PRODUCT_AD:TOP_OF_SEARCH:UNSPECIFIED:CLICK,USD,0,555,566.1,45,3272.4
2026-02-08,US,adv_demo_001,AMAZON_DSP,,,AUDIO,,IMPRESSION,CPM,AMAZON_DSP:AUDIO:UNSPECIFIED:UNSPECIFIED:IMPRESSION,USD,42236,0,760.25,0,0
2026-02-08,US,adv_demo_001,AMAZON_DSP,,IMAGE,DISPLAY,,IMPRESSION,CPM,AMAZON_DSP:DISPLAY:UNSPECIFIED:IMAGE:IMPRESSION,USD,51777,0,647.21,0,0
2026-02-08,US,adv_demo_001,AMAZON_DSP,,VIDEO,ONLINE_VIDEO,,IMPRESSION,CPM,AMAZON_DSP:ONLINE_VIDEO:UNSPECIFIED:VIDEO:IMPRESSION,USD,39318,0,786.36,0,0
2026-02-08,US,adv_demo_001,AMAZON_DSP,,VIDEO,STREAMING_TV,,IMPRESSION,CPM,AMAZON_DSP:STREAMING_TV:UNSPECIFIED:VIDEO:IMPRESSION,USD,47859,0,1340.05,0,0
2026-02-08,US,adv_demo_001,SPONSORED_BRANDS,COMPONENT,IMAGE,,TOP_OF_SEARCH,IMPRESSION,CPM,SPONSORED_BRANDS:COMPONENT:TOP_OF_SEARCH:IMAGE:IMPRESSION,USD,20400,0,0,0,0
2026-02-08,US,adv_demo_001,SPONSORED_BRANDS,COMPONENT,IMAGE,,TOP_OF_SEARCH,CLICK,CPC,SPONSORED_BRANDS:COMPONENT:TOP_OF_SEARCH:IMAGE:CLICK,USD,0,153,183.6,8,629.76
2026-02-08,US,adv_demo_001,SPONSORED_BRANDS,DISPLAY,IMAGE,,REST_OF_SEARCH,IMPRESSION,CPM,SPONSORED_BRANDS:DISPLAY:REST_OF_SEARCH:IMAGE:IMPRESSION,USD,23941,0,0,0,0
2026-02-08,US,adv_demo_001,SPONSORED_BRANDS,VIDEO,VIDEO,,TOP_OF_SEARCH,IMPRESSION,CPM,SPONSORED_BRANDS:VIDEO:TOP_OF_SEARCH:VIDEO:IMPRESSION,USD,19482,0,0,0,0
2026-02-08,US,adv_demo_001,SPONSORED_BRANDS,VIDEO,VIDEO,,TOP_OF_SEARCH,CLICK,CPC,SPONSORED_BRANDS:VIDEO:TOP_OF_SEARCH:VIDEO:CLICK,USD,0,133,183.54,6,535.08
2026-02-08,US,adv_demo_001,SPONSORED_DISPLAY,DISPLAY,IMAGE,,PRODUCT_PAGE,IMPRESSION,CPM,SPONSORED_DISPLAY:DISPLAY:PRODUCT_PAGE:IMAGE:IMPRESSION,USD,28023,0,0,0,0
2026-02-08,US,adv_demo_001,SPONSORED_DISPLAY,DISPLAY,IMAGE,,PRODUCT_PAGE,CLICK,CPC,SPONSORED_DISPLAY:DISPLAY:PRODUCT_PAGE:IMAGE:CLICK,USD,0,158,145.36,7,526.68
2026-02-08,US,adv_demo_001,SPONSORED_DISPLAY,DISPLAY,VIDEO,,PRODUCT_PAGE,IMPRESSION,CPM,SPONSORED_DISPLAY:DISPLAY:PRODUCT_PAGE:VIDEO:IMPRESSION,USD,23564,0,0,0,0
2026-02-08,US,adv_demo_001,SPONSORED_DISPLAY,VIDEO,VIDEO,,PRODUCT_PAGE,CLICK,CPC,SPONSORED_DISPLAY:VIDEO:PRODUCT_PAGE:VIDEO:CLICK,USD,0,151,178.18,7,622.16
2026-02-08,US,adv_demo_001,SPONSORED_PRODUCTS,PRODUCT_AD,,,PRODUCT_PAGE,CLICK,CPC,SPONSORED_PRODUCTS:PRODUCT_AD:PRODUCT_PAGE:UNSPECIFIED:CLICK,USD,0,406,357.28,30,2080.8
2026-02-08,US,adv_demo_001,SPONSORED_PRODUCTS,PRODUCT_AD,,,REST_OF_SEARCH,CLICK,CPC,SPONSORED_PRODUCTS:PRODUCT_AD:REST_OF_SEARCH:UNSPECIFIED:CLICK,USD,0,401,328.82,28,1874.6
2026-02-08,US,adv_demo_001,SPONSORED_PRODUCTS,PRODUCT_AD,,,TOP_OF_SEARCH,IMPRESSION,CPM,SPONSORED_PRODUCTS:PRODUCT_AD:TOP_OF_SEARCH:UNSPECIFIED:IMPRESSION,USD,46728,0,0,0,0
2026-02-08,US,adv_demo_001,SPONSORED_PRODUCTS,PRODUCT_AD,,,TOP_OF_SEARCH,CLICK,CPC,SPONSORED_PRODUCTS:PRODUCT_AD:TOP_OF_SEARCH:UNSPECIFIED:CLICK,USD,0,572,583.44,47,3519.36
2026-02-09,US,adv_demo_001,AMAZON_DSP,,,AUDIO,,IMPRESSION,CPM,AMAZON_DSP:AUDIO:UNSPECIFIED:UNSPECIFIED:IMPRESSION,USD,43213,0,777.83,0,0
2026-02-09,US,adv_demo_001,AMAZON_DSP,,IMAGE,DISPLAY,,IMPRESSION,CPM,AMAZON_DSP:DISPLAY:UNSPECIFIED:IMAGE:IMPRESSION,USD,52754,0,659.42,0,0
2026-02-09,US,adv_demo_001,AMAZON_DSP,,VIDEO,ONLINE_VIDEO,,IMPRESSION,CPM,AMAZON_DSP:ONLINE_VIDEO:UNSPECIFIED:VIDEO:IMPRESSION,USD,40295,0,805.9,0,0
2026-02-09,US,adv_demo_001,AMAZON_DSP,,VIDEO,STREAMING_TV,,IMPRESSION,CPM,AMAZON_DSP:STREAMING_TV:UNSPECIFIED:VIDEO:IMPRESSION,USD,48836,0,1367.41,0,0
2026-02-09,US,adv_demo_001,SPONSORED_BRANDS,COMPONENT,IMAGE,,TOP_OF_SEARCH,IMPRESSION,CPM,SPONSORED_BRANDS:COMPONENT:TOP_OF_SEARCH:IMAGE:IMPRESSION,USD,21377,0,0,0,0
2026-02-09,US,adv_demo_001,SPONSORED_BRANDS,COMPONENT,IMAGE,,TOP_OF_SEARCH,CLICK,CPC,SPONSORED_BRANDS:COMPONENT:TOP_OF_SEARCH:IMAGE:CLICK,USD,0,162,194.4,8,649.44
2026-02-09,US,adv_demo_001,SPONSORED_BRANDS,DISPLAY,IMAGE,,REST_OF_SEARCH,IMPRESSION,CPM,SPONSORED_BRANDS:DISPLAY:REST_OF_SEARCH:IMAGE:IMPRESSION,USD,24918,0,0,0,0
2026-02-09,US,adv_demo_001,SPONSORED_BRANDS,VIDEO,VIDEO,,TOP_OF_SEARCH,IMPRESSION,CPM,SPONSORED_BRANDS:VIDEO:TOP_OF_SEARCH:VIDEO:IMPRESSION,USD,20459,0,0,0,0
2026-02-09,US,adv_demo_001,SPONSORED_BRANDS,VIDEO,VIDEO,,TOP_OF_SEARCH,CLICK,CPC,SPONSORED_BRANDS:VIDEO:TOP_OF_SEARCH:VIDEO:CLICK,USD,0,141,194.58,7,643.37
2026-02-09,US,adv_demo_001,SPONSORED_DISPLAY,DISPLAY,IMAGE,,PRODUCT_PAGE,IMPRESSION,CPM,SPONSORED_DISPLAY:DISPLAY:PRODUCT_PAGE:IMAGE:IMPRESSION,USD,29000,0,0,0,0
2026-02-09,US,adv_demo_001,SPONSORED_DISPLAY,DISPLAY,IMAGE,,PRODUCT_PAGE,CLICK,CPC,SPONSORED_DISPLAY:DISPLAY:PRODUCT_PAGE:IMAGE:CLICK,USD,0,165,151.8,7,542.64
2026-02-09,US,adv_demo_001,SPONSORED_DISPLAY,DISPLAY,VIDEO,,PRODUCT_PAGE,IMPRESSION,CPM,SPONSORED_DISPLAY:DISPLAY:PRODUCT_PAGE:VIDEO:IMPRESSION,USD,24541,0,0,0,0
2026-02-09,US,adv_demo_001,SPONSORED_DISPLAY,VIDEO,VIDEO,,PRODUCT_PAGE,CLICK,CPC,SPONSORED_DISPLAY:VIDEO:PRODUCT_PAGE:VIDEO:CLICK,USD,0,159,187.62,8,732.16
2026-02-09,US,adv_demo_001,SPONSORED_PRODUCTS,PRODUCT_AD,,,PRODUCT_PAGE,CLICK,CPC,SPONSORED_PRODUCTS:PRODUCT_AD:PRODUCT_PAGE:UNSPECIFIED:CLICK,USD,0,420,369.6,32,2284.8
2026-02-09,US,adv_demo_001,SPONSORED_PRODUCTS,PRODUCT_AD,,,REST_OF_SEARCH,CLICK,CPC,SPONSORED_PRODUCTS:PRODUCT_AD:REST_OF_SEARCH:UNSPECIFIED:CLICK,USD,0,349,286.18,25,1560.0
2026-02-09,US,adv_demo_001,SPONSORED_PRODUCTS,PRODUCT_AD,,,TOP_OF_SEARCH,IMPRESSION,CPM,SPONSORED_PRODUCTS:PRODUCT_AD:TOP_OF_SEARCH:UNSPECIFIED:IMPRESSION,USD,40905,0,0,0,0
2026-02-09,US,adv_demo_001,SPONSORED_PRODUCTS,PRODUCT_AD,,,TOP_OF_SEARCH,CLICK,CPC,SPONSORED_PRODUCTS:PRODUCT_AD:TOP_OF_SEARCH:UNSPECIFIED:CLICK,USD,0,461,470.22,35,2444.4
2026-02-10,US,adv_demo_001,AMAZON_DSP,,,AUDIO,,IMPRESSION,CPM,AMAZON_DSP:AUDIO:UNSPECIFIED:UNSPECIFIED:IMPRESSION,USD,44190,0,795.42,0,0
2026-02-10,US,adv_demo_001,AMAZON_DSP,,IMAGE,DISPLAY,,IMPRESSION,CPM,AMAZON_DSP:DISPLAY:UNSPECIFIED:IMAGE:IMPRESSION,USD,53731,0,671.64,0,0
2026-02-10,US,adv_demo_001,AMAZON_DSP,,VIDEO,ONLINE_VIDEO,,IMPRESSION,CPM,AMAZON_DSP:ONLINE_VIDEO:UNSPECIFIED:VIDEO:IMPRESSION,USD,41272,0,825.44,0,0
2026-02-10,US,adv_demo_001,AMAZON_DSP,,VIDEO,STREAMING_TV,,IMPRESSION,CPM,AMAZON_DSP:STREAMING_TV:UNSPECIFIED:VIDEO:IMPRESSION,USD,49813,0,1394.76,0,0
2026-02-10,US,adv_demo_001,SPONSORED_BRANDS,COMPONENT,IMAGE,,TOP_OF_SEARCH,IMPRESSION,CPM,SPONSORED_BRANDS:COMPONENT:TOP_OF_SEARCH:IMAGE:IMPRESSION,USD,22354,0,0,0,0
2026-02-10,US,adv_demo_001,SPONSORED_BRANDS,COMPONENT,IMAGE,,TOP_OF_SEARCH,CLICK,CPC,SPONSORED_BRANDS:COMPONENT:TOP_OF_SEARCH:IMAGE:CLICK,USD,0,172,206.4,9,752.76
2026-02-10,US,adv_demo_001,SPONSORED_BRANDS,DISPLAY,IMAGE,,REST_OF_SEARCH,IMPRESSION,CPM,SPONSORED_BRANDS:DISPLAY:REST_OF_SEARCH:IMAGE:IMPRESSION,USD,25895,0,0,0,0
2026-02-10,US,adv_demo_001,SPONSORED_BRANDS,VIDEO,VIDEO,,TOP_OF_SEARCH,IMPRESSION,CPM,SPONSORED_BRANDS:VIDEO:TOP_OF_SEARCH:VIDEO:IMPRESSION,USD,21436,0,0,0,0
2026-02-10,US,adv_demo_001,SPONSORED_BRANDS,VIDEO,VIDEO,,TOP_OF_SEARCH,CLICK,CPC,SPONSORED_BRANDS:VIDEO:TOP_OF_SEARCH:VIDEO:CLICK,USD,0,149,205.62,7,662.48
2026-02-10,US,adv_demo_001,SPONSORED_DISPLAY,DISPLAY,IMAGE,,PRODUCT_PAGE,IMPRESSION,CPM,SPONSORED_DISPLAY:DISPLAY:PRODUCT_PAGE:IMAGE:IMPRESSION,USD,29977,0,0,0,0
2026-02-10,US,adv_demo_001,SPONSORED_DISPLAY,DISPLAY,IMAGE,,PRODUCT_PAGE,CLICK,CPC,SPONSORED_DISPLAY:DISPLAY:PRODUCT_PAGE:IMAGE:CLICK,USD,0,172,158.24,8,638.4
2026-02-10,US,adv_demo_001,SPONSORED_DISPLAY,DISPLAY,VIDEO,,PRODUCT_PAGE,IMPRESSION,CPM,SPONSORED_DISPLAY:DISPLAY:PRODUCT_PAGE:VIDEO:IMPRESSION,USD,25518,0,0,0,0
2026-02-10,US,adv_demo_001,SPONSORED_DISPLAY,VIDEO,VIDEO,,PRODUCT_PAGE,CLICK,CPC,SPONSORED_DISPLAY:VIDEO:PRODUCT_PAGE:VIDEO:CLICK,USD,0,120,141.6,6,512.16
2026-02-10,US,adv_demo_001,SPONSORED_PRODUCTS,PRODUCT_AD,,,PRODUCT_PAGE,CLICK,CPC,SPONSORED_PRODUCTS:PRODUCT_AD:PRODUCT_PAGE:UNSPECIFIED:CLICK,USD,0,362,318.56,25,1666.0
2026-02-10,US,adv_demo_001,SPONSORED_PRODUCTS,PRODUCT_AD,,,REST_OF_SEARCH,CLICK,CPC,SPONSORED_PRODUCTS:PRODUCT_AD:REST_OF_SEARCH:UNSPECIFIED:CLICK,USD,0,330,270.6,21,1351.35
2026-02-10,US,adv_demo_001,SPONSORED_PRODUCTS,PRODUCT_AD,,,TOP_OF_SEARCH,IMPRESSION,CPM,SPONSORED_PRODUCTS:PRODUCT_AD:TOP_OF_SEARCH:UNSPECIFIED:IMPRESSION,USD,41882,0,0,0,0
2026-02-10,US,adv_demo_001,SPONSORED_PRODUCTS,PRODUCT_AD,,,TOP_OF_SEARCH,CLICK,CPC,SPONSORED_PRODUCTS:PRODUCT_AD:TOP_OF_SEARCH:UNSPECIFIED:CLICK,USD,0,477,486.54,37,2664.0
2026-02-11,US,adv_demo_001,AMAZON_DSP,,,AUDIO,,IMPRESSION,CPM,AMAZON_DSP:AUDIO:UNSPECIFIED:UNSPECIFIED:IMPRESSION,USD,45167,0,813.01,0,0
2026-02-11,US,adv_demo_001,AMAZON_DSP,,IMAGE,DISPLAY,,IMPRESSION,CPM,AMAZON_DSP:DISPLAY:UNSPECIFIED:IMAGE:IMPRESSION,USD,54708,0,683.85,0,0
2026-02-11,US,adv_demo_001,AMAZON_DSP,,VIDEO,ONLINE_VIDEO,,IMPRESSION,CPM,AMAZON_DSP:ONLINE_VIDEO:UNSPECIFIED:VIDEO:IMPRESSION,USD,42249,0,844.98,0,0
2026-02-11,US,adv_demo_001,AMAZON_DSP,,VIDEO,STREAMING_TV,,IMPRESSION,CPM,AMAZON_DSP:STREAMING_TV:UNSPECIFIED:VIDEO:IMPRESSION,USD,50790,0,1422.12,0,0
2026-02-11,US,adv_demo_001,SPONSORED_BRANDS,COMPONENT,IMAGE,,TOP_OF_SEARCH,IMPRESSION,CPM,SPONSORED_BRANDS:COMPONENT:TOP_OF_SEARCH:IMAGE:IMPRESSION,USD,23331,0,0,0,0
2026-02-11,US,adv_demo_001,SPONSORED_BRANDS,COMPONENT,IMAGE,,TOP_OF_SEARCH,CLICK,CPC,SPONSORED_BRANDS:COMPONENT:TOP_OF_SEARCH:IMAGE:CLICK,USD,0,181,217.2,10,861.0
2026-02-11,US,adv_demo_001,SPONSORED_BRANDS,DISPLAY,IMAGE,,REST_OF_SEARCH,IMPRESSION,CPM,SPONSORED_BRANDS:DISPLAY:REST_OF_SEARCH:IMAGE:IMPRESSION,USD,26872,0,0,0,0
2026-02-11,US,adv_demo_001,SPONSORED_BRANDS,VIDEO,VIDEO,,TOP_OF_SEARCH,IMPRESSION,CPM,SPONSORED_BRANDS:VIDEO:TOP_OF_SEARCH:VIDEO:IMPRESSION,USD,22413,0,0,0,0
2026-02-11,US,adv_demo_001,SPONSORED_BRANDS,VIDEO,VIDEO,,TOP_OF_SEARCH,CLICK,CPC,SPONSORED_BRANDS:VIDEO:TOP_OF_SEARCH:VIDEO:CLICK,USD,0,158,218.04,8,706.16
2026-02-11,US,adv_demo_001,SPONSORED_DISPLAY,DISPLAY,IMAGE,,PRODUCT_PAGE,IMPRESSION,CPM,SPONSORED_DISPLAY:DISPLAY:PRODUCT_PAGE:IMAGE:IMPRESSION,USD,24154,0,0,0,0
2026-02-11,US,adv_demo_001,SPONSORED_DISPLAY,DISPLAY,IMAGE,,PRODUCT_PAGE,CLICK,CPC,SPONSORED_DISPLAY:DISPLAY:PRODUCT_PAGE:IMAGE:CLICK,USD,0,140,128.8,6,446.88
2026-02-11,US,adv_demo_001,SPONSORED_DISPLAY,DISPLAY,VIDEO,,PRODUCT_PAGE,IMPRESSION,CPM,SPONSORED_DISPLAY:DISPLAY:PRODUCT_PAGE:VIDEO:IMPRESSION,USD,19695,0,0,0,0
2026-02-11,US,adv_demo_001,SPONSORED_DISPLAY,VIDEO,VIDEO,,PRODUCT_PAGE,CLICK,CPC,SPONSORED_DISPLAY:VIDEO:PRODUCT_PAGE:VIDEO:CLICK,USD,0,128,151.04,6,528.0
2026-02-11,US,adv_demo_001,SPONSORED_PRODUCTS,PRODUCT_AD,,,PRODUCT_PAGE,CLICK,CPC,SPONSORED_PRODUCTS:PRODUCT_AD:PRODUCT_PAGE:UNSPECIFIED:CLICK,USD,0,343,301.84,24,1648.32
2026-02-11,US,adv_demo_001,SPONSORED_PRODUCTS,PRODUCT_AD,,,REST_OF_SEARCH,CLICK,CPC,SPONSORED_PRODUCTS:PRODUCT_AD:REST_OF_SEARCH:UNSPECIFIED:CLICK,USD,0,342,280.44,22,1458.6
2026-02-11,US,adv_demo_001,SPONSORED_PRODUCTS,PRODUCT_AD,,,TOP_OF_SEARCH,IMPRESSION,CPM,SPONSORED_PRODUCTS:PRODUCT_AD:TOP_OF_SEARCH:UNSPECIFIED:IMPRESSION,USD,42859,0,0,0,0
2026-02-11,US,adv_demo_001,SPONSORED_PRODUCTS,PRODUCT_AD,,,TOP_OF_SEARCH,CLICK,CPC,SPONSORED_PRODUCTS:PRODUCT_AD:TOP_OF_SEARCH:UNSPECIFIED:CLICK,USD,0,494,503.88,39,2892.24
2026-02-12,US,adv_demo_001,AMAZON_DSP,,,AUDIO,,IMPRESSION,CPM,AMAZON_DSP:AUDIO:UNSPECIFIED:UNSPECIFIED:IMPRESSION,USD,46144,0,830.59,0,0
2026-02-12,US,adv_demo_001,AMAZON_DSP,,IMAGE,DISPLAY,,IMPRESSION,CPM,AMAZON_DSP:DISPLAY:UNSPECIFIED:IMAGE:IMPRESSION,USD,55685,0,696.06,0,0
2026-02-12,US,adv_demo_001,AMAZON_DSP,,VIDEO,ONLINE_VIDEO,,IMPRESSION,CPM,AMAZON_DSP:ONLINE_VIDEO:UNSPECIFIED:VIDEO:IMPRESSION,USD,43226,0,864.52,0,0
2026-02-12,US,adv_demo_001,AMAZON_DSP,,VIDEO,STREAMING_TV,,IMPRESSION,CPM,AMAZON_DSP:STREAMING_TV:UNSPECIFIED:VIDEO:IMPRESSION,USD,51767,0,1449.48,0,0
2026-02-12,US,adv_demo_001,SPONSORED_BRANDS,COMPONENT,IMAGE,,TOP_OF_SEARCH,IMPRESSION,CPM,SPONSORED_BRANDS:COMPONENT:TOP_OF_SEARCH:IMAGE:IMPRESSION,USD,24308,0,0,0,0
2026-02-12,US,adv_demo_001,SPONSORED_BRANDS,COMPONENT,IMAGE,,TOP_OF_SEARCH,CLICK,CPC,SPONSORED_BRANDS:COMPONENT:TOP_OF_SEARCH:IMAGE:CLICK,USD,0,191,229.2,11,883.96
2026-02-12,US,adv_demo_001,SPONSORED_BRANDS,DISPLAY,IMAGE,,REST_OF_SEARCH,IMPRESSION,CPM,SPONSORED_BRANDS:DISPLAY:REST_OF_SEARCH:IMAGE:IMPRESSION,USD,21049,0,0,0,0
2026-02-12,US,adv_demo_001,SPONSORED_BRANDS,VIDEO,VIDEO,,TOP_OF_SEARCH,IMPRESSION,CPM,SPONSORED_BRANDS:VIDEO:TOP_OF_SEARCH:VIDEO:IMPRESSION,USD,16590,0,0,0,0
2026-02-12,US,adv_demo_001,SPONSORED_BRANDS,VIDEO,VIDEO,,TOP_OF_SEARCH,CLICK,CPC,SPONSORED_BRANDS:VIDEO:TOP_OF_SEARCH:VIDEO:CLICK,USD,0,118,162.84,5,455.0
2026-02-12,US,adv_demo_001,SPONSORED_DISPLAY,DISPLAY,IMAGE,,PRODUCT_PAGE,IMPRESSION,CPM,SPONSORED_DISPLAY:DISPLAY:PRODUCT_PAGE:IMAGE:IMPRESSION,USD,25131,0,0,0,0
2026-02-12,US,adv_demo_001,SPONSORED_DISPLAY,DISPLAY,IMAGE,,PRODUCT_PAGE,CLICK,CPC,SPONSORED_DISPLAY:DISPLAY:PRODUCT_PAGE:IMAGE:CLICK,USD,0,147,135.24,6,460.56
2026-02-12,US,adv_demo_001,SPONSORED_DISPLAY,DISPLAY,VIDEO,,PRODUCT_PAGE,IMPRESSION,CPM,SPONSORED_DISPLAY:DISPLAY:PRODUCT_PAGE:VIDEO:IMPRESSION,USD,20672,0,0,0,0
2026-02-12,US,adv_demo_001,SPONSORED_DISPLAY,VIDEO,VIDEO,,PRODUCT_PAGE,CLICK,CPC,SPONSORED_DISPLAY:VIDEO:PRODUCT_PAGE:VIDEO:CLICK,USD,0,125,147.5,6,543.84
2026-02-12,US,adv_demo_001,SPONSORED_PRODUCTS,PRODUCT_AD,,,PRODUCT_PAGE,CLICK,CPC,SPONSORED_PRODUCTS:PRODUCT_AD:PRODUCT_PAGE:UNSPECIFIED:CLICK,USD,0,357,314.16,26,1838.72
2026-02-12,US,adv_demo_001,SPONSORED_PRODUCTS,PRODUCT_AD,,,REST_OF_SEARCH,CLICK,CPC,SPONSORED_PRODUCTS:PRODUCT_AD:REST_OF_SEARCH:UNSPECIFIED:CLICK,USD,0,355,291.1,24,1638.0
2026-02-12,US,adv_demo_001,SPONSORED_PRODUCTS,PRODUCT_AD,,,TOP_OF_SEARCH,IMPRESSION,CPM,SPONSORED_PRODUCTS:PRODUCT_AD:TOP_OF_SEARCH:UNSPECIFIED:IMPRESSION,USD,43836,0,0,0,0
2026-02-12,US,adv_demo_001,SPONSORED_PRODUCTS,PRODUCT_AD,,,TOP_OF_SEARCH,CLICK,CPC,SPONSORED_PRODUCTS:PRODUCT_AD:TOP_OF_SEARCH:UNSPECIFIED:CLICK,USD,0,510,520.2,41,2833.92
2026-02-13,US,adv_demo_001,AMAZON_DSP,,,AUDIO,,IMPRESSION,CPM,AMAZON_DSP:AUDIO:UNSPECIFIED:UNSPECIFIED:IMPRESSION,USD,47121,0,848.18,0,0
2026-02-13,US,adv_demo_001,AMAZON_DSP,,IMAGE,DISPLAY,,IMPRESSION,CPM,AMAZON_DSP:DISPLAY:UNSPECIFIED:IMAGE:IMPRESSION,USD,56662,0,708.27,0,0
2026-02-13,US,adv_demo_001,AMAZON_DSP,,VIDEO,ONLINE_VIDEO,,IMPRESSION,CPM,AMAZON_DSP:ONLINE_VIDEO:UNSPECIFIED:VIDEO:IMPRESSION,USD,44203,0,884.06,0,0
2026-02-13,US,adv_demo_001,AMAZON_DSP,,VIDEO,STREAMING_TV,,IMPRESSION,CPM,AMAZON_DSP:STREAMING_TV:UNSPECIFIED:VIDEO:IMPRESSION,USD,52744,0,1476.83,0,0
2026-02-13,US,adv_demo_001,SPONSORED_BRANDS,COMPONENT,IMAGE,,TOP_OF_SEARCH,IMPRESSION,CPM,SPONSORED_BRANDS:COMPONENT:TOP_OF_SEARCH:IMAGE:IMPRESSION,USD,18485,0,0,0,0
2026-02-13,US,adv_demo_001,SPONSORED_BRANDS,COMPONENT,IMAGE,,TOP_OF_SEARCH,CLICK,CPC,SPONSORED_BRANDS:COMPONENT:TOP_OF_SEARCH:IMAGE:CLICK,USD,0,146,175.2,7,579.74
2026-02-13,US,adv_demo_001,SPONSORED_BRANDS,DISPLAY,IMAGE,,REST_OF_SEARCH,IMPRESSION,CPM,SPONSORED_BRANDS:DISPLAY:REST_OF_SEARCH:IMAGE:IMPRESSION,USD,22026,0,0,0,0
2026-02-13,US,adv_demo_001,SPONSORED_BRANDS,VIDEO,VIDEO,,TOP_OF_SEARCH,IMPRESSION,CPM,SPONSORED_BRANDS:VIDEO:TOP_OF_SEARCH:VIDEO:IMPRESSION,USD,17567,0,0,0,0
2026-02-13,US,adv_demo_001,SPONSORED_BRANDS,VIDEO,VIDEO,,TOP_OF_SEARCH,CLICK,CPC,SPONSORED_BRANDS:VIDEO:TOP_OF_SEARCH:VIDEO:CLICK,USD,0,126,173.88,6,562.38
2026-02-13,US,adv_demo_001,SPONSORED_DISPLAY,DISPLAY,IMAGE,,PRODUCT_PAGE,IMPRESSION,CPM,SPONSORED_DISPLAY:DISPLAY:PRODUCT_PAGE:IMAGE:IMPRESSION,USD,26108,0,0,0,0
2026-02-13,US,adv_demo_001,SPONSORED_DISPLAY,DISPLAY,IMAGE,,PRODUCT_PAGE,CLICK,CPC,SPONSORED_DISPLAY:DISPLAY:PRODUCT_PAGE:IMAGE:CLICK,USD,0,154,141.68,7,553.28
2026-02-13,US,adv_demo_001,SPONSORED_DISPLAY,DISPLAY,VIDEO,,PRODUCT_PAGE,IMPRESSION,CPM,SPONSORED_DISPLAY:DISPLAY:PRODUCT_PAGE:VIDEO:IMPRESSION,USD,21649,0,0,0,0
2026-02-13,US,adv_demo_001,SPONSORED_DISPLAY,VIDEO,VIDEO,,PRODUCT_PAGE,CLICK,CPC,SPONSORED_DISPLAY:VIDEO:PRODUCT_PAGE:VIDEO:CLICK,USD,0,132,155.76,6,506.88
2026-02-13,US,adv_demo_001,SPONSORED_PRODUCTS,PRODUCT_AD,,,PRODUCT_PAGE,CLICK,CPC,SPONSORED_PRODUCTS:PRODUCT_AD:PRODUCT_PAGE:UNSPECIFIED:CLICK,USD,0,370,325.6,27,1780.92
2026-02-13,US,adv_demo_001,SPONSORED_PRODUCTS,PRODUCT_AD,,,REST_OF_SEARCH,CLICK,CPC,SPONSORED_PRODUCTS:PRODUCT_AD:REST_OF_SEARCH:UNSPECIFIED:CLICK,USD,0,367,300.94,25,1592.5
2026-02-13,US,adv_demo_001,SPONSORED_PRODUCTS,PRODUCT_AD,,,TOP_OF_SEARCH,IMPRESSION,CPM,SPONSORED_PRODUCTS:PRODUCT_AD:TOP_OF_SEARCH:UNSPECIFIED:IMPRESSION,USD,44813,0,0,0,0
2026-02-13,US,adv_demo_001,SPONSORED_PRODUCTS,PRODUCT_AD,,,TOP_OF_SEARCH,CLICK,CPC,SPONSORED_PRODUCTS:PRODUCT_AD:TOP_OF_SEARCH:UNSPECIFIED:CLICK,USD,0,527,537.54,43,3065.04
2026-02-14,US,adv_demo_001,AMAZON_DSP,,,AUDIO,,IMPRESSION,CPM,AMAZON_DSP:AUDIO:UNSPECIFIED:UNSPECIFIED:IMPRESSION,USD,48098,0,865.76,0,0
2026-02-14,US,adv_demo_001,AMAZON_DSP,,IMAGE,DISPLAY,,IMPRESSION,CPM,AMAZON_DSP:DISPLAY:UNSPECIFIED:IMAGE:IMPRESSION,USD,57639,0,720.49,0,0
2026-02-14,US,adv_demo_001,AMAZON_DSP,,VIDEO,ONLINE_VIDEO,,IMPRESSION,CPM,AMAZON_DSP:ONLINE_VIDEO:UNSPECIFIED:VIDEO:IMPRESSION,USD,38380,0,767.6,0,0
2026-02-14,US,adv_demo_001,AMAZON_DSP,,VIDEO,STREAMING_TV,,IMPRESSION,CPM,AMAZON_DSP:STREAMING_TV:UNSPECIFIED:VIDEO:IMPRESSION,USD,46921,0,1313.79,0,0
2026-02-14,US,adv_demo_001,SPONSORED_BRANDS,COMPONENT,IMAGE,,TOP_OF_SEARCH,IMPRESSION,CPM,SPONSORED_BRANDS:COMPONENT:TOP_OF_SEARCH:IMAGE:IMPRESSION,USD,19462,0,0,0,0
2026-02-14,US,adv_demo_001,SPONSORED_BRANDS,COMPONENT,IMAGE,,TOP_OF_SEARCH,CLICK,CPC,SPONSORED_BRANDS:COMPONENT:TOP_OF_SEARCH:IMAGE:CLICK,USD,0,156,187.2,8,682.24
2026-02-14,US,adv_demo_001,SPONSORED_BRANDS,DISPLAY,IMAGE,,REST_OF_SEARCH,IMPRESSION,CPM,SPONSORED_BRANDS:DISPLAY:REST_OF_SEARCH:IMAGE:IMPRESSION,USD,23003,0,0,0,0
2026-02-14,US,adv_demo_001,SPONSORED_BRANDS,VIDEO,VIDEO,,TOP_OF_SEARCH,IMPRESSION,CPM,SPONSORED_BRANDS:VIDEO:TOP_OF_SEARCH:VIDEO:IMPRESSION,USD,18544,0,0,0,0
2026-02-14,US,adv_demo_001,SPONSORED_BRANDS,VIDEO,VIDEO,,TOP_OF_SEARCH,CLICK,CPC,SPONSORED_BRANDS:VIDEO:TOP_OF_SEARCH:VIDEO:CLICK,USD,0,134,184.92,6,524.16
2026-02-14,US,adv_demo_001,SPONSORED_DISPLAY,DISPLAY,IMAGE,,PRODUCT_PAGE,IMPRESSION,CPM,SPONSORED_DISPLAY:DISPLAY:PRODUCT_PAGE:IMAGE:IMPRESSION,USD,27085,0,0,0,0
2026-02-14,US,adv_demo_001,SPONSORED_DISPLAY,DISPLAY,IMAGE,,PRODUCT_PAGE,CLICK,CPC,SPONSORED_DISPLAY:DISPLAY:PRODUCT_PAGE:IMAGE:CLICK,USD,0,148,136.16,6,442.32
2026-02-14,US,adv_demo_001,SPONSORED_DISPLAY,DISPLAY,VIDEO,,PRODUCT_PAGE,IMPRESSION,CPM,SPONSORED_DISPLAY:DISPLAY:PRODUCT_PAGE:VIDEO:IMPRESSION,USD,22626,0,0,0,0
2026-02-14,US,adv_demo_001,SPONSORED_DISPLAY,VIDEO,VIDEO,,PRODUCT_PAGE,CLICK,CPC,SPONSORED_DISPLAY:VIDEO:PRODUCT_PAGE:VIDEO:CLICK,USD,0,140,165.2,7,609.84
2026-02-14,US,adv_demo_001,SPONSORED_PRODUCTS,PRODUCT_AD,,,PRODUCT_PAGE,CLICK,CPC,SPONSORED_PRODUCTS:PRODUCT_AD:PRODUCT_PAGE:UNSPECIFIED:CLICK,USD,0,384,337.92,29,1972.0
2026-02-14,US,adv_demo_001,SPONSORED_PRODUCTS,PRODUCT_AD,,,REST_OF_SEARCH,CLICK,CPC,SPONSORED_PRODUCTS:PRODUCT_AD:REST_OF_SEARCH:UNSPECIFIED:CLICK,USD,0,380,311.6,26,1706.9
2026-02-14,US,adv_demo_001,SPONSORED_PRODUCTS,PRODUCT_AD,,,TOP_OF_SEARCH,IMPRESSION,CPM,SPONSORED_PRODUCTS:PRODUCT_AD:TOP_OF_SEARCH:UNSPECIFIED:IMPRESSION,USD,45790,0,0,0,0
2026-02-14,US,adv_demo_001,SPONSORED_PRODUCTS,PRODUCT_AD,,,TOP_OF_SEARCH,CLICK,CPC,SPONSORED_PRODUCTS:PRODUCT_AD:TOP_OF_SEARCH:UNSPECIFIED:CLICK,USD,0,544,554.88,46,3378.24
2026-02-15,US,adv_demo_001,AMAZON_DSP,,,AUDIO,,IMPRESSION,CPM,AMAZON_DSP:AUDIO:UNSPECIFIED:UNSPECIFIED:IMPRESSION,USD,42275,0,760.95,0,0
2026-02-15,US,adv_demo_001,AMAZON_DSP,,IMAGE,DISPLAY,,IMPRESSION,CPM,AMAZON_DSP:DISPLAY:UNSPECIFIED:IMAGE:IMPRESSION,USD,51816,0,647.7,0,0
2026-02-15,US,adv_demo_001,AMAZON_DSP,,VIDEO,ONLINE_VIDEO,,IMPRESSION,CPM,AMAZON_DSP:ONLINE_VIDEO:UNSPECIFIED:VIDEO:IMPRESSION,USD,39357,0,787.14,0,0
2026-02-15,US,adv_demo_001,AMAZON_DSP,,VIDEO,STREAMING_TV,,IMPRESSION,CPM,AMAZON_DSP:STREAMING_TV:UNSPECIFIED:VIDEO:IMPRESSION,USD,47898,0,1341.14,0,0
2026-02-15,US,adv_demo_001,SPONSORED_BRANDS,COMPONENT,IMAGE,,TOP_OF_SEARCH,IMPRESSION,CPM,SPONSORED_BRANDS:COMPONENT:TOP_OF_SEARCH:IMAGE:IMPRESSION,USD,20439,0,0,0,0
2026-02-15,US,adv_demo_001,SPONSORED_BRANDS,COMPONENT,IMAGE,,TOP_OF_SEARCH,CLICK,CPC,SPONSORED_BRANDS:COMPONENT:TOP_OF_SEARCH:IMAGE:CLICK,USD,0,165,198.0,9,715.86
2026-02-15,US,adv_demo_001,SPONSORED_BRANDS,DISPLAY,IMAGE,,REST_OF_SEARCH,IMPRESSION,CPM,SPONSORED_BRANDS:DISPLAY:REST_OF_SEARCH:IMAGE:IMPRESSION,USD,23980,0,0,0,0
2026-02-15,US,adv_demo_001,SPONSORED_BRANDS,VIDEO,VIDEO,,TOP_OF_SEARCH,IMPRESSION,CPM,SPONSORED_BRANDS:VIDEO:TOP_OF_SEARCH:VIDEO:IMPRESSION,USD,19521,0,0,0,0
2026-02-15,US,adv_demo_001,SPONSORED_BRANDS,VIDEO,VIDEO,,TOP_OF_SEARCH,CLICK,CPC,SPONSORED_BRANDS:VIDEO:TOP_OF_SEARCH:VIDEO:CLICK,USD,0,130,179.4,6,540.54
2026-02-15,US,adv_demo_001,SPONSORED_DISPLAY,DISPLAY,IMAGE,,PRODUCT_PAGE,IMPRESSION,CPM,SPONSORED_DISPLAY:DISPLAY:PRODUCT_PAGE:IMAGE:IMPRESSION,USD,28062,0,0,0,0
2026-02-15,US,adv_demo_001,SPONSORED_DISPLAY,DISPLAY,IMAGE,,PRODUCT_PAGE,CLICK,CPC,SPONSORED_DISPLAY:DISPLAY:PRODUCT_PAGE:IMAGE:CLICK,USD,0,155,142.6,7,532.0
2026-02-15,US,adv_demo_001,SPONSORED_DISPLAY,DISPLAY,VIDEO,,PRODUCT_PAGE,IMPRESSION,CPM,SPONSORED_DISPLAY:DISPLAY:PRODUCT_PAGE:VIDEO:IMPRESSION,USD,23603,0,0,0,0
2026-02-15,US,adv_demo_001,SPONSORED_DISPLAY,VIDEO,VIDEO,,PRODUCT_PAGE,CLICK,CPC,SPONSORED_DISPLAY:VIDEO:PRODUCT_PAGE:VIDEO:CLICK,USD,0,148,174.64,7,628.32
2026-02-15,US,adv_demo_001,SPONSORED_PRODUCTS,PRODUCT_AD,,,PRODUCT_PAGE,CLICK,CPC,SPONSORED_PRODUCTS:PRODUCT_AD:PRODUCT_PAGE:UNSPECIFIED:CLICK,USD,0,398,350.24,30,2101.2
2026-02-15,US,adv_demo_001,SPONSORED_PRODUCTS,PRODUCT_AD,,,REST_OF_SEARCH,CLICK,CPC,SPONSORED_PRODUCTS:PRODUCT_AD:REST_OF_SEARCH:UNSPECIFIED:CLICK,USD,0,393,322.26,25,1690.0
2026-02-15,US,adv_demo_001,SPONSORED_PRODUCTS,PRODUCT_AD,,,TOP_OF_SEARCH,IMPRESSION,CPM,SPONSORED_PRODUCTS:PRODUCT_AD:TOP_OF_SEARCH:UNSPECIFIED:IMPRESSION,USD,46767,0,0,0,0
2026-02-15,US,adv_demo_001,SPONSORED_PRODUCTS,PRODUCT_AD,,,TOP_OF_SEARCH,CLICK,CPC,SPONSORED_PRODUCTS:PRODUCT_AD:TOP_OF_SEARCH:UNSPECIFIED:CLICK,USD,0,561,572.22,43,3250.8
2026-02-16,US,adv_demo_001,AMAZON_DSP,,,AUDIO,,IMPRESSION,CPM,AMAZON_DSP:AUDIO:UNSPECIFIED:UNSPECIFIED:IMPRESSION,USD,43252,0,778.54,0,0
2026-02-16,US,adv_demo_001,AMAZON_DSP,,IMAGE,DISPLAY,,IMPRESSION,CPM,AMAZON_DSP:DISPLAY:UNSPECIFIED:IMAGE:IMPRESSION,USD,52793,0,659.91,0,0
2026-02-16,US,adv_demo_001,AMAZON_DSP,,VIDEO,ONLINE_VIDEO,,IMPRESSION,CPM,AMAZON_DSP:ONLINE_VIDEO:UNSPECIFIED:VIDEO:IMPRESSION,USD,40334,0,806.68,0,0
2026-02-16,US,adv_demo_001,AMAZON_DSP,,VIDEO,STREAMING_TV,,IMPRESSION,CPM,AMAZON_DSP:STREAMING_TV:UNSPECIFIED:VIDEO:IMPRESSION,USD,48875,0,1368.5,0,0
2026-02-16,US,adv_demo_001,SPONSORED_BRANDS,COMPONENT,IMAGE,,TOP_OF_SEARCH,IMPRESSION,CPM,SPONSORED_BRANDS:COMPONENT:TOP_OF_SEARCH:IMAGE:IMPRESSION,USD,21416,0,0,0,0
2026-02-16,US,adv_demo_001,SPONSORED_BRANDS,COMPONENT,IMAGE,,TOP_OF_SEARCH,CLICK,CPC,SPONSORED_BRANDS:COMPONENT:TOP_OF_SEARCH:IMAGE:CLICK,USD,0,175,210.0,9,738.0
2026-02-16,US,adv_demo_001,SPONSORED_BRANDS,DISPLAY,IMAGE,,REST_OF_SEARCH,IMPRESSION,CPM,SPONSORED_BRANDS:DISPLAY:REST_OF_SEARCH:IMAGE:IMPRESSION,USD,24957,0,0,0,0
2026-02-16,US,adv_demo_001,SPONSORED_BRANDS,VIDEO,VIDEO,,TOP_OF_SEARCH,IMPRESSION,CPM,SPONSORED_BRANDS:VIDEO:TOP_OF_SEARCH:VIDEO:IMPRESSION,USD,20498,0,0,0,0
2026-02-16,US,adv_demo_001,SPONSORED_BRANDS,VIDEO,VIDEO,,TOP_OF_SEARCH,CLICK,CPC,SPONSORED_BRANDS:VIDEO:TOP_OF_SEARCH:VIDEO:CLICK,USD,0,138,190.44,7,649.74
2026-02-16,US,adv_demo_001,SPONSORED_DISPLAY,DISPLAY,IMAGE,,PRODUCT_PAGE,IMPRESSION,CPM,SPONSORED_DISPLAY:DISPLAY:PRODUCT_PAGE:IMAGE:IMPRESSION,USD,29039,0,0,0,0
2026-02-16,US,adv_demo_001,SPONSORED_DISPLAY,DISPLAY,IMAGE,,PRODUCT_PAGE,CLICK,CPC,SPONSORED_DISPLAY:DISPLAY:PRODUCT_PAGE:IMAGE:CLICK,USD,0,162,149.04,7,547.96
2026-02-16,US,adv_demo_001,SPONSORED_DISPLAY,DISPLAY,VIDEO,,PRODUCT_PAGE,IMPRESSION,CPM,SPONSORED_DISPLAY:DISPLAY:PRODUCT_PAGE:VIDEO:IMPRESSION,USD,24580,0,0,0,0
2026-02-16,US,adv_demo_001,SPONSORED_DISPLAY,VIDEO,VIDEO,,PRODUCT_PAGE,CLICK,CPC,SPONSORED_DISPLAY:VIDEO:PRODUCT_PAGE:VIDEO:CLICK,USD,0,156,184.08,7,646.8
2026-02-16,US,adv_demo_001,SPONSORED_PRODUCTS,PRODUCT_AD,,,PRODUCT_PAGE,CLICK,CPC,SPONSORED_PRODUCTS:PRODUCT_AD:PRODUCT_PAGE:UNSPECIFIED:CLICK,USD,0,412,362.56,29,1893.12
2026-02-16,US,adv_demo_001,SPONSORED_PRODUCTS,PRODUCT_AD,,,REST_OF_SEARCH,CLICK,CPC,SPONSORED_PRODUCTS:PRODUCT_AD:REST_OF_SEARCH:UNSPECIFIED:CLICK,USD,0,342,280.44,22,1387.1
2026-02-16,US,adv_demo_001,SPONSORED_PRODUCTS,PRODUCT_AD,,,TOP_OF_SEARCH,IMPRESSION,CPM,SPONSORED_PRODUCTS:PRODUCT_AD:TOP_OF_SEARCH:UNSPECIFIED:IMPRESSION,USD,40944,0,0,0,0
2026-02-16,US,adv_demo_001,SPONSORED_PRODUCTS,PRODUCT_AD,,,TOP_OF_SEARCH,CLICK,CPC,SPONSORED_PRODUCTS:PRODUCT_AD:TOP_OF_SEARCH:UNSPECIFIED:CLICK,USD,0,496,505.92,39,2751.84
2026-02-17,US,adv_demo_001,AMAZON_DSP,,,AUDIO,,IMPRESSION,CPM,AMAZON_DSP:AUDIO:UNSPECIFIED:UNSPECIFIED:IMPRESSION,USD,44229,0,796.12,0,0
2026-02-17,US,adv_demo_001,AMAZON_DSP,,IMAGE,DISPLAY,,IMPRESSION,CPM,AMAZON_DSP:DISPLAY:UNSPECIFIED:IMAGE:IMPRESSION,USD,53770,0,672.12,0,0
2026-02-17,US,adv_demo_001,AMAZON_DSP,,VIDEO,ONLINE_VIDEO,,IMPRESSION,CPM,AMAZON_DSP:ONLINE_VIDEO:UNSPECIFIED:VIDEO:IMPRESSION,USD,41311,0,826.22,0,0
2026-02-17,US,adv_demo_001,AMAZON_DSP,,VIDEO,STREAMING_TV,,IMPRESSION,CPM,AMAZON_DSP:STREAMING_TV:UNSPECIFIED:VIDEO:IMPRESSION,USD,49852,0,1395.86,0,0
2026-02-17,US,adv_demo_001,SPONSORED_BRANDS,COMPONENT,IMAGE,,TOP_OF_SEARCH,IMPRESSION,CPM,SPONSORED_BRANDS:COMPONENT:TOP_OF_SEARCH:IMAGE:IMPRESSION,USD,22393,0,0,0,0
2026-02-17,US,adv_demo_001,SPONSORED_BRANDS,COMPONENT,IMAGE,,TOP_OF_SEARCH,CLICK,CPC,SPONSORED_BRANDS:COMPONENT:TOP_OF_SEARCH:IMAGE:CLICK,USD,0,168,201.6,9,760.14
2026-02-17,US,adv_demo_001,SPONSORED_BRANDS,DISPLAY,IMAGE,,REST_OF_SEARCH,IMPRESSION,CPM,SPONSORED_BRANDS:DISPLAY:REST_OF_SEARCH:IMAGE:IMPRESSION,USD,25934,0,0,0,0
2026-02-17,US,adv_demo_001,SPONSORED_BRANDS,VIDEO,VIDEO,,TOP_OF_SEARCH,IMPRESSION,CPM,SPONSORED_BRANDS:VIDEO:TOP_OF_SEARCH:VIDEO:IMPRESSION,USD,21475,0,0,0,0
2026-02-17,US,adv_demo_001,SPONSORED_BRANDS,VIDEO,VIDEO,,TOP_OF_SEARCH,CLICK,CPC,SPONSORED_BRANDS:VIDEO:TOP_OF_SEARCH:VIDEO:CLICK,USD,0,146,201.48,7,668.85
2026-02-17,US,adv_demo_001,SPONSORED_DISPLAY,DISPLAY,IMAGE,,PRODUCT_PAGE,IMPRESSION,CPM,SPONSORED_DISPLAY:DISPLAY:PRODUCT_PAGE:IMAGE:IMPRESSION,USD,30016,0,0,0,0
2026-02-17,US,adv_demo_001,SPONSORED_DISPLAY,DISPLAY,IMAGE,,PRODUCT_PAGE,CLICK,CPC,SPONSORED_DISPLAY:DISPLAY:PRODUCT_PAGE:IMAGE:CLICK,USD,0,169,155.48,7,510.72
2026-02-17,US,adv_demo_001,SPONSORED_DISPLAY,DISPLAY,VIDEO,,PRODUCT_PAGE,IMPRESSION,CPM,SPONSORED_DISPLAY:DISPLAY:PRODUCT_PAGE:VIDEO:IMPRESSION,USD,25557,0,0,0,0
2026-02-17,US,adv_demo_001,SPONSORED_DISPLAY,VIDEO,VIDEO,,PRODUCT_PAGE,CLICK,CPC,SPONSORED_DISPLAY:VIDEO:PRODUCT_PAGE:VIDEO:CLICK,USD,0,118,139.24,5,431.2
2026-02-17,US,adv_demo_001,SPONSORED_PRODUCTS,PRODUCT_AD,,,PRODUCT_PAGE,CLICK,CPC,SPONSORED_PRODUCTS:PRODUCT_AD:PRODUCT_PAGE:UNSPECIFIED:CLICK,USD,0,355,312.4,25,1683.0
2026-02-17,US,adv_demo_001,SPONSORED_PRODUCTS,PRODUCT_AD,,,REST_OF_SEARCH,CLICK,CPC,SPONSORED_PRODUCTS:PRODUCT_AD:REST_OF_SEARCH:UNSPECIFIED:CLICK,USD,0,355,291.1,24,1560.0
2026-02-17,US,adv_demo_001,SPONSORED_PRODUCTS,PRODUCT_AD,,,TOP_OF_SEARCH,IMPRESSION,CPM,SPONSORED_PRODUCTS:PRODUCT_AD:TOP_OF_SEARCH:UNSPECIFIED:IMPRESSION,USD,41921,0,0,0,0
2026-02-17,US,adv_demo_001,SPONSORED_PRODUCTS,PRODUCT_AD,,,TOP_OF_SEARCH,CLICK,CPC,SPONSORED_PRODUCTS:PRODUCT_AD:TOP_OF_SEARCH:UNSPECIFIED:CLICK,USD,0,513,523.26,41,2981.52
2026-02-18,US,adv_demo_001,AMAZON_DSP,,,AUDIO,,IMPRESSION,CPM,AMAZON_DSP:AUDIO:UNSPECIFIED:UNSPECIFIED:IMPRESSION,USD,45206,0,813.71,0,0
2026-02-18,US,adv_demo_001,AMAZON_DSP,,IMAGE,DISPLAY,,IMPRESSION,CPM,AMAZON_DSP:DISPLAY:UNSPECIFIED:IMAGE:IMPRESSION,USD,54747,0,684.34,0,0
2026-02-18,US,adv_demo_001,AMAZON_DSP,,VIDEO,ONLINE_VIDEO,,IMPRESSION,CPM,AMAZON_DSP:ONLINE_VIDEO:UNSPECIFIED:VIDEO:IMPRESSION,USD,42288,0,845.76,0,0
2026-02-18,US,adv_demo_001,AMAZON_DSP,,VIDEO,STREAMING_TV,,IMPRESSION,CPM,AMAZON_DSP:STREAMING_TV:UNSPECIFIED:VIDEO:IMPRESSION,USD,50829,0,1423.21,0,0
2026-02-18,US,adv_demo_001,SPONSORED_BRANDS,COMPONENT,IMAGE,,TOP_OF_SEARCH,IMPRESSION,CPM,SPONSORED_BRANDS:COMPONENT:TOP_OF_SEARCH:IMAGE:IMPRESSION,USD,23370,0,0,0,0
2026-02-18,US,adv_demo_001,SPONSORED_BRANDS,COMPONENT,IMAGE,,TOP_OF_SEARCH,CLICK,CPC,SPONSORED_BRANDS:COMPONENT:TOP_OF_SEARCH:IMAGE:CLICK,USD,0,178,213.6,10,787.2
2026-02-18,US,adv_demo_001,SPONSORED_BRANDS,DISPLAY,IMAGE,,REST_OF_SEARCH,IMPRESSION,CPM,SPONSORED_BRANDS:DISPLAY:REST_OF_SEARCH:IMAGE:IMPRESSION,USD,26911,0,0,0,0
2026-02-18,US,adv_demo_001,SPONSORED_BRANDS,VIDEO,VIDEO,,TOP_OF_SEARCH,IMPRESSION,CPM,SPONSORED_BRANDS:VIDEO:TOP_OF_SEARCH:VIDEO:IMPRESSION,USD,22452,0,0,0,0
2026-02-18,US,adv_demo_001,SPONSORED_BRANDS,VIDEO,VIDEO,,TOP_OF_SEARCH,CLICK,CPC,SPONSORED_BRANDS:VIDEO:TOP_OF_SEARCH:VIDEO:CLICK,USD,0,155,213.9,7,624.26
2026-02-18,US,adv_demo_001,SPONSORED_DISPLAY,DISPLAY,IMAGE,,PRODUCT_PAGE,IMPRESSION,CPM,SPONSORED_DISPLAY:DISPLAY:PRODUCT_PAGE:IMAGE:IMPRESSION,USD,24193,0,0,0,0
2026-02-18,US,adv_demo_001,SPONSORED_DISPLAY,DISPLAY,IMAGE,,PRODUCT_PAGE,CLICK,CPC,SPONSORED_DISPLAY:DISPLAY:PRODUCT_PAGE:IMAGE:CLICK,USD,0,138,126.96,6,451.44
2026-02-18,US,adv_demo_001,SPONSORED_DISPLAY,DISPLAY,VIDEO,,PRODUCT_PAGE,IMPRESSION,CPM,SPONSORED_DISPLAY:DISPLAY:PRODUCT_PAGE:VIDEO:IMPRESSION,USD,19734,0,0,0,0
2026-02-18,US,adv_demo_001,SPONSORED_DISPLAY,VIDEO,VIDEO,,PRODUCT_PAGE,CLICK,CPC,SPONSORED_DISPLAY:VIDEO:PRODUCT_PAGE:VIDEO:CLICK,USD,0,126,148.68,6,533.28
2026-02-18,US,adv_demo_001,SPONSORED_PRODUCTS,PRODUCT_AD,,,PRODUCT_PAGE,CLICK,CPC,SPONSORED_PRODUCTS:PRODUCT_AD:PRODUCT_PAGE:UNSPECIFIED:CLICK,USD,0,369,324.72,27,1872.72
2026-02-18,US,adv_demo_001,SPONSORED_PRODUCTS,PRODUCT_AD,,,REST_OF_SEARCH,CLICK,CPC,SPONSORED_PRODUCTS:PRODUCT_AD:REST_OF_SEARCH:UNSPECIFIED:CLICK,USD,0,368,301.76,25,1673.75
2026-02-18,US,adv_demo_001,SPONSORED_PRODUCTS,PRODUCT_AD,,,TOP_OF_SEARCH,IMPRESSION,CPM,SPONSORED_PRODUCTS:PRODUCT_AD:TOP_OF_SEARCH:UNSPECIFIED:IMPRESSION,USD,42898,0,0,0,0
2026-02-18,US,adv_demo_001,SPONSORED_PRODUCTS,PRODUCT_AD,,,TOP_OF_SEARCH,CLICK,CPC,SPONSORED_PRODUCTS:PRODUCT_AD:TOP_OF_SEARCH:UNSPECIFIED:CLICK,USD,0,484,493.68,39,2920.32
2026-02-19,US,adv_demo_001,AMAZON_DSP,,,AUDIO,,IMPRESSION,CPM,AMAZON_DSP:AUDIO:UNSPECIFIED:UNSPECIFIED:IMPRESSION,USD,46183,0,831.29,0,0
2026-02-19,US,adv_demo_001,AMAZON_DSP,,IMAGE,DISPLAY,,IMPRESSION,CPM,AMAZON_DSP:DISPLAY:UNSPECIFIED:IMAGE:IMPRESSION,USD,55724,0,696.55,0,0
2026-02-19,US,adv_demo_001,AMAZON_DSP,,VIDEO,ONLINE_VIDEO,,IMPRESSION,CPM,AMAZON_DSP:ONLINE_VIDEO:UNSPECIFIED:VIDEO:IMPRESSION,USD,43265,0,865.3,0,0
2026-02-19,US,adv_demo_001,AMAZON_DSP,,VIDEO,STREAMING_TV,,IMPRESSION,CPM,AMAZON_DSP:STREAMING_TV:UNSPECIFIED:VIDEO:IMPRESSION,USD,51806,0,1450.57,0,0
2026-02-19,US,adv_demo_001,SPONSORED_BRANDS,COMPONENT,IMAGE,,TOP_OF_SEARCH,IMPRESSION,CPM,SPONSORED_BRANDS:COMPONENT:TOP_OF_SEARCH:IMAGE:IMPRESSION,USD,24347,0,0,0,0
2026-02-19,US,adv_demo_001,SPONSORED_BRANDS,COMPONENT,IMAGE,,TOP_OF_SEARCH,CLICK,CPC,SPONSORED_BRANDS:COMPONENT:TOP_OF_SEARCH:IMAGE:CLICK,USD,0,187,224.4,10,811.8
2026-02-19,US,adv_demo_001,SPONSORED_BRANDS,DISPLAY,IMAGE,,REST_OF_SEARCH,IMPRESSION,CPM,SPONSORED_BRANDS:DISPLAY:REST_OF_SEARCH:IMAGE:IMPRESSION,USD,21088,0,0,0,0
2026-02-19,US,adv_demo_001,SPONSORED_BRANDS,VIDEO,VIDEO,,TOP_OF_SEARCH,IMPRESSION,CPM,SPONSORED_BRANDS:VIDEO:TOP_OF_SEARCH:VIDEO:IMPRESSION,USD,16629,0,0,0,0
2026-02-19,US,adv_demo_001,SPONSORED_BRANDS,VIDEO,VIDEO,,TOP_OF_SEARCH,CLICK,CPC,SPONSORED_BRANDS:VIDEO:TOP_OF_SEARCH:VIDEO:CLICK,USD,0,116,160.08,6,551.46
2026-02-19,US,adv_demo_001,SPONSORED_DISPLAY,DISPLAY,IMAGE,,PRODUCT_PAGE,IMPRESSION,CPM,SPONSORED_DISPLAY:DISPLAY:PRODUCT_PAGE:IMAGE:IMPRESSION,USD,25170,0,0,0,0
2026-02-19,US,adv_demo_001,SPONSORED_DISPLAY,DISPLAY,IMAGE,,PRODUCT_PAGE,CLICK,CPC,SPONSORED_DISPLAY:DISPLAY:PRODUCT_PAGE:IMAGE:CLICK,USD,0,145,133.4,6,465.12
2026-02-19,US,adv_demo_001,SPONSORED_DISPLAY,DISPLAY,VIDEO,,PRODUCT_PAGE,IMPRESSION,CPM,SPONSORED_DISPLAY:DISPLAY:PRODUCT_PAGE:VIDEO:IMPRESSION,USD,20711,0,0,0,0
2026-02-19,US,adv_demo_001,SPONSORED_DISPLAY,VIDEO,VIDEO,,PRODUCT_PAGE,CLICK,CPC,SPONSORED_DISPLAY:VIDEO:PRODUCT_PAGE:VIDEO:CLICK,USD,0,134,158.12,6,549.12
2026-02-19,US,adv_demo_001,SPONSORED_PRODUCTS,PRODUCT_AD,,,PRODUCT_PAGE,CLICK,CPC,SPONSORED_PRODUCTS:PRODUCT_AD:PRODUCT_PAGE:UNSPECIFIED:CLICK,USD,0,383,337.04,28,1999.2
2026-02-19,US,adv_demo_001,SPONSORED_PRODUCTS,PRODUCT_AD,,,REST_OF_SEARCH,CLICK,CPC,SPONSORED_PRODUCTS:PRODUCT_AD:REST_OF_SEARCH:UNSPECIFIED:CLICK,USD,0,348,285.36,24,1497.6
2026-02-19,US,adv_demo_001,SPONSORED_PRODUCTS,PRODUCT_AD,,,TOP_OF_SEARCH,IMPRESSION,CPM,SPONSORED_PRODUCTS:PRODUCT_AD:TOP_OF_SEARCH:UNSPECIFIED:IMPRESSION,USD,43875,0,0,0,0
2026-02-19,US,adv_demo_001,SPONSORED_PRODUCTS,PRODUCT_AD,,,TOP_OF_SEARCH,CLICK,CPC,SPONSORED_PRODUCTS:PRODUCT_AD:TOP_OF_SEARCH:UNSPECIFIED:CLICK,USD,0,500,510.0,41,2863.44
2026-02-20,US,adv_demo_001,AMAZON_DSP,,,AUDIO,,IMPRESSION,CPM,AMAZON_DSP:AUDIO:UNSPECIFIED:UNSPECIFIED:IMPRESSION,USD,47160,0,848.88,0,0
2026-02-20,US,adv_demo_001,AMAZON_DSP,,IMAGE,DISPLAY,,IMPRESSION,CPM,AMAZON_DSP:DISPLAY:UNSPECIFIED:IMAGE:IMPRESSION,USD,56701,0,708.76,0,0
2026-02-20,US,adv_demo_001,AMAZON_DSP,,VIDEO,ONLINE_VIDEO,,IMPRESSION,CPM,AMAZON_DSP:ONLINE_VIDEO:UNSPECIFIED:VIDEO:IMPRESSION,USD,44242,0,884.84,0,0
2026-02-20,US,adv_demo_001,AMAZON_DSP,,VIDEO,STREAMING_TV,,IMPRESSION,CPM,AMAZON_DSP:STREAMING_TV:UNSPECIFIED:VIDEO:IMPRESSION,USD,52783,0,1477.92,0,0
2026-02-20,US,adv_demo_001,SPONSORED_BRANDS,COMPONENT,IMAGE,,TOP_OF_SEARCH,IMPRESSION,CPM,SPONSORED_BRANDS:COMPONENT:TOP_OF_SEARCH:IMAGE:IMPRESSION,USD,18524,0,0,0,0
2026-02-20,US,adv_demo_001,SPONSORED_BRANDS,COMPONENT,IMAGE,,TOP_OF_SEARCH,CLICK,CPC,SPONSORED_BRANDS:COMPONENT:TOP_OF_SEARCH:IMAGE:CLICK,USD,0,144,172.8,8,669.12
2026-02-20,US,adv_demo_001,SPONSORED_BRANDS,DISPLAY,IMAGE,,REST_OF_SEARCH,IMPRESSION,CPM,SPONSORED_BRANDS:DISPLAY:REST_OF_SEARCH:IMAGE:IMPRESSION,USD,22065,0,0,0,0
2026-02-20,US,adv_demo_001,SPONSORED_BRANDS,VIDEO,VIDEO,,TOP_OF_SEARCH,IMPRESSION,CPM,SPONSORED_BRANDS:VIDEO:TOP_OF_SEARCH:VIDEO:IMPRESSION,USD,17606,0,0,0,0
2026-02-20,US,adv_demo_001,SPONSORED_BRANDS,VIDEO,VIDEO,,TOP_OF_SEARCH,CLICK,CPC,SPONSORED_BRANDS:VIDEO:TOP_OF_SEARCH:VIDEO:CLICK,USD,0,124,171.12,6,567.84
2026-02-20,US,adv_demo_001,SPONSORED_DISPLAY,DISPLAY,IMAGE,,PRODUCT_PAGE,IMPRESSION,CPM,SPONSORED_DISPLAY:DISPLAY:PRODUCT_PAGE:IMAGE:IMPRESSION,USD,26147,0,0,0,0
2026-02-20,US,adv_demo_001,SPONSORED_DISPLAY,DISPLAY,IMAGE,,PRODUCT_PAGE,CLICK,CPC,SPONSORED_DISPLAY:DISPLAY:PRODUCT_PAGE:IMAGE:CLICK,USD,0,152,139.84,7,558.6
2026-02-20,US,adv_demo_001,SPONSORED_DISPLAY,DISPLAY,VIDEO,,PRODUCT_PAGE,IMPRESSION,CPM,SPONSORED_DISPLAY:DISPLAY:PRODUCT_PAGE:VIDEO:IMPRESSION,USD,21688,0,0,0,0
2026-02-20,US,adv_demo_001,SPONSORED_DISPLAY,VIDEO,VIDEO,,PRODUCT_PAGE,CLICK,CPC,SPONSORED_DISPLAY:VIDEO:PRODUCT_PAGE:VIDEO:CLICK,USD,0,142,167.56,7,597.52
2026-02-20,US,adv_demo_001,SPONSORED_PRODUCTS,PRODUCT_AD,,,PRODUCT_PAGE,CLICK,CPC,SPONSORED_PRODUCTS:PRODUCT_AD:PRODUCT_PAGE:UNSPECIFIED:CLICK,USD,0,363,319.44,27,1799.28
2026-02-20,US,adv_demo_001,SPONSORED_PRODUCTS,PRODUCT_AD,,,REST_OF_SEARCH,CLICK,CPC,SPONSORED_PRODUCTS:PRODUCT_AD:REST_OF_SEARCH:UNSPECIFIED:CLICK,USD,0,360,295.2,25,1608.75
2026-02-20,US,adv_demo_001,SPONSORED_PRODUCTS,PRODUCT_AD,,,TOP_OF_SEARCH,IMPRESSION,CPM,SPONSORED_PRODUCTS:PRODUCT_AD:TOP_OF_SEARCH:UNSPECIFIED:IMPRESSION,USD,44852,0,0,0,0
2026-02-20,US,adv_demo_001,SPONSORED_PRODUCTS,PRODUCT_AD,,,TOP_OF_SEARCH,CLICK,CPC,SPONSORED_PRODUCTS:PRODUCT_AD:TOP_OF_SEARCH:UNSPECIFIED:CLICK,USD,0,517,527.34,39,2808.0
2026-02-21,US,adv_demo_001,AMAZON_DSP,,,AUDIO,,IMPRESSION,CPM,AMAZON_DSP:AUDIO:UNSPECIFIED:UNSPECIFIED:IMPRESSION,USD,48137,0,866.47,0,0
2026-02-21,US,adv_demo_001,AMAZON_DSP,,IMAGE,DISPLAY,,IMPRESSION,CPM,AMAZON_DSP:DISPLAY:UNSPECIFIED:IMAGE:IMPRESSION,USD,57678,0,720.97,0,0
2026-02-21,US,adv_demo_001,AMAZON_DSP,,VIDEO,ONLINE_VIDEO,,IMPRESSION,CPM,AMAZON_DSP:ONLINE_VIDEO:UNSPECIFIED:VIDEO:IMPRESSION,USD,38419,0,768.38,0,0
2026-02-21,US,adv_demo_001,AMAZON_DSP,,VIDEO,STREAMING_TV,,IMPRESSION,CPM,AMAZON_DSP:STREAMING_TV:UNSPECIFIED:VIDEO:IMPRESSION,USD,46960,0,1314.88,0,0
2026-02-21,US,adv_demo_001,SPONSORED_BRANDS,COMPONENT,IMAGE,,TOP_OF_SEARCH,IMPRESSION,CPM,SPONSORED_BRANDS:COMPONENT:TOP_OF_SEARCH:IMAGE:IMPRESSION,USD,19501,0,0,0,0
2026-02-21,US,adv_demo_001,SPONSORED_BRANDS,COMPONENT,IMAGE,,TOP_OF_SEARCH,CLICK,CPC,SPONSORED_BRANDS:COMPONENT:TOP_OF_SEARCH:IMAGE:CLICK,USD,0,153,183.6,8,688.8
2026-02-21,US,adv_demo_001,SPONSORED_BRANDS,DISPLAY,IMAGE,,REST_OF_SEARCH,IMPRESSION,CPM,SPONSORED_BRANDS:DISPLAY:REST_OF_SEARCH:IMAGE:IMPRESSION,USD,23042,0,0,0,0
2026-02-21,US,adv_demo_001,SPONSORED_BRANDS,VIDEO,VIDEO,,TOP_OF_SEARCH,IMPRESSION,CPM,SPONSORED_BRANDS:VIDEO:TOP_OF_SEARCH:VIDEO:IMPRESSION,USD,18583,0,0,0,0
2026-02-21,US,adv_demo_001,SPONSORED_BRANDS,VIDEO,VIDEO,,TOP_OF_SEARCH,CLICK,CPC,SPONSORED_BRANDS:VIDEO:TOP_OF_SEARCH:VIDEO:CLICK,USD,0,132,182.16,7,617.89
2026-02-21,US,adv_demo_001,SPONSORED_DISPLAY,DISPLAY,IMAGE,,PRODUCT_PAGE,IMPRESSION,CPM,SPONSORED_DISPLAY:DISPLAY:PRODUCT_PAGE:IMAGE:IMPRESSION,USD,27124,0,0,0,0
2026-02-21,US,adv_demo_001,SPONSORED_DISPLAY,DISPLAY,IMAGE,,PRODUCT_PAGE,CLICK,CPC,SPONSORED_DISPLAY:DISPLAY:PRODUCT_PAGE:IMAGE:CLICK,USD,0,159,146.28,7,521.36
2026-02-21,US,adv_demo_001,SPONSORED_DISPLAY,DISPLAY,VIDEO,,PRODUCT_PAGE,IMPRESSION,CPM,SPONSORED_DISPLAY:DISPLAY:PRODUCT_PAGE:VIDEO:IMPRESSION,USD,22665,0,0,0,0
2026-02-21,US,adv_demo_001,SPONSORED_DISPLAY,VIDEO,VIDEO,,PRODUCT_PAGE,CLICK,CPC,SPONSORED_DISPLAY:VIDEO:PRODUCT_PAGE:VIDEO:CLICK,USD,0,138,162.84,7,616.0
2026-02-21,US,adv_demo_001,SPONSORED_PRODUCTS,PRODUCT_AD,,,PRODUCT_PAGE,CLICK,CPC,SPONSORED_PRODUCTS:PRODUCT_AD:PRODUCT_PAGE:UNSPECIFIED:CLICK,USD,0,377,331.76,26,1785.68
2026-02-21,US,adv_demo_001,SPONSORED_PRODUCTS,PRODUCT_AD,,,REST_OF_SEARCH,CLICK,CPC,SPONSORED_PRODUCTS:PRODUCT_AD:REST_OF_SEARCH:UNSPECIFIED:CLICK,USD,0,373,305.86,24,1591.2
2026-02-21,US,adv_demo_001,SPONSORED_PRODUCTS,PRODUCT_AD,,,TOP_OF_SEARCH,IMPRESSION,CPM,SPONSORED_PRODUCTS:PRODUCT_AD:TOP_OF_SEARCH:UNSPECIFIED:IMPRESSION,USD,45829,0,0,0,0
2026-02-21,US,adv_demo_001,SPONSORED_PRODUCTS,PRODUCT_AD,,,TOP_OF_SEARCH,CLICK,CPC,SPONSORED_PRODUCTS:PRODUCT_AD:TOP_OF_SEARCH:UNSPECIFIED:CLICK,USD,0,533,543.66,41,3040.56
2026-02-22,US,adv_demo_001,AMAZON_DSP,,,AUDIO,,IMPRESSION,CPM,AMAZON_DSP:AUDIO:UNSPECIFIED:UNSPECIFIED:IMPRESSION,USD,42314,0,761.65,0,0
2026-02-22,US,adv_demo_001,AMAZON_DSP,,IMAGE,DISPLAY,,IMPRESSION,CPM,AMAZON_DSP:DISPLAY:UNSPECIFIED:IMAGE:IMPRESSION,USD,51855,0,648.19,0,0
2026-02-22,US,adv_demo_001,AMAZON_DSP,,VIDEO,ONLINE_VIDEO,,IMPRESSION,CPM,AMAZON_DSP:ONLINE_VIDEO:UNSPECIFIED:VIDEO:IMPRESSION,USD,39396,0,787.92,0,0
2026-02-22,US,adv_demo_001,AMAZON_DSP,,VIDEO,STREAMING_TV,,IMPRESSION,CPM,AMAZON_DSP:STREAMING_TV:UNSPECIFIED:VIDEO:IMPRESSION,USD,47937,0,1342.24,0,0
2026-02-22,US,adv_demo_001,SPONSORED_BRANDS,COMPONENT,IMAGE,,TOP_OF_SEARCH,IMPRESSION,CPM,SPONSORED_BRANDS:COMPONENT:TOP_OF_SEARCH:IMAGE:IMPRESSION,USD,20478,0,0,0,0
2026-02-22,US,adv_demo_001,SPONSORED_BRANDS,COMPONENT,IMAGE,,TOP_OF_SEARCH,CLICK,CPC,SPONSORED_BRANDS:COMPONENT:TOP_OF_SEARCH:IMAGE:CLICK,USD,0,162,194.4,9,723.24
2026-02-22,US,adv_demo_001,SPONSORED_BRANDS,DISPLAY,IMAGE,,REST_OF_SEARCH,IMPRESSION,CPM,SPONSORED_BRANDS:DISPLAY:REST_OF_SEARCH:IMAGE:IMPRESSION,USD,24019,0,0,0,0
2026-02-22,US,adv_demo_001,SPONSORED_BRANDS,VIDEO,VIDEO,,TOP_OF_SEARCH,IMPRESSION,CPM,SPONSORED_BRANDS:VIDEO:TOP_OF_SEARCH:VIDEO:IMPRESSION,USD,19560,0,0,0,0
2026-02-22,US,adv_demo_001,SPONSORED_BRANDS,VIDEO,VIDEO,,TOP_OF_SEARCH,CLICK,CPC,SPONSORED_BRANDS:VIDEO:TOP_OF_SEARCH:VIDEO:CLICK,USD,0,140,193.2,7,637.0
2026-02-22,US,adv_demo_001,SPONSORED_DISPLAY,DISPLAY,IMAGE,,PRODUCT_PAGE,IMPRESSION,CPM,SPONSORED_DISPLAY:DISPLAY:PRODUCT_PAGE:IMAGE:IMPRESSION,USD,28101,0,0,0,0
2026-02-22,US,adv_demo_001,SPONSORED_DISPLAY,DISPLAY,IMAGE,,PRODUCT_PAGE,CLICK,CPC,SPONSORED_DISPLAY:DISPLAY:PRODUCT_PAGE:IMAGE:CLICK,USD,0,166,152.72,8,614.08
2026-02-22,US,adv_demo_001,SPONSORED_DISPLAY,DISPLAY,VIDEO,,PRODUCT_PAGE,IMPRESSION,CPM,SPONSORED_DISPLAY:DISPLAY:PRODUCT_PAGE:VIDEO:IMPRESSION,USD,23642,0,0,0,0
2026-02-22,US,adv_demo_001,SPONSORED_DISPLAY,VIDEO,VIDEO,,PRODUCT_PAGE,CLICK,CPC,SPONSORED_DISPLAY:VIDEO:PRODUCT_PAGE:VIDEO:CLICK,USD,0,145,171.1,7,634.48
2026-02-22,US,adv_demo_001,SPONSORED_PRODUCTS,PRODUCT_AD,,,PRODUCT_PAGE,CLICK,CPC,SPONSORED_PRODUCTS:PRODUCT_AD:PRODUCT_PAGE:UNSPECIFIED:CLICK,USD,0,390,343.2,27,1909.44
2026-02-22,US,adv_demo_001,SPONSORED_PRODUCTS,PRODUCT_AD,,,REST_OF_SEARCH,CLICK,CPC,SPONSORED_PRODUCTS:PRODUCT_AD:REST_OF_SEARCH:UNSPECIFIED:CLICK,USD,0,385,315.7,25,1706.25
2026-02-22,US,adv_demo_001,SPONSORED_PRODUCTS,PRODUCT_AD,,,TOP_OF_SEARCH,IMPRESSION,CPM,SPONSORED_PRODUCTS:PRODUCT_AD:TOP_OF_SEARCH:UNSPECIFIED:IMPRESSION,USD,40006,0,0,0,0
2026-02-22,US,adv_demo_001,SPONSORED_PRODUCTS,PRODUCT_AD,,,TOP_OF_SEARCH,CLICK,CPC,SPONSORED_PRODUCTS:PRODUCT_AD:TOP_OF_SEARCH:UNSPECIFIED:CLICK,USD,0,470,479.4,37,2557.44
2026-02-23,US,adv_demo_001,AMAZON_DSP,,,AUDIO,,IMPRESSION,CPM,AMAZON_DSP:AUDIO:UNSPECIFIED:UNSPECIFIED:IMPRESSION,USD,43291,0,779.24,0,0
2026-02-23,US,adv_demo_001,AMAZON_DSP,,IMAGE,DISPLAY,,IMPRESSION,CPM,AMAZON_DSP:DISPLAY:UNSPECIFIED:IMAGE:IMPRESSION,USD,52832,0,660.4,0,0
2026-02-23,US,adv_demo_001,AMAZON_DSP,,VIDEO,ONLINE_VIDEO,,IMPRESSION,CPM,AMAZON_DSP:ONLINE_VIDEO:UNSPECIFIED:VIDEO:IMPRESSION,USD,40373,0,807.46,0,0
2026-02-23,US,adv_demo_001,AMAZON_DSP,,VIDEO,STREAMING_TV,,IMPRESSION,CPM,AMAZON_DSP:STREAMING_TV:UNSPECIFIED:VIDEO:IMPRESSION,USD,48914,0,1369.59,0,0
2026-02-23,US,adv_demo_001,SPONSORED_BRANDS,COMPONENT,IMAGE,,TOP_OF_SEARCH,IMPRESSION,CPM,SPONSORED_BRANDS:COMPONENT:TOP_OF_SEARCH:IMAGE:IMPRESSION,USD,21455,0,0,0,0
2026-02-23,US,adv_demo_001,SPONSORED_BRANDS,COMPONENT,IMAGE,,TOP_OF_SEARCH,CLICK,CPC,SPONSORED_BRANDS:COMPONENT:TOP_OF_SEARCH:IMAGE:CLICK,USD,0,172,206.4,10,828.2
2026-02-23,US,adv_demo_001,SPONSORED_BRANDS,DISPLAY,IMAGE,,REST_OF_SEARCH,IMPRESSION,CPM,SPONSORED_BRANDS:DISPLAY:REST_OF_SEARCH:IMAGE:IMPRESSION,USD,24996,0,0,0,0
2026-02-23,US,adv_demo_001,SPONSORED_BRANDS,VIDEO,VIDEO,,TOP_OF_SEARCH,IMPRESSION,CPM,SPONSORED_BRANDS:VIDEO:TOP_OF_SEARCH:VIDEO:IMPRESSION,USD,20537,0,0,0,0
2026-02-23,US,adv_demo_001,SPONSORED_BRANDS,VIDEO,VIDEO,,TOP_OF_SEARCH,CLICK,CPC,SPONSORED_BRANDS:VIDEO:TOP_OF_SEARCH:VIDEO:CLICK,USD,0,149,205.62,7,656.11
2026-02-23,US,adv_demo_001,SPONSORED_DISPLAY,DISPLAY,IMAGE,,PRODUCT_PAGE,IMPRESSION,CPM,SPONSORED_DISPLAY:DISPLAY:PRODUCT_PAGE:IMAGE:IMPRESSION,USD,29078,0,0,0,0
2026-02-23,US,adv_demo_001,SPONSORED_DISPLAY,DISPLAY,IMAGE,,PRODUCT_PAGE,CLICK,CPC,SPONSORED_DISPLAY:DISPLAY:PRODUCT_PAGE:IMAGE:CLICK,USD,0,159,146.28,7,553.28
2026-02-23,US,adv_demo_001,SPONSORED_DISPLAY,DISPLAY,VIDEO,,PRODUCT_PAGE,IMPRESSION,CPM,SPONSORED_DISPLAY:DISPLAY:PRODUCT_PAGE:VIDEO:IMPRESSION,USD,24619,0,0,0,0
2026-02-23,US,adv_demo_001,SPONSORED_DISPLAY,VIDEO,VIDEO,,PRODUCT_PAGE,CLICK,CPC,SPONSORED_DISPLAY:VIDEO:PRODUCT_PAGE:VIDEO:CLICK,USD,0,153,180.54,7,591.36
2026-02-23,US,adv_demo_001,SPONSORED_PRODUCTS,PRODUCT_AD,,,PRODUCT_PAGE,CLICK,CPC,SPONSORED_PRODUCTS:PRODUCT_AD:PRODUCT_PAGE:UNSPECIFIED:CLICK,USD,0,404,355.52,29,1912.84
2026-02-23,US,adv_demo_001,SPONSORED_PRODUCTS,PRODUCT_AD,,,REST_OF_SEARCH,CLICK,CPC,SPONSORED_PRODUCTS:PRODUCT_AD:REST_OF_SEARCH:UNSPECIFIED:CLICK,USD,0,336,275.52,22,1401.4
2026-02-23,US,adv_demo_001,SPONSORED_PRODUCTS,PRODUCT_AD,,,TOP_OF_SEARCH,IMPRESSION,CPM,SPONSORED_PRODUCTS:PRODUCT_AD:TOP_OF_SEARCH:UNSPECIFIED:IMPRESSION,USD,40983,0,0,0,0
2026-02-23,US,adv_demo_001,SPONSORED_PRODUCTS,PRODUCT_AD,,,TOP_OF_SEARCH,CLICK,CPC,SPONSORED_PRODUCTS:PRODUCT_AD:TOP_OF_SEARCH:UNSPECIFIED:CLICK,USD,0,487,496.74,39,2779.92
2026-02-24,US,adv_demo_001,AMAZON_DSP,,,AUDIO,,IMPRESSION,CPM,AMAZON_DSP:AUDIO:UNSPECIFIED:UNSPECIFIED:IMPRESSION,USD,44268,0,796.82,0,0
2026-02-24,US,adv_demo_001,AMAZON_DSP,,IMAGE,DISPLAY,,IMPRESSION,CPM,AMAZON_DSP:DISPLAY:UNSPECIFIED:IMAGE:IMPRESSION,USD,53809,0,672.61,0,0
2026-02-24,US,adv_demo_001,AMAZON_DSP,,VIDEO,ONLINE_VIDEO,,IMPRESSION,CPM,AMAZON_DSP:ONLINE_VIDEO:UNSPECIFIED:VIDEO:IMPRESSION,USD,41350,0,827.0,0,0
2026-02-24,US,adv_demo_001,AMAZON_DSP,,VIDEO,STREAMING_TV,,IMPRESSION,CPM,AMAZON_DSP:STREAMING_TV:UNSPECIFIED:VIDEO:IMPRESSION,USD,49891,0,1396.95,0,0
2026-02-24,US,adv_demo_001,SPONSORED_BRANDS,COMPONENT,IMAGE,,TOP_OF_SEARCH,IMPRESSION,CPM,SPONSORED_BRANDS:COMPONENT:TOP_OF_SEARCH:IMAGE:IMPRESSION,USD,22432,0,0,0,0
2026-02-24,US,adv_demo_001,SPONSORED_BRANDS,COMPONENT,IMAGE,,TOP_OF_SEARCH,CLICK,CPC,SPONSORED_BRANDS:COMPONENT:TOP_OF_SEARCH:IMAGE:CLICK,USD,0,181,217.2,9,767.52
2026-02-24,US,adv_demo_001,SPONSORED_BRANDS,DISPLAY,IMAGE,,REST_OF_SEARCH,IMPRESSION,CPM,SPONSORED_BRANDS:DISPLAY:REST_OF_SEARCH:IMAGE:IMPRESSION,USD,25973,0,0,0,0
2026-02-24,US,adv_demo_001,SPONSORED_BRANDS,VIDEO,VIDEO,,TOP_OF_SEARCH,IMPRESSION,CPM,SPONSORED_BRANDS:VIDEO:TOP_OF_SEARCH:VIDEO:IMPRESSION,USD,21514,0,0,0,0
2026-02-24,US,adv_demo_001,SPONSORED_BRANDS,VIDEO,VIDEO,,TOP_OF_SEARCH,CLICK,CPC,SPONSORED_BRANDS:VIDEO:TOP_OF_SEARCH:VIDEO:CLICK,USD,0,144,198.72,7,611.52
2026-02-24,US,adv_demo_001,SPONSORED_DISPLAY,DISPLAY,IMAGE,,PRODUCT_PAGE,IMPRESSION,CPM,SPONSORED_DISPLAY:DISPLAY:PRODUCT_PAGE:IMAGE:IMPRESSION,USD,30055,0,0,0,0
2026-02-24,US,adv_demo_001,SPONSORED_DISPLAY,DISPLAY,IMAGE,,PRODUCT_PAGE,CLICK,CPC,SPONSORED_DISPLAY:DISPLAY:PRODUCT_PAGE:IMAGE:CLICK,USD,0,166,152.72,7,516.04
2026-02-24,US,adv_demo_001,SPONSORED_DISPLAY,DISPLAY,VIDEO,,PRODUCT_PAGE,IMPRESSION,CPM,SPONSORED_DISPLAY:DISPLAY:PRODUCT_PAGE:VIDEO:IMPRESSION,USD,25596,0,0,0,0
2026-02-24,US,adv_demo_001,SPONSORED_DISPLAY,VIDEO,VIDEO,,PRODUCT_PAGE,CLICK,CPC,SPONSORED_DISPLAY:VIDEO:PRODUCT_PAGE:VIDEO:CLICK,USD,0,116,136.88,6,522.72
2026-02-24,US,adv_demo_001,SPONSORED_PRODUCTS,PRODUCT_AD,,,PRODUCT_PAGE,CLICK,CPC,SPONSORED_PRODUCTS:PRODUCT_AD:PRODUCT_PAGE:UNSPECIFIED:CLICK,USD,0,349,307.12,26,1768.0
2026-02-24,US,adv_demo_001,SPONSORED_PRODUCTS,PRODUCT_AD,,,REST_OF_SEARCH,CLICK,CPC,SPONSORED_PRODUCTS:PRODUCT_AD:REST_OF_SEARCH:UNSPECIFIED:CLICK,USD,0,348,285.36,24,1575.6
2026-02-24,US,adv_demo_001,SPONSORED_PRODUCTS,PRODUCT_AD,,,TOP_OF_SEARCH,IMPRESSION,CPM,SPONSORED_PRODUCTS:PRODUCT_AD:TOP_OF_SEARCH:UNSPECIFIED:IMPRESSION,USD,41960,0,0,0,0
2026-02-24,US,adv_demo_001,SPONSORED_PRODUCTS,PRODUCT_AD,,,TOP_OF_SEARCH,CLICK,CPC,SPONSORED_PRODUCTS:PRODUCT_AD:TOP_OF_SEARCH:UNSPECIFIED:CLICK,USD,0,504,514.08,41,3011.04
2026-02-25,US,adv_demo_001,AMAZON_DSP,,,AUDIO,,IMPRESSION,CPM,AMAZON_DSP:AUDIO:UNSPECIFIED:UNSPECIFIED:IMPRESSION,USD,45245,0,814.41,0,0
2026-02-25,US,adv_demo_001,AMAZON_DSP,,IMAGE,DISPLAY,,IMPRESSION,CPM,AMAZON_DSP:DISPLAY:UNSPECIFIED:IMAGE:IMPRESSION,USD,54786,0,684.83,0,0
2026-02-25,US,adv_demo_001,AMAZON_DSP,,VIDEO,ONLINE_VIDEO,,IMPRESSION,CPM,AMAZON_DSP:ONLINE_VIDEO:UNSPECIFIED:VIDEO:IMPRESSION,USD,42327,0,846.54,0,0
2026-02-25,US,adv_demo_001,AMAZON_DSP,,VIDEO,STREAMING_TV,,IMPRESSION,CPM,AMAZON_DSP:STREAMING_TV:UNSPECIFIED:VIDEO:IMPRESSION,USD,50868,0,1424.3,0,0
2026-02-25,US,adv_demo_001,SPONSORED_BRANDS,COMPONENT,IMAGE,,TOP_OF_SEARCH,IMPRESSION,CPM,SPONSORED_BRANDS:COMPONENT:TOP_OF_SEARCH:IMAGE:IMPRESSION,USD,23409,0,0,0,0
2026-02-25,US,adv_demo_001,SPONSORED_BRANDS,COMPONENT,IMAGE,,TOP_OF_SEARCH,CLICK,CPC,SPONSORED_BRANDS:COMPONENT:TOP_OF_SEARCH:IMAGE:CLICK,USD,0,191,229.2,10,795.4
2026-02-25,US,adv_demo_001,SPONSORED_BRANDS,DISPLAY,IMAGE,,REST_OF_SEARCH,IMPRESSION,CPM,SPONSORED_BRANDS:DISPLAY:REST_OF_SEARCH:IMAGE:IMPRESSION,USD,26950,0,0,0,0
2026-02-25,US,adv_demo_001,SPONSORED_BRANDS,VIDEO,VIDEO,,TOP_OF_SEARCH,IMPRESSION,CPM,SPONSORED_BRANDS:VIDEO:TOP_OF_SEARCH:VIDEO:IMPRESSION,USD,22491,0,0,0,0
2026-02-25,US,adv_demo_001,SPONSORED_BRANDS,VIDEO,VIDEO,,TOP_OF_SEARCH,CLICK,CPC,SPONSORED_BRANDS:VIDEO:TOP_OF_SEARCH:VIDEO:CLICK,USD,0,152,209.76,7,630.63
2026-02-25,US,adv_demo_001,SPONSORED_DISPLAY,DISPLAY,IMAGE,,PRODUCT_PAGE,IMPRESSION,CPM,SPONSORED_DISPLAY:DISPLAY:PRODUCT_PAGE:IMAGE:IMPRESSION,USD,24232,0,0,0,0
2026-02-25,US,adv_demo_001,SPONSORED_DISPLAY,DISPLAY,IMAGE,,PRODUCT_PAGE,CLICK,CPC,SPONSORED_DISPLAY:DISPLAY:PRODUCT_PAGE:IMAGE:CLICK,USD,0,135,124.2,6,456.0
2026-02-25,US,adv_demo_001,SPONSORED_DISPLAY,DISPLAY,VIDEO,,PRODUCT_PAGE,IMPRESSION,CPM,SPONSORED_DISPLAY:DISPLAY:PRODUCT_PAGE:VIDEO:IMPRESSION,USD,19773,0,0,0,0
2026-02-25,US,adv_demo_001,SPONSORED_DISPLAY,VIDEO,VIDEO,,PRODUCT_PAGE,CLICK,CPC,SPONSORED_DISPLAY:VIDEO:PRODUCT_PAGE:VIDEO:CLICK,USD,0,124,146.32,6,538.56
2026-02-25,US,adv_demo_001,SPONSORED_PRODUCTS,PRODUCT_AD,,,PRODUCT_PAGE,CLICK,CPC,SPONSORED_PRODUCTS:PRODUCT_AD:PRODUCT_PAGE:UNSPECIFIED:CLICK,USD,0,362,318.56,27,1891.08
2026-02-25,US,adv_demo_001,SPONSORED_PRODUCTS,PRODUCT_AD,,,REST_OF_SEARCH,CLICK,CPC,SPONSORED_PRODUCTS:PRODUCT_AD:REST_OF_SEARCH:UNSPECIFIED:CLICK,USD,0,361,296.02,25,1690.0
2026-02-25,US,adv_demo_001,SPONSORED_PRODUCTS,PRODUCT_AD,,,TOP_OF_SEARCH,IMPRESSION,CPM,SPONSORED_PRODUCTS:PRODUCT_AD:TOP_OF_SEARCH:UNSPECIFIED:IMPRESSION,USD,42937,0,0,0,0
2026-02-25,US,adv_demo_001,SPONSORED_PRODUCTS,PRODUCT_AD,,,TOP_OF_SEARCH,CLICK,CPC,SPONSORED_PRODUCTS:PRODUCT_AD:TOP_OF_SEARCH:UNSPECIFIED:CLICK,USD,0,520,530.4,43,3250.8
2026-02-26,US,adv_demo_001,AMAZON_DSP,,,AUDIO,,IMPRESSION,CPM,AMAZON_DSP:AUDIO:UNSPECIFIED:UNSPECIFIED:IMPRESSION,USD,46222,0,832.0,0,0
2026-02-26,US,adv_demo_001,AMAZON_DSP,,IMAGE,DISPLAY,,IMPRESSION,CPM,AMAZON_DSP:DISPLAY:UNSPECIFIED:IMAGE:IMPRESSION,USD,55763,0,697.04,0,0
2026-02-26,US,adv_demo_001,AMAZON_DSP,,VIDEO,ONLINE_VIDEO,,IMPRESSION,CPM,AMAZON_DSP:ONLINE_VIDEO:UNSPECIFIED:VIDEO:IMPRESSION,USD,43304,0,866.08,0,0
2026-02-26,US,adv_demo_001,AMAZON_DSP,,VIDEO,STREAMING_TV,,IMPRESSION,CPM,AMAZON_DSP:STREAMING_TV:UNSPECIFIED:VIDEO:IMPRESSION,USD,51845,0,1451.66,0,0
2026-02-26,US,adv_demo_001,SPONSORED_BRANDS,COMPONENT,IMAGE,,TOP_OF_SEARCH,IMPRESSION,CPM,SPONSORED_BRANDS:COMPONENT:TOP_OF_SEARCH:IMAGE:IMPRESSION,USD,24386,0,0,0,0
2026-02-26,US,adv_demo_001,SPONSORED_BRANDS,COMPONENT,IMAGE,,TOP_OF_SEARCH,CLICK,CPC,SPONSORED_BRANDS:COMPONENT:TOP_OF_SEARCH:IMAGE:CLICK,USD,0,183,219.6,10,820.0
2026-02-26,US,adv_demo_001,SPONSORED_BRANDS,DISPLAY,IMAGE,,REST_OF_SEARCH,IMPRESSION,CPM,SPONSORED_BRANDS:DISPLAY:REST_OF_SEARCH:IMAGE:IMPRESSION,USD,21127,0,0,0,0
2026-02-26,US,adv_demo_001,SPONSORED_BRANDS,VIDEO,VIDEO,,TOP_OF_SEARCH,IMPRESSION,CPM,SPONSORED_BRANDS:VIDEO:TOP_OF_SEARCH:VIDEO:IMPRESSION,USD,16668,0,0,0,0
2026-02-26,US,adv_demo_001,SPONSORED_BRANDS,VIDEO,VIDEO,,TOP_OF_SEARCH,CLICK,CPC,SPONSORED_BRANDS:VIDEO:TOP_OF_SEARCH:VIDEO:CLICK,USD,0,114,157.32,6,556.92
2026-02-26,US,adv_demo_001,SPONSORED_DISPLAY,DISPLAY,IMAGE,,PRODUCT_PAGE,IMPRESSION,CPM,SPONSORED_DISPLAY:DISPLAY:PRODUCT_PAGE:IMAGE:IMPRESSION,USD,25209,0,0,0,0
2026-02-26,US,adv_demo_001,SPONSORED_DISPLAY,DISPLAY,IMAGE,,PRODUCT_PAGE,CLICK,CPC,SPONSORED_DISPLAY:DISPLAY:PRODUCT_PAGE:IMAGE:CLICK,USD,0,142,130.64,6,469.68
2026-02-26,US,adv_demo_001,SPONSORED_DISPLAY,DISPLAY,VIDEO,,PRODUCT_PAGE,IMPRESSION,CPM,SPONSORED_DISPLAY:DISPLAY:PRODUCT_PAGE:VIDEO:IMPRESSION,USD,20750,0,0,0,0
2026-02-26,US,adv_demo_001,SPONSORED_DISPLAY,VIDEO,VIDEO,,PRODUCT_PAGE,CLICK,CPC,SPONSORED_DISPLAY:VIDEO:PRODUCT_PAGE:VIDEO:CLICK,USD,0,132,155.76,7,646.8
2026-02-26,US,adv_demo_001,SPONSORED_PRODUCTS,PRODUCT_AD,,,PRODUCT_PAGE,CLICK,CPC,SPONSORED_PRODUCTS:PRODUCT_AD:PRODUCT_PAGE:UNSPECIFIED:CLICK,USD,0,376,330.88,29,1893.12
2026-02-26,US,adv_demo_001,SPONSORED_PRODUCTS,PRODUCT_AD,,,REST_OF_SEARCH,CLICK,CPC,SPONSORED_PRODUCTS:PRODUCT_AD:REST_OF_SEARCH:UNSPECIFIED:CLICK,USD,0,374,306.68,24,1513.2
2026-02-26,US,adv_demo_001,SPONSORED_PRODUCTS,PRODUCT_AD,,,TOP_OF_SEARCH,IMPRESSION,CPM,SPONSORED_PRODUCTS:PRODUCT_AD:TOP_OF_SEARCH:UNSPECIFIED:IMPRESSION,USD,43914,0,0,0,0
2026-02-26,US,adv_demo_001,SPONSORED_PRODUCTS,PRODUCT_AD,,,TOP_OF_SEARCH,CLICK,CPC,SPONSORED_PRODUCTS:PRODUCT_AD:TOP_OF_SEARCH:UNSPECIFIED:CLICK,USD,0,538,548.76,41,2892.96
2026-02-27,US,adv_demo_001,AMAZON_DSP,,,AUDIO,,IMPRESSION,CPM,AMAZON_DSP:AUDIO:UNSPECIFIED:UNSPECIFIED:IMPRESSION,USD,47199,0,849.58,0,0
2026-02-27,US,adv_demo_001,AMAZON_DSP,,IMAGE,DISPLAY,,IMPRESSION,CPM,AMAZON_DSP:DISPLAY:UNSPECIFIED:IMAGE:IMPRESSION,USD,56740,0,709.25,0,0
2026-02-27,US,adv_demo_001,AMAZON_DSP,,VIDEO,ONLINE_VIDEO,,IMPRESSION,CPM,AMAZON_DSP:ONLINE_VIDEO:UNSPECIFIED:VIDEO:IMPRESSION,USD,44281,0,885.62,0,0
2026-02-27,US,adv_demo_001,AMAZON_DSP,,VIDEO,STREAMING_TV,,IMPRESSION,CPM,AMAZON_DSP:STREAMING_TV:UNSPECIFIED:VIDEO:IMPRESSION,USD,46022,0,1288.62,0,0
2026-02-27,US,adv_demo_001,SPONSORED_BRANDS,COMPONENT,IMAGE,,TOP_OF_SEARCH,IMPRESSION,CPM,SPONSORED_BRANDS:COMPONENT:TOP_OF_SEARCH:IMAGE:IMPRESSION,USD,18563,0,0,0,0
2026-02-27,US,adv_demo_001,SPONSORED_BRANDS,COMPONENT,IMAGE,,TOP_OF_SEARCH,CLICK,CPC,SPONSORED_BRANDS:COMPONENT:TOP_OF_SEARCH:IMAGE:CLICK,USD,0,141,169.2,8,675.68
2026-02-27,US,adv_demo_001,SPONSORED_BRANDS,DISPLAY,IMAGE,,REST_OF_SEARCH,IMPRESSION,CPM,SPONSORED_BRANDS:DISPLAY:REST_OF_SEARCH:IMAGE:IMPRESSION,USD,22104,0,0,0,0
2026-02-27,US,adv_demo_001,SPONSORED_BRANDS,VIDEO,VIDEO,,TOP_OF_SEARCH,IMPRESSION,CPM,SPONSORED_BRANDS:VIDEO:TOP_OF_SEARCH:VIDEO:IMPRESSION,USD,17645,0,0,0,0
2026-02-27,US,adv_demo_001,SPONSORED_BRANDS,VIDEO,VIDEO,,TOP_OF_SEARCH,CLICK,CPC,SPONSORED_BRANDS:VIDEO:TOP_OF_SEARCH:VIDEO:CLICK,USD,0,122,168.36,6,573.3
2026-02-27,US,adv_demo_001,SPONSORED_DISPLAY,DISPLAY,IMAGE,,PRODUCT_PAGE,IMPRESSION,CPM,SPONSORED_DISPLAY:DISPLAY:PRODUCT_PAGE:IMAGE:IMPRESSION,USD,26186,0,0,0,0
2026-02-27,US,adv_demo_001,SPONSORED_DISPLAY,DISPLAY,IMAGE,,PRODUCT_PAGE,CLICK,CPC,SPONSORED_DISPLAY:DISPLAY:PRODUCT_PAGE:IMAGE:CLICK,USD,0,149,137.08,7,510.72
2026-02-27,US,adv_demo_001,SPONSORED_DISPLAY,DISPLAY,VIDEO,,PRODUCT_PAGE,IMPRESSION,CPM,SPONSORED_DISPLAY:DISPLAY:PRODUCT_PAGE:VIDEO:IMPRESSION,USD,21727,0,0,0,0
2026-02-27,US,adv_demo_001,SPONSORED_DISPLAY,VIDEO,VIDEO,,PRODUCT_PAGE,CLICK,CPC,SPONSORED_DISPLAY:VIDEO:PRODUCT_PAGE:VIDEO:CLICK,USD,0,140,165.2,6,517.44
2026-02-27,US,adv_demo_001,SPONSORED_PRODUCTS,PRODUCT_AD,,,PRODUCT_PAGE,CLICK,CPC,SPONSORED_PRODUCTS:PRODUCT_AD:PRODUCT_PAGE:UNSPECIFIED:CLICK,USD,0,390,343.2,27,1817.64
2026-02-27,US,adv_demo_001,SPONSORED_PRODUCTS,PRODUCT_AD,,,REST_OF_SEARCH,CLICK,CPC,SPONSORED_PRODUCTS:PRODUCT_AD:REST_OF_SEARCH:UNSPECIFIED:CLICK,USD,0,387,317.34,25,1625.0
2026-02-27,US,adv_demo_001,SPONSORED_PRODUCTS,PRODUCT_AD,,,TOP_OF_SEARCH,IMPRESSION,CPM,SPONSORED_PRODUCTS:PRODUCT_AD:TOP_OF_SEARCH:UNSPECIFIED:IMPRESSION,USD,44891,0,0,0,0
2026-02-27,US,adv_demo_001,SPONSORED_PRODUCTS,PRODUCT_AD,,,TOP_OF_SEARCH,CLICK,CPC,SPONSORED_PRODUCTS:PRODUCT_AD:TOP_OF_SEARCH:UNSPECIFIED:CLICK,USD,0,506,516.12,39,2836.08
2026-02-28,US,adv_demo_001,AMAZON_DSP,,,AUDIO,,IMPRESSION,CPM,AMAZON_DSP:AUDIO:UNSPECIFIED:UNSPECIFIED:IMPRESSION,USD,48176,0,867.17,0,0
2026-02-28,US,adv_demo_001,AMAZON_DSP,,IMAGE,DISPLAY,,IMPRESSION,CPM,AMAZON_DSP:DISPLAY:UNSPECIFIED:IMAGE:IMPRESSION,USD,57717,0,721.46,0,0
2026-02-28,US,adv_demo_001,AMAZON_DSP,,VIDEO,ONLINE_VIDEO,,IMPRESSION,CPM,AMAZON_DSP:ONLINE_VIDEO:UNSPECIFIED:VIDEO:IMPRESSION,USD,38458,0,769.16,0,0
2026-02-28,US,adv_demo_001,AMAZON_DSP,,VIDEO,STREAMING_TV,,IMPRESSION,CPM,AMAZON_DSP:STREAMING_TV:UNSPECIFIED:VIDEO:IMPRESSION,USD,46999,0,1315.97,0,0
2026-02-28,US,adv_demo_001,SPONSORED_BRANDS,COMPONENT,IMAGE,,TOP_OF_SEARCH,IMPRESSION,CPM,SPONSORED_BRANDS:COMPONENT:TOP_OF_SEARCH:IMAGE:IMPRESSION,USD,19540,0,0,0,0
2026-02-28,US,adv_demo_001,SPONSORED_BRANDS,COMPONENT,IMAGE,,TOP_OF_SEARCH,CLICK,CPC,SPONSORED_BRANDS:COMPONENT:TOP_OF_SEARCH:IMAGE:CLICK,USD,0,150,180.0,8,629.76
2026-02-28,US,adv_demo_001,SPONSORED_BRANDS,DISPLAY,IMAGE,,REST_OF_SEARCH,IMPRESSION,CPM,SPONSORED_BRANDS:DISPLAY:REST_OF_SEARCH:IMAGE:IMPRESSION,USD,23081,0,0,0,0
2026-02-28,US,adv_demo_001,SPONSORED_BRANDS,VIDEO,VIDEO,,TOP_OF_SEARCH,IMPRESSION,CPM,SPONSORED_BRANDS:VIDEO:TOP_OF_SEARCH:VIDEO:IMPRESSION,USD,18622,0,0,0,0
2026-02-28,US,adv_demo_001,SPONSORED_BRANDS,VIDEO,VIDEO,,TOP_OF_SEARCH,CLICK,CPC,SPONSORED_BRANDS:VIDEO:TOP_OF_SEARCH:VIDEO:CLICK,USD,0,130,179.4,7,624.26
2026-02-28,US,adv_demo_001,SPONSORED_DISPLAY,DISPLAY,IMAGE,,PRODUCT_PAGE,IMPRESSION,CPM,SPONSORED_DISPLAY:DISPLAY:PRODUCT_PAGE:IMAGE:IMPRESSION,USD,27163,0,0,0,0
2026-02-28,US,adv_demo_001,SPONSORED_DISPLAY,DISPLAY,IMAGE,,PRODUCT_PAGE,CLICK,CPC,SPONSORED_DISPLAY:DISPLAY:PRODUCT_PAGE:IMAGE:CLICK,USD,0,156,143.52,6,451.44
2026-02-28,US,adv_demo_001,SPONSORED_DISPLAY,DISPLAY,VIDEO,,PRODUCT_PAGE,IMPRESSION,CPM,SPONSORED_DISPLAY:DISPLAY:PRODUCT_PAGE:VIDEO:IMPRESSION,USD,22704,0,0,0,0
2026-02-28,US,adv_demo_001,SPONSORED_DISPLAY,VIDEO,VIDEO,,PRODUCT_PAGE,CLICK,CPC,SPONSORED_DISPLAY:VIDEO:PRODUCT_PAGE:VIDEO:CLICK,USD,0,148,174.64,7,622.16
2026-02-28,US,adv_demo_001,SPONSORED_PRODUCTS,PRODUCT_AD,,,PRODUCT_PAGE,CLICK,CPC,SPONSORED_PRODUCTS:PRODUCT_AD:PRODUCT_PAGE:UNSPECIFIED:CLICK,USD,0,405,356.4,29,2011.44
2026-02-28,US,adv_demo_001,SPONSORED_PRODUCTS,PRODUCT_AD,,,REST_OF_SEARCH,CLICK,CPC,SPONSORED_PRODUCTS:PRODUCT_AD:REST_OF_SEARCH:UNSPECIFIED:CLICK,USD,0,365,299.3,24,1606.8
2026-02-28,US,adv_demo_001,SPONSORED_PRODUCTS,PRODUCT_AD,,,TOP_OF_SEARCH,IMPRESSION,CPM,SPONSORED_PRODUCTS:PRODUCT_AD:TOP_OF_SEARCH:UNSPECIFIED:IMPRESSION,USD,45868,0,0,0,0
2026-02-28,US,adv_demo_001,SPONSORED_PRODUCTS,PRODUCT_AD,,,TOP_OF_SEARCH,CLICK,CPC,SPONSORED_PRODUCTS:PRODUCT_AD:TOP_OF_SEARCH:UNSPECIFIED:CLICK,USD,0,523,533.46,42,3144.96
2026-03-01,US,adv_demo_001,AMAZON_DSP,,,AUDIO,,IMPRESSION,CPM,AMAZON_DSP:AUDIO:UNSPECIFIED:UNSPECIFIED:IMPRESSION,USD,42353,0,762.35,0,0
2026-03-01,US,adv_demo_001,AMAZON_DSP,,IMAGE,DISPLAY,,IMPRESSION,CPM,AMAZON_DSP:DISPLAY:UNSPECIFIED:IMAGE:IMPRESSION,USD,51894,0,648.67,0,0
2026-03-01,US,adv_demo_001,AMAZON_DSP,,VIDEO,ONLINE_VIDEO,,IMPRESSION,CPM,AMAZON_DSP:ONLINE_VIDEO:UNSPECIFIED:VIDEO:IMPRESSION,USD,39435,0,788.7,0,0
2026-03-01,US,adv_demo_001,AMAZON_DSP,,VIDEO,STREAMING_TV,,IMPRESSION,CPM,AMAZON_DSP:STREAMING_TV:UNSPECIFIED:VIDEO:IMPRESSION,USD,47976,0,1343.33,0,0
2026-03-01,US,adv_demo_001,SPONSORED_BRANDS,COMPONENT,IMAGE,,TOP_OF_SEARCH,IMPRESSION,CPM,SPONSORED_BRANDS:COMPONENT:TOP_OF_SEARCH:IMAGE:IMPRESSION,USD,20517,0,0,0,0
2026-03-01,US,adv_demo_001,SPONSORED_BRANDS,COMPONENT,IMAGE,,TOP_OF_SEARCH,CLICK,CPC,SPONSORED_BRANDS:COMPONENT:TOP_OF_SEARCH:IMAGE:CLICK,USD,0,159,190.8,9,730.62
2026-03-01,US,adv_demo_001,SPONSORED_BRANDS,DISPLAY,IMAGE,,REST_OF_SEARCH,IMPRESSION,CPM,SPONSORED_BRANDS:DISPLAY:REST_OF_SEARCH:IMAGE:IMPRESSION,USD,24058,0,0,0,0
2026-03-01,US,adv_demo_001,SPONSORED_BRANDS,VIDEO,VIDEO,,TOP_OF_SEARCH,IMPRESSION,CPM,SPONSORED_BRANDS:VIDEO:TOP_OF_SEARCH:VIDEO:IMPRESSION,USD,19599,0,0,0,0
2026-03-01,US,adv_demo_001,SPONSORED_BRANDS,VIDEO,VIDEO,,TOP_OF_SEARCH,CLICK,CPC,SPONSORED_BRANDS:VIDEO:TOP_OF_SEARCH:VIDEO:CLICK,USD,0,138,190.44,6,551.46
2026-03-01,US,adv_demo_001,SPONSORED_DISPLAY,DISPLAY,IMAGE,,PRODUCT_PAGE,IMPRESSION,CPM,SPONSORED_DISPLAY:DISPLAY:PRODUCT_PAGE:IMAGE:IMPRESSION,USD,28140,0,0,0,0
2026-03-01,US,adv_demo_001,SPONSORED_DISPLAY,DISPLAY,IMAGE,,PRODUCT_PAGE,CLICK,CPC,SPONSORED_DISPLAY:DISPLAY:PRODUCT_PAGE:IMAGE:CLICK,USD,0,163,149.96,7,542.64
2026-03-01,US,adv_demo_001,SPONSORED_DISPLAY,DISPLAY,VIDEO,,PRODUCT_PAGE,IMPRESSION,CPM,SPONSORED_DISPLAY:DISPLAY:PRODUCT_PAGE:VIDEO:IMPRESSION,USD,23681,0,0,0,0
2026-03-01,US,adv_demo_001,SPONSORED_DISPLAY,VIDEO,VIDEO,,PRODUCT_PAGE,CLICK,CPC,SPONSORED_DISPLAY:VIDEO:PRODUCT_PAGE:VIDEO:CLICK,USD,0,156,184.08,7,640.64
2026-03-01,US,adv_demo_001,SPONSORED_PRODUCTS,PRODUCT_AD,,,PRODUCT_PAGE,CLICK,CPC,SPONSORED_PRODUCTS:PRODUCT_AD:PRODUCT_PAGE:UNSPECIFIED:CLICK,USD,0,383,337.04,28,1999.2
2026-03-01,US,adv_demo_001,SPONSORED_PRODUCTS,PRODUCT_AD,,,REST_OF_SEARCH,CLICK,CPC,SPONSORED_PRODUCTS:PRODUCT_AD:REST_OF_SEARCH:UNSPECIFIED:CLICK,USD,0,378,309.96,26,1622.4
2026-03-01,US,adv_demo_001,SPONSORED_PRODUCTS,PRODUCT_AD,,,TOP_OF_SEARCH,IMPRESSION,CPM,SPONSORED_PRODUCTS:PRODUCT_AD:TOP_OF_SEARCH:UNSPECIFIED:IMPRESSION,USD,40045,0,0,0,0
2026-03-01,US,adv_demo_001,SPONSORED_PRODUCTS,PRODUCT_AD,,,TOP_OF_SEARCH,CLICK,CPC,SPONSORED_PRODUCTS:PRODUCT_AD:TOP_OF_SEARCH:UNSPECIFIED:CLICK,USD,0,461,470.22,37,2584.08
2026-03-02,US,adv_demo_001,AMAZON_DSP,,,AUDIO,,IMPRESSION,CPM,AMAZON_DSP:AUDIO:UNSPECIFIED:UNSPECIFIED:IMPRESSION,USD,43330,0,779.94,0,0
2026-03-02,US,adv_demo_001,AMAZON_DSP,,IMAGE,DISPLAY,,IMPRESSION,CPM,AMAZON_DSP:DISPLAY:UNSPECIFIED:IMAGE:IMPRESSION,USD,52871,0,660.89,0,0
2026-03-02,US,adv_demo_001,AMAZON_DSP,,VIDEO,ONLINE_VIDEO,,IMPRESSION,CPM,AMAZON_DSP:ONLINE_VIDEO:UNSPECIFIED:VIDEO:IMPRESSION,USD,40412,0,808.24,0,0
2026-03-02,US,adv_demo_001,AMAZON_DSP,,VIDEO,STREAMING_TV,,IMPRESSION,CPM,AMAZON_DSP:STREAMING_TV:UNSPECIFIED:VIDEO:IMPRESSION,USD,48953,0,1370.68,0,0
2026-03-02,US,adv_demo_001,SPONSORED_BRANDS,COMPONENT,IMAGE,,TOP_OF_SEARCH,IMPRESSION,CPM,SPONSORED_BRANDS:COMPONENT:TOP_OF_SEARCH:IMAGE:IMPRESSION,USD,21494,0,0,0,0
2026-03-02,US,adv_demo_001,SPONSORED_BRANDS,COMPONENT,IMAGE,,TOP_OF_SEARCH,CLICK,CPC,SPONSORED_BRANDS:COMPONENT:TOP_OF_SEARCH:IMAGE:CLICK,USD,0,169,202.8,9,752.76
2026-03-02,US,adv_demo_001,SPONSORED_BRANDS,DISPLAY,IMAGE,,REST_OF_SEARCH,IMPRESSION,CPM,SPONSORED_BRANDS:DISPLAY:REST_OF_SEARCH:IMAGE:IMPRESSION,USD,25035,0,0,0,0
2026-03-02,US,adv_demo_001,SPONSORED_BRANDS,VIDEO,VIDEO,,TOP_OF_SEARCH,IMPRESSION,CPM,SPONSORED_BRANDS:VIDEO:TOP_OF_SEARCH:VIDEO:IMPRESSION,USD,20576,0,0,0,0
2026-03-02,US,adv_demo_001,SPONSORED_BRANDS,VIDEO,VIDEO,,TOP_OF_SEARCH,CLICK,CPC,SPONSORED_BRANDS:VIDEO:TOP_OF_SEARCH:VIDEO:CLICK,USD,0,146,201.48,7,662.48
2026-03-02,US,adv_demo_001,SPONSORED_DISPLAY,DISPLAY,IMAGE,,PRODUCT_PAGE,IMPRESSION,CPM,SPONSORED_DISPLAY:DISPLAY:PRODUCT_PAGE:IMAGE:IMPRESSION,USD,29117,0,0,0,0
2026-03-02,US,adv_demo_001,SPONSORED_DISPLAY,DISPLAY,IMAGE,,PRODUCT_PAGE,CLICK,CPC,SPONSORED_DISPLAY:DISPLAY:PRODUCT_PAGE:IMAGE:CLICK,USD,0,171,157.32,7,558.6
2026-03-02,US,adv_demo_001,SPONSORED_DISPLAY,DISPLAY,VIDEO,,PRODUCT_PAGE,IMPRESSION,CPM,SPONSORED_DISPLAY:DISPLAY:PRODUCT_PAGE:VIDEO:IMPRESSION,USD,24658,0,0,0,0
2026-03-02,US,adv_demo_001,SPONSORED_DISPLAY,VIDEO,VIDEO,,PRODUCT_PAGE,CLICK,CPC,SPONSORED_DISPLAY:VIDEO:PRODUCT_PAGE:VIDEO:CLICK,USD,0,150,177.0,7,597.52
2026-03-02,US,adv_demo_001,SPONSORED_PRODUCTS,PRODUCT_AD,,,PRODUCT_PAGE,CLICK,CPC,SPONSORED_PRODUCTS:PRODUCT_AD:PRODUCT_PAGE:UNSPECIFIED:CLICK,USD,0,396,348.48,29,1932.56
2026-03-02,US,adv_demo_001,SPONSORED_PRODUCTS,PRODUCT_AD,,,REST_OF_SEARCH,CLICK,CPC,SPONSORED_PRODUCTS:PRODUCT_AD:REST_OF_SEARCH:UNSPECIFIED:CLICK,USD,0,329,269.78,23,1480.05
2026-03-02,US,adv_demo_001,SPONSORED_PRODUCTS,PRODUCT_AD,,,TOP_OF_SEARCH,IMPRESSION,CPM,SPONSORED_PRODUCTS:PRODUCT_AD:TOP_OF_SEARCH:UNSPECIFIED:IMPRESSION,USD,41022,0,0,0,0
2026-03-02,US,adv_demo_001,SPONSORED_PRODUCTS,PRODUCT_AD,,,TOP_OF_SEARCH,CLICK,CPC,SPONSORED_PRODUCTS:PRODUCT_AD:TOP_OF_SEARCH:UNSPECIFIED:CLICK,USD,0,477,486.54,40,2880.0
2026-03-03,US,adv_demo_001,AMAZON_DSP,,,AUDIO,,IMPRESSION,CPM,AMAZON_DSP:AUDIO:UNSPECIFIED:UNSPECIFIED:IMPRESSION,USD,44307,0,797.53,0,0
2026-03-03,US,adv_demo_001,AMAZON_DSP,,IMAGE,DISPLAY,,IMPRESSION,CPM,AMAZON_DSP:DISPLAY:UNSPECIFIED:IMAGE:IMPRESSION,USD,53848,0,673.1,0,0
2026-03-03,US,adv_demo_001,AMAZON_DSP,,VIDEO,ONLINE_VIDEO,,IMPRESSION,CPM,AMAZON_DSP:ONLINE_VIDEO:UNSPECIFIED:VIDEO:IMPRESSION,USD,41389,0,827.78,0,0
2026-03-03,US,adv_demo_001,AMAZON_DSP,,VIDEO,STREAMING_TV,,IMPRESSION,CPM,AMAZON_DSP:STREAMING_TV:UNSPECIFIED:VIDEO:IMPRESSION,USD,49930,0,1398.04,0,0
2026-03-03,US,adv_demo_001,SPONSORED_BRANDS,COMPONENT,IMAGE,,TOP_OF_SEARCH,IMPRESSION,CPM,SPONSORED_BRANDS:COMPONENT:TOP_OF_SEARCH:IMAGE:IMPRESSION,USD,22471,0,0,0,0
2026-03-03,US,adv_demo_001,SPONSORED_BRANDS,COMPONENT,IMAGE,,TOP_OF_SEARCH,CLICK,CPC,SPONSORED_BRANDS:COMPONENT:TOP_OF_SEARCH:IMAGE:CLICK,USD,0,178,213.6,9,774.9
2026-03-03,US,adv_demo_001,SPONSORED_BRANDS,DISPLAY,IMAGE,,REST_OF_SEARCH,IMPRESSION,CPM,SPONSORED_BRANDS:DISPLAY:REST_OF_SEARCH:IMAGE:IMPRESSION,USD,26012,0,0,0,0
2026-03-03,US,adv_demo_001,SPONSORED_BRANDS,VIDEO,VIDEO,,TOP_OF_SEARCH,IMPRESSION,CPM,SPONSORED_BRANDS:VIDEO:TOP_OF_SEARCH:VIDEO:IMPRESSION,USD,21553,0,0,0,0
2026-03-03,US,adv_demo_001,SPONSORED_BRANDS,VIDEO,VIDEO,,TOP_OF_SEARCH,CLICK,CPC,SPONSORED_BRANDS:VIDEO:TOP_OF_SEARCH:VIDEO:CLICK,USD,0,155,213.9,8,706.16
2026-03-03,US,adv_demo_001,SPONSORED_DISPLAY,DISPLAY,IMAGE,,PRODUCT_PAGE,IMPRESSION,CPM,SPONSORED_DISPLAY:DISPLAY:PRODUCT_PAGE:IMAGE:IMPRESSION,USD,30094,0,0,0,0
2026-03-03,US,adv_demo_001,SPONSORED_DISPLAY,DISPLAY,IMAGE,,PRODUCT_PAGE,CLICK,CPC,SPONSORED_DISPLAY:DISPLAY:PRODUCT_PAGE:IMAGE:CLICK,USD,0,178,163.76,8,595.84
2026-03-03,US,adv_demo_001,SPONSORED_DISPLAY,DISPLAY,VIDEO,,PRODUCT_PAGE,IMPRESSION,CPM,SPONSORED_DISPLAY:DISPLAY:PRODUCT_PAGE:VIDEO:IMPRESSION,USD,25635,0,0,0,0
2026-03-03,US,adv_demo_001,SPONSORED_DISPLAY,VIDEO,VIDEO,,PRODUCT_PAGE,CLICK,CPC,SPONSORED_DISPLAY:VIDEO:PRODUCT_PAGE:VIDEO:CLICK,USD,0,114,134.52,6,528.0
2026-03-03,US,adv_demo_001,SPONSORED_PRODUCTS,PRODUCT_AD,,,PRODUCT_PAGE,CLICK,CPC,SPONSORED_PRODUCTS:PRODUCT_AD:PRODUCT_PAGE:UNSPECIFIED:CLICK,USD,0,342,300.96,26,1785.68
2026-03-03,US,adv_demo_001,SPONSORED_PRODUCTS,PRODUCT_AD,,,REST_OF_SEARCH,CLICK,CPC,SPONSORED_PRODUCTS:PRODUCT_AD:REST_OF_SEARCH:UNSPECIFIED:CLICK,USD,0,342,280.44,24,1591.2
2026-03-03,US,adv_demo_001,SPONSORED_PRODUCTS,PRODUCT_AD,,,TOP_OF_SEARCH,IMPRESSION,CPM,SPONSORED_PRODUCTS:PRODUCT_AD:TOP_OF_SEARCH:UNSPECIFIED:IMPRESSION,USD,41999,0,0,0,0
2026-03-03,US,adv_demo_001,SPONSORED_PRODUCTS,PRODUCT_AD,,,TOP_OF_SEARCH,CLICK,CPC,SPONSORED_PRODUCTS:PRODUCT_AD:TOP_OF_SEARCH:UNSPECIFIED:CLICK,USD,0,494,503.88,37,2743.92
2026-03-04,US,adv_demo_001,AMAZON_DSP,,,AUDIO,,IMPRESSION,CPM,AMAZON_DSP:AUDIO:UNSPECIFIED:UNSPECIFIED:IMPRESSION,USD,45284,0,815.11,0,0
2026-03-04,US,adv_demo_001,AMAZON_DSP,,IMAGE,DISPLAY,,IMPRESSION,CPM,AMAZON_DSP:DISPLAY:UNSPECIFIED:IMAGE:IMPRESSION,USD,54825,0,685.31,0,0
2026-03-04,US,adv_demo_001,AMAZON_DSP,,VIDEO,ONLINE_VIDEO,,IMPRESSION,CPM,AMAZON_DSP:ONLINE_VIDEO:UNSPECIFIED:VIDEO:IMPRESSION,USD,42366,0,847.32,0,0
2026-03-04,US,adv_demo_001,AMAZON_DSP,,VIDEO,STREAMING_TV,,IMPRESSION,CPM,AMAZON_DSP:STREAMING_TV:UNSPECIFIED:VIDEO:IMPRESSION,USD,50907,0,1425.4,0,0
2026-03-04,US,adv_demo_001,SPONSORED_BRANDS,COMPONENT,IMAGE,,TOP_OF_SEARCH,IMPRESSION,CPM,SPONSORED_BRANDS:COMPONENT:TOP_OF_SEARCH:IMAGE:IMPRESSION,USD,23448,0,0,0,0
2026-03-04,US,adv_demo_001,SPONSORED_BRANDS,COMPONENT,IMAGE,,TOP_OF_SEARCH,CLICK,CPC,SPONSORED_BRANDS:COMPONENT:TOP_OF_SEARCH:IMAGE:CLICK,USD,0,188,225.6,10,803.6
2026-03-04,US,adv_demo_001,SPONSORED_BRANDS,DISPLAY,IMAGE,,REST_OF_SEARCH,IMPRESSION,CPM,SPONSORED_BRANDS:DISPLAY:REST_OF_SEARCH:IMAGE:IMPRESSION,USD,26989,0,0,0,0
2026-03-04,US,adv_demo_001,SPONSORED_BRANDS,VIDEO,VIDEO,,TOP_OF_SEARCH,IMPRESSION,CPM,SPONSORED_BRANDS:VIDEO:TOP_OF_SEARCH:VIDEO:IMPRESSION,USD,22530,0,0,0,0
2026-03-04,US,adv_demo_001,SPONSORED_BRANDS,VIDEO,VIDEO,,TOP_OF_SEARCH,CLICK,CPC,SPONSORED_BRANDS:VIDEO:TOP_OF_SEARCH:VIDEO:CLICK,USD,0,163,224.94,8,728.0
2026-03-04,US,adv_demo_001,SPONSORED_DISPLAY,DISPLAY,IMAGE,,PRODUCT_PAGE,IMPRESSION,CPM,SPONSORED_DISPLAY:DISPLAY:PRODUCT_PAGE:IMAGE:IMPRESSION,USD,24271,0,0,0,0
2026-03-04,US,adv_demo_001,SPONSORED_DISPLAY,DISPLAY,IMAGE,,PRODUCT_PAGE,CLICK,CPC,SPONSORED_DISPLAY:DISPLAY:PRODUCT_PAGE:IMAGE:CLICK,USD,0,132,121.44,6,460.56
2026-03-04,US,adv_demo_001,SPONSORED_DISPLAY,DISPLAY,VIDEO,,PRODUCT_PAGE,IMPRESSION,CPM,SPONSORED_DISPLAY:DISPLAY:PRODUCT_PAGE:VIDEO:IMPRESSION,USD,19812,0,0,0,0
2026-03-04,US,adv_demo_001,SPONSORED_DISPLAY,VIDEO,VIDEO,,PRODUCT_PAGE,CLICK,CPC,SPONSORED_DISPLAY:VIDEO:PRODUCT_PAGE:VIDEO:CLICK,USD,0,122,143.96,6,543.84
2026-03-04,US,adv_demo_001,SPONSORED_PRODUCTS,PRODUCT_AD,,,PRODUCT_PAGE,CLICK,CPC,SPONSORED_PRODUCTS:PRODUCT_AD:PRODUCT_PAGE:UNSPECIFIED:CLICK,USD,0,355,312.4,24,1697.28
2026-03-04,US,adv_demo_001,SPONSORED_PRODUCTS,PRODUCT_AD,,,REST_OF_SEARCH,CLICK,CPC,SPONSORED_PRODUCTS:PRODUCT_AD:REST_OF_SEARCH:UNSPECIFIED:CLICK,USD,0,354,290.28,23,1569.75
2026-03-04,US,adv_demo_001,SPONSORED_PRODUCTS,PRODUCT_AD,,,TOP_OF_SEARCH,IMPRESSION,CPM,SPONSORED_PRODUCTS:PRODUCT_AD:TOP_OF_SEARCH:UNSPECIFIED:IMPRESSION,USD,42976,0,0,0,0
2026-03-04,US,adv_demo_001,SPONSORED_PRODUCTS,PRODUCT_AD,,,TOP_OF_SEARCH,CLICK,CPC,SPONSORED_PRODUCTS:PRODUCT_AD:TOP_OF_SEARCH:UNSPECIFIED:CLICK,USD,0,511,521.22,39,2695.68
2026-03-05,US,adv_demo_001,AMAZON_DSP,,,AUDIO,,IMPRESSION,CPM,AMAZON_DSP:AUDIO:UNSPECIFIED:UNSPECIFIED:IMPRESSION,USD,46261,0,832.7,0,0
2026-03-05,US,adv_demo_001,AMAZON_DSP,,IMAGE,DISPLAY,,IMPRESSION,CPM,AMAZON_DSP:DISPLAY:UNSPECIFIED:IMAGE:IMPRESSION,USD,55802,0,697.52,0,0
2026-03-05,US,adv_demo_001,AMAZON_DSP,,VIDEO,ONLINE_VIDEO,,IMPRESSION,CPM,AMAZON_DSP:ONLINE_VIDEO:UNSPECIFIED:VIDEO:IMPRESSION,USD,43343,0,866.86,0,0
2026-03-05,US,adv_demo_001,AMAZON_DSP,,VIDEO,STREAMING_TV,,IMPRESSION,CPM,AMAZON_DSP:STREAMING_TV:UNSPECIFIED:VIDEO:IMPRESSION,USD,51884,0,1452.75,0,0
2026-03-05,US,adv_demo_001,SPONSORED_BRANDS,COMPONENT,IMAGE,,TOP_OF_SEARCH,IMPRESSION,CPM,SPONSORED_BRANDS:COMPONENT:TOP_OF_SEARCH:IMAGE:IMPRESSION,USD,24425,0,0,0,0
2026-03-05,US,adv_demo_001,SPONSORED_BRANDS,COMPONENT,IMAGE,,TOP_OF_SEARCH,CLICK,CPC,SPONSORED_BRANDS:COMPONENT:TOP_OF_SEARCH:IMAGE:CLICK,USD,0,197,236.4,11,911.02
2026-03-05,US,adv_demo_001,SPONSORED_BRANDS,DISPLAY,IMAGE,,REST_OF_SEARCH,IMPRESSION,CPM,SPONSORED_BRANDS:DISPLAY:REST_OF_SEARCH:IMAGE:IMPRESSION,USD,21166,0,0,0,0
2026-03-05,US,adv_demo_001,SPONSORED_BRANDS,VIDEO,VIDEO,,TOP_OF_SEARCH,IMPRESSION,CPM,SPONSORED_BRANDS:VIDEO:TOP_OF_SEARCH:VIDEO:IMPRESSION,USD,16707,0,0,0,0
2026-03-05,US,adv_demo_001,SPONSORED_BRANDS,VIDEO,VIDEO,,TOP_OF_SEARCH,CLICK,CPC,SPONSORED_BRANDS:VIDEO:TOP_OF_SEARCH:VIDEO:CLICK,USD,0,112,154.56,6,562.38
2026-03-05,US,adv_demo_001,SPONSORED_DISPLAY,DISPLAY,IMAGE,,PRODUCT_PAGE,IMPRESSION,CPM,SPONSORED_DISPLAY:DISPLAY:PRODUCT_PAGE:IMAGE:IMPRESSION,USD,25248,0,0,0,0
2026-03-05,US,adv_demo_001,SPONSORED_DISPLAY,DISPLAY,IMAGE,,PRODUCT_PAGE,CLICK,CPC,SPONSORED_DISPLAY:DISPLAY:PRODUCT_PAGE:IMAGE:CLICK,USD,0,139,127.88,6,474.24
2026-03-05,US,adv_demo_001,SPONSORED_DISPLAY,DISPLAY,VIDEO,,PRODUCT_PAGE,IMPRESSION,CPM,SPONSORED_DISPLAY:DISPLAY:PRODUCT_PAGE:VIDEO:IMPRESSION,USD,20789,0,0,0,0
2026-03-05,US,adv_demo_001,SPONSORED_DISPLAY,VIDEO,VIDEO,,PRODUCT_PAGE,CLICK,CPC,SPONSORED_DISPLAY:VIDEO:PRODUCT_PAGE:VIDEO:CLICK,USD,0,129,152.22,6,506.88
2026-03-05,US,adv_demo_001,SPONSORED_PRODUCTS,PRODUCT_AD,,,PRODUCT_PAGE,CLICK,CPC,SPONSORED_PRODUCTS:PRODUCT_AD:PRODUCT_PAGE:UNSPECIFIED:CLICK,USD,0,369,324.72,26,1714.96
2026-03-05,US,adv_demo_001,SPONSORED_PRODUCTS,PRODUCT_AD,,,REST_OF_SEARCH,CLICK,CPC,SPONSORED_PRODUCTS:PRODUCT_AD:REST_OF_SEARCH:UNSPECIFIED:CLICK,USD,0,367,300.94,24,1528.8
2026-03-05,US,adv_demo_001,SPONSORED_PRODUCTS,PRODUCT_AD,,,TOP_OF_SEARCH,IMPRESSION,CPM,SPONSORED_PRODUCTS:PRODUCT_AD:TOP_OF_SEARCH:UNSPECIFIED:IMPRESSION,USD,43953,0,0,0,0
2026-03-05,US,adv_demo_001,SPONSORED_PRODUCTS,PRODUCT_AD,,,TOP_OF_SEARCH,CLICK,CPC,SPONSORED_PRODUCTS:PRODUCT_AD:TOP_OF_SEARCH:UNSPECIFIED:CLICK,USD,0,527,537.54,41,2922.48
2026-03-06,US,adv_demo_001,AMAZON_DSP,,,AUDIO,,IMPRESSION,CPM,AMAZON_DSP:AUDIO:UNSPECIFIED:UNSPECIFIED:IMPRESSION,USD,47238,0,850.28,0,0
2026-03-06,US,adv_demo_001,AMAZON_DSP,,IMAGE,DISPLAY,,IMPRESSION,CPM,AMAZON_DSP:DISPLAY:UNSPECIFIED:IMAGE:IMPRESSION,USD,56779,0,709.74,0,0
2026-03-06,US,adv_demo_001,AMAZON_DSP,,VIDEO,ONLINE_VIDEO,,IMPRESSION,CPM,AMAZON_DSP:ONLINE_VIDEO:UNSPECIFIED:VIDEO:IMPRESSION,USD,44320,0,886.4,0,0
2026-03-06,US,adv_demo_001,AMAZON_DSP,,VIDEO,STREAMING_TV,,IMPRESSION,CPM,AMAZON_DSP:STREAMING_TV:UNSPECIFIED:VIDEO:IMPRESSION,USD,46061,0,1289.71,0,0
2026-03-06,US,adv_demo_001,SPONSORED_BRANDS,COMPONENT,IMAGE,,TOP_OF_SEARCH,IMPRESSION,CPM,SPONSORED_BRANDS:COMPONENT:TOP_OF_SEARCH:IMAGE:IMPRESSION,USD,18602,0,0,0,0
2026-03-06,US,adv_demo_001,SPONSORED_BRANDS,COMPONENT,IMAGE,,TOP_OF_SEARCH,CLICK,CPC,SPONSORED_BRANDS:COMPONENT:TOP_OF_SEARCH:IMAGE:CLICK,USD,0,152,182.4,8,682.24
2026-03-06,US,adv_demo_001,SPONSORED_BRANDS,DISPLAY,IMAGE,,REST_OF_SEARCH,IMPRESSION,CPM,SPONSORED_BRANDS:DISPLAY:REST_OF_SEARCH:IMAGE:IMPRESSION,USD,22143,0,0,0,0
2026-03-06,US,adv_demo_001,SPONSORED_BRANDS,VIDEO,VIDEO,,TOP_OF_SEARCH,IMPRESSION,CPM,SPONSORED_BRANDS:VIDEO:TOP_OF_SEARCH:VIDEO:IMPRESSION,USD,17684,0,0,0,0
2026-03-06,US,adv_demo_001,SPONSORED_BRANDS,VIDEO,VIDEO,,TOP_OF_SEARCH,CLICK,CPC,SPONSORED_BRANDS:VIDEO:TOP_OF_SEARCH:VIDEO:CLICK,USD,0,119,164.22,5,436.8
2026-03-06,US,adv_demo_001,SPONSORED_DISPLAY,DISPLAY,IMAGE,,PRODUCT_PAGE,IMPRESSION,CPM,SPONSORED_DISPLAY:DISPLAY:PRODUCT_PAGE:IMAGE:IMPRESSION,USD,26225,0,0,0,0
2026-03-06,US,adv_demo_001,SPONSORED_DISPLAY,DISPLAY,IMAGE,,PRODUCT_PAGE,CLICK,CPC,SPONSORED_DISPLAY:DISPLAY:PRODUCT_PAGE:IMAGE:CLICK,USD,0,146,134.32,6,442.32
2026-03-06,US,adv_demo_001,SPONSORED_DISPLAY,DISPLAY,VIDEO,,PRODUCT_PAGE,IMPRESSION,CPM,SPONSORED_DISPLAY:DISPLAY:PRODUCT_PAGE:VIDEO:IMPRESSION,USD,21766,0,0,0,0
2026-03-06,US,adv_demo_001,SPONSORED_DISPLAY,VIDEO,VIDEO,,PRODUCT_PAGE,CLICK,CPC,SPONSORED_DISPLAY:VIDEO:PRODUCT_PAGE:VIDEO:CLICK,USD,0,137,161.66,6,522.72
2026-03-06,US,adv_demo_001,SPONSORED_PRODUCTS,PRODUCT_AD,,,PRODUCT_PAGE,CLICK,CPC,SPONSORED_PRODUCTS:PRODUCT_AD:PRODUCT_PAGE:UNSPECIFIED:CLICK,USD,0,383,337.04,28,1904.0
2026-03-06,US,adv_demo_001,SPONSORED_PRODUCTS,PRODUCT_AD,,,REST_OF_SEARCH,CLICK,CPC,SPONSORED_PRODUCTS:PRODUCT_AD:REST_OF_SEARCH:UNSPECIFIED:CLICK,USD,0,380,311.6,25,1641.25
2026-03-06,US,adv_demo_001,SPONSORED_PRODUCTS,PRODUCT_AD,,,TOP_OF_SEARCH,IMPRESSION,CPM,SPONSORED_PRODUCTS:PRODUCT_AD:TOP_OF_SEARCH:UNSPECIFIED:IMPRESSION,USD,44930,0,0,0,0
2026-03-06,US,adv_demo_001,SPONSORED_PRODUCTS,PRODUCT_AD,,,TOP_OF_SEARCH,CLICK,CPC,SPONSORED_PRODUCTS:PRODUCT_AD:TOP_OF_SEARCH:UNSPECIFIED:CLICK,USD,0,545,555.9,44,3231.36
2026-03-07,US,adv_demo_001,AMAZON_DSP,,,AUDIO,,IMPRESSION,CPM,AMAZON_DSP:AUDIO:UNSPECIFIED:UNSPECIFIED:IMPRESSION,USD,48215,0,867.87,0,0
2026-03-07,US,adv_demo_001,AMAZON_DSP,,IMAGE,DISPLAY,,IMPRESSION,CPM,AMAZON_DSP:DISPLAY:UNSPECIFIED:IMAGE:IMPRESSION,USD,57756,0,721.95,0,0
2026-03-07,US,adv_demo_001,AMAZON_DSP,,VIDEO,ONLINE_VIDEO,,IMPRESSION,CPM,AMAZON_DSP:ONLINE_VIDEO:UNSPECIFIED:VIDEO:IMPRESSION,USD,38497,0,769.94,0,0
2026-03-07,US,adv_demo_001,AMAZON_DSP,,VIDEO,STREAMING_TV,,IMPRESSION,CPM,AMAZON_DSP:STREAMING_TV:UNSPECIFIED:VIDEO:IMPRESSION,USD,47038,0,1317.06,0,0
2026-03-07,US,adv_demo_001,SPONSORED_BRANDS,COMPONENT,IMAGE,,TOP_OF_SEARCH,IMPRESSION,CPM,SPONSORED_BRANDS:COMPONENT:TOP_OF_SEARCH:IMAGE:IMPRESSION,USD,19579,0,0,0,0
2026-03-07,US,adv_demo_001,SPONSORED_BRANDS,COMPONENT,IMAGE,,TOP_OF_SEARCH,CLICK,CPC,SPONSORED_BRANDS:COMPONENT:TOP_OF_SEARCH:IMAGE:CLICK,USD,0,147,176.4,7,556.78
2026-03-07,US,adv_demo_001,SPONSORED_BRANDS,DISPLAY,IMAGE,,REST_OF_SEARCH,IMPRESSION,CPM,SPONSORED_BRANDS:DISPLAY:REST_OF_SEARCH:IMAGE:IMPRESSION,USD,23120,0,0,0,0
2026-03-07,US,adv_demo_001,SPONSORED_BRANDS,VIDEO,VIDEO,,TOP_OF_SEARCH,IMPRESSION,CPM,SPONSORED_BRANDS:VIDEO:TOP_OF_SEARCH:VIDEO:IMPRESSION,USD,18661,0,0,0,0
2026-03-07,US,adv_demo_001,SPONSORED_BRANDS,VIDEO,VIDEO,,TOP_OF_SEARCH,CLICK,CPC,SPONSORED_BRANDS:VIDEO:TOP_OF_SEARCH:VIDEO:CLICK,USD,0,127,175.26,6,540.54
2026-03-07,US,adv_demo_001,SPONSORED_DISPLAY,DISPLAY,IMAGE,,PRODUCT_PAGE,IMPRESSION,CPM,SPONSORED_DISPLAY:DISPLAY:PRODUCT_PAGE:IMAGE:IMPRESSION,USD,27202,0,0,0,0
2026-03-07,US,adv_demo_001,SPONSORED_DISPLAY,DISPLAY,IMAGE,,PRODUCT_PAGE,CLICK,CPC,SPONSORED_DISPLAY:DISPLAY:PRODUCT_PAGE:IMAGE:CLICK,USD,0,153,140.76,7,532.0
2026-03-07,US,adv_demo_001,SPONSORED_DISPLAY,DISPLAY,VIDEO,,PRODUCT_PAGE,IMPRESSION,CPM,SPONSORED_DISPLAY:DISPLAY:PRODUCT_PAGE:VIDEO:IMPRESSION,USD,22743,0,0,0,0
2026-03-07,US,adv_demo_001,SPONSORED_DISPLAY,VIDEO,VIDEO,,PRODUCT_PAGE,CLICK,CPC,SPONSORED_DISPLAY:VIDEO:PRODUCT_PAGE:VIDEO:CLICK,USD,0,145,171.1,7,628.32
2026-03-07,US,adv_demo_001,SPONSORED_PRODUCTS,PRODUCT_AD,,,PRODUCT_PAGE,CLICK,CPC,SPONSORED_PRODUCTS:PRODUCT_AD:PRODUCT_PAGE:UNSPECIFIED:CLICK,USD,0,397,349.36,29,2031.16
2026-03-07,US,adv_demo_001,SPONSORED_PRODUCTS,PRODUCT_AD,,,REST_OF_SEARCH,CLICK,CPC,SPONSORED_PRODUCTS:PRODUCT_AD:REST_OF_SEARCH:UNSPECIFIED:CLICK,USD,0,393,322.26,27,1825.2
2026-03-07,US,adv_demo_001,SPONSORED_PRODUCTS,PRODUCT_AD,,,TOP_OF_SEARCH,IMPRESSION,CPM,SPONSORED_PRODUCTS:PRODUCT_AD:TOP_OF_SEARCH:UNSPECIFIED:IMPRESSION,USD,45907,0,0,0,0
2026-03-07,US,adv_demo_001,SPONSORED_PRODUCTS,PRODUCT_AD,,,TOP_OF_SEARCH,CLICK,CPC,SPONSORED_PRODUCTS:PRODUCT_AD:TOP_OF_SEARCH:UNSPECIFIED:CLICK,USD,0,562,573.24,46,3477.6
2026-03-08,US,adv_demo_001,AMAZON_DSP,,,AUDIO,,IMPRESSION,CPM,AMAZON_DSP:AUDIO:UNSPECIFIED:UNSPECIFIED:IMPRESSION,USD,42392,0,763.06,0,0
2026-03-08,US,adv_demo_001,AMAZON_DSP,,IMAGE,DISPLAY,,IMPRESSION,CPM,AMAZON_DSP:DISPLAY:UNSPECIFIED:IMAGE:IMPRESSION,USD,51933,0,649.16,0,0
2026-03-08,US,adv_demo_001,AMAZON_DSP,,VIDEO,ONLINE_VIDEO,,IMPRESSION,CPM,AMAZON_DSP:ONLINE_VIDEO:UNSPECIFIED:VIDEO:IMPRESSION,USD,39474,0,789.48,0,0
2026-03-08,US,adv_demo_001,AMAZON_DSP,,VIDEO,STREAMING_TV,,IMPRESSION,CPM,AMAZON_DSP:STREAMING_TV:UNSPECIFIED:VIDEO:IMPRESSION,USD,48015,0,1344.42,0,0
2026-03-08,US,adv_demo_001,SPONSORED_BRANDS,COMPONENT,IMAGE,,TOP_OF_SEARCH,IMPRESSION,CPM,SPONSORED_BRANDS:COMPONENT:TOP_OF_SEARCH:IMAGE:IMPRESSION,USD,20556,0,0,0,0
2026-03-08,US,adv_demo_001,SPONSORED_BRANDS,COMPONENT,IMAGE,,TOP_OF_SEARCH,CLICK,CPC,SPONSORED_BRANDS:COMPONENT:TOP_OF_SEARCH:IMAGE:CLICK,USD,0,156,187.2,8,656.0
2026-03-08,US,adv_demo_001,SPONSORED_BRANDS,DISPLAY,IMAGE,,REST_OF_SEARCH,IMPRESSION,CPM,SPONSORED_BRANDS:DISPLAY:REST_OF_SEARCH:IMAGE:IMPRESSION,USD,24097,0,0,0,0
2026-03-08,US,adv_demo_001,SPONSORED_BRANDS,VIDEO,VIDEO,,TOP_OF_SEARCH,IMPRESSION,CPM,SPONSORED_BRANDS:VIDEO:TOP_OF_SEARCH:VIDEO:IMPRESSION,USD,19638,0,0,0,0
2026-03-08,US,adv_demo_001,SPONSORED_BRANDS,VIDEO,VIDEO,,TOP_OF_SEARCH,CLICK,CPC,SPONSORED_BRANDS:VIDEO:TOP_OF_SEARCH:VIDEO:CLICK,USD,0,135,186.3,6,556.92
2026-03-08,US,adv_demo_001,SPONSORED_DISPLAY,DISPLAY,IMAGE,,PRODUCT_PAGE,IMPRESSION,CPM,SPONSORED_DISPLAY:DISPLAY:PRODUCT_PAGE:IMAGE:IMPRESSION,USD,28179,0,0,0,0
2026-03-08,US,adv_demo_001,SPONSORED_DISPLAY,DISPLAY,IMAGE,,PRODUCT_PAGE,CLICK,CPC,SPONSORED_DISPLAY:DISPLAY:PRODUCT_PAGE:IMAGE:CLICK,USD,0,160,147.2,7,547.96
2026-03-08,US,adv_demo_001,SPONSORED_DISPLAY,DISPLAY,VIDEO,,PRODUCT_PAGE,IMPRESSION,CPM,SPONSORED_DISPLAY:DISPLAY:PRODUCT_PAGE:VIDEO:IMPRESSION,USD,23720,0,0,0,0
2026-03-08,US,adv_demo_001,SPONSORED_DISPLAY,VIDEO,VIDEO,,PRODUCT_PAGE,CLICK,CPC,SPONSORED_DISPLAY:VIDEO:PRODUCT_PAGE:VIDEO:CLICK,USD,0,154,181.72,7,646.8
2026-03-08,US,adv_demo_001,SPONSORED_PRODUCTS,PRODUCT_AD,,,PRODUCT_PAGE,CLICK,CPC,SPONSORED_PRODUCTS:PRODUCT_AD:PRODUCT_PAGE:UNSPECIFIED:CLICK,USD,0,411,361.68,31,2023.68
2026-03-08,US,adv_demo_001,SPONSORED_PRODUCTS,PRODUCT_AD,,,REST_OF_SEARCH,CLICK,CPC,SPONSORED_PRODUCTS:PRODUCT_AD:REST_OF_SEARCH:UNSPECIFIED:CLICK,USD,0,406,332.92,28,1765.4
2026-03-08,US,adv_demo_001,SPONSORED_PRODUCTS,PRODUCT_AD,,,TOP_OF_SEARCH,IMPRESSION,CPM,SPONSORED_PRODUCTS:PRODUCT_AD:TOP_OF_SEARCH:UNSPECIFIED:IMPRESSION,USD,40084,0,0,0,0
2026-03-08,US,adv_demo_001,SPONSORED_PRODUCTS,PRODUCT_AD,,,TOP_OF_SEARCH,CLICK,CPC,SPONSORED_PRODUCTS:PRODUCT_AD:TOP_OF_SEARCH:UNSPECIFIED:CLICK,USD,0,452,461.04,38,2681.28
2026-03-09,US,adv_demo_001,AMAZON_DSP,,,AUDIO,,IMPRESSION,CPM,AMAZON_DSP:AUDIO:UNSPECIFIED:UNSPECIFIED:IMPRESSION,USD,43369,0,780.64,0,0
2026-03-09,US,adv_demo_001,AMAZON_DSP,,IMAGE,DISPLAY,,IMPRESSION,CPM,AMAZON_DSP:DISPLAY:UNSPECIFIED:IMAGE:IMPRESSION,USD,52910,0,661.38,0,0
2026-03-09,US,adv_demo_001,AMAZON_DSP,,VIDEO,ONLINE_VIDEO,,IMPRESSION,CPM,AMAZON_DSP:ONLINE_VIDEO:UNSPECIFIED:VIDEO:IMPRESSION,USD,40451,0,809.02,0,0
2026-03-09,US,adv_demo_001,AMAZON_DSP,,VIDEO,STREAMING_TV,,IMPRESSION,CPM,AMAZON_DSP:STREAMING_TV:UNSPECIFIED:VIDEO:IMPRESSION,USD,48992,0,1371.78,0,0
2026-03-09,US,adv_demo_001,SPONSORED_BRANDS,COMPONENT,IMAGE,,TOP_OF_SEARCH,IMPRESSION,CPM,SPONSORED_BRANDS:COMPONENT:TOP_OF_SEARCH:IMAGE:IMPRESSION,USD,21533,0,0,0,0
2026-03-09,US,adv_demo_001,SPONSORED_BRANDS,COMPONENT,IMAGE,,TOP_OF_SEARCH,CLICK,CPC,SPONSORED_BRANDS:COMPONENT:TOP_OF_SEARCH:IMAGE:CLICK,USD,0,165,198.0,9,760.14
2026-03-09,US,adv_demo_001,SPONSORED_BRANDS,DISPLAY,IMAGE,,REST_OF_SEARCH,IMPRESSION,CPM,SPONSORED_BRANDS:DISPLAY:REST_OF_SEARCH:IMAGE:IMPRESSION,USD,25074,0,0,0,0
2026-03-09,US,adv_demo_001,SPONSORED_BRANDS,VIDEO,VIDEO,,TOP_OF_SEARCH,IMPRESSION,CPM,SPONSORED_BRANDS:VIDEO:TOP_OF_SEARCH:VIDEO:IMPRESSION,USD,20615,0,0,0,0
2026-03-09,US,adv_demo_001,SPONSORED_BRANDS,VIDEO,VIDEO,,TOP_OF_SEARCH,CLICK,CPC,SPONSORED_BRANDS:VIDEO:TOP_OF_SEARCH:VIDEO:CLICK,USD,0,143,197.34,7,668.85
2026-03-09,US,adv_demo_001,SPONSORED_DISPLAY,DISPLAY,IMAGE,,PRODUCT_PAGE,IMPRESSION,CPM,SPONSORED_DISPLAY:DISPLAY:PRODUCT_PAGE:IMAGE:IMPRESSION,USD,29156,0,0,0,0
2026-03-09,US,adv_demo_001,SPONSORED_DISPLAY,DISPLAY,IMAGE,,PRODUCT_PAGE,CLICK,CPC,SPONSORED_DISPLAY:DISPLAY:PRODUCT_PAGE:IMAGE:CLICK,USD,0,167,153.64,7,510.72
2026-03-09,US,adv_demo_001,SPONSORED_DISPLAY,DISPLAY,VIDEO,,PRODUCT_PAGE,IMPRESSION,CPM,SPONSORED_DISPLAY:DISPLAY:PRODUCT_PAGE:VIDEO:IMPRESSION,USD,24697,0,0,0,0
2026-03-09,US,adv_demo_001,SPONSORED_DISPLAY,VIDEO,VIDEO,,PRODUCT_PAGE,CLICK,CPC,SPONSORED_DISPLAY:VIDEO:PRODUCT_PAGE:VIDEO:CLICK,USD,0,162,191.16,8,689.92
2026-03-09,US,adv_demo_001,SPONSORED_PRODUCTS,PRODUCT_AD,,,PRODUCT_PAGE,CLICK,CPC,SPONSORED_PRODUCTS:PRODUCT_AD:PRODUCT_PAGE:UNSPECIFIED:CLICK,USD,0,426,374.88,33,2221.56
2026-03-09,US,adv_demo_001,SPONSORED_PRODUCTS,PRODUCT_AD,,,REST_OF_SEARCH,CLICK,CPC,SPONSORED_PRODUCTS:PRODUCT_AD:REST_OF_SEARCH:UNSPECIFIED:CLICK,USD,0,323,264.86,21,1365.0
2026-03-09,US,adv_demo_001,SPONSORED_PRODUCTS,PRODUCT_AD,,,TOP_OF_SEARCH,IMPRESSION,CPM,SPONSORED_PRODUCTS:PRODUCT_AD:TOP_OF_SEARCH:UNSPECIFIED:IMPRESSION,USD,41061,0,0,0,0
2026-03-09,US,adv_demo_001,SPONSORED_PRODUCTS,PRODUCT_AD,,,TOP_OF_SEARCH,CLICK,CPC,SPONSORED_PRODUCTS:PRODUCT_AD:TOP_OF_SEARCH:UNSPECIFIED:CLICK,USD,0,468,477.36,36,2617.92
2026-03-10,US,adv_demo_001,AMAZON_DSP,,,AUDIO,,IMPRESSION,CPM,AMAZON_DSP:AUDIO:UNSPECIFIED:UNSPECIFIED:IMPRESSION,USD,44346,0,798.23,0,0
2026-03-10,US,adv_demo_001,AMAZON_DSP,,IMAGE,DISPLAY,,IMPRESSION,CPM,AMAZON_DSP:DISPLAY:UNSPECIFIED:IMAGE:IMPRESSION,USD,53887,0,673.59,0,0
2026-03-10,US,adv_demo_001,AMAZON_DSP,,VIDEO,ONLINE_VIDEO,,IMPRESSION,CPM,AMAZON_DSP:ONLINE_VIDEO:UNSPECIFIED:VIDEO:IMPRESSION,USD,41428,0,828.56,0,0
2026-03-10,US,adv_demo_001,AMAZON_DSP,,VIDEO,STREAMING_TV,,IMPRESSION,CPM,AMAZON_DSP:STREAMING_TV:UNSPECIFIED:VIDEO:IMPRESSION,USD,49969,0,1399.13,0,0
2026-03-10,US,adv_demo_001,SPONSORED_BRANDS,COMPONENT,IMAGE,,TOP_OF_SEARCH,IMPRESSION,CPM,SPONSORED_BRANDS:COMPONENT:TOP_OF_SEARCH:IMAGE:IMPRESSION,USD,22510,0,0,0,0
2026-03-10,US,adv_demo_001,SPONSORED_BRANDS,COMPONENT,IMAGE,,TOP_OF_SEARCH,CLICK,CPC,SPONSORED_BRANDS:COMPONENT:TOP_OF_SEARCH:IMAGE:CLICK,USD,0,175,210.0,9,708.48
2026-03-10,US,adv_demo_001,SPONSORED_BRANDS,DISPLAY,IMAGE,,REST_OF_SEARCH,IMPRESSION,CPM,SPONSORED_BRANDS:DISPLAY:REST_OF_SEARCH:IMAGE:IMPRESSION,USD,26051,0,0,0,0
2026-03-10,US,adv_demo_001,SPONSORED_BRANDS,VIDEO,VIDEO,,TOP_OF_SEARCH,IMPRESSION,CPM,SPONSORED_BRANDS:VIDEO:TOP_OF_SEARCH:VIDEO:IMPRESSION,USD,21592,0,0,0,0
2026-03-10,US,adv_demo_001,SPONSORED_BRANDS,VIDEO,VIDEO,,TOP_OF_SEARCH,CLICK,CPC,SPONSORED_BRANDS:VIDEO:TOP_OF_SEARCH:VIDEO:CLICK,USD,0,152,209.76,8,713.44
2026-03-10,US,adv_demo_001,SPONSORED_DISPLAY,DISPLAY,IMAGE,,PRODUCT_PAGE,IMPRESSION,CPM,SPONSORED_DISPLAY:DISPLAY:PRODUCT_PAGE:IMAGE:IMPRESSION,USD,30133,0,0,0,0
2026-03-10,US,adv_demo_001,SPONSORED_DISPLAY,DISPLAY,IMAGE,,PRODUCT_PAGE,CLICK,CPC,SPONSORED_DISPLAY:DISPLAY:PRODUCT_PAGE:IMAGE:CLICK,USD,0,175,161.0,8,601.92
2026-03-10,US,adv_demo_001,SPONSORED_DISPLAY,DISPLAY,VIDEO,,PRODUCT_PAGE,IMPRESSION,CPM,SPONSORED_DISPLAY:DISPLAY:PRODUCT_PAGE:VIDEO:IMPRESSION,USD,25674,0,0,0,0
2026-03-10,US,adv_demo_001,SPONSORED_DISPLAY,VIDEO,VIDEO,,PRODUCT_PAGE,CLICK,CPC,SPONSORED_DISPLAY:VIDEO:PRODUCT_PAGE:VIDEO:CLICK,USD,0,123,145.14,6,533.28
2026-03-10,US,adv_demo_001,SPONSORED_PRODUCTS,PRODUCT_AD,,,PRODUCT_PAGE,CLICK,CPC,SPONSORED_PRODUCTS:PRODUCT_AD:PRODUCT_PAGE:UNSPECIFIED:CLICK,USD,0,335,294.8,23,1595.28
2026-03-10,US,adv_demo_001,SPONSORED_PRODUCTS,PRODUCT_AD,,,REST_OF_SEARCH,CLICK,CPC,SPONSORED_PRODUCTS:PRODUCT_AD:REST_OF_SEARCH:UNSPECIFIED:CLICK,USD,0,335,274.7,22,1472.9
2026-03-10,US,adv_demo_001,SPONSORED_PRODUCTS,PRODUCT_AD,,,TOP_OF_SEARCH,IMPRESSION,CPM,SPONSORED_PRODUCTS:PRODUCT_AD:TOP_OF_SEARCH:UNSPECIFIED:IMPRESSION,USD,42038,0,0,0,0
2026-03-10,US,adv_demo_001,SPONSORED_PRODUCTS,PRODUCT_AD,,,TOP_OF_SEARCH,CLICK,CPC,SPONSORED_PRODUCTS:PRODUCT_AD:TOP_OF_SEARCH:UNSPECIFIED:CLICK,USD,0,484,493.68,38,2845.44
2026-03-11,US,adv_demo_001,AMAZON_DSP,,,AUDIO,,IMPRESSION,CPM,AMAZON_DSP:AUDIO:UNSPECIFIED:UNSPECIFIED:IMPRESSION,USD,45323,0,815.81,0,0
2026-03-11,US,adv_demo_001,AMAZON_DSP,,IMAGE,DISPLAY,,IMPRESSION,CPM,AMAZON_DSP:DISPLAY:UNSPECIFIED:IMAGE:IMPRESSION,USD,54864,0,685.8,0,0
2026-03-11,US,adv_demo_001,AMAZON_DSP,,VIDEO,ONLINE_VIDEO,,IMPRESSION,CPM,AMAZON_DSP:ONLINE_VIDEO:UNSPECIFIED:VIDEO:IMPRESSION,USD,42405,0,848.1,0,0
2026-03-11,US,adv_demo_001,AMAZON_DSP,,VIDEO,STREAMING_TV,,IMPRESSION,CPM,AMAZON_DSP:STREAMING_TV:UNSPECIFIED:VIDEO:IMPRESSION,USD,50946,0,1426.49,0,0
2026-03-11,US,adv_demo_001,SPONSORED_BRANDS,COMPONENT,IMAGE,,TOP_OF_SEARCH,IMPRESSION,CPM,SPONSORED_BRANDS:COMPONENT:TOP_OF_SEARCH:IMAGE:IMPRESSION,USD,23487,0,0,0,0
2026-03-11,US,adv_demo_001,SPONSORED_BRANDS,COMPONENT,IMAGE,,TOP_OF_SEARCH,CLICK,CPC,SPONSORED_BRANDS:COMPONENT:TOP_OF_SEARCH:IMAGE:CLICK,USD,0,184,220.8,10,811.8
2026-03-11,US,adv_demo_001,SPONSORED_BRANDS,DISPLAY,IMAGE,,REST_OF_SEARCH,IMPRESSION,CPM,SPONSORED_BRANDS:DISPLAY:REST_OF_SEARCH:IMAGE:IMPRESSION,USD,27028,0,0,0,0
2026-03-11,US,adv_demo_001,SPONSORED_BRANDS,VIDEO,VIDEO,,TOP_OF_SEARCH,IMPRESSION,CPM,SPONSORED_BRANDS:VIDEO:TOP_OF_SEARCH:VIDEO:IMPRESSION,USD,22569,0,0,0,0
2026-03-11,US,adv_demo_001,SPONSORED_BRANDS,VIDEO,VIDEO,,TOP_OF_SEARCH,CLICK,CPC,SPONSORED_BRANDS:VIDEO:TOP_OF_SEARCH:VIDEO:CLICK,USD,0,160,220.8,8,735.28
2026-03-11,US,adv_demo_001,SPONSORED_DISPLAY,DISPLAY,IMAGE,,PRODUCT_PAGE,IMPRESSION,CPM,SPONSORED_DISPLAY:DISPLAY:PRODUCT_PAGE:IMAGE:IMPRESSION,USD,24310,0,0,0,0
2026-03-11,US,adv_demo_001,SPONSORED_DISPLAY,DISPLAY,IMAGE,,PRODUCT_PAGE,CLICK,CPC,SPONSORED_DISPLAY:DISPLAY:PRODUCT_PAGE:IMAGE:CLICK,USD,0,142,130.64,6,465.12
2026-03-11,US,adv_demo_001,SPONSORED_DISPLAY,DISPLAY,VIDEO,,PRODUCT_PAGE,IMPRESSION,CPM,SPONSORED_DISPLAY:DISPLAY:PRODUCT_PAGE:VIDEO:IMPRESSION,USD,19851,0,0,0,0
2026-03-11,US,adv_demo_001,SPONSORED_DISPLAY,VIDEO,VIDEO,,PRODUCT_PAGE,CLICK,CPC,SPONSORED_DISPLAY:VIDEO:PRODUCT_PAGE:VIDEO:CLICK,USD,0,119,140.42,5,457.6
2026-03-11,US,adv_demo_001,SPONSORED_PRODUCTS,PRODUCT_AD,,,PRODUCT_PAGE,CLICK,CPC,SPONSORED_PRODUCTS:PRODUCT_AD:PRODUCT_PAGE:UNSPECIFIED:CLICK,USD,0,348,306.24,25,1785.0
2026-03-11,US,adv_demo_001,SPONSORED_PRODUCTS,PRODUCT_AD,,,REST_OF_SEARCH,CLICK,CPC,SPONSORED_PRODUCTS:PRODUCT_AD:REST_OF_SEARCH:UNSPECIFIED:CLICK,USD,0,347,284.54,23,1435.2
2026-03-11,US,adv_demo_001,SPONSORED_PRODUCTS,PRODUCT_AD,,,TOP_OF_SEARCH,IMPRESSION,CPM,SPONSORED_PRODUCTS:PRODUCT_AD:TOP_OF_SEARCH:UNSPECIFIED:IMPRESSION,USD,43015,0,0,0,0
2026-03-11,US,adv_demo_001,SPONSORED_PRODUCTS,PRODUCT_AD,,,TOP_OF_SEARCH,CLICK,CPC,SPONSORED_PRODUCTS:PRODUCT_AD:TOP_OF_SEARCH:UNSPECIFIED:CLICK,USD,0,501,511.02,40,2793.6
2026-03-12,US,adv_demo_001,AMAZON_DSP,,,AUDIO,,IMPRESSION,CPM,AMAZON_DSP:AUDIO:UNSPECIFIED:UNSPECIFIED:IMPRESSION,USD,46300,0,833.4,0,0
2026-03-12,US,adv_demo_001,AMAZON_DSP,,IMAGE,DISPLAY,,IMPRESSION,CPM,AMAZON_DSP:DISPLAY:UNSPECIFIED:IMAGE:IMPRESSION,USD,55841,0,698.01,0,0
2026-03-12,US,adv_demo_001,AMAZON_DSP,,VIDEO,ONLINE_VIDEO,,IMPRESSION,CPM,AMAZON_DSP:ONLINE_VIDEO:UNSPECIFIED:VIDEO:IMPRESSION,USD,43382,0,867.64,0,0
2026-03-12,US,adv_demo_001,AMAZON_DSP,,VIDEO,STREAMING_TV,,IMPRESSION,CPM,AMAZON_DSP:STREAMING_TV:UNSPECIFIED:VIDEO:IMPRESSION,USD,51923,0,1453.84,0,0
2026-03-12,US,adv_demo_001,SPONSORED_BRANDS,COMPONENT,IMAGE,,TOP_OF_SEARCH,IMPRESSION,CPM,SPONSORED_BRANDS:COMPONENT:TOP_OF_SEARCH:IMAGE:IMPRESSION,USD,24464,0,0,0,0
2026-03-12,US,adv_demo_001,SPONSORED_BRANDS,COMPONENT,IMAGE,,TOP_OF_SEARCH,CLICK,CPC,SPONSORED_BRANDS:COMPONENT:TOP_OF_SEARCH:IMAGE:CLICK,USD,0,194,232.8,11,920.04
2026-03-12,US,adv_demo_001,SPONSORED_BRANDS,DISPLAY,IMAGE,,REST_OF_SEARCH,IMPRESSION,CPM,SPONSORED_BRANDS:DISPLAY:REST_OF_SEARCH:IMAGE:IMPRESSION,USD,21205,0,0,0,0
2026-03-12,US,adv_demo_001,SPONSORED_BRANDS,VIDEO,VIDEO,,TOP_OF_SEARCH,IMPRESSION,CPM,SPONSORED_BRANDS:VIDEO:TOP_OF_SEARCH:VIDEO:IMPRESSION,USD,16746,0,0,0,0
2026-03-12,US,adv_demo_001,SPONSORED_BRANDS,VIDEO,VIDEO,,TOP_OF_SEARCH,CLICK,CPC,SPONSORED_BRANDS:VIDEO:TOP_OF_SEARCH:VIDEO:CLICK,USD,0,120,165.6,6,567.84
2026-03-12,US,adv_demo_001,SPONSORED_DISPLAY,DISPLAY,IMAGE,,PRODUCT_PAGE,IMPRESSION,CPM,SPONSORED_DISPLAY:DISPLAY:PRODUCT_PAGE:IMAGE:IMPRESSION,USD,25287,0,0,0,0
2026-03-12,US,adv_demo_001,SPONSORED_DISPLAY,DISPLAY,IMAGE,,PRODUCT_PAGE,CLICK,CPC,SPONSORED_DISPLAY:DISPLAY:PRODUCT_PAGE:IMAGE:CLICK,USD,0,150,138.0,6,478.8
2026-03-12,US,adv_demo_001,SPONSORED_DISPLAY,DISPLAY,VIDEO,,PRODUCT_PAGE,IMPRESSION,CPM,SPONSORED_DISPLAY:DISPLAY:PRODUCT_PAGE:VIDEO:IMPRESSION,USD,20828,0,0,0,0
2026-03-12,US,adv_demo_001,SPONSORED_DISPLAY,VIDEO,VIDEO,,PRODUCT_PAGE,CLICK,CPC,SPONSORED_DISPLAY:VIDEO:PRODUCT_PAGE:VIDEO:CLICK,USD,0,127,149.86,6,512.16
2026-03-12,US,adv_demo_001,SPONSORED_PRODUCTS,PRODUCT_AD,,,PRODUCT_PAGE,CLICK,CPC,SPONSORED_PRODUCTS:PRODUCT_AD:PRODUCT_PAGE:UNSPECIFIED:CLICK,USD,0,362,318.56,26,1732.64
2026-03-12,US,adv_demo_001,SPONSORED_PRODUCTS,PRODUCT_AD,,,REST_OF_SEARCH,CLICK,CPC,SPONSORED_PRODUCTS:PRODUCT_AD:REST_OF_SEARCH:UNSPECIFIED:CLICK,USD,0,360,295.2,24,1544.4
2026-03-12,US,adv_demo_001,SPONSORED_PRODUCTS,PRODUCT_AD,,,TOP_OF_SEARCH,IMPRESSION,CPM,SPONSORED_PRODUCTS:PRODUCT_AD:TOP_OF_SEARCH:UNSPECIFIED:IMPRESSION,USD,43992,0,0,0,0
2026-03-12,US,adv_demo_001,SPONSORED_PRODUCTS,PRODUCT_AD,,,TOP_OF_SEARCH,CLICK,CPC,SPONSORED_PRODUCTS:PRODUCT_AD:TOP_OF_SEARCH:UNSPECIFIED:CLICK,USD,0,517,527.34,42,3024.0
2026-03-13,US,adv_demo_001,AMAZON_DSP,,,AUDIO,,IMPRESSION,CPM,AMAZON_DSP:AUDIO:UNSPECIFIED:UNSPECIFIED:IMPRESSION,USD,47277,0,850.99,0,0
2026-03-13,US,adv_demo_001,AMAZON_DSP,,IMAGE,DISPLAY,,IMPRESSION,CPM,AMAZON_DSP:DISPLAY:UNSPECIFIED:IMAGE:IMPRESSION,USD,56818,0,710.23,0,0
2026-03-13,US,adv_demo_001,AMAZON_DSP,,VIDEO,ONLINE_VIDEO,,IMPRESSION,CPM,AMAZON_DSP:ONLINE_VIDEO:UNSPECIFIED:VIDEO:IMPRESSION,USD,44359,0,887.18,0,0
2026-03-13,US,adv_demo_001,AMAZON_DSP,,VIDEO,STREAMING_TV,,IMPRESSION,CPM,AMAZON_DSP:STREAMING_TV:UNSPECIFIED:VIDEO:IMPRESSION,USD,46100,0,1290.8,0,0
2026-03-13,US,adv_demo_001,SPONSORED_BRANDS,COMPONENT,IMAGE,,TOP_OF_SEARCH,IMPRESSION,CPM,SPONSORED_BRANDS:COMPONENT:TOP_OF_SEARCH:IMAGE:IMPRESSION,USD,18641,0,0,0,0
2026-03-13,US,adv_demo_001,SPONSORED_BRANDS,COMPONENT,IMAGE,,TOP_OF_SEARCH,CLICK,CPC,SPONSORED_BRANDS:COMPONENT:TOP_OF_SEARCH:IMAGE:CLICK,USD,0,149,178.8,8,688.8
2026-03-13,US,adv_demo_001,SPONSORED_BRANDS,DISPLAY,IMAGE,,REST_OF_SEARCH,IMPRESSION,CPM,SPONSORED_BRANDS:DISPLAY:REST_OF_SEARCH:IMAGE:IMPRESSION,USD,22182,0,0,0,0
2026-03-13,US,adv_demo_001,SPONSORED_BRANDS,VIDEO,VIDEO,,TOP_OF_SEARCH,IMPRESSION,CPM,SPONSORED_BRANDS:VIDEO:TOP_OF_SEARCH:VIDEO:IMPRESSION,USD,17723,0,0,0,0
2026-03-13,US,adv_demo_001,SPONSORED_BRANDS,VIDEO,VIDEO,,TOP_OF_SEARCH,CLICK,CPC,SPONSORED_BRANDS:VIDEO:TOP_OF_SEARCH:VIDEO:CLICK,USD,0,128,176.64,6,529.62
2026-03-13,US,adv_demo_001,SPONSORED_DISPLAY,DISPLAY,IMAGE,,PRODUCT_PAGE,IMPRESSION,CPM,SPONSORED_DISPLAY:DISPLAY:PRODUCT_PAGE:IMAGE:IMPRESSION,USD,26264,0,0,0,0
2026-03-13,US,adv_demo_001,SPONSORED_DISPLAY,DISPLAY,IMAGE,,PRODUCT_PAGE,CLICK,CPC,SPONSORED_DISPLAY:DISPLAY:PRODUCT_PAGE:IMAGE:CLICK,USD,0,143,131.56,6,446.88
2026-03-13,US,adv_demo_001,SPONSORED_DISPLAY,DISPLAY,VIDEO,,PRODUCT_PAGE,IMPRESSION,CPM,SPONSORED_DISPLAY:DISPLAY:PRODUCT_PAGE:VIDEO:IMPRESSION,USD,21805,0,0,0,0
2026-03-13,US,adv_demo_001,SPONSORED_DISPLAY,VIDEO,VIDEO,,PRODUCT_PAGE,CLICK,CPC,SPONSORED_DISPLAY:VIDEO:PRODUCT_PAGE:VIDEO:CLICK,USD,0,135,159.3,6,528.0
2026-03-13,US,adv_demo_001,SPONSORED_PRODUCTS,PRODUCT_AD,,,PRODUCT_PAGE,CLICK,CPC,SPONSORED_PRODUCTS:PRODUCT_AD:PRODUCT_PAGE:UNSPECIFIED:CLICK,USD,0,376,330.88,28,1923.04
2026-03-13,US,adv_demo_001,SPONSORED_PRODUCTS,PRODUCT_AD,,,REST_OF_SEARCH,CLICK,CPC,SPONSORED_PRODUCTS:PRODUCT_AD:REST_OF_SEARCH:UNSPECIFIED:CLICK,USD,0,372,305.04,26,1723.8
2026-03-13,US,adv_demo_001,SPONSORED_PRODUCTS,PRODUCT_AD,,,TOP_OF_SEARCH,IMPRESSION,CPM,SPONSORED_PRODUCTS:PRODUCT_AD:TOP_OF_SEARCH:UNSPECIFIED:IMPRESSION,USD,44969,0,0,0,0
2026-03-13,US,adv_demo_001,SPONSORED_PRODUCTS,PRODUCT_AD,,,TOP_OF_SEARCH,CLICK,CPC,SPONSORED_PRODUCTS:PRODUCT_AD:TOP_OF_SEARCH:UNSPECIFIED:CLICK,USD,0,534,544.68,44,3263.04
2026-03-14,US,adv_demo_001,AMAZON_DSP,,,AUDIO,,IMPRESSION,CPM,AMAZON_DSP:AUDIO:UNSPECIFIED:UNSPECIFIED:IMPRESSION,USD,48254,0,868.57,0,0
2026-03-14,US,adv_demo_001,AMAZON_DSP,,IMAGE,DISPLAY,,IMPRESSION,CPM,AMAZON_DSP:DISPLAY:UNSPECIFIED:IMAGE:IMPRESSION,USD,57795,0,722.44,0,0
2026-03-14,US,adv_demo_001,AMAZON_DSP,,VIDEO,ONLINE_VIDEO,,IMPRESSION,CPM,AMAZON_DSP:ONLINE_VIDEO:UNSPECIFIED:VIDEO:IMPRESSION,USD,38536,0,770.72,0,0
2026-03-14,US,adv_demo_001,AMAZON_DSP,,VIDEO,STREAMING_TV,,IMPRESSION,CPM,AMAZON_DSP:STREAMING_TV:UNSPECIFIED:VIDEO:IMPRESSION,USD,47077,0,1318.16,0,0
2026-03-14,US,adv_demo_001,SPONSORED_BRANDS,COMPONENT,IMAGE,,TOP_OF_SEARCH,IMPRESSION,CPM,SPONSORED_BRANDS:COMPONENT:TOP_OF_SEARCH:IMAGE:IMPRESSION,USD,19618,0,0,0,0
2026-03-14,US,adv_demo_001,SPONSORED_BRANDS,COMPONENT,IMAGE,,TOP_OF_SEARCH,CLICK,CPC,SPONSORED_BRANDS:COMPONENT:TOP_OF_SEARCH:IMAGE:CLICK,USD,0,159,190.8,8,642.88
2026-03-14,US,adv_demo_001,SPONSORED_BRANDS,DISPLAY,IMAGE,,REST_OF_SEARCH,IMPRESSION,CPM,SPONSORED_BRANDS:DISPLAY:REST_OF_SEARCH:IMAGE:IMPRESSION,USD,23159,0,0,0,0
2026-03-14,US,adv_demo_001,SPONSORED_BRANDS,VIDEO,VIDEO,,TOP_OF_SEARCH,IMPRESSION,CPM,SPONSORED_BRANDS:VIDEO:TOP_OF_SEARCH:VIDEO:IMPRESSION,USD,18700,0,0,0,0
2026-03-14,US,adv_demo_001,SPONSORED_BRANDS,VIDEO,VIDEO,,TOP_OF_SEARCH,CLICK,CPC,SPONSORED_BRANDS:VIDEO:TOP_OF_SEARCH:VIDEO:CLICK,USD,0,125,172.5,6,546.0
2026-03-14,US,adv_demo_001,SPONSORED_DISPLAY,DISPLAY,IMAGE,,PRODUCT_PAGE,IMPRESSION,CPM,SPONSORED_DISPLAY:DISPLAY:PRODUCT_PAGE:IMAGE:IMPRESSION,USD,27241,0,0,0,0
2026-03-14,US,adv_demo_001,SPONSORED_DISPLAY,DISPLAY,IMAGE,,PRODUCT_PAGE,CLICK,CPC,SPONSORED_DISPLAY:DISPLAY:PRODUCT_PAGE:IMAGE:CLICK,USD,0,150,138.0,7,537.32
2026-03-14,US,adv_demo_001,SPONSORED_DISPLAY,DISPLAY,VIDEO,,PRODUCT_PAGE,IMPRESSION,CPM,SPONSORED_DISPLAY:DISPLAY:PRODUCT_PAGE:VIDEO:IMPRESSION,USD,22782,0,0,0,0
2026-03-14,US,adv_demo_001,SPONSORED_DISPLAY,VIDEO,VIDEO,,PRODUCT_PAGE,CLICK,CPC,SPONSORED_DISPLAY:VIDEO:PRODUCT_PAGE:VIDEO:CLICK,USD,0,143,168.74,7,634.48
2026-03-14,US,adv_demo_001,SPONSORED_PRODUCTS,PRODUCT_AD,,,PRODUCT_PAGE,CLICK,CPC,SPONSORED_PRODUCTS:PRODUCT_AD:PRODUCT_PAGE:UNSPECIFIED:CLICK,USD,0,390,343.2,30,2121.6
2026-03-14,US,adv_demo_001,SPONSORED_PRODUCTS,PRODUCT_AD,,,REST_OF_SEARCH,CLICK,CPC,SPONSORED_PRODUCTS:PRODUCT_AD:REST_OF_SEARCH:UNSPECIFIED:CLICK,USD,0,385,315.7,27,1842.75
2026-03-14,US,adv_demo_001,SPONSORED_PRODUCTS,PRODUCT_AD,,,TOP_OF_SEARCH,IMPRESSION,CPM,SPONSORED_PRODUCTS:PRODUCT_AD:TOP_OF_SEARCH:UNSPECIFIED:IMPRESSION,USD,45946,0,0,0,0
2026-03-14,US,adv_demo_001,SPONSORED_PRODUCTS,PRODUCT_AD,,,TOP_OF_SEARCH,CLICK,CPC,SPONSORED_PRODUCTS:PRODUCT_AD:TOP_OF_SEARCH:UNSPECIFIED:CLICK,USD,0,551,562.02,42,2903.04
2026-03-15,US,adv_demo_001,AMAZON_DSP,,,AUDIO,,IMPRESSION,CPM,AMAZON_DSP:AUDIO:UNSPECIFIED:UNSPECIFIED:IMPRESSION,USD,42431,0,763.76,0,0
2026-03-15,US,adv_demo_001,AMAZON_DSP,,IMAGE,DISPLAY,,IMPRESSION,CPM,AMAZON_DSP:DISPLAY:UNSPECIFIED:IMAGE:IMPRESSION,USD,51972,0,649.65,0,0
2026-03-15,US,adv_demo_001,AMAZON_DSP,,VIDEO,ONLINE_VIDEO,,IMPRESSION,CPM,AMAZON_DSP:ONLINE_VIDEO:UNSPECIFIED:VIDEO:IMPRESSION,USD,39513,0,790.26,0,0
2026-03-15,US,adv_demo_001,AMAZON_DSP,,VIDEO,STREAMING_TV,,IMPRESSION,CPM,AMAZON_DSP:STREAMING_TV:UNSPECIFIED:VIDEO:IMPRESSION,USD,48054,0,1345.51,0,0
2026-03-15,US,adv_demo_001,SPONSORED_BRANDS,COMPONENT,IMAGE,,TOP_OF_SEARCH,IMPRESSION,CPM,SPONSORED_BRANDS:COMPONENT:TOP_OF_SEARCH:IMAGE:IMPRESSION,USD,20595,0,0,0,0
2026-03-15,US,adv_demo_001,SPONSORED_BRANDS,COMPONENT,IMAGE,,TOP_OF_SEARCH,CLICK,CPC,SPONSORED_BRANDS:COMPONENT:TOP_OF_SEARCH:IMAGE:CLICK,USD,0,168,201.6,9,745.38
2026-03-15,US,adv_demo_001,SPONSORED_BRANDS,DISPLAY,IMAGE,,REST_OF_SEARCH,IMPRESSION,CPM,SPONSORED_BRANDS:DISPLAY:REST_OF_SEARCH:IMAGE:IMPRESSION,USD,24136,0,0,0,0
2026-03-15,US,adv_demo_001,SPONSORED_BRANDS,VIDEO,VIDEO,,TOP_OF_SEARCH,IMPRESSION,CPM,SPONSORED_BRANDS:VIDEO:TOP_OF_SEARCH:VIDEO:IMPRESSION,USD,19677,0,0,0,0
2026-03-15,US,adv_demo_001,SPONSORED_BRANDS,VIDEO,VIDEO,,TOP_OF_SEARCH,CLICK,CPC,SPONSORED_BRANDS:VIDEO:TOP_OF_SEARCH:VIDEO:CLICK,USD,0,133,183.54,7,656.11
2026-03-15,US,adv_demo_001,SPONSORED_DISPLAY,DISPLAY,IMAGE,,PRODUCT_PAGE,IMPRESSION,CPM,SPONSORED_DISPLAY:DISPLAY:PRODUCT_PAGE:IMAGE:IMPRESSION,USD,28218,0,0,0,0
2026-03-15,US,adv_demo_001,SPONSORED_DISPLAY,DISPLAY,IMAGE,,PRODUCT_PAGE,CLICK,CPC,SPONSORED_DISPLAY:DISPLAY:PRODUCT_PAGE:IMAGE:CLICK,USD,0,157,144.44,7,553.28
2026-03-15,US,adv_demo_001,SPONSORED_DISPLAY,DISPLAY,VIDEO,,PRODUCT_PAGE,IMPRESSION,CPM,SPONSORED_DISPLAY:DISPLAY:PRODUCT_PAGE:VIDEO:IMPRESSION,USD,23759,0,0,0,0
2026-03-15,US,adv_demo_001,SPONSORED_DISPLAY,VIDEO,VIDEO,,PRODUCT_PAGE,CLICK,CPC,SPONSORED_DISPLAY:VIDEO:PRODUCT_PAGE:VIDEO:CLICK,USD,0,151,178.18,8,675.84
2026-03-15,US,adv_demo_001,SPONSORED_PRODUCTS,PRODUCT_AD,,,PRODUCT_PAGE,CLICK,CPC,SPONSORED_PRODUCTS:PRODUCT_AD:PRODUCT_PAGE:UNSPECIFIED:CLICK,USD,0,404,355.52,28,1846.88
2026-03-15,US,adv_demo_001,SPONSORED_PRODUCTS,PRODUCT_AD,,,REST_OF_SEARCH,CLICK,CPC,SPONSORED_PRODUCTS:PRODUCT_AD:REST_OF_SEARCH:UNSPECIFIED:CLICK,USD,0,398,326.36,26,1656.2
2026-03-15,US,adv_demo_001,SPONSORED_PRODUCTS,PRODUCT_AD,,,TOP_OF_SEARCH,IMPRESSION,CPM,SPONSORED_PRODUCTS:PRODUCT_AD:TOP_OF_SEARCH:UNSPECIFIED:IMPRESSION,USD,40123,0,0,0,0
2026-03-15,US,adv_demo_001,SPONSORED_PRODUCTS,PRODUCT_AD,,,TOP_OF_SEARCH,CLICK,CPC,SPONSORED_PRODUCTS:PRODUCT_AD:TOP_OF_SEARCH:UNSPECIFIED:CLICK,USD,0,486,495.72,37,2637.36
2026-03-16,US,adv_demo_001,AMAZON_DSP,,,AUDIO,,IMPRESSION,CPM,AMAZON_DSP:AUDIO:UNSPECIFIED:UNSPECIFIED:IMPRESSION,USD,43408,0,781.34,0,0
2026-03-16,US,adv_demo_001,AMAZON_DSP,,IMAGE,DISPLAY,,IMPRESSION,CPM,AMAZON_DSP:DISPLAY:UNSPECIFIED:IMAGE:IMPRESSION,USD,52949,0,661.86,0,0
2026-03-16,US,adv_demo_001,AMAZON_DSP,,VIDEO,ONLINE_VIDEO,,IMPRESSION,CPM,AMAZON_DSP:ONLINE_VIDEO:UNSPECIFIED:VIDEO:IMPRESSION,USD,40490,0,809.8,0,0
2026-03-16,US,adv_demo_001,AMAZON_DSP,,VIDEO,STREAMING_TV,,IMPRESSION,CPM,AMAZON_DSP:STREAMING_TV:UNSPECIFIED:VIDEO:IMPRESSION,USD,49031,0,1372.87,0,0
2026-03-16,US,adv_demo_001,SPONSORED_BRANDS,COMPONENT,IMAGE,,TOP_OF_SEARCH,IMPRESSION,CPM,SPONSORED_BRANDS:COMPONENT:TOP_OF_SEARCH:IMAGE:IMPRESSION,USD,21572,0,0,0,0
2026-03-16,US,adv_demo_001,SPONSORED_BRANDS,COMPONENT,IMAGE,,TOP_OF_SEARCH,CLICK,CPC,SPONSORED_BRANDS:COMPONENT:TOP_OF_SEARCH:IMAGE:CLICK,USD,0,162,194.4,9,767.52
2026-03-16,US,adv_demo_001,SPONSORED_BRANDS,DISPLAY,IMAGE,,REST_OF_SEARCH,IMPRESSION,CPM,SPONSORED_BRANDS:DISPLAY:REST_OF_SEARCH:IMAGE:IMPRESSION,USD,25113,0,0,0,0
2026-03-16,US,adv_demo_001,SPONSORED_BRANDS,VIDEO,VIDEO,,TOP_OF_SEARCH,IMPRESSION,CPM,SPONSORED_BRANDS:VIDEO:TOP_OF_SEARCH:VIDEO:IMPRESSION,USD,20654,0,0,0,0
2026-03-16,US,adv_demo_001,SPONSORED_BRANDS,VIDEO,VIDEO,,TOP_OF_SEARCH,CLICK,CPC,SPONSORED_BRANDS:VIDEO:TOP_OF_SEARCH:VIDEO:CLICK,USD,0,141,194.58,7,611.52
2026-03-16,US,adv_demo_001,SPONSORED_DISPLAY,DISPLAY,IMAGE,,PRODUCT_PAGE,IMPRESSION,CPM,SPONSORED_DISPLAY:DISPLAY:PRODUCT_PAGE:IMAGE:IMPRESSION,USD,29195,0,0,0,0
2026-03-16,US,adv_demo_001,SPONSORED_DISPLAY,DISPLAY,IMAGE,,PRODUCT_PAGE,CLICK,CPC,SPONSORED_DISPLAY:DISPLAY:PRODUCT_PAGE:IMAGE:CLICK,USD,0,164,150.88,8,589.76
2026-03-16,US,adv_demo_001,SPONSORED_DISPLAY,DISPLAY,VIDEO,,PRODUCT_PAGE,IMPRESSION,CPM,SPONSORED_DISPLAY:DISPLAY:PRODUCT_PAGE:VIDEO:IMPRESSION,USD,24736,0,0,0,0
2026-03-16,US,adv_demo_001,SPONSORED_DISPLAY,VIDEO,VIDEO,,PRODUCT_PAGE,CLICK,CPC,SPONSORED_DISPLAY:VIDEO:PRODUCT_PAGE:VIDEO:CLICK,USD,0,159,187.62,7,609.84
2026-03-16,US,adv_demo_001,SPONSORED_PRODUCTS,PRODUCT_AD,,,PRODUCT_PAGE,CLICK,CPC,SPONSORED_PRODUCTS:PRODUCT_AD:PRODUCT_PAGE:UNSPECIFIED:CLICK,USD,0,347,305.36,24,1632.0
2026-03-16,US,adv_demo_001,SPONSORED_PRODUCTS,PRODUCT_AD,,,REST_OF_SEARCH,CLICK,CPC,SPONSORED_PRODUCTS:PRODUCT_AD:REST_OF_SEARCH:UNSPECIFIED:CLICK,USD,0,347,284.54,23,1509.95
2026-03-16,US,adv_demo_001,SPONSORED_PRODUCTS,PRODUCT_AD,,,TOP_OF_SEARCH,IMPRESSION,CPM,SPONSORED_PRODUCTS:PRODUCT_AD:TOP_OF_SEARCH:UNSPECIFIED:IMPRESSION,USD,41100,0,0,0,0
2026-03-16,US,adv_demo_001,SPONSORED_PRODUCTS,PRODUCT_AD,,,TOP_OF_SEARCH,CLICK,CPC,SPONSORED_PRODUCTS:PRODUCT_AD:TOP_OF_SEARCH:UNSPECIFIED:CLICK,USD,0,503,513.06,40,2937.6
2026-03-17,US,adv_demo_001,AMAZON_DSP,,,AUDIO,,IMPRESSION,CPM,AMAZON_DSP:AUDIO:UNSPECIFIED:UNSPECIFIED:IMPRESSION,USD,44385,0,798.93,0,0
2026-03-17,US,adv_demo_001,AMAZON_DSP,,IMAGE,DISPLAY,,IMPRESSION,CPM,AMAZON_DSP:DISPLAY:UNSPECIFIED:IMAGE:IMPRESSION,USD,53926,0,674.08,0,0
2026-03-17,US,adv_demo_001,AMAZON_DSP,,VIDEO,ONLINE_VIDEO,,IMPRESSION,CPM,AMAZON_DSP:ONLINE_VIDEO:UNSPECIFIED:VIDEO:IMPRESSION,USD,41467,0,829.34,0,0
2026-03-17,US,adv_demo_001,AMAZON_DSP,,VIDEO,STREAMING_TV,,IMPRESSION,CPM,AMAZON_DSP:STREAMING_TV:UNSPECIFIED:VIDEO:IMPRESSION,USD,50008,0,1400.22,0,0
2026-03-17,US,adv_demo_001,SPONSORED_BRANDS,COMPONENT,IMAGE,,TOP_OF_SEARCH,IMPRESSION,CPM,SPONSORED_BRANDS:COMPONENT:TOP_OF_SEARCH:IMAGE:IMPRESSION,USD,22549,0,0,0,0
2026-03-17,US,adv_demo_001,SPONSORED_BRANDS,COMPONENT,IMAGE,,TOP_OF_SEARCH,CLICK,CPC,SPONSORED_BRANDS:COMPONENT:TOP_OF_SEARCH:IMAGE:CLICK,USD,0,171,205.2,9,715.86
2026-03-17,US,adv_demo_001,SPONSORED_BRANDS,DISPLAY,IMAGE,,REST_OF_SEARCH,IMPRESSION,CPM,SPONSORED_BRANDS:DISPLAY:REST_OF_SEARCH:IMAGE:IMPRESSION,USD,26090,0,0,0,0
2026-03-17,US,adv_demo_001,SPONSORED_BRANDS,VIDEO,VIDEO,,TOP_OF_SEARCH,IMPRESSION,CPM,SPONSORED_BRANDS:VIDEO:TOP_OF_SEARCH:VIDEO:IMPRESSION,USD,21631,0,0,0,0
2026-03-17,US,adv_demo_001,SPONSORED_BRANDS,VIDEO,VIDEO,,TOP_OF_SEARCH,CLICK,CPC,SPONSORED_BRANDS:VIDEO:TOP_OF_SEARCH:VIDEO:CLICK,USD,0,149,205.62,7,630.63
2026-03-17,US,adv_demo_001,SPONSORED_DISPLAY,DISPLAY,IMAGE,,PRODUCT_PAGE,IMPRESSION,CPM,SPONSORED_DISPLAY:DISPLAY:PRODUCT_PAGE:IMAGE:IMPRESSION,USD,30172,0,0,0,0
2026-03-17,US,adv_demo_001,SPONSORED_DISPLAY,DISPLAY,IMAGE,,PRODUCT_PAGE,CLICK,CPC,SPONSORED_DISPLAY:DISPLAY:PRODUCT_PAGE:IMAGE:CLICK,USD,0,171,157.32,7,532.0
2026-03-17,US,adv_demo_001,SPONSORED_DISPLAY,DISPLAY,VIDEO,,PRODUCT_PAGE,IMPRESSION,CPM,SPONSORED_DISPLAY:DISPLAY:PRODUCT_PAGE:VIDEO:IMPRESSION,USD,25713,0,0,0,0
2026-03-17,US,adv_demo_001,SPONSORED_DISPLAY,VIDEO,VIDEO,,PRODUCT_PAGE,CLICK,CPC,SPONSORED_DISPLAY:VIDEO:PRODUCT_PAGE:VIDEO:CLICK,USD,0,120,141.6,6,538.56
2026-03-17,US,adv_demo_001,SPONSORED_PRODUCTS,PRODUCT_AD,,,PRODUCT_PAGE,CLICK,CPC,SPONSORED_PRODUCTS:PRODUCT_AD:PRODUCT_PAGE:UNSPECIFIED:CLICK,USD,0,361,317.68,26,1821.04
2026-03-17,US,adv_demo_001,SPONSORED_PRODUCTS,PRODUCT_AD,,,REST_OF_SEARCH,CLICK,CPC,SPONSORED_PRODUCTS:PRODUCT_AD:REST_OF_SEARCH:UNSPECIFIED:CLICK,USD,0,360,295.2,24,1622.4
2026-03-17,US,adv_demo_001,SPONSORED_PRODUCTS,PRODUCT_AD,,,TOP_OF_SEARCH,IMPRESSION,CPM,SPONSORED_PRODUCTS:PRODUCT_AD:TOP_OF_SEARCH:UNSPECIFIED:IMPRESSION,USD,42077,0,0,0,0
2026-03-17,US,adv_demo_001,SPONSORED_PRODUCTS,PRODUCT_AD,,,TOP_OF_SEARCH,CLICK,CPC,SPONSORED_PRODUCTS:PRODUCT_AD:TOP_OF_SEARCH:UNSPECIFIED:CLICK,USD,0,475,484.5,38,2872.8
2026-03-18,US,adv_demo_001,AMAZON_DSP,,,AUDIO,,IMPRESSION,CPM,AMAZON_DSP:AUDIO:UNSPECIFIED:UNSPECIFIED:IMPRESSION,USD,45362,0,816.52,0,0
2026-03-18,US,adv_demo_001,AMAZON_DSP,,IMAGE,DISPLAY,,IMPRESSION,CPM,AMAZON_DSP:DISPLAY:UNSPECIFIED:IMAGE:IMPRESSION,USD,54903,0,686.29,0,0
2026-03-18,US,adv_demo_001,AMAZON_DSP,,VIDEO,ONLINE_VIDEO,,IMPRESSION,CPM,AMAZON_DSP:ONLINE_VIDEO:UNSPECIFIED:VIDEO:IMPRESSION,USD,42444,0,848.88,0,0
2026-03-18,US,adv_demo_001,AMAZON_DSP,,VIDEO,STREAMING_TV,,IMPRESSION,CPM,AMAZON_DSP:STREAMING_TV:UNSPECIFIED:VIDEO:IMPRESSION,USD,50985,0,1427.58,0,0
2026-03-18,US,adv_demo_001,SPONSORED_BRANDS,COMPONENT,IMAGE,,TOP_OF_SEARCH,IMPRESSION,CPM,SPONSORED_BRANDS:COMPONENT:TOP_OF_SEARCH:IMAGE:IMPRESSION,USD,23526,0,0,0,0
2026-03-18,US,adv_demo_001,SPONSORED_BRANDS,COMPONENT,IMAGE,,TOP_OF_SEARCH,CLICK,CPC,SPONSORED_BRANDS:COMPONENT:TOP_OF_SEARCH:IMAGE:CLICK,USD,0,181,217.2,9,738.0
2026-03-18,US,adv_demo_001,SPONSORED_BRANDS,DISPLAY,IMAGE,,REST_OF_SEARCH,IMPRESSION,CPM,SPONSORED_BRANDS:DISPLAY:REST_OF_SEARCH:IMAGE:IMPRESSION,USD,27067,0,0,0,0
2026-03-18,US,adv_demo_001,SPONSORED_BRANDS,VIDEO,VIDEO,,TOP_OF_SEARCH,IMPRESSION,CPM,SPONSORED_BRANDS:VIDEO:TOP_OF_SEARCH:VIDEO:IMPRESSION,USD,22608,0,0,0,0
2026-03-18,US,adv_demo_001,SPONSORED_BRANDS,VIDEO,VIDEO,,TOP_OF_SEARCH,CLICK,CPC,SPONSORED_BRANDS:VIDEO:TOP_OF_SEARCH:VIDEO:CLICK,USD,0,157,216.66,7,649.74
2026-03-18,US,adv_demo_001,SPONSORED_DISPLAY,DISPLAY,IMAGE,,PRODUCT_PAGE,IMPRESSION,CPM,SPONSORED_DISPLAY:DISPLAY:PRODUCT_PAGE:IMAGE:IMPRESSION,USD,24349,0,0,0,0
2026-03-18,US,adv_demo_001,SPONSORED_DISPLAY,DISPLAY,IMAGE,,PRODUCT_PAGE,CLICK,CPC,SPONSORED_DISPLAY:DISPLAY:PRODUCT_PAGE:IMAGE:CLICK,USD,0,140,128.8,6,469.68
2026-03-18,US,adv_demo_001,SPONSORED_DISPLAY,DISPLAY,VIDEO,,PRODUCT_PAGE,IMPRESSION,CPM,SPONSORED_DISPLAY:DISPLAY:PRODUCT_PAGE:VIDEO:IMPRESSION,USD,19890,0,0,0,0
2026-03-18,US,adv_demo_001,SPONSORED_DISPLAY,VIDEO,VIDEO,,PRODUCT_PAGE,CLICK,CPC,SPONSORED_DISPLAY:VIDEO:PRODUCT_PAGE:VIDEO:CLICK,USD,0,128,151.04,6,554.4
2026-03-18,US,adv_demo_001,SPONSORED_PRODUCTS,PRODUCT_AD,,,PRODUCT_PAGE,CLICK,CPC,SPONSORED_PRODUCTS:PRODUCT_AD:PRODUCT_PAGE:UNSPECIFIED:CLICK,USD,0,375,330.0,28,1827.84
2026-03-18,US,adv_demo_001,SPONSORED_PRODUCTS,PRODUCT_AD,,,REST_OF_SEARCH,CLICK,CPC,SPONSORED_PRODUCTS:PRODUCT_AD:REST_OF_SEARCH:UNSPECIFIED:CLICK,USD,0,340,278.8,23,1450.15
2026-03-18,US,adv_demo_001,SPONSORED_PRODUCTS,PRODUCT_AD,,,TOP_OF_SEARCH,IMPRESSION,CPM,SPONSORED_PRODUCTS:PRODUCT_AD:TOP_OF_SEARCH:UNSPECIFIED:IMPRESSION,USD,43054,0,0,0,0
2026-03-18,US,adv_demo_001,SPONSORED_PRODUCTS,PRODUCT_AD,,,TOP_OF_SEARCH,CLICK,CPC,SPONSORED_PRODUCTS:PRODUCT_AD:TOP_OF_SEARCH:UNSPECIFIED:CLICK,USD,0,491,500.82,40,2822.4
2026-03-19,US,adv_demo_001,AMAZON_DSP,,,AUDIO,,IMPRESSION,CPM,AMAZON_DSP:AUDIO:UNSPECIFIED:UNSPECIFIED:IMPRESSION,USD,46339,0,834.1,0,0
2026-03-19,US,adv_demo_001,AMAZON_DSP,,IMAGE,DISPLAY,,IMPRESSION,CPM,AMAZON_DSP:DISPLAY:UNSPECIFIED:IMAGE:IMPRESSION,USD,55880,0,698.5,0,0
2026-03-19,US,adv_demo_001,AMAZON_DSP,,VIDEO,ONLINE_VIDEO,,IMPRESSION,CPM,AMAZON_DSP:ONLINE_VIDEO:UNSPECIFIED:VIDEO:IMPRESSION,USD,43421,0,868.42,0,0
2026-03-19,US,adv_demo_001,AMAZON_DSP,,VIDEO,STREAMING_TV,,IMPRESSION,CPM,AMAZON_DSP:STREAMING_TV:UNSPECIFIED:VIDEO:IMPRESSION,USD,51962,0,1454.94,0,0
2026-03-19,US,adv_demo_001,SPONSORED_BRANDS,COMPONENT,IMAGE,,TOP_OF_SEARCH,IMPRESSION,CPM,SPONSORED_BRANDS:COMPONENT:TOP_OF_SEARCH:IMAGE:IMPRESSION,USD,24503,0,0,0,0
2026-03-19,US,adv_demo_001,SPONSORED_BRANDS,COMPONENT,IMAGE,,TOP_OF_SEARCH,CLICK,CPC,SPONSORED_BRANDS:COMPONENT:TOP_OF_SEARCH:IMAGE:CLICK,USD,0,190,228.0,10,844.6
2026-03-19,US,adv_demo_001,SPONSORED_BRANDS,DISPLAY,IMAGE,,REST_OF_SEARCH,IMPRESSION,CPM,SPONSORED_BRANDS:DISPLAY:REST_OF_SEARCH:IMAGE:IMPRESSION,USD,21244,0,0,0,0
2026-03-19,US,adv_demo_001,SPONSORED_BRANDS,VIDEO,VIDEO,,TOP_OF_SEARCH,IMPRESSION,CPM,SPONSORED_BRANDS:VIDEO:TOP_OF_SEARCH:VIDEO:IMPRESSION,USD,16785,0,0,0,0
2026-03-19,US,adv_demo_001,SPONSORED_BRANDS,VIDEO,VIDEO,,TOP_OF_SEARCH,CLICK,CPC,SPONSORED_BRANDS:VIDEO:TOP_OF_SEARCH:VIDEO:CLICK,USD,0,118,162.84,6,573.3
2026-03-19,US,adv_demo_001,SPONSORED_DISPLAY,DISPLAY,IMAGE,,PRODUCT_PAGE,IMPRESSION,CPM,SPONSORED_DISPLAY:DISPLAY:PRODUCT_PAGE:IMAGE:IMPRESSION,USD,25326,0,0,0,0
2026-03-19,US,adv_demo_001,SPONSORED_DISPLAY,DISPLAY,IMAGE,,PRODUCT_PAGE,CLICK,CPC,SPONSORED_DISPLAY:DISPLAY:PRODUCT_PAGE:IMAGE:CLICK,USD,0,147,135.24,6,437.76
2026-03-19,US,adv_demo_001,SPONSORED_DISPLAY,DISPLAY,VIDEO,,PRODUCT_PAGE,IMPRESSION,CPM,SPONSORED_DISPLAY:DISPLAY:PRODUCT_PAGE:VIDEO:IMPRESSION,USD,20867,0,0,0,0
2026-03-19,US,adv_demo_001,SPONSORED_DISPLAY,VIDEO,VIDEO,,PRODUCT_PAGE,CLICK,CPC,SPONSORED_DISPLAY:VIDEO:PRODUCT_PAGE:VIDEO:CLICK,USD,0,137,161.66,7,603.68
2026-03-19,US,adv_demo_001,SPONSORED_PRODUCTS,PRODUCT_AD,,,PRODUCT_PAGE,CLICK,CPC,SPONSORED_PRODUCTS:PRODUCT_AD:PRODUCT_PAGE:UNSPECIFIED:CLICK,USD,0,355,312.4,27,1817.64
2026-03-19,US,adv_demo_001,SPONSORED_PRODUCTS,PRODUCT_AD,,,REST_OF_SEARCH,CLICK,CPC,SPONSORED_PRODUCTS:PRODUCT_AD:REST_OF_SEARCH:UNSPECIFIED:CLICK,USD,0,353,289.46,25,1625.0
2026-03-19,US,adv_demo_001,SPONSORED_PRODUCTS,PRODUCT_AD,,,TOP_OF_SEARCH,IMPRESSION,CPM,SPONSORED_PRODUCTS:PRODUCT_AD:TOP_OF_SEARCH:UNSPECIFIED:IMPRESSION,USD,44031,0,0,0,0
2026-03-19,US,adv_demo_001,SPONSORED_PRODUCTS,PRODUCT_AD,,,TOP_OF_SEARCH,CLICK,CPC,SPONSORED_PRODUCTS:PRODUCT_AD:TOP_OF_SEARCH:UNSPECIFIED:CLICK,USD,0,507,517.14,42,3054.24
2026-03-20,US,adv_demo_001,AMAZON_DSP,,,AUDIO,,IMPRESSION,CPM,AMAZON_DSP:AUDIO:UNSPECIFIED:UNSPECIFIED:IMPRESSION,USD,47316,0,851.69,0,0
2026-03-20,US,adv_demo_001,AMAZON_DSP,,IMAGE,DISPLAY,,IMPRESSION,CPM,AMAZON_DSP:DISPLAY:UNSPECIFIED:IMAGE:IMPRESSION,USD,56857,0,710.71,0,0
2026-03-20,US,adv_demo_001,AMAZON_DSP,,VIDEO,ONLINE_VIDEO,,IMPRESSION,CPM,AMAZON_DSP:ONLINE_VIDEO:UNSPECIFIED:VIDEO:IMPRESSION,USD,44398,0,887.96,0,0
2026-03-20,US,adv_demo_001,AMAZON_DSP,,VIDEO,STREAMING_TV,,IMPRESSION,CPM,AMAZON_DSP:STREAMING_TV:UNSPECIFIED:VIDEO:IMPRESSION,USD,46139,0,1291.89,0,0
2026-03-20,US,adv_demo_001,SPONSORED_BRANDS,COMPONENT,IMAGE,,TOP_OF_SEARCH,IMPRESSION,CPM,SPONSORED_BRANDS:COMPONENT:TOP_OF_SEARCH:IMAGE:IMPRESSION,USD,18680,0,0,0,0
2026-03-20,US,adv_demo_001,SPONSORED_BRANDS,COMPONENT,IMAGE,,TOP_OF_SEARCH,CLICK,CPC,SPONSORED_BRANDS:COMPONENT:TOP_OF_SEARCH:IMAGE:CLICK,USD,0,146,175.2,8,629.76
2026-03-20,US,adv_demo_001,SPONSORED_BRANDS,DISPLAY,IMAGE,,REST_OF_SEARCH,IMPRESSION,CPM,SPONSORED_BRANDS:DISPLAY:REST_OF_SEARCH:IMAGE:IMPRESSION,USD,22221,0,0,0,0
2026-03-20,US,adv_demo_001,SPONSORED_BRANDS,VIDEO,VIDEO,,TOP_OF_SEARCH,IMPRESSION,CPM,SPONSORED_BRANDS:VIDEO:TOP_OF_SEARCH:VIDEO:IMPRESSION,USD,17762,0,0,0,0
2026-03-20,US,adv_demo_001,SPONSORED_BRANDS,VIDEO,VIDEO,,TOP_OF_SEARCH,CLICK,CPC,SPONSORED_BRANDS:VIDEO:TOP_OF_SEARCH:VIDEO:CLICK,USD,0,126,173.88,6,535.08
2026-03-20,US,adv_demo_001,SPONSORED_DISPLAY,DISPLAY,IMAGE,,PRODUCT_PAGE,IMPRESSION,CPM,SPONSORED_DISPLAY:DISPLAY:PRODUCT_PAGE:IMAGE:IMPRESSION,USD,26303,0,0,0,0
2026-03-20,US,adv_demo_001,SPONSORED_DISPLAY,DISPLAY,IMAGE,,PRODUCT_PAGE,CLICK,CPC,SPONSORED_DISPLAY:DISPLAY:PRODUCT_PAGE:IMAGE:CLICK,USD,0,154,141.68,7,526.68
2026-03-20,US,adv_demo_001,SPONSORED_DISPLAY,DISPLAY,VIDEO,,PRODUCT_PAGE,IMPRESSION,CPM,SPONSORED_DISPLAY:DISPLAY:PRODUCT_PAGE:VIDEO:IMPRESSION,USD,21844,0,0,0,0
2026-03-20,US,adv_demo_001,SPONSORED_DISPLAY,VIDEO,VIDEO,,PRODUCT_PAGE,CLICK,CPC,SPONSORED_DISPLAY:VIDEO:PRODUCT_PAGE:VIDEO:CLICK,USD,0,132,155.76,7,622.16
2026-03-20,US,adv_demo_001,SPONSORED_PRODUCTS,PRODUCT_AD,,,PRODUCT_PAGE,CLICK,CPC,SPONSORED_PRODUCTS:PRODUCT_AD:PRODUCT_PAGE:UNSPECIFIED:CLICK,USD,0,368,323.84,28,1942.08
2026-03-20,US,adv_demo_001,SPONSORED_PRODUCTS,PRODUCT_AD,,,REST_OF_SEARCH,CLICK,CPC,SPONSORED_PRODUCTS:PRODUCT_AD:REST_OF_SEARCH:UNSPECIFIED:CLICK,USD,0,365,299.3,23,1539.85
2026-03-20,US,adv_demo_001,SPONSORED_PRODUCTS,PRODUCT_AD,,,TOP_OF_SEARCH,IMPRESSION,CPM,SPONSORED_PRODUCTS:PRODUCT_AD:TOP_OF_SEARCH:UNSPECIFIED:IMPRESSION,USD,45008,0,0,0,0
2026-03-20,US,adv_demo_001,SPONSORED_PRODUCTS,PRODUCT_AD,,,TOP_OF_SEARCH,CLICK,CPC,SPONSORED_PRODUCTS:PRODUCT_AD:TOP_OF_SEARCH:UNSPECIFIED:CLICK,USD,0,524,534.48,40,2995.2
2026-03-21,US,adv_demo_001,AMAZON_DSP,,,AUDIO,,IMPRESSION,CPM,AMAZON_DSP:AUDIO:UNSPECIFIED:UNSPECIFIED:IMPRESSION,USD,48293,0,869.27,0,0
2026-03-21,US,adv_demo_001,AMAZON_DSP,,IMAGE,DISPLAY,,IMPRESSION,CPM,AMAZON_DSP:DISPLAY:UNSPECIFIED:IMAGE:IMPRESSION,USD,51034,0,637.92,0,0
2026-03-21,US,adv_demo_001,AMAZON_DSP,,VIDEO,ONLINE_VIDEO,,IMPRESSION,CPM,AMAZON_DSP:ONLINE_VIDEO:UNSPECIFIED:VIDEO:IMPRESSION,USD,38575,0,771.5,0,0
2026-03-21,US,adv_demo_001,AMAZON_DSP,,VIDEO,STREAMING_TV,,IMPRESSION,CPM,AMAZON_DSP:STREAMING_TV:UNSPECIFIED:VIDEO:IMPRESSION,USD,47116,0,1319.25,0,0
2026-03-21,US,adv_demo_001,SPONSORED_BRANDS,COMPONENT,IMAGE,,TOP_OF_SEARCH,IMPRESSION,CPM,SPONSORED_BRANDS:COMPONENT:TOP_OF_SEARCH:IMAGE:IMPRESSION,USD,19657,0,0,0,0
2026-03-21,US,adv_demo_001,SPONSORED_BRANDS,COMPONENT,IMAGE,,TOP_OF_SEARCH,CLICK,CPC,SPONSORED_BRANDS:COMPONENT:TOP_OF_SEARCH:IMAGE:CLICK,USD,0,156,187.2,8,649.44
2026-03-21,US,adv_demo_001,SPONSORED_BRANDS,DISPLAY,IMAGE,,REST_OF_SEARCH,IMPRESSION,CPM,SPONSORED_BRANDS:DISPLAY:REST_OF_SEARCH:IMAGE:IMPRESSION,USD,23198,0,0,0,0
2026-03-21,US,adv_demo_001,SPONSORED_BRANDS,VIDEO,VIDEO,,TOP_OF_SEARCH,IMPRESSION,CPM,SPONSORED_BRANDS:VIDEO:TOP_OF_SEARCH:VIDEO:IMPRESSION,USD,18739,0,0,0,0
2026-03-21,US,adv_demo_001,SPONSORED_BRANDS,VIDEO,VIDEO,,TOP_OF_SEARCH,CLICK,CPC,SPONSORED_BRANDS:VIDEO:TOP_OF_SEARCH:VIDEO:CLICK,USD,0,134,184.92,7,643.37
2026-03-21,US,adv_demo_001,SPONSORED_DISPLAY,DISPLAY,IMAGE,,PRODUCT_PAGE,IMPRESSION,CPM,SPONSORED_DISPLAY:DISPLAY:PRODUCT_PAGE:IMAGE:IMPRESSION,USD,27280,0,0,0,0
2026-03-21,US,adv_demo_001,SPONSORED_DISPLAY,DISPLAY,IMAGE,,PRODUCT_PAGE,CLICK,CPC,SPONSORED_DISPLAY:DISPLAY:PRODUCT_PAGE:IMAGE:CLICK,USD,0,161,148.12,7,542.64
2026-03-21,US,adv_demo_001,SPONSORED_DISPLAY,DISPLAY,VIDEO,,PRODUCT_PAGE,IMPRESSION,CPM,SPONSORED_DISPLAY:DISPLAY:PRODUCT_PAGE:VIDEO:IMPRESSION,USD,22821,0,0,0,0
2026-03-21,US,adv_demo_001,SPONSORED_DISPLAY,VIDEO,VIDEO,,PRODUCT_PAGE,CLICK,CPC,SPONSORED_DISPLAY:VIDEO:PRODUCT_PAGE:VIDEO:CLICK,USD,0,140,165.2,6,549.12
2026-03-21,US,adv_demo_001,SPONSORED_PRODUCTS,PRODUCT_AD,,,PRODUCT_PAGE,CLICK,CPC,SPONSORED_PRODUCTS:PRODUCT_AD:PRODUCT_PAGE:UNSPECIFIED:CLICK,USD,0,382,336.16,27,1927.8
2026-03-21,US,adv_demo_001,SPONSORED_PRODUCTS,PRODUCT_AD,,,REST_OF_SEARCH,CLICK,CPC,SPONSORED_PRODUCTS:PRODUCT_AD:REST_OF_SEARCH:UNSPECIFIED:CLICK,USD,0,378,309.96,25,1560.0
2026-03-21,US,adv_demo_001,SPONSORED_PRODUCTS,PRODUCT_AD,,,TOP_OF_SEARCH,IMPRESSION,CPM,SPONSORED_PRODUCTS:PRODUCT_AD:TOP_OF_SEARCH:UNSPECIFIED:IMPRESSION,USD,45985,0,0,0,0
2026-03-21,US,adv_demo_001,SPONSORED_PRODUCTS,PRODUCT_AD,,,TOP_OF_SEARCH,CLICK,CPC,SPONSORED_PRODUCTS:PRODUCT_AD:TOP_OF_SEARCH:UNSPECIFIED:CLICK,USD,0,541,551.82,42,2933.28
2026-03-22,US,adv_demo_001,AMAZON_DSP,,,AUDIO,,IMPRESSION,CPM,AMAZON_DSP:AUDIO:UNSPECIFIED:UNSPECIFIED:IMPRESSION,USD,42470,0,764.46,0,0
2026-03-22,US,adv_demo_001,AMAZON_DSP,,IMAGE,DISPLAY,,IMPRESSION,CPM,AMAZON_DSP:DISPLAY:UNSPECIFIED:IMAGE:IMPRESSION,USD,52011,0,650.14,0,0
2026-03-22,US,adv_demo_001,AMAZON_DSP,,VIDEO,ONLINE_VIDEO,,IMPRESSION,CPM,AMAZON_DSP:ONLINE_VIDEO:UNSPECIFIED:VIDEO:IMPRESSION,USD,39552,0,791.04,0,0
2026-03-22,US,adv_demo_001,AMAZON_DSP,,VIDEO,STREAMING_TV,,IMPRESSION,CPM,AMAZON_DSP:STREAMING_TV:UNSPECIFIED:VIDEO:IMPRESSION,USD,48093,0,1346.6,0,0
2026-03-22,US,adv_demo_001,SPONSORED_BRANDS,COMPONENT,IMAGE,,TOP_OF_SEARCH,IMPRESSION,CPM,SPONSORED_BRANDS:COMPONENT:TOP_OF_SEARCH:IMAGE:IMPRESSION,USD,20634,0,0,0,0
2026-03-22,US,adv_demo_001,SPONSORED_BRANDS,COMPONENT,IMAGE,,TOP_OF_SEARCH,CLICK,CPC,SPONSORED_BRANDS:COMPONENT:TOP_OF_SEARCH:IMAGE:CLICK,USD,0,165,198.0,9,752.76
2026-03-22,US,adv_demo_001,SPONSORED_BRANDS,DISPLAY,IMAGE,,REST_OF_SEARCH,IMPRESSION,CPM,SPONSORED_BRANDS:DISPLAY:REST_OF_SEARCH:IMAGE:IMPRESSION,USD,24175,0,0,0,0
2026-03-22,US,adv_demo_001,SPONSORED_BRANDS,VIDEO,VIDEO,,TOP_OF_SEARCH,IMPRESSION,CPM,SPONSORED_BRANDS:VIDEO:TOP_OF_SEARCH:VIDEO:IMPRESSION,USD,19716,0,0,0,0
2026-03-22,US,adv_demo_001,SPONSORED_BRANDS,VIDEO,VIDEO,,TOP_OF_SEARCH,CLICK,CPC,SPONSORED_BRANDS:VIDEO:TOP_OF_SEARCH:VIDEO:CLICK,USD,0,143,197.34,7,662.48
2026-03-22,US,adv_demo_001,SPONSORED_DISPLAY,DISPLAY,IMAGE,,PRODUCT_PAGE,IMPRESSION,CPM,SPONSORED_DISPLAY:DISPLAY:PRODUCT_PAGE:IMAGE:IMPRESSION,USD,28257,0,0,0,0
2026-03-22,US,adv_demo_001,SPONSORED_DISPLAY,DISPLAY,IMAGE,,PRODUCT_PAGE,CLICK,CPC,SPONSORED_DISPLAY:DISPLAY:PRODUCT_PAGE:IMAGE:CLICK,USD,0,154,141.68,6,478.8
2026-03-22,US,adv_demo_001,SPONSORED_DISPLAY,DISPLAY,VIDEO,,PRODUCT_PAGE,IMPRESSION,CPM,SPONSORED_DISPLAY:DISPLAY:PRODUCT_PAGE:VIDEO:IMPRESSION,USD,23798,0,0,0,0
2026-03-22,US,adv_demo_001,SPONSORED_DISPLAY,VIDEO,VIDEO,,PRODUCT_PAGE,CLICK,CPC,SPONSORED_DISPLAY:VIDEO:PRODUCT_PAGE:VIDEO:CLICK,USD,0,148,174.64,7,597.52
2026-03-22,US,adv_demo_001,SPONSORED_PRODUCTS,PRODUCT_AD,,,PRODUCT_PAGE,CLICK,CPC,SPONSORED_PRODUCTS:PRODUCT_AD:PRODUCT_PAGE:UNSPECIFIED:CLICK,USD,0,396,348.48,28,1865.92
2026-03-22,US,adv_demo_001,SPONSORED_PRODUCTS,PRODUCT_AD,,,REST_OF_SEARCH,CLICK,CPC,SPONSORED_PRODUCTS:PRODUCT_AD:REST_OF_SEARCH:UNSPECIFIED:CLICK,USD,0,391,320.62,26,1673.1
2026-03-22,US,adv_demo_001,SPONSORED_PRODUCTS,PRODUCT_AD,,,TOP_OF_SEARCH,IMPRESSION,CPM,SPONSORED_PRODUCTS:PRODUCT_AD:TOP_OF_SEARCH:UNSPECIFIED:IMPRESSION,USD,40162,0,0,0,0
2026-03-22,US,adv_demo_001,SPONSORED_PRODUCTS,PRODUCT_AD,,,TOP_OF_SEARCH,CLICK,CPC,SPONSORED_PRODUCTS:PRODUCT_AD:TOP_OF_SEARCH:UNSPECIFIED:CLICK,USD,0,477,486.54,38,2736.0
2026-03-23,US,adv_demo_001,AMAZON_DSP,,,AUDIO,,IMPRESSION,CPM,AMAZON_DSP:AUDIO:UNSPECIFIED:UNSPECIFIED:IMPRESSION,USD,43447,0,782.05,0,0
2026-03-23,US,adv_demo_001,AMAZON_DSP,,IMAGE,DISPLAY,,IMPRESSION,CPM,AMAZON_DSP:DISPLAY:UNSPECIFIED:IMAGE:IMPRESSION,USD,52988,0,662.35,0,0
2026-03-23,US,adv_demo_001,AMAZON_DSP,,VIDEO,ONLINE_VIDEO,,IMPRESSION,CPM,AMAZON_DSP:ONLINE_VIDEO:UNSPECIFIED:VIDEO:IMPRESSION,USD,40529,0,810.58,0,0
2026-03-23,US,adv_demo_001,AMAZON_DSP,,VIDEO,STREAMING_TV,,IMPRESSION,CPM,AMAZON_DSP:STREAMING_TV:UNSPECIFIED:VIDEO:IMPRESSION,USD,49070,0,1373.96,0,0
2026-03-23,US,adv_demo_001,SPONSORED_BRANDS,COMPONENT,IMAGE,,TOP_OF_SEARCH,IMPRESSION,CPM,SPONSORED_BRANDS:COMPONENT:TOP_OF_SEARCH:IMAGE:IMPRESSION,USD,21611,0,0,0,0
2026-03-23,US,adv_demo_001,SPONSORED_BRANDS,COMPONENT,IMAGE,,TOP_OF_SEARCH,CLICK,CPC,SPONSORED_BRANDS:COMPONENT:TOP_OF_SEARCH:IMAGE:CLICK,USD,0,175,210.0,10,861.0
2026-03-23,US,adv_demo_001,SPONSORED_BRANDS,DISPLAY,IMAGE,,REST_OF_SEARCH,IMPRESSION,CPM,SPONSORED_BRANDS:DISPLAY:REST_OF_SEARCH:IMAGE:IMPRESSION,USD,25152,0,0,0,0
2026-03-23,US,adv_demo_001,SPONSORED_BRANDS,VIDEO,VIDEO,,TOP_OF_SEARCH,IMPRESSION,CPM,SPONSORED_BRANDS:VIDEO:TOP_OF_SEARCH:VIDEO:IMPRESSION,USD,20693,0,0,0,0
2026-03-23,US,adv_demo_001,SPONSORED_BRANDS,VIDEO,VIDEO,,TOP_OF_SEARCH,CLICK,CPC,SPONSORED_BRANDS:VIDEO:TOP_OF_SEARCH:VIDEO:CLICK,USD,0,138,190.44,6,529.62
2026-03-23,US,adv_demo_001,SPONSORED_DISPLAY,DISPLAY,IMAGE,,PRODUCT_PAGE,IMPRESSION,CPM,SPONSORED_DISPLAY:DISPLAY:PRODUCT_PAGE:IMAGE:IMPRESSION,USD,29234,0,0,0,0
2026-03-23,US,adv_demo_001,SPONSORED_DISPLAY,DISPLAY,IMAGE,,PRODUCT_PAGE,CLICK,CPC,SPONSORED_DISPLAY:DISPLAY:PRODUCT_PAGE:IMAGE:CLICK,USD,0,161,148.12,7,521.36
2026-03-23,US,adv_demo_001,SPONSORED_DISPLAY,DISPLAY,VIDEO,,PRODUCT_PAGE,IMPRESSION,CPM,SPONSORED_DISPLAY:DISPLAY:PRODUCT_PAGE:VIDEO:IMPRESSION,USD,24775,0,0,0,0
2026-03-23,US,adv_demo_001,SPONSORED_DISPLAY,VIDEO,VIDEO,,PRODUCT_PAGE,CLICK,CPC,SPONSORED_DISPLAY:VIDEO:PRODUCT_PAGE:VIDEO:CLICK,USD,0,156,184.08,7,616.0
2026-03-23,US,adv_demo_001,SPONSORED_PRODUCTS,PRODUCT_AD,,,PRODUCT_PAGE,CLICK,CPC,SPONSORED_PRODUCTS:PRODUCT_AD:PRODUCT_PAGE:UNSPECIFIED:CLICK,USD,0,340,299.2,25,1717.0
2026-03-23,US,adv_demo_001,SPONSORED_PRODUCTS,PRODUCT_AD,,,REST_OF_SEARCH,CLICK,CPC,SPONSORED_PRODUCTS:PRODUCT_AD:REST_OF_SEARCH:UNSPECIFIED:CLICK,USD,0,341,279.62,23,1524.9
2026-03-23,US,adv_demo_001,SPONSORED_PRODUCTS,PRODUCT_AD,,,TOP_OF_SEARCH,IMPRESSION,CPM,SPONSORED_PRODUCTS:PRODUCT_AD:TOP_OF_SEARCH:UNSPECIFIED:IMPRESSION,USD,41139,0,0,0,0
2026-03-23,US,adv_demo_001,SPONSORED_PRODUCTS,PRODUCT_AD,,,TOP_OF_SEARCH,CLICK,CPC,SPONSORED_PRODUCTS:PRODUCT_AD:TOP_OF_SEARCH:UNSPECIFIED:CLICK,USD,0,494,503.88,40,2966.4
2026-03-24,US,adv_demo_001,AMAZON_DSP,,,AUDIO,,IMPRESSION,CPM,AMAZON_DSP:AUDIO:UNSPECIFIED:UNSPECIFIED:IMPRESSION,USD,44424,0,799.63,0,0
2026-03-24,US,adv_demo_001,AMAZON_DSP,,IMAGE,DISPLAY,,IMPRESSION,CPM,AMAZON_DSP:DISPLAY:UNSPECIFIED:IMAGE:IMPRESSION,USD,53965,0,674.56,0,0
2026-03-24,US,adv_demo_001,AMAZON_DSP,,VIDEO,ONLINE_VIDEO,,IMPRESSION,CPM,AMAZON_DSP:ONLINE_VIDEO:UNSPECIFIED:VIDEO:IMPRESSION,USD,41506,0,830.12,0,0
2026-03-24,US,adv_demo_001,AMAZON_DSP,,VIDEO,STREAMING_TV,,IMPRESSION,CPM,AMAZON_DSP:STREAMING_TV:UNSPECIFIED:VIDEO:IMPRESSION,USD,50047,0,1401.32,0,0
2026-03-24,US,adv_demo_001,SPONSORED_BRANDS,COMPONENT,IMAGE,,TOP_OF_SEARCH,IMPRESSION,CPM,SPONSORED_BRANDS:COMPONENT:TOP_OF_SEARCH:IMAGE:IMPRESSION,USD,22588,0,0,0,0
2026-03-24,US,adv_demo_001,SPONSORED_BRANDS,COMPONENT,IMAGE,,TOP_OF_SEARCH,CLICK,CPC,SPONSORED_BRANDS:COMPONENT:TOP_OF_SEARCH:IMAGE:CLICK,USD,0,184,220.8,9,723.24
2026-03-24,US,adv_demo_001,SPONSORED_BRANDS,DISPLAY,IMAGE,,REST_OF_SEARCH,IMPRESSION,CPM,SPONSORED_BRANDS:DISPLAY:REST_OF_SEARCH:IMAGE:IMPRESSION,USD,26129,0,0,0,0
2026-03-24,US,adv_demo_001,SPONSORED_BRANDS,VIDEO,VIDEO,,TOP_OF_SEARCH,IMPRESSION,CPM,SPONSORED_BRANDS:VIDEO:TOP_OF_SEARCH:VIDEO:IMPRESSION,USD,21670,0,0,0,0
2026-03-24,US,adv_demo_001,SPONSORED_BRANDS,VIDEO,VIDEO,,TOP_OF_SEARCH,CLICK,CPC,SPONSORED_BRANDS:VIDEO:TOP_OF_SEARCH:VIDEO:CLICK,USD,0,146,201.48,7,637.0
2026-03-24,US,adv_demo_001,SPONSORED_DISPLAY,DISPLAY,IMAGE,,PRODUCT_PAGE,IMPRESSION,CPM,SPONSORED_DISPLAY:DISPLAY:PRODUCT_PAGE:IMAGE:IMPRESSION,USD,30211,0,0,0,0
2026-03-24,US,adv_demo_001,SPONSORED_DISPLAY,DISPLAY,IMAGE,,PRODUCT_PAGE,CLICK,CPC,SPONSORED_DISPLAY:DISPLAY:PRODUCT_PAGE:IMAGE:CLICK,USD,0,168,154.56,7,537.32
2026-03-24,US,adv_demo_001,SPONSORED_DISPLAY,DISPLAY,VIDEO,,PRODUCT_PAGE,IMPRESSION,CPM,SPONSORED_DISPLAY:DISPLAY:PRODUCT_PAGE:VIDEO:IMPRESSION,USD,25752,0,0,0,0
2026-03-24,US,adv_demo_001,SPONSORED_DISPLAY,VIDEO,VIDEO,,PRODUCT_PAGE,CLICK,CPC,SPONSORED_DISPLAY:VIDEO:PRODUCT_PAGE:VIDEO:CLICK,USD,0,118,139.24,6,543.84
2026-03-24,US,adv_demo_001,SPONSORED_PRODUCTS,PRODUCT_AD,,,PRODUCT_PAGE,CLICK,CPC,SPONSORED_PRODUCTS:PRODUCT_AD:PRODUCT_PAGE:UNSPECIFIED:CLICK,USD,0,354,311.52,26,1838.72
2026-03-24,US,adv_demo_001,SPONSORED_PRODUCTS,PRODUCT_AD,,,REST_OF_SEARCH,CLICK,CPC,SPONSORED_PRODUCTS:PRODUCT_AD:REST_OF_SEARCH:UNSPECIFIED:CLICK,USD,0,353,289.46,24,1638.0
2026-03-24,US,adv_demo_001,SPONSORED_PRODUCTS,PRODUCT_AD,,,TOP_OF_SEARCH,IMPRESSION,CPM,SPONSORED_PRODUCTS:PRODUCT_AD:TOP_OF_SEARCH:UNSPECIFIED:IMPRESSION,USD,42116,0,0,0,0
2026-03-24,US,adv_demo_001,SPONSORED_PRODUCTS,PRODUCT_AD,,,TOP_OF_SEARCH,CLICK,CPC,SPONSORED_PRODUCTS:PRODUCT_AD:TOP_OF_SEARCH:UNSPECIFIED:CLICK,USD,0,510,520.2,42,2903.04
2026-03-25,US,adv_demo_001,AMAZON_DSP,,,AUDIO,,IMPRESSION,CPM,AMAZON_DSP:AUDIO:UNSPECIFIED:UNSPECIFIED:IMPRESSION,USD,45401,0,817.22,0,0
2026-03-25,US,adv_demo_001,AMAZON_DSP,,IMAGE,DISPLAY,,IMPRESSION,CPM,AMAZON_DSP:DISPLAY:UNSPECIFIED:IMAGE:IMPRESSION,USD,54942,0,686.77,0,0
2026-03-25,US,adv_demo_001,AMAZON_DSP,,VIDEO,ONLINE_VIDEO,,IMPRESSION,CPM,AMAZON_DSP:ONLINE_VIDEO:UNSPECIFIED:VIDEO:IMPRESSION,USD,42483,0,849.66,0,0
2026-03-25,US,adv_demo_001,AMAZON_DSP,,VIDEO,STREAMING_TV,,IMPRESSION,CPM,AMAZON_DSP:STREAMING_TV:UNSPECIFIED:VIDEO:IMPRESSION,USD,51024,0,1428.67,0,0
2026-03-25,US,adv_demo_001,SPONSORED_BRANDS,COMPONENT,IMAGE,,TOP_OF_SEARCH,IMPRESSION,CPM,SPONSORED_BRANDS:COMPONENT:TOP_OF_SEARCH:IMAGE:IMPRESSION,USD,23565,0,0,0,0
2026-03-25,US,adv_demo_001,SPONSORED_BRANDS,COMPONENT,IMAGE,,TOP_OF_SEARCH,CLICK,CPC,SPONSORED_BRANDS:COMPONENT:TOP_OF_SEARCH:IMAGE:CLICK,USD,0,177,212.4,9,745.38
2026-03-25,US,adv_demo_001,SPONSORED_BRANDS,DISPLAY,IMAGE,,REST_OF_SEARCH,IMPRESSION,CPM,SPONSORED_BRANDS:DISPLAY:REST_OF_SEARCH:IMAGE:IMPRESSION,USD,27106,0,0,0,0
2026-03-25,US,adv_demo_001,SPONSORED_BRANDS,VIDEO,VIDEO,,TOP_OF_SEARCH,IMPRESSION,CPM,SPONSORED_BRANDS:VIDEO:TOP_OF_SEARCH:VIDEO:IMPRESSION,USD,22647,0,0,0,0
2026-03-25,US,adv_demo_001,SPONSORED_BRANDS,VIDEO,VIDEO,,TOP_OF_SEARCH,CLICK,CPC,SPONSORED_BRANDS:VIDEO:TOP_OF_SEARCH:VIDEO:CLICK,USD,0,154,212.52,7,656.11
2026-03-25,US,adv_demo_001,SPONSORED_DISPLAY,DISPLAY,IMAGE,,PRODUCT_PAGE,IMPRESSION,CPM,SPONSORED_DISPLAY:DISPLAY:PRODUCT_PAGE:IMAGE:IMPRESSION,USD,24388,0,0,0,0
2026-03-25,US,adv_demo_001,SPONSORED_DISPLAY,DISPLAY,IMAGE,,PRODUCT_PAGE,CLICK,CPC,SPONSORED_DISPLAY:DISPLAY:PRODUCT_PAGE:IMAGE:CLICK,USD,0,137,126.04,6,474.24
2026-03-25,US,adv_demo_001,SPONSORED_DISPLAY,DISPLAY,VIDEO,,PRODUCT_PAGE,IMPRESSION,CPM,SPONSORED_DISPLAY:DISPLAY:PRODUCT_PAGE:VIDEO:IMPRESSION,USD,19929,0,0,0,0
2026-03-25,US,adv_demo_001,SPONSORED_DISPLAY,VIDEO,VIDEO,,PRODUCT_PAGE,CLICK,CPC,SPONSORED_DISPLAY:VIDEO:PRODUCT_PAGE:VIDEO:CLICK,USD,0,126,148.68,6,506.88
2026-03-25,US,adv_demo_001,SPONSORED_PRODUCTS,PRODUCT_AD,,,PRODUCT_PAGE,CLICK,CPC,SPONSORED_PRODUCTS:PRODUCT_AD:PRODUCT_PAGE:UNSPECIFIED:CLICK,USD,0,368,323.84,28,1846.88
2026-03-25,US,adv_demo_001,SPONSORED_PRODUCTS,PRODUCT_AD,,,REST_OF_SEARCH,CLICK,CPC,SPONSORED_PRODUCTS:PRODUCT_AD:REST_OF_SEARCH:UNSPECIFIED:CLICK,USD,0,366,300.12,26,1656.2
2026-03-25,US,adv_demo_001,SPONSORED_PRODUCTS,PRODUCT_AD,,,TOP_OF_SEARCH,IMPRESSION,CPM,SPONSORED_PRODUCTS:PRODUCT_AD:TOP_OF_SEARCH:UNSPECIFIED:IMPRESSION,USD,43093,0,0,0,0
2026-03-25,US,adv_demo_001,SPONSORED_PRODUCTS,PRODUCT_AD,,,TOP_OF_SEARCH,CLICK,CPC,SPONSORED_PRODUCTS:PRODUCT_AD:TOP_OF_SEARCH:UNSPECIFIED:CLICK,USD,0,527,537.54,40,2851.2
2026-03-26,US,adv_demo_001,AMAZON_DSP,,,AUDIO,,IMPRESSION,CPM,AMAZON_DSP:AUDIO:UNSPECIFIED:UNSPECIFIED:IMPRESSION,USD,46378,0,834.8,0,0
2026-03-26,US,adv_demo_001,AMAZON_DSP,,IMAGE,DISPLAY,,IMPRESSION,CPM,AMAZON_DSP:DISPLAY:UNSPECIFIED:IMAGE:IMPRESSION,USD,55919,0,698.99,0,0
2026-03-26,US,adv_demo_001,AMAZON_DSP,,VIDEO,ONLINE_VIDEO,,IMPRESSION,CPM,AMAZON_DSP:ONLINE_VIDEO:UNSPECIFIED:VIDEO:IMPRESSION,USD,43460,0,869.2,0,0
2026-03-26,US,adv_demo_001,AMAZON_DSP,,VIDEO,STREAMING_TV,,IMPRESSION,CPM,AMAZON_DSP:STREAMING_TV:UNSPECIFIED:VIDEO:IMPRESSION,USD,52001,0,1456.03,0,0
2026-03-26,US,adv_demo_001,SPONSORED_BRANDS,COMPONENT,IMAGE,,TOP_OF_SEARCH,IMPRESSION,CPM,SPONSORED_BRANDS:COMPONENT:TOP_OF_SEARCH:IMAGE:IMPRESSION,USD,24542,0,0,0,0
2026-03-26,US,adv_demo_001,SPONSORED_BRANDS,COMPONENT,IMAGE,,TOP_OF_SEARCH,CLICK,CPC,SPONSORED_BRANDS:COMPONENT:TOP_OF_SEARCH:IMAGE:CLICK,USD,0,187,224.4,10,852.8
2026-03-26,US,adv_demo_001,SPONSORED_BRANDS,DISPLAY,IMAGE,,REST_OF_SEARCH,IMPRESSION,CPM,SPONSORED_BRANDS:DISPLAY:REST_OF_SEARCH:IMAGE:IMPRESSION,USD,21283,0,0,0,0
2026-03-26,US,adv_demo_001,SPONSORED_BRANDS,VIDEO,VIDEO,,TOP_OF_SEARCH,IMPRESSION,CPM,SPONSORED_BRANDS:VIDEO:TOP_OF_SEARCH:VIDEO:IMPRESSION,USD,16824,0,0,0,0
2026-03-26,US,adv_demo_001,SPONSORED_BRANDS,VIDEO,VIDEO,,TOP_OF_SEARCH,CLICK,CPC,SPONSORED_BRANDS:VIDEO:TOP_OF_SEARCH:VIDEO:CLICK,USD,0,116,160.08,6,524.16
2026-03-26,US,adv_demo_001,SPONSORED_DISPLAY,DISPLAY,IMAGE,,PRODUCT_PAGE,IMPRESSION,CPM,SPONSORED_DISPLAY:DISPLAY:PRODUCT_PAGE:IMAGE:IMPRESSION,USD,25365,0,0,0,0
2026-03-26,US,adv_demo_001,SPONSORED_DISPLAY,DISPLAY,IMAGE,,PRODUCT_PAGE,CLICK,CPC,SPONSORED_DISPLAY:DISPLAY:PRODUCT_PAGE:IMAGE:CLICK,USD,0,144,132.48,6,442.32
2026-03-26,US,adv_demo_001,SPONSORED_DISPLAY,DISPLAY,VIDEO,,PRODUCT_PAGE,IMPRESSION,CPM,SPONSORED_DISPLAY:DISPLAY:PRODUCT_PAGE:VIDEO:IMPRESSION,USD,20906,0,0,0,0
2026-03-26,US,adv_demo_001,SPONSORED_DISPLAY,VIDEO,VIDEO,,PRODUCT_PAGE,CLICK,CPC,SPONSORED_DISPLAY:VIDEO:PRODUCT_PAGE:VIDEO:CLICK,USD,0,134,158.12,7,609.84
2026-03-26,US,adv_demo_001,SPONSORED_PRODUCTS,PRODUCT_AD,,,PRODUCT_PAGE,CLICK,CPC,SPONSORED_PRODUCTS:PRODUCT_AD:PRODUCT_PAGE:UNSPECIFIED:CLICK,USD,0,382,336.16,26,1768.0
2026-03-26,US,adv_demo_001,SPONSORED_PRODUCTS,PRODUCT_AD,,,REST_OF_SEARCH,CLICK,CPC,SPONSORED_PRODUCTS:PRODUCT_AD:REST_OF_SEARCH:UNSPECIFIED:CLICK,USD,0,379,310.78,24,1575.6
2026-03-26,US,adv_demo_001,SPONSORED_PRODUCTS,PRODUCT_AD,,,TOP_OF_SEARCH,IMPRESSION,CPM,SPONSORED_PRODUCTS:PRODUCT_AD:TOP_OF_SEARCH:UNSPECIFIED:IMPRESSION,USD,44070,0,0,0,0
2026-03-26,US,adv_demo_001,SPONSORED_PRODUCTS,PRODUCT_AD,,,TOP_OF_SEARCH,CLICK,CPC,SPONSORED_PRODUCTS:PRODUCT_AD:TOP_OF_SEARCH:UNSPECIFIED:CLICK,USD,0,497,506.94,38,2790.72
2026-03-27,US,adv_demo_001,AMAZON_DSP,,,AUDIO,,IMPRESSION,CPM,AMAZON_DSP:AUDIO:UNSPECIFIED:UNSPECIFIED:IMPRESSION,USD,47355,0,852.39,0,0
2026-03-27,US,adv_demo_001,AMAZON_DSP,,IMAGE,DISPLAY,,IMPRESSION,CPM,AMAZON_DSP:DISPLAY:UNSPECIFIED:IMAGE:IMPRESSION,USD,56896,0,711.2,0,0
2026-03-27,US,adv_demo_001,AMAZON_DSP,,VIDEO,ONLINE_VIDEO,,IMPRESSION,CPM,AMAZON_DSP:ONLINE_VIDEO:UNSPECIFIED:VIDEO:IMPRESSION,USD,44437,0,888.74,0,0
2026-03-27,US,adv_demo_001,AMAZON_DSP,,VIDEO,STREAMING_TV,,IMPRESSION,CPM,AMAZON_DSP:STREAMING_TV:UNSPECIFIED:VIDEO:IMPRESSION,USD,46178,0,1292.98,0,0
2026-03-27,US,adv_demo_001,SPONSORED_BRANDS,COMPONENT,IMAGE,,TOP_OF_SEARCH,IMPRESSION,CPM,SPONSORED_BRANDS:COMPONENT:TOP_OF_SEARCH:IMAGE:IMPRESSION,USD,18719,0,0,0,0
2026-03-27,US,adv_demo_001,SPONSORED_BRANDS,COMPONENT,IMAGE,,TOP_OF_SEARCH,CLICK,CPC,SPONSORED_BRANDS:COMPONENT:TOP_OF_SEARCH:IMAGE:CLICK,USD,0,144,172.8,8,636.32
2026-03-27,US,adv_demo_001,SPONSORED_BRANDS,DISPLAY,IMAGE,,REST_OF_SEARCH,IMPRESSION,CPM,SPONSORED_BRANDS:DISPLAY:REST_OF_SEARCH:IMAGE:IMPRESSION,USD,22260,0,0,0,0
2026-03-27,US,adv_demo_001,SPONSORED_BRANDS,VIDEO,VIDEO,,TOP_OF_SEARCH,IMPRESSION,CPM,SPONSORED_BRANDS:VIDEO:TOP_OF_SEARCH:VIDEO:IMPRESSION,USD,17801,0,0,0,0
2026-03-27,US,adv_demo_001,SPONSORED_BRANDS,VIDEO,VIDEO,,TOP_OF_SEARCH,CLICK,CPC,SPONSORED_BRANDS:VIDEO:TOP_OF_SEARCH:VIDEO:CLICK,USD,0,124,171.12,6,540.54
2026-03-27,US,adv_demo_001,SPONSORED_DISPLAY,DISPLAY,IMAGE,,PRODUCT_PAGE,IMPRESSION,CPM,SPONSORED_DISPLAY:DISPLAY:PRODUCT_PAGE:IMAGE:IMPRESSION,USD,26342,0,0,0,0
2026-03-27,US,adv_demo_001,SPONSORED_DISPLAY,DISPLAY,IMAGE,,PRODUCT_PAGE,CLICK,CPC,SPONSORED_DISPLAY:DISPLAY:PRODUCT_PAGE:IMAGE:CLICK,USD,0,151,138.92,7,532.0
2026-03-27,US,adv_demo_001,SPONSORED_DISPLAY,DISPLAY,VIDEO,,PRODUCT_PAGE,IMPRESSION,CPM,SPONSORED_DISPLAY:DISPLAY:PRODUCT_PAGE:VIDEO:IMPRESSION,USD,21883,0,0,0,0
2026-03-27,US,adv_demo_001,SPONSORED_DISPLAY,VIDEO,VIDEO,,PRODUCT_PAGE,CLICK,CPC,SPONSORED_DISPLAY:VIDEO:PRODUCT_PAGE:VIDEO:CLICK,USD,0,142,167.56,6,538.56
2026-03-27,US,adv_demo_001,SPONSORED_PRODUCTS,PRODUCT_AD,,,PRODUCT_PAGE,CLICK,CPC,SPONSORED_PRODUCTS:PRODUCT_AD:PRODUCT_PAGE:UNSPECIFIED:CLICK,USD,0,396,348.48,28,1961.12
2026-03-27,US,adv_demo_001,SPONSORED_PRODUCTS,PRODUCT_AD,,,REST_OF_SEARCH,CLICK,CPC,SPONSORED_PRODUCTS:PRODUCT_AD:REST_OF_SEARCH:UNSPECIFIED:CLICK,USD,0,358,293.56,23,1554.8
2026-03-27,US,adv_demo_001,SPONSORED_PRODUCTS,PRODUCT_AD,,,TOP_OF_SEARCH,IMPRESSION,CPM,SPONSORED_PRODUCTS:PRODUCT_AD:TOP_OF_SEARCH:UNSPECIFIED:IMPRESSION,USD,45047,0,0,0,0
2026-03-27,US,adv_demo_001,SPONSORED_PRODUCTS,PRODUCT_AD,,,TOP_OF_SEARCH,CLICK,CPC,SPONSORED_PRODUCTS:PRODUCT_AD:TOP_OF_SEARCH:UNSPECIFIED:CLICK,USD,0,514,524.28,40,3024.0
2026-03-28,US,adv_demo_001,AMAZON_DSP,,,AUDIO,,IMPRESSION,CPM,AMAZON_DSP:AUDIO:UNSPECIFIED:UNSPECIFIED:IMPRESSION,USD,48332,0,869.98,0,0
2026-03-28,US,adv_demo_001,AMAZON_DSP,,IMAGE,DISPLAY,,IMPRESSION,CPM,AMAZON_DSP:DISPLAY:UNSPECIFIED:IMAGE:IMPRESSION,USD,51073,0,638.41,0,0
2026-03-28,US,adv_demo_001,AMAZON_DSP,,VIDEO,ONLINE_VIDEO,,IMPRESSION,CPM,AMAZON_DSP:ONLINE_VIDEO:UNSPECIFIED:VIDEO:IMPRESSION,USD,38614,0,772.28,0,0
2026-03-28,US,adv_demo_001,AMAZON_DSP,,VIDEO,STREAMING_TV,,IMPRESSION,CPM,AMAZON_DSP:STREAMING_TV:UNSPECIFIED:VIDEO:IMPRESSION,USD,47155,0,1320.34,0,0
2026-03-28,US,adv_demo_001,SPONSORED_BRANDS,COMPONENT,IMAGE,,TOP_OF_SEARCH,IMPRESSION,CPM,SPONSORED_BRANDS:COMPONENT:TOP_OF_SEARCH:IMAGE:IMPRESSION,USD,19696,0,0,0,0
2026-03-28,US,adv_demo_001,SPONSORED_BRANDS,COMPONENT,IMAGE,,TOP_OF_SEARCH,CLICK,CPC,SPONSORED_BRANDS:COMPONENT:TOP_OF_SEARCH:IMAGE:CLICK,USD,0,153,183.6,8,656.0
2026-03-28,US,adv_demo_001,SPONSORED_BRANDS,DISPLAY,IMAGE,,REST_OF_SEARCH,IMPRESSION,CPM,SPONSORED_BRANDS:DISPLAY:REST_OF_SEARCH:IMAGE:IMPRESSION,USD,23237,0,0,0,0
2026-03-28,US,adv_demo_001,SPONSORED_BRANDS,VIDEO,VIDEO,,TOP_OF_SEARCH,IMPRESSION,CPM,SPONSORED_BRANDS:VIDEO:TOP_OF_SEARCH:VIDEO:IMPRESSION,USD,18778,0,0,0,0
2026-03-28,US,adv_demo_001,SPONSORED_BRANDS,VIDEO,VIDEO,,TOP_OF_SEARCH,CLICK,CPC,SPONSORED_BRANDS:VIDEO:TOP_OF_SEARCH:VIDEO:CLICK,USD,0,132,182.16,6,556.92
2026-03-28,US,adv_demo_001,SPONSORED_DISPLAY,DISPLAY,IMAGE,,PRODUCT_PAGE,IMPRESSION,CPM,SPONSORED_DISPLAY:DISPLAY:PRODUCT_PAGE:IMAGE:IMPRESSION,USD,27319,0,0,0,0
2026-03-28,US,adv_demo_001,SPONSORED_DISPLAY,DISPLAY,IMAGE,,PRODUCT_PAGE,CLICK,CPC,SPONSORED_DISPLAY:DISPLAY:PRODUCT_PAGE:IMAGE:CLICK,USD,0,158,145.36,7,547.96
2026-03-28,US,adv_demo_001,SPONSORED_DISPLAY,DISPLAY,VIDEO,,PRODUCT_PAGE,IMPRESSION,CPM,SPONSORED_DISPLAY:DISPLAY:PRODUCT_PAGE:VIDEO:IMPRESSION,USD,22860,0,0,0,0
2026-03-28,US,adv_demo_001,SPONSORED_DISPLAY,VIDEO,VIDEO,,PRODUCT_PAGE,CLICK,CPC,SPONSORED_DISPLAY:VIDEO:PRODUCT_PAGE:VIDEO:CLICK,USD,0,151,178.18,7,646.8
2026-03-28,US,adv_demo_001,SPONSORED_PRODUCTS,PRODUCT_AD,,,PRODUCT_PAGE,CLICK,CPC,SPONSORED_PRODUCTS:PRODUCT_AD:PRODUCT_PAGE:UNSPECIFIED:CLICK,USD,0,374,329.12,27,1762.56
2026-03-28,US,adv_demo_001,SPONSORED_PRODUCTS,PRODUCT_AD,,,REST_OF_SEARCH,CLICK,CPC,SPONSORED_PRODUCTS:PRODUCT_AD:REST_OF_SEARCH:UNSPECIFIED:CLICK,USD,0,370,303.4,25,1576.25
2026-03-28,US,adv_demo_001,SPONSORED_PRODUCTS,PRODUCT_AD,,,TOP_OF_SEARCH,IMPRESSION,CPM,SPONSORED_PRODUCTS:PRODUCT_AD:TOP_OF_SEARCH:UNSPECIFIED:IMPRESSION,USD,46024,0,0,0,0
2026-03-28,US,adv_demo_001,SPONSORED_PRODUCTS,PRODUCT_AD,,,TOP_OF_SEARCH,CLICK,CPC,SPONSORED_PRODUCTS:PRODUCT_AD:TOP_OF_SEARCH:UNSPECIFIED:CLICK,USD,0,530,540.6,43,3034.08
2026-03-29,US,adv_demo_001,AMAZON_DSP,,,AUDIO,,IMPRESSION,CPM,AMAZON_DSP:AUDIO:UNSPECIFIED:UNSPECIFIED:IMPRESSION,USD,42509,0,765.16,0,0
2026-03-29,US,adv_demo_001,AMAZON_DSP,,IMAGE,DISPLAY,,IMPRESSION,CPM,AMAZON_DSP:DISPLAY:UNSPECIFIED:IMAGE:IMPRESSION,USD,52050,0,650.62,0,0
2026-03-29,US,adv_demo_001,AMAZON_DSP,,VIDEO,ONLINE_VIDEO,,IMPRESSION,CPM,AMAZON_DSP:ONLINE_VIDEO:UNSPECIFIED:VIDEO:IMPRESSION,USD,39591,0,791.82,0,0
2026-03-29,US,adv_demo_001,AMAZON_DSP,,VIDEO,STREAMING_TV,,IMPRESSION,CPM,AMAZON_DSP:STREAMING_TV:UNSPECIFIED:VIDEO:IMPRESSION,USD,48132,0,1347.7,0,0
2026-03-29,US,adv_demo_001,SPONSORED_BRANDS,COMPONENT,IMAGE,,TOP_OF_SEARCH,IMPRESSION,CPM,SPONSORED_BRANDS:COMPONENT:TOP_OF_SEARCH:IMAGE:IMPRESSION,USD,20673,0,0,0,0
2026-03-29,US,adv_demo_001,SPONSORED_BRANDS,COMPONENT,IMAGE,,TOP_OF_SEARCH,CLICK,CPC,SPONSORED_BRANDS:COMPONENT:TOP_OF_SEARCH:IMAGE:CLICK,USD,0,162,194.4,8,675.68
2026-03-29,US,adv_demo_001,SPONSORED_BRANDS,DISPLAY,IMAGE,,REST_OF_SEARCH,IMPRESSION,CPM,SPONSORED_BRANDS:DISPLAY:REST_OF_SEARCH:IMAGE:IMPRESSION,USD,24214,0,0,0,0
2026-03-29,US,adv_demo_001,SPONSORED_BRANDS,VIDEO,VIDEO,,TOP_OF_SEARCH,IMPRESSION,CPM,SPONSORED_BRANDS:VIDEO:TOP_OF_SEARCH:VIDEO:IMPRESSION,USD,19755,0,0,0,0
2026-03-29,US,adv_demo_001,SPONSORED_BRANDS,VIDEO,VIDEO,,TOP_OF_SEARCH,CLICK,CPC,SPONSORED_BRANDS:VIDEO:TOP_OF_SEARCH:VIDEO:CLICK,USD,0,140,193.2,7,668.85
2026-03-29,US,adv_demo_001,SPONSORED_DISPLAY,DISPLAY,IMAGE,,PRODUCT_PAGE,IMPRESSION,CPM,SPONSORED_DISPLAY:DISPLAY:PRODUCT_PAGE:IMAGE:IMPRESSION,USD,28296,0,0,0,0
2026-03-29,US,adv_demo_001,SPONSORED_DISPLAY,DISPLAY,IMAGE,,PRODUCT_PAGE,CLICK,CPC,SPONSORED_DISPLAY:DISPLAY:PRODUCT_PAGE:IMAGE:CLICK,USD,0,166,152.72,7,510.72
2026-03-29,US,adv_demo_001,SPONSORED_DISPLAY,DISPLAY,VIDEO,,PRODUCT_PAGE,IMPRESSION,CPM,SPONSORED_DISPLAY:DISPLAY:PRODUCT_PAGE:VIDEO:IMPRESSION,USD,23837,0,0,0,0
2026-03-29,US,adv_demo_001,SPONSORED_DISPLAY,VIDEO,VIDEO,,PRODUCT_PAGE,CLICK,CPC,SPONSORED_DISPLAY:VIDEO:PRODUCT_PAGE:VIDEO:CLICK,USD,0,145,171.1,7,603.68
2026-03-29,US,adv_demo_001,SPONSORED_PRODUCTS,PRODUCT_AD,,,PRODUCT_PAGE,CLICK,CPC,SPONSORED_PRODUCTS:PRODUCT_AD:PRODUCT_PAGE:UNSPECIFIED:CLICK,USD,0,388,341.44,29,1952.28
2026-03-29,US,adv_demo_001,SPONSORED_PRODUCTS,PRODUCT_AD,,,REST_OF_SEARCH,CLICK,CPC,SPONSORED_PRODUCTS:PRODUCT_AD:REST_OF_SEARCH:UNSPECIFIED:CLICK,USD,0,383,314.06,26,1690.0
2026-03-29,US,adv_demo_001,SPONSORED_PRODUCTS,PRODUCT_AD,,,TOP_OF_SEARCH,IMPRESSION,CPM,SPONSORED_PRODUCTS:PRODUCT_AD:TOP_OF_SEARCH:UNSPECIFIED:IMPRESSION,USD,40201,0,0,0,0
2026-03-29,US,adv_demo_001,SPONSORED_PRODUCTS,PRODUCT_AD,,,TOP_OF_SEARCH,CLICK,CPC,SPONSORED_PRODUCTS:PRODUCT_AD:TOP_OF_SEARCH:UNSPECIFIED:CLICK,USD,0,468,477.36,38,2763.36
2026-03-30,US,adv_demo_001,AMAZON_DSP,,,AUDIO,,IMPRESSION,CPM,AMAZON_DSP:AUDIO:UNSPECIFIED:UNSPECIFIED:IMPRESSION,USD,43486,0,782.75,0,0
2026-03-30,US,adv_demo_001,AMAZON_DSP,,IMAGE,DISPLAY,,IMPRESSION,CPM,AMAZON_DSP:DISPLAY:UNSPECIFIED:IMAGE:IMPRESSION,USD,53027,0,662.84,0,0
2026-03-30,US,adv_demo_001,AMAZON_DSP,,VIDEO,ONLINE_VIDEO,,IMPRESSION,CPM,AMAZON_DSP:ONLINE_VIDEO:UNSPECIFIED:VIDEO:IMPRESSION,USD,40568,0,811.36,0,0
2026-03-30,US,adv_demo_001,AMAZON_DSP,,VIDEO,STREAMING_TV,,IMPRESSION,CPM,AMAZON_DSP:STREAMING_TV:UNSPECIFIED:VIDEO:IMPRESSION,USD,49109,0,1375.05,0,0
2026-03-30,US,adv_demo_001,SPONSORED_BRANDS,COMPONENT,IMAGE,,TOP_OF_SEARCH,IMPRESSION,CPM,SPONSORED_BRANDS:COMPONENT:TOP_OF_SEARCH:IMAGE:IMPRESSION,USD,21650,0,0,0,0
2026-03-30,US,adv_demo_001,SPONSORED_BRANDS,COMPONENT,IMAGE,,TOP_OF_SEARCH,CLICK,CPC,SPONSORED_BRANDS:COMPONENT:TOP_OF_SEARCH:IMAGE:CLICK,USD,0,171,205.2,9,708.48
2026-03-30,US,adv_demo_001,SPONSORED_BRANDS,DISPLAY,IMAGE,,REST_OF_SEARCH,IMPRESSION,CPM,SPONSORED_BRANDS:DISPLAY:REST_OF_SEARCH:IMAGE:IMPRESSION,USD,25191,0,0,0,0
2026-03-30,US,adv_demo_001,SPONSORED_BRANDS,VIDEO,VIDEO,,TOP_OF_SEARCH,IMPRESSION,CPM,SPONSORED_BRANDS:VIDEO:TOP_OF_SEARCH:VIDEO:IMPRESSION,USD,20732,0,0,0,0
2026-03-30,US,adv_demo_001,SPONSORED_BRANDS,VIDEO,VIDEO,,TOP_OF_SEARCH,CLICK,CPC,SPONSORED_BRANDS:VIDEO:TOP_OF_SEARCH:VIDEO:CLICK,USD,0,149,205.62,7,624.26
2026-03-30,US,adv_demo_001,SPONSORED_DISPLAY,DISPLAY,IMAGE,,PRODUCT_PAGE,IMPRESSION,CPM,SPONSORED_DISPLAY:DISPLAY:PRODUCT_PAGE:IMAGE:IMPRESSION,USD,29273,0,0,0,0
2026-03-30,US,adv_demo_001,SPONSORED_DISPLAY,DISPLAY,IMAGE,,PRODUCT_PAGE,CLICK,CPC,SPONSORED_DISPLAY:DISPLAY:PRODUCT_PAGE:IMAGE:CLICK,USD,0,173,159.16,8,601.92
2026-03-30,US,adv_demo_001,SPONSORED_DISPLAY,DISPLAY,VIDEO,,PRODUCT_PAGE,IMPRESSION,CPM,SPONSORED_DISPLAY:DISPLAY:PRODUCT_PAGE:VIDEO:IMPRESSION,USD,24814,0,0,0,0
2026-03-30,US,adv_demo_001,SPONSORED_DISPLAY,VIDEO,VIDEO,,PRODUCT_PAGE,CLICK,CPC,SPONSORED_DISPLAY:VIDEO:PRODUCT_PAGE:VIDEO:CLICK,USD,0,153,180.54,7,622.16
2026-03-30,US,adv_demo_001,SPONSORED_PRODUCTS,PRODUCT_AD,,,PRODUCT_PAGE,CLICK,CPC,SPONSORED_PRODUCTS:PRODUCT_AD:PRODUCT_PAGE:UNSPECIFIED:CLICK,USD,0,334,293.92,25,1734.0
2026-03-30,US,adv_demo_001,SPONSORED_PRODUCTS,PRODUCT_AD,,,REST_OF_SEARCH,CLICK,CPC,SPONSORED_PRODUCTS:PRODUCT_AD:REST_OF_SEARCH:UNSPECIFIED:CLICK,USD,0,334,273.88,23,1539.85
2026-03-30,US,adv_demo_001,SPONSORED_PRODUCTS,PRODUCT_AD,,,TOP_OF_SEARCH,IMPRESSION,CPM,SPONSORED_PRODUCTS:PRODUCT_AD:TOP_OF_SEARCH:UNSPECIFIED:IMPRESSION,USD,41178,0,0,0,0
2026-03-30,US,adv_demo_001,SPONSORED_PRODUCTS,PRODUCT_AD,,,TOP_OF_SEARCH,CLICK,CPC,SPONSORED_PRODUCTS:PRODUCT_AD:TOP_OF_SEARCH:UNSPECIFIED:CLICK,USD,0,484,493.68,40,2995.2
2026-03-31,US,adv_demo_001,AMAZON_DSP,,,AUDIO,,IMPRESSION,CPM,AMAZON_DSP:AUDIO:UNSPECIFIED:UNSPECIFIED:IMPRESSION,USD,44463,0,800.33,0,0
2026-03-31,US,adv_demo_001,AMAZON_DSP,,IMAGE,DISPLAY,,IMPRESSION,CPM,AMAZON_DSP:DISPLAY:UNSPECIFIED:IMAGE:IMPRESSION,USD,54004,0,675.05,0,0
2026-03-31,US,adv_demo_001,AMAZON_DSP,,VIDEO,ONLINE_VIDEO,,IMPRESSION,CPM,AMAZON_DSP:ONLINE_VIDEO:UNSPECIFIED:VIDEO:IMPRESSION,USD,41545,0,830.9,0,0
2026-03-31,US,adv_demo_001,AMAZON_DSP,,VIDEO,STREAMING_TV,,IMPRESSION,CPM,AMAZON_DSP:STREAMING_TV:UNSPECIFIED:VIDEO:IMPRESSION,USD,50086,0,1402.41,0,0
2026-03-31,US,adv_demo_001,SPONSORED_BRANDS,COMPONENT,IMAGE,,TOP_OF_SEARCH,IMPRESSION,CPM,SPONSORED_BRANDS:COMPONENT:TOP_OF_SEARCH:IMAGE:IMPRESSION,USD,22627,0,0,0,0
2026-03-31,US,adv_demo_001,SPONSORED_BRANDS,COMPONENT,IMAGE,,TOP_OF_SEARCH,CLICK,CPC,SPONSORED_BRANDS:COMPONENT:TOP_OF_SEARCH:IMAGE:CLICK,USD,0,181,217.2,10,811.8
2026-03-31,US,adv_demo_001,SPONSORED_BRANDS,DISPLAY,IMAGE,,REST_OF_SEARCH,IMPRESSION,CPM,SPONSORED_BRANDS:DISPLAY:REST_OF_SEARCH:IMAGE:IMPRESSION,USD,26168,0,0,0,0
2026-03-31,US,adv_demo_001,SPONSORED_BRANDS,VIDEO,VIDEO,,TOP_OF_SEARCH,IMPRESSION,CPM,SPONSORED_BRANDS:VIDEO:TOP_OF_SEARCH:VIDEO:IMPRESSION,USD,21709,0,0,0,0
2026-03-31,US,adv_demo_001,SPONSORED_BRANDS,VIDEO,VIDEO,,TOP_OF_SEARCH,CLICK,CPC,SPONSORED_BRANDS:VIDEO:TOP_OF_SEARCH:VIDEO:CLICK,USD,0,157,216.66,8,735.28
2026-03-31,US,adv_demo_001,SPONSORED_DISPLAY,DISPLAY,IMAGE,,PRODUCT_PAGE,IMPRESSION,CPM,SPONSORED_DISPLAY:DISPLAY:PRODUCT_PAGE:IMAGE:IMPRESSION,USD,30250,0,0,0,0
2026-03-31,US,adv_demo_001,SPONSORED_DISPLAY,DISPLAY,IMAGE,,PRODUCT_PAGE,CLICK,CPC,SPONSORED_DISPLAY:DISPLAY:PRODUCT_PAGE:IMAGE:CLICK,USD,0,165,151.8,7,542.64
2026-03-31,US,adv_demo_001,SPONSORED_DISPLAY,DISPLAY,VIDEO,,PRODUCT_PAGE,IMPRESSION,CPM,SPONSORED_DISPLAY:DISPLAY:PRODUCT_PAGE:VIDEO:IMPRESSION,USD,25791,0,0,0,0
2026-03-31,US,adv_demo_001,SPONSORED_DISPLAY,VIDEO,VIDEO,,PRODUCT_PAGE,CLICK,CPC,SPONSORED_DISPLAY:VIDEO:PRODUCT_PAGE:VIDEO:CLICK,USD,0,116,136.88,6,549.12
2026-03-31,US,adv_demo_001,SPONSORED_PRODUCTS,PRODUCT_AD,,,PRODUCT_PAGE,CLICK,CPC,SPONSORED_PRODUCTS:PRODUCT_AD:PRODUCT_PAGE:UNSPECIFIED:CLICK,USD,0,347,305.36,27,1927.8
2026-03-31,US,adv_demo_001,SPONSORED_PRODUCTS,PRODUCT_AD,,,REST_OF_SEARCH,CLICK,CPC,SPONSORED_PRODUCTS:PRODUCT_AD:REST_OF_SEARCH:UNSPECIFIED:CLICK,USD,0,347,284.54,22,1372.8
2026-03-31,US,adv_demo_001,SPONSORED_PRODUCTS,PRODUCT_AD,,,TOP_OF_SEARCH,IMPRESSION,CPM,SPONSORED_PRODUCTS:PRODUCT_AD:TOP_OF_SEARCH:UNSPECIFIED:IMPRESSION,USD,42155,0,0,0,0
2026-03-31,US,adv_demo_001,SPONSORED_PRODUCTS,PRODUCT_AD,,,TOP_OF_SEARCH,CLICK,CPC,SPONSORED_PRODUCTS:PRODUCT_AD:TOP_OF_SEARCH:UNSPECIFIED:CLICK,USD,0,501,511.02,38,2653.92
2026-04-01,US,adv_demo_001,AMAZON_DSP,,,AUDIO,,IMPRESSION,CPM,AMAZON_DSP:AUDIO:UNSPECIFIED:UNSPECIFIED:IMPRESSION,USD,45440,0,817.92,0,0
2026-04-01,US,adv_demo_001,AMAZON_DSP,,IMAGE,DISPLAY,,IMPRESSION,CPM,AMAZON_DSP:DISPLAY:UNSPECIFIED:IMAGE:IMPRESSION,USD,54981,0,687.26,0,0
2026-04-01,US,adv_demo_001,AMAZON_DSP,,VIDEO,ONLINE_VIDEO,,IMPRESSION,CPM,AMAZON_DSP:ONLINE_VIDEO:UNSPECIFIED:VIDEO:IMPRESSION,USD,42522,0,850.44,0,0
2026-04-01,US,adv_demo_001,AMAZON_DSP,,VIDEO,STREAMING_TV,,IMPRESSION,CPM,AMAZON_DSP:STREAMING_TV:UNSPECIFIED:VIDEO:IMPRESSION,USD,51063,0,1429.76,0,0
2026-04-01,US,adv_demo_001,SPONSORED_BRANDS,COMPONENT,IMAGE,,TOP_OF_SEARCH,IMPRESSION,CPM,SPONSORED_BRANDS:COMPONENT:TOP_OF_SEARCH:IMAGE:IMPRESSION,USD,23604,0,0,0,0
2026-04-01,US,adv_demo_001,SPONSORED_BRANDS,COMPONENT,IMAGE,,TOP_OF_SEARCH,CLICK,CPC,SPONSORED_BRANDS:COMPONENT:TOP_OF_SEARCH:IMAGE:CLICK,USD,0,191,229.2,10,836.4
2026-04-01,US,adv_demo_001,SPONSORED_BRANDS,DISPLAY,IMAGE,,REST_OF_SEARCH,IMPRESSION,CPM,SPONSORED_BRANDS:DISPLAY:REST_OF_SEARCH:IMAGE:IMPRESSION,USD,27145,0,0,0,0
2026-04-01,US,adv_demo_001,SPONSORED_BRANDS,VIDEO,VIDEO,,TOP_OF_SEARCH,IMPRESSION,CPM,SPONSORED_BRANDS:VIDEO:TOP_OF_SEARCH:VIDEO:IMPRESSION,USD,22686,0,0,0,0
2026-04-01,US,adv_demo_001,SPONSORED_BRANDS,VIDEO,VIDEO,,TOP_OF_SEARCH,CLICK,CPC,SPONSORED_BRANDS:VIDEO:TOP_OF_SEARCH:VIDEO:CLICK,USD,0,151,208.38,8,757.12
2026-04-01,US,adv_demo_001,SPONSORED_DISPLAY,DISPLAY,IMAGE,,PRODUCT_PAGE,IMPRESSION,CPM,SPONSORED_DISPLAY:DISPLAY:PRODUCT_PAGE:IMAGE:IMPRESSION,USD,24427,0,0,0,0
2026-04-01,US,adv_demo_001,SPONSORED_DISPLAY,DISPLAY,IMAGE,,PRODUCT_PAGE,CLICK,CPC,SPONSORED_DISPLAY:DISPLAY:PRODUCT_PAGE:IMAGE:CLICK,USD,0,135,124.2,6,478.8
2026-04-01,US,adv_demo_001,SPONSORED_DISPLAY,DISPLAY,VIDEO,,PRODUCT_PAGE,IMPRESSION,CPM,SPONSORED_DISPLAY:DISPLAY:PRODUCT_PAGE:VIDEO:IMPRESSION,USD,19968,0,0,0,0
2026-04-01,US,adv_demo_001,SPONSORED_DISPLAY,VIDEO,VIDEO,,PRODUCT_PAGE,CLICK,CPC,SPONSORED_DISPLAY:VIDEO:PRODUCT_PAGE:VIDEO:CLICK,USD,0,124,146.32,6,512.16
2026-04-01,US,adv_demo_001,SPONSORED_PRODUCTS,PRODUCT_AD,,,PRODUCT_PAGE,CLICK,CPC,SPONSORED_PRODUCTS:PRODUCT_AD:PRODUCT_PAGE:UNSPECIFIED:CLICK,USD,0,361,317.68,25,1666.0
2026-04-01,US,adv_demo_001,SPONSORED_PRODUCTS,PRODUCT_AD,,,REST_OF_SEARCH,CLICK,CPC,SPONSORED_PRODUCTS:PRODUCT_AD:REST_OF_SEARCH:UNSPECIFIED:CLICK,USD,0,359,294.38,23,1480.05
2026-04-01,US,adv_demo_001,SPONSORED_PRODUCTS,PRODUCT_AD,,,TOP_OF_SEARCH,IMPRESSION,CPM,SPONSORED_PRODUCTS:PRODUCT_AD:TOP_OF_SEARCH:UNSPECIFIED:IMPRESSION,USD,43132,0,0,0,0
2026-04-01,US,adv_demo_001,SPONSORED_PRODUCTS,PRODUCT_AD,,,TOP_OF_SEARCH,CLICK,CPC,SPONSORED_PRODUCTS:PRODUCT_AD:TOP_OF_SEARCH:UNSPECIFIED:CLICK,USD,0,518,528.36,40,2880.0
2026-04-02,US,adv_demo_001,AMAZON_DSP,,,AUDIO,,IMPRESSION,CPM,AMAZON_DSP:AUDIO:UNSPECIFIED:UNSPECIFIED:IMPRESSION,USD,46417,0,835.51,0,0
2026-04-02,US,adv_demo_001,AMAZON_DSP,,IMAGE,DISPLAY,,IMPRESSION,CPM,AMAZON_DSP:DISPLAY:UNSPECIFIED:IMAGE:IMPRESSION,USD,55958,0,699.48,0,0
2026-04-02,US,adv_demo_001,AMAZON_DSP,,VIDEO,ONLINE_VIDEO,,IMPRESSION,CPM,AMAZON_DSP:ONLINE_VIDEO:UNSPECIFIED:VIDEO:IMPRESSION,USD,43499,0,869.98,0,0
2026-04-02,US,adv_demo_001,AMAZON_DSP,,VIDEO,STREAMING_TV,,IMPRESSION,CPM,AMAZON_DSP:STREAMING_TV:UNSPECIFIED:VIDEO:IMPRESSION,USD,52040,0,1457.12,0,0
2026-04-02,US,adv_demo_001,SPONSORED_BRANDS,COMPONENT,IMAGE,,TOP_OF_SEARCH,IMPRESSION,CPM,SPONSORED_BRANDS:COMPONENT:TOP_OF_SEARCH:IMAGE:IMPRESSION,USD,24581,0,0,0,0
2026-04-02,US,adv_demo_001,SPONSORED_BRANDS,COMPONENT,IMAGE,,TOP_OF_SEARCH,CLICK,CPC,SPONSORED_BRANDS:COMPONENT:TOP_OF_SEARCH:IMAGE:CLICK,USD,0,201,241.2,11,947.1
2026-04-02,US,adv_demo_001,SPONSORED_BRANDS,DISPLAY,IMAGE,,REST_OF_SEARCH,IMPRESSION,CPM,SPONSORED_BRANDS:DISPLAY:REST_OF_SEARCH:IMAGE:IMPRESSION,USD,21322,0,0,0,0
2026-04-02,US,adv_demo_001,SPONSORED_BRANDS,VIDEO,VIDEO,,TOP_OF_SEARCH,IMPRESSION,CPM,SPONSORED_BRANDS:VIDEO:TOP_OF_SEARCH:VIDEO:IMPRESSION,USD,16863,0,0,0,0
2026-04-02,US,adv_demo_001,SPONSORED_BRANDS,VIDEO,VIDEO,,TOP_OF_SEARCH,CLICK,CPC,SPONSORED_BRANDS:VIDEO:TOP_OF_SEARCH:VIDEO:CLICK,USD,0,114,157.32,6,529.62
2026-04-02,US,adv_demo_001,SPONSORED_DISPLAY,DISPLAY,IMAGE,,PRODUCT_PAGE,IMPRESSION,CPM,SPONSORED_DISPLAY:DISPLAY:PRODUCT_PAGE:IMAGE:IMPRESSION,USD,25404,0,0,0,0
2026-04-02,US,adv_demo_001,SPONSORED_DISPLAY,DISPLAY,IMAGE,,PRODUCT_PAGE,CLICK,CPC,SPONSORED_DISPLAY:DISPLAY:PRODUCT_PAGE:IMAGE:CLICK,USD,0,141,129.72,6,446.88
2026-04-02,US,adv_demo_001,SPONSORED_DISPLAY,DISPLAY,VIDEO,,PRODUCT_PAGE,IMPRESSION,CPM,SPONSORED_DISPLAY:DISPLAY:PRODUCT_PAGE:VIDEO:IMPRESSION,USD,20945,0,0,0,0
2026-04-02,US,adv_demo_001,SPONSORED_DISPLAY,VIDEO,VIDEO,,PRODUCT_PAGE,CLICK,CPC,SPONSORED_DISPLAY:VIDEO:PRODUCT_PAGE:VIDEO:CLICK,USD,0,132,155.76,6,528.0
2026-04-02,US,adv_demo_001,SPONSORED_PRODUCTS,PRODUCT_AD,,,PRODUCT_PAGE,CLICK,CPC,SPONSORED_PRODUCTS:PRODUCT_AD:PRODUCT_PAGE:UNSPECIFIED:CLICK,USD,0,375,330.0,27,1854.36
2026-04-02,US,adv_demo_001,SPONSORED_PRODUCTS,PRODUCT_AD,,,REST_OF_SEARCH,CLICK,CPC,SPONSORED_PRODUCTS:PRODUCT_AD:REST_OF_SEARCH:UNSPECIFIED:CLICK,USD,0,372,305.04,25,1657.5
2026-04-02,US,adv_demo_001,SPONSORED_PRODUCTS,PRODUCT_AD,,,TOP_OF_SEARCH,IMPRESSION,CPM,SPONSORED_PRODUCTS:PRODUCT_AD:TOP_OF_SEARCH:UNSPECIFIED:IMPRESSION,USD,44109,0,0,0,0
2026-04-02,US,adv_demo_001,SPONSORED_PRODUCTS,PRODUCT_AD,,,TOP_OF_SEARCH,CLICK,CPC,SPONSORED_PRODUCTS:PRODUCT_AD:TOP_OF_SEARCH:UNSPECIFIED:CLICK,USD,0,535,545.7,43,3188.88
2026-04-03,US,adv_demo_001,AMAZON_DSP,,,AUDIO,,IMPRESSION,CPM,AMAZON_DSP:AUDIO:UNSPECIFIED:UNSPECIFIED:IMPRESSION,USD,47394,0,853.09,0,0
2026-04-03,US,adv_demo_001,AMAZON_DSP,,IMAGE,DISPLAY,,IMPRESSION,CPM,AMAZON_DSP:DISPLAY:UNSPECIFIED:IMAGE:IMPRESSION,USD,56935,0,711.69,0,0
2026-04-03,US,adv_demo_001,AMAZON_DSP,,VIDEO,ONLINE_VIDEO,,IMPRESSION,CPM,AMAZON_DSP:ONLINE_VIDEO:UNSPECIFIED:VIDEO:IMPRESSION,USD,44476,0,889.52,0,0
2026-04-03,US,adv_demo_001,AMAZON_DSP,,VIDEO,STREAMING_TV,,IMPRESSION,CPM,AMAZON_DSP:STREAMING_TV:UNSPECIFIED:VIDEO:IMPRESSION,USD,46217,0,1294.08,0,0
2026-04-03,US,adv_demo_001,SPONSORED_BRANDS,COMPONENT,IMAGE,,TOP_OF_SEARCH,IMPRESSION,CPM,SPONSORED_BRANDS:COMPONENT:TOP_OF_SEARCH:IMAGE:IMPRESSION,USD,18758,0,0,0,0
2026-04-03,US,adv_demo_001,SPONSORED_BRANDS,COMPONENT,IMAGE,,TOP_OF_SEARCH,CLICK,CPC,SPONSORED_BRANDS:COMPONENT:TOP_OF_SEARCH:IMAGE:CLICK,USD,0,141,169.2,8,642.88
2026-04-03,US,adv_demo_001,SPONSORED_BRANDS,DISPLAY,IMAGE,,REST_OF_SEARCH,IMPRESSION,CPM,SPONSORED_BRANDS:DISPLAY:REST_OF_SEARCH:IMAGE:IMPRESSION,USD,22299,0,0,0,0
2026-04-03,US,adv_demo_001,SPONSORED_BRANDS,VIDEO,VIDEO,,TOP_OF_SEARCH,IMPRESSION,CPM,SPONSORED_BRANDS:VIDEO:TOP_OF_SEARCH:VIDEO:IMPRESSION,USD,17840,0,0,0,0
2026-04-03,US,adv_demo_001,SPONSORED_BRANDS,VIDEO,VIDEO,,TOP_OF_SEARCH,CLICK,CPC,SPONSORED_BRANDS:VIDEO:TOP_OF_SEARCH:VIDEO:CLICK,USD,0,122,168.36,6,546.0
2026-04-03,US,adv_demo_001,SPONSORED_DISPLAY,DISPLAY,IMAGE,,PRODUCT_PAGE,IMPRESSION,CPM,SPONSORED_DISPLAY:DISPLAY:PRODUCT_PAGE:IMAGE:IMPRESSION,USD,26381,0,0,0,0
2026-04-03,US,adv_demo_001,SPONSORED_DISPLAY,DISPLAY,IMAGE,,PRODUCT_PAGE,CLICK,CPC,SPONSORED_DISPLAY:DISPLAY:PRODUCT_PAGE:IMAGE:CLICK,USD,0,148,136.16,6,460.56
2026-04-03,US,adv_demo_001,SPONSORED_DISPLAY,DISPLAY,VIDEO,,PRODUCT_PAGE,IMPRESSION,CPM,SPONSORED_DISPLAY:DISPLAY:PRODUCT_PAGE:VIDEO:IMPRESSION,USD,21922,0,0,0,0
2026-04-03,US,adv_demo_001,SPONSORED_DISPLAY,VIDEO,VIDEO,,PRODUCT_PAGE,CLICK,CPC,SPONSORED_DISPLAY:VIDEO:PRODUCT_PAGE:VIDEO:CLICK,USD,0,140,165.2,7,634.48
2026-04-03,US,adv_demo_001,SPONSORED_PRODUCTS,PRODUCT_AD,,,PRODUCT_PAGE,CLICK,CPC,SPONSORED_PRODUCTS:PRODUCT_AD:PRODUCT_PAGE:UNSPECIFIED:CLICK,USD,0,389,342.32,28,1980.16
2026-04-03,US,adv_demo_001,SPONSORED_PRODUCTS,PRODUCT_AD,,,REST_OF_SEARCH,CLICK,CPC,SPONSORED_PRODUCTS:PRODUCT_AD:REST_OF_SEARCH:UNSPECIFIED:CLICK,USD,0,385,315.7,26,1774.5
2026-04-03,US,adv_demo_001,SPONSORED_PRODUCTS,PRODUCT_AD,,,TOP_OF_SEARCH,IMPRESSION,CPM,SPONSORED_PRODUCTS:PRODUCT_AD:TOP_OF_SEARCH:UNSPECIFIED:IMPRESSION,USD,45086,0,0,0,0
2026-04-03,US,adv_demo_001,SPONSORED_PRODUCTS,PRODUCT_AD,,,TOP_OF_SEARCH,CLICK,CPC,SPONSORED_PRODUCTS:PRODUCT_AD:TOP_OF_SEARCH:UNSPECIFIED:CLICK,USD,0,552,563.04,45,3110.4
2026-04-04,US,adv_demo_001,AMAZON_DSP,,,AUDIO,,IMPRESSION,CPM,AMAZON_DSP:AUDIO:UNSPECIFIED:UNSPECIFIED:IMPRESSION,USD,48371,0,870.68,0,0
2026-04-04,US,adv_demo_001,AMAZON_DSP,,IMAGE,DISPLAY,,IMPRESSION,CPM,AMAZON_DSP:DISPLAY:UNSPECIFIED:IMAGE:IMPRESSION,USD,51112,0,638.9,0,0
2026-04-04,US,adv_demo_001,AMAZON_DSP,,VIDEO,ONLINE_VIDEO,,IMPRESSION,CPM,AMAZON_DSP:ONLINE_VIDEO:UNSPECIFIED:VIDEO:IMPRESSION,USD,38653,0,773.06,0,0
2026-04-04,US,adv_demo_001,AMAZON_DSP,,VIDEO,STREAMING_TV,,IMPRESSION,CPM,AMAZON_DSP:STREAMING_TV:UNSPECIFIED:VIDEO:IMPRESSION,USD,47194,0,1321.43,0,0
2026-04-04,US,adv_demo_001,SPONSORED_BRANDS,COMPONENT,IMAGE,,TOP_OF_SEARCH,IMPRESSION,CPM,SPONSORED_BRANDS:COMPONENT:TOP_OF_SEARCH:IMAGE:IMPRESSION,USD,19735,0,0,0,0
2026-04-04,US,adv_demo_001,SPONSORED_BRANDS,COMPONENT,IMAGE,,TOP_OF_SEARCH,CLICK,CPC,SPONSORED_BRANDS:COMPONENT:TOP_OF_SEARCH:IMAGE:CLICK,USD,0,150,180.0,8,662.56
2026-04-04,US,adv_demo_001,SPONSORED_BRANDS,DISPLAY,IMAGE,,REST_OF_SEARCH,IMPRESSION,CPM,SPONSORED_BRANDS:DISPLAY:REST_OF_SEARCH:IMAGE:IMPRESSION,USD,23276,0,0,0,0
2026-04-04,US,adv_demo_001,SPONSORED_BRANDS,VIDEO,VIDEO,,TOP_OF_SEARCH,IMPRESSION,CPM,SPONSORED_BRANDS:VIDEO:TOP_OF_SEARCH:VIDEO:IMPRESSION,USD,18817,0,0,0,0
2026-04-04,US,adv_demo_001,SPONSORED_BRANDS,VIDEO,VIDEO,,TOP_OF_SEARCH,CLICK,CPC,SPONSORED_BRANDS:VIDEO:TOP_OF_SEARCH:VIDEO:CLICK,USD,0,130,179.4,6,562.38
2026-04-04,US,adv_demo_001,SPONSORED_DISPLAY,DISPLAY,IMAGE,,PRODUCT_PAGE,IMPRESSION,CPM,SPONSORED_DISPLAY:DISPLAY:PRODUCT_PAGE:IMAGE:IMPRESSION,USD,27358,0,0,0,0
2026-04-04,US,adv_demo_001,SPONSORED_DISPLAY,DISPLAY,IMAGE,,PRODUCT_PAGE,CLICK,CPC,SPONSORED_DISPLAY:DISPLAY:PRODUCT_PAGE:IMAGE:CLICK,USD,0,156,143.52,7,553.28
2026-04-04,US,adv_demo_001,SPONSORED_DISPLAY,DISPLAY,VIDEO,,PRODUCT_PAGE,IMPRESSION,CPM,SPONSORED_DISPLAY:DISPLAY:PRODUCT_PAGE:VIDEO:IMPRESSION,USD,22899,0,0,0,0
2026-04-04,US,adv_demo_001,SPONSORED_DISPLAY,VIDEO,VIDEO,,PRODUCT_PAGE,CLICK,CPC,SPONSORED_DISPLAY:VIDEO:PRODUCT_PAGE:VIDEO:CLICK,USD,0,148,174.64,7,591.36
2026-04-04,US,adv_demo_001,SPONSORED_PRODUCTS,PRODUCT_AD,,,PRODUCT_PAGE,CLICK,CPC,SPONSORED_PRODUCTS:PRODUCT_AD:PRODUCT_PAGE:UNSPECIFIED:CLICK,USD,0,403,354.64,30,1978.8
2026-04-04,US,adv_demo_001,SPONSORED_PRODUCTS,PRODUCT_AD,,,REST_OF_SEARCH,CLICK,CPC,SPONSORED_PRODUCTS:PRODUCT_AD:REST_OF_SEARCH:UNSPECIFIED:CLICK,USD,0,398,326.36,27,1719.9
2026-04-04,US,adv_demo_001,SPONSORED_PRODUCTS,PRODUCT_AD,,,TOP_OF_SEARCH,IMPRESSION,CPM,SPONSORED_PRODUCTS:PRODUCT_AD:TOP_OF_SEARCH:UNSPECIFIED:IMPRESSION,USD,46063,0,0,0,0
2026-04-04,US,adv_demo_001,SPONSORED_PRODUCTS,PRODUCT_AD,,,TOP_OF_SEARCH,CLICK,CPC,SPONSORED_PRODUCTS:PRODUCT_AD:TOP_OF_SEARCH:UNSPECIFIED:CLICK,USD,0,520,530.4,43,3065.04
2026-04-05,US,adv_demo_001,AMAZON_DSP,,,AUDIO,,IMPRESSION,CPM,AMAZON_DSP:AUDIO:UNSPECIFIED:UNSPECIFIED:IMPRESSION,USD,42548,0,765.86,0,0
2026-04-05,US,adv_demo_001,AMAZON_DSP,,IMAGE,DISPLAY,,IMPRESSION,CPM,AMAZON_DSP:DISPLAY:UNSPECIFIED:IMAGE:IMPRESSION,USD,52089,0,651.11,0,0
2026-04-05,US,adv_demo_001,AMAZON_DSP,,VIDEO,ONLINE_VIDEO,,IMPRESSION,CPM,AMAZON_DSP:ONLINE_VIDEO:UNSPECIFIED:VIDEO:IMPRESSION,USD,39630,0,792.6,0,0
2026-04-05,US,adv_demo_001,AMAZON_DSP,,VIDEO,STREAMING_TV,,IMPRESSION,CPM,AMAZON_DSP:STREAMING_TV:UNSPECIFIED:VIDEO:IMPRESSION,USD,48171,0,1348.79,0,0
2026-04-05,US,adv_demo_001,SPONSORED_BRANDS,COMPONENT,IMAGE,,TOP_OF_SEARCH,IMPRESSION,CPM,SPONSORED_BRANDS:COMPONENT:TOP_OF_SEARCH:IMAGE:IMPRESSION,USD,20712,0,0,0,0
2026-04-05,US,adv_demo_001,SPONSORED_BRANDS,COMPONENT,IMAGE,,TOP_OF_SEARCH,CLICK,CPC,SPONSORED_BRANDS:COMPONENT:TOP_OF_SEARCH:IMAGE:CLICK,USD,0,159,190.8,8,682.24
2026-04-05,US,adv_demo_001,SPONSORED_BRANDS,DISPLAY,IMAGE,,REST_OF_SEARCH,IMPRESSION,CPM,SPONSORED_BRANDS:DISPLAY:REST_OF_SEARCH:IMAGE:IMPRESSION,USD,24253,0,0,0,0
2026-04-05,US,adv_demo_001,SPONSORED_BRANDS,VIDEO,VIDEO,,TOP_OF_SEARCH,IMPRESSION,CPM,SPONSORED_BRANDS:VIDEO:TOP_OF_SEARCH:VIDEO:IMPRESSION,USD,19794,0,0,0,0
2026-04-05,US,adv_demo_001,SPONSORED_BRANDS,VIDEO,VIDEO,,TOP_OF_SEARCH,CLICK,CPC,SPONSORED_BRANDS:VIDEO:TOP_OF_SEARCH:VIDEO:CLICK,USD,0,138,190.44,7,611.52
2026-04-05,US,adv_demo_001,SPONSORED_DISPLAY,DISPLAY,IMAGE,,PRODUCT_PAGE,IMPRESSION,CPM,SPONSORED_DISPLAY:DISPLAY:PRODUCT_PAGE:IMAGE:IMPRESSION,USD,28335,0,0,0,0
2026-04-05,US,adv_demo_001,SPONSORED_DISPLAY,DISPLAY,IMAGE,,PRODUCT_PAGE,CLICK,CPC,SPONSORED_DISPLAY:DISPLAY:PRODUCT_PAGE:IMAGE:CLICK,USD,0,163,149.96,7,516.04
2026-04-05,US,adv_demo_001,SPONSORED_DISPLAY,DISPLAY,VIDEO,,PRODUCT_PAGE,IMPRESSION,CPM,SPONSORED_DISPLAY:DISPLAY:PRODUCT_PAGE:VIDEO:IMPRESSION,USD,23876,0,0,0,0
2026-04-05,US,adv_demo_001,SPONSORED_DISPLAY,VIDEO,VIDEO,,PRODUCT_PAGE,CLICK,CPC,SPONSORED_DISPLAY:VIDEO:PRODUCT_PAGE:VIDEO:CLICK,USD,0,156,184.08,8,696.96
2026-04-05,US,adv_demo_001,SPONSORED_PRODUCTS,PRODUCT_AD,,,PRODUCT_PAGE,CLICK,CPC,SPONSORED_PRODUCTS:PRODUCT_AD:PRODUCT_PAGE:UNSPECIFIED:CLICK,USD,0,417,366.96,32,2176.0
2026-04-05,US,adv_demo_001,SPONSORED_PRODUCTS,PRODUCT_AD,,,REST_OF_SEARCH,CLICK,CPC,SPONSORED_PRODUCTS:PRODUCT_AD:REST_OF_SEARCH:UNSPECIFIED:CLICK,USD,0,376,308.32,26,1706.9
2026-04-05,US,adv_demo_001,SPONSORED_PRODUCTS,PRODUCT_AD,,,TOP_OF_SEARCH,IMPRESSION,CPM,SPONSORED_PRODUCTS:PRODUCT_AD:TOP_OF_SEARCH:UNSPECIFIED:IMPRESSION,USD,40240,0,0,0,0
2026-04-05,US,adv_demo_001,SPONSORED_PRODUCTS,PRODUCT_AD,,,TOP_OF_SEARCH,CLICK,CPC,SPONSORED_PRODUCTS:PRODUCT_AD:TOP_OF_SEARCH:UNSPECIFIED:CLICK,USD,0,459,468.18,35,2570.4
2026-04-06,US,adv_demo_001,AMAZON_DSP,,,AUDIO,,IMPRESSION,CPM,AMAZON_DSP:AUDIO:UNSPECIFIED:UNSPECIFIED:IMPRESSION,USD,43525,0,783.45,0,0
2026-04-06,US,adv_demo_001,AMAZON_DSP,,IMAGE,DISPLAY,,IMPRESSION,CPM,AMAZON_DSP:DISPLAY:UNSPECIFIED:IMAGE:IMPRESSION,USD,53066,0,663.33,0,0
2026-04-06,US,adv_demo_001,AMAZON_DSP,,VIDEO,ONLINE_VIDEO,,IMPRESSION,CPM,AMAZON_DSP:ONLINE_VIDEO:UNSPECIFIED:VIDEO:IMPRESSION,USD,40607,0,812.14,0,0
2026-04-06,US,adv_demo_001,AMAZON_DSP,,VIDEO,STREAMING_TV,,IMPRESSION,CPM,AMAZON_DSP:STREAMING_TV:UNSPECIFIED:VIDEO:IMPRESSION,USD,49148,0,1376.14,0,0
2026-04-06,US,adv_demo_001,SPONSORED_BRANDS,COMPONENT,IMAGE,,TOP_OF_SEARCH,IMPRESSION,CPM,SPONSORED_BRANDS:COMPONENT:TOP_OF_SEARCH:IMAGE:IMPRESSION,USD,21689,0,0,0,0
2026-04-06,US,adv_demo_001,SPONSORED_BRANDS,COMPONENT,IMAGE,,TOP_OF_SEARCH,CLICK,CPC,SPONSORED_BRANDS:COMPONENT:TOP_OF_SEARCH:IMAGE:CLICK,USD,0,168,201.6,9,715.86
2026-04-06,US,adv_demo_001,SPONSORED_BRANDS,DISPLAY,IMAGE,,REST_OF_SEARCH,IMPRESSION,CPM,SPONSORED_BRANDS:DISPLAY:REST_OF_SEARCH:IMAGE:IMPRESSION,USD,25230,0,0,0,0
2026-04-06,US,adv_demo_001,SPONSORED_BRANDS,VIDEO,VIDEO,,TOP_OF_SEARCH,IMPRESSION,CPM,SPONSORED_BRANDS:VIDEO:TOP_OF_SEARCH:VIDEO:IMPRESSION,USD,20771,0,0,0,0
2026-04-06,US,adv_demo_001,SPONSORED_BRANDS,VIDEO,VIDEO,,TOP_OF_SEARCH,CLICK,CPC,SPONSORED_BRANDS:VIDEO:TOP_OF_SEARCH:VIDEO:CLICK,USD,0,146,201.48,7,630.63
2026-04-06,US,adv_demo_001,SPONSORED_DISPLAY,DISPLAY,IMAGE,,PRODUCT_PAGE,IMPRESSION,CPM,SPONSORED_DISPLAY:DISPLAY:PRODUCT_PAGE:IMAGE:IMPRESSION,USD,29312,0,0,0,0
2026-04-06,US,adv_demo_001,SPONSORED_DISPLAY,DISPLAY,IMAGE,,PRODUCT_PAGE,CLICK,CPC,SPONSORED_DISPLAY:DISPLAY:PRODUCT_PAGE:IMAGE:CLICK,USD,0,170,156.4,8,608.0
2026-04-06,US,adv_demo_001,SPONSORED_DISPLAY,DISPLAY,VIDEO,,PRODUCT_PAGE,IMPRESSION,CPM,SPONSORED_DISPLAY:DISPLAY:PRODUCT_PAGE:VIDEO:IMPRESSION,USD,24853,0,0,0,0
2026-04-06,US,adv_demo_001,SPONSORED_DISPLAY,VIDEO,VIDEO,,PRODUCT_PAGE,CLICK,CPC,SPONSORED_DISPLAY:VIDEO:PRODUCT_PAGE:VIDEO:CLICK,USD,0,165,194.7,8,718.08
2026-04-06,US,adv_demo_001,SPONSORED_PRODUCTS,PRODUCT_AD,,,PRODUCT_PAGE,CLICK,CPC,SPONSORED_PRODUCTS:PRODUCT_AD:PRODUCT_PAGE:UNSPECIFIED:CLICK,USD,0,327,287.76,23,1610.92
2026-04-06,US,adv_demo_001,SPONSORED_PRODUCTS,PRODUCT_AD,,,REST_OF_SEARCH,CLICK,CPC,SPONSORED_PRODUCTS:PRODUCT_AD:REST_OF_SEARCH:UNSPECIFIED:CLICK,USD,0,328,268.96,21,1419.6
2026-04-06,US,adv_demo_001,SPONSORED_PRODUCTS,PRODUCT_AD,,,TOP_OF_SEARCH,IMPRESSION,CPM,SPONSORED_PRODUCTS:PRODUCT_AD:TOP_OF_SEARCH:UNSPECIFIED:IMPRESSION,USD,41217,0,0,0,0
2026-04-06,US,adv_demo_001,SPONSORED_PRODUCTS,PRODUCT_AD,,,TOP_OF_SEARCH,CLICK,CPC,SPONSORED_PRODUCTS:PRODUCT_AD:TOP_OF_SEARCH:UNSPECIFIED:CLICK,USD,0,475,484.5,37,2797.2
2026-04-07,US,adv_demo_001,AMAZON_DSP,,,AUDIO,,IMPRESSION,CPM,AMAZON_DSP:AUDIO:UNSPECIFIED:UNSPECIFIED:IMPRESSION,USD,44502,0,801.04,0,0
2026-04-07,US,adv_demo_001,AMAZON_DSP,,IMAGE,DISPLAY,,IMPRESSION,CPM,AMAZON_DSP:DISPLAY:UNSPECIFIED:IMAGE:IMPRESSION,USD,54043,0,675.54,0,0
2026-04-07,US,adv_demo_001,AMAZON_DSP,,VIDEO,ONLINE_VIDEO,,IMPRESSION,CPM,AMAZON_DSP:ONLINE_VIDEO:UNSPECIFIED:VIDEO:IMPRESSION,USD,41584,0,831.68,0,0
2026-04-07,US,adv_demo_001,AMAZON_DSP,,VIDEO,STREAMING_TV,,IMPRESSION,CPM,AMAZON_DSP:STREAMING_TV:UNSPECIFIED:VIDEO:IMPRESSION,USD,50125,0,1403.5,0,0
2026-04-07,US,adv_demo_001,SPONSORED_BRANDS,COMPONENT,IMAGE,,TOP_OF_SEARCH,IMPRESSION,CPM,SPONSORED_BRANDS:COMPONENT:TOP_OF_SEARCH:IMAGE:IMPRESSION,USD,22666,0,0,0,0
2026-04-07,US,adv_demo_001,SPONSORED_BRANDS,COMPONENT,IMAGE,,TOP_OF_SEARCH,CLICK,CPC,SPONSORED_BRANDS:COMPONENT:TOP_OF_SEARCH:IMAGE:CLICK,USD,0,178,213.6,10,820.0
2026-04-07,US,adv_demo_001,SPONSORED_BRANDS,DISPLAY,IMAGE,,REST_OF_SEARCH,IMPRESSION,CPM,SPONSORED_BRANDS:DISPLAY:REST_OF_SEARCH:IMAGE:IMPRESSION,USD,26207,0,0,0,0
2026-04-07,US,adv_demo_001,SPONSORED_BRANDS,VIDEO,VIDEO,,TOP_OF_SEARCH,IMPRESSION,CPM,SPONSORED_BRANDS:VIDEO:TOP_OF_SEARCH:VIDEO:IMPRESSION,USD,21748,0,0,0,0
2026-04-07,US,adv_demo_001,SPONSORED_BRANDS,VIDEO,VIDEO,,TOP_OF_SEARCH,CLICK,CPC,SPONSORED_BRANDS:VIDEO:TOP_OF_SEARCH:VIDEO:CLICK,USD,0,154,212.52,8,742.56
2026-04-07,US,adv_demo_001,SPONSORED_DISPLAY,DISPLAY,IMAGE,,PRODUCT_PAGE,IMPRESSION,CPM,SPONSORED_DISPLAY:DISPLAY:PRODUCT_PAGE:IMAGE:IMPRESSION,USD,30289,0,0,0,0
2026-04-07,US,adv_demo_001,SPONSORED_DISPLAY,DISPLAY,IMAGE,,PRODUCT_PAGE,CLICK,CPC,SPONSORED_DISPLAY:DISPLAY:PRODUCT_PAGE:IMAGE:CLICK,USD,0,177,162.84,8,626.24
2026-04-07,US,adv_demo_001,SPONSORED_DISPLAY,DISPLAY,VIDEO,,PRODUCT_PAGE,IMPRESSION,CPM,SPONSORED_DISPLAY:DISPLAY:PRODUCT_PAGE:VIDEO:IMPRESSION,USD,19030,0,0,0,0
2026-04-07,US,adv_demo_001,SPONSORED_DISPLAY,VIDEO,VIDEO,,PRODUCT_PAGE,CLICK,CPC,SPONSORED_DISPLAY:VIDEO:PRODUCT_PAGE:VIDEO:CLICK,USD,0,114,134.52,5,462.0
2026-04-07,US,adv_demo_001,SPONSORED_PRODUCTS,PRODUCT_AD,,,PRODUCT_PAGE,CLICK,CPC,SPONSORED_PRODUCTS:PRODUCT_AD:PRODUCT_PAGE:UNSPECIFIED:CLICK,USD,0,340,299.2,24,1566.72
2026-04-07,US,adv_demo_001,SPONSORED_PRODUCTS,PRODUCT_AD,,,REST_OF_SEARCH,CLICK,CPC,SPONSORED_PRODUCTS:PRODUCT_AD:REST_OF_SEARCH:UNSPECIFIED:CLICK,USD,0,340,278.8,22,1387.1
2026-04-07,US,adv_demo_001,SPONSORED_PRODUCTS,PRODUCT_AD,,,TOP_OF_SEARCH,IMPRESSION,CPM,SPONSORED_PRODUCTS:PRODUCT_AD:TOP_OF_SEARCH:UNSPECIFIED:IMPRESSION,USD,42194,0,0,0,0
2026-04-07,US,adv_demo_001,SPONSORED_PRODUCTS,PRODUCT_AD,,,TOP_OF_SEARCH,CLICK,CPC,SPONSORED_PRODUCTS:PRODUCT_AD:TOP_OF_SEARCH:UNSPECIFIED:CLICK,USD,0,491,500.82,39,2751.84
2026-04-08,US,adv_demo_001,AMAZON_DSP,,,AUDIO,,IMPRESSION,CPM,AMAZON_DSP:AUDIO:UNSPECIFIED:UNSPECIFIED:IMPRESSION,USD,45479,0,818.62,0,0
2026-04-08,US,adv_demo_001,AMAZON_DSP,,IMAGE,DISPLAY,,IMPRESSION,CPM,AMAZON_DSP:DISPLAY:UNSPECIFIED:IMAGE:IMPRESSION,USD,55020,0,687.75,0,0
2026-04-08,US,adv_demo_001,AMAZON_DSP,,VIDEO,ONLINE_VIDEO,,IMPRESSION,CPM,AMAZON_DSP:ONLINE_VIDEO:UNSPECIFIED:VIDEO:IMPRESSION,USD,42561,0,851.22,0,0
2026-04-08,US,adv_demo_001,AMAZON_DSP,,VIDEO,STREAMING_TV,,IMPRESSION,CPM,AMAZON_DSP:STREAMING_TV:UNSPECIFIED:VIDEO:IMPRESSION,USD,51102,0,1430.86,0,0
2026-04-08,US,adv_demo_001,SPONSORED_BRANDS,COMPONENT,IMAGE,,TOP_OF_SEARCH,IMPRESSION,CPM,SPONSORED_BRANDS:COMPONENT:TOP_OF_SEARCH:IMAGE:IMPRESSION,USD,23643,0,0,0,0
2026-04-08,US,adv_demo_001,SPONSORED_BRANDS,COMPONENT,IMAGE,,TOP_OF_SEARCH,CLICK,CPC,SPONSORED_BRANDS:COMPONENT:TOP_OF_SEARCH:IMAGE:CLICK,USD,0,187,224.4,10,844.6
2026-04-08,US,adv_demo_001,SPONSORED_BRANDS,DISPLAY,IMAGE,,REST_OF_SEARCH,IMPRESSION,CPM,SPONSORED_BRANDS:DISPLAY:REST_OF_SEARCH:IMAGE:IMPRESSION,USD,27184,0,0,0,0
2026-04-08,US,adv_demo_001,SPONSORED_BRANDS,VIDEO,VIDEO,,TOP_OF_SEARCH,IMPRESSION,CPM,SPONSORED_BRANDS:VIDEO:TOP_OF_SEARCH:VIDEO:IMPRESSION,USD,22725,0,0,0,0
2026-04-08,US,adv_demo_001,SPONSORED_BRANDS,VIDEO,VIDEO,,TOP_OF_SEARCH,CLICK,CPC,SPONSORED_BRANDS:VIDEO:TOP_OF_SEARCH:VIDEO:CLICK,USD,0,163,224.94,7,668.85
2026-04-08,US,adv_demo_001,SPONSORED_DISPLAY,DISPLAY,IMAGE,,PRODUCT_PAGE,IMPRESSION,CPM,SPONSORED_DISPLAY:DISPLAY:PRODUCT_PAGE:IMAGE:IMPRESSION,USD,24466,0,0,0,0
2026-04-08,US,adv_demo_001,SPONSORED_DISPLAY,DISPLAY,IMAGE,,PRODUCT_PAGE,CLICK,CPC,SPONSORED_DISPLAY:DISPLAY:PRODUCT_PAGE:IMAGE:CLICK,USD,0,145,133.4,6,437.76
2026-04-08,US,adv_demo_001,SPONSORED_DISPLAY,DISPLAY,VIDEO,,PRODUCT_PAGE,IMPRESSION,CPM,SPONSORED_DISPLAY:DISPLAY:PRODUCT_PAGE:VIDEO:IMPRESSION,USD,20007,0,0,0,0
2026-04-08,US,adv_demo_001,SPONSORED_DISPLAY,VIDEO,VIDEO,,PRODUCT_PAGE,CLICK,CPC,SPONSORED_DISPLAY:VIDEO:PRODUCT_PAGE:VIDEO:CLICK,USD,0,122,143.96,6,517.44
2026-04-08,US,adv_demo_001,SPONSORED_PRODUCTS,PRODUCT_AD,,,PRODUCT_PAGE,CLICK,CPC,SPONSORED_PRODUCTS:PRODUCT_AD:PRODUCT_PAGE:UNSPECIFIED:CLICK,USD,0,354,311.52,25,1683.0
2026-04-08,US,adv_demo_001,SPONSORED_PRODUCTS,PRODUCT_AD,,,REST_OF_SEARCH,CLICK,CPC,SPONSORED_PRODUCTS:PRODUCT_AD:REST_OF_SEARCH:UNSPECIFIED:CLICK,USD,0,352,288.64,24,1560.0
2026-04-08,US,adv_demo_001,SPONSORED_PRODUCTS,PRODUCT_AD,,,TOP_OF_SEARCH,IMPRESSION,CPM,SPONSORED_PRODUCTS:PRODUCT_AD:TOP_OF_SEARCH:UNSPECIFIED:IMPRESSION,USD,43171,0,0,0,0
2026-04-08,US,adv_demo_001,SPONSORED_PRODUCTS,PRODUCT_AD,,,TOP_OF_SEARCH,CLICK,CPC,SPONSORED_PRODUCTS:PRODUCT_AD:TOP_OF_SEARCH:UNSPECIFIED:CLICK,USD,0,508,518.16,41,2981.52
2026-04-09,US,adv_demo_001,AMAZON_DSP,,,AUDIO,,IMPRESSION,CPM,AMAZON_DSP:AUDIO:UNSPECIFIED:UNSPECIFIED:IMPRESSION,USD,46456,0,836.21,0,0
2026-04-09,US,adv_demo_001,AMAZON_DSP,,IMAGE,DISPLAY,,IMPRESSION,CPM,AMAZON_DSP:DISPLAY:UNSPECIFIED:IMAGE:IMPRESSION,USD,55997,0,699.96,0,0
2026-04-09,US,adv_demo_001,AMAZON_DSP,,VIDEO,ONLINE_VIDEO,,IMPRESSION,CPM,AMAZON_DSP:ONLINE_VIDEO:UNSPECIFIED:VIDEO:IMPRESSION,USD,43538,0,870.76,0,0
2026-04-09,US,adv_demo_001,AMAZON_DSP,,VIDEO,STREAMING_TV,,IMPRESSION,CPM,AMAZON_DSP:STREAMING_TV:UNSPECIFIED:VIDEO:IMPRESSION,USD,52079,0,1458.21,0,0
2026-04-09,US,adv_demo_001,SPONSORED_BRANDS,COMPONENT,IMAGE,,TOP_OF_SEARCH,IMPRESSION,CPM,SPONSORED_BRANDS:COMPONENT:TOP_OF_SEARCH:IMAGE:IMPRESSION,USD,24620,0,0,0,0
2026-04-09,US,adv_demo_001,SPONSORED_BRANDS,COMPONENT,IMAGE,,TOP_OF_SEARCH,CLICK,CPC,SPONSORED_BRANDS:COMPONENT:TOP_OF_SEARCH:IMAGE:CLICK,USD,0,197,236.4,10,787.2
2026-04-09,US,adv_demo_001,SPONSORED_BRANDS,DISPLAY,IMAGE,,REST_OF_SEARCH,IMPRESSION,CPM,SPONSORED_BRANDS:DISPLAY:REST_OF_SEARCH:IMAGE:IMPRESSION,USD,21361,0,0,0,0
2026-04-09,US,adv_demo_001,SPONSORED_BRANDS,VIDEO,VIDEO,,TOP_OF_SEARCH,IMPRESSION,CPM,SPONSORED_BRANDS:VIDEO:TOP_OF_SEARCH:VIDEO:IMPRESSION,USD,16902,0,0,0,0
2026-04-09,US,adv_demo_001,SPONSORED_BRANDS,VIDEO,VIDEO,,TOP_OF_SEARCH,CLICK,CPC,SPONSORED_BRANDS:VIDEO:TOP_OF_SEARCH:VIDEO:CLICK,USD,0,122,168.36,6,535.08
2026-04-09,US,adv_demo_001,SPONSORED_DISPLAY,DISPLAY,IMAGE,,PRODUCT_PAGE,IMPRESSION,CPM,SPONSORED_DISPLAY:DISPLAY:PRODUCT_PAGE:IMAGE:IMPRESSION,USD,25443,0,0,0,0
2026-04-09,US,adv_demo_001,SPONSORED_DISPLAY,DISPLAY,IMAGE,,PRODUCT_PAGE,CLICK,CPC,SPONSORED_DISPLAY:DISPLAY:PRODUCT_PAGE:IMAGE:CLICK,USD,0,139,127.88,6,451.44
2026-04-09,US,adv_demo_001,SPONSORED_DISPLAY,DISPLAY,VIDEO,,PRODUCT_PAGE,IMPRESSION,CPM,SPONSORED_DISPLAY:DISPLAY:PRODUCT_PAGE:VIDEO:IMPRESSION,USD,20984,0,0,0,0
2026-04-09,US,adv_demo_001,SPONSORED_DISPLAY,VIDEO,VIDEO,,PRODUCT_PAGE,CLICK,CPC,SPONSORED_DISPLAY:VIDEO:PRODUCT_PAGE:VIDEO:CLICK,USD,0,129,152.22,6,533.28
2026-04-09,US,adv_demo_001,SPONSORED_PRODUCTS,PRODUCT_AD,,,PRODUCT_PAGE,CLICK,CPC,SPONSORED_PRODUCTS:PRODUCT_AD:PRODUCT_PAGE:UNSPECIFIED:CLICK,USD,0,367,322.96,27,1872.72
2026-04-09,US,adv_demo_001,SPONSORED_PRODUCTS,PRODUCT_AD,,,REST_OF_SEARCH,CLICK,CPC,SPONSORED_PRODUCTS:PRODUCT_AD:REST_OF_SEARCH:UNSPECIFIED:CLICK,USD,0,365,299.3,25,1673.75
2026-04-09,US,adv_demo_001,SPONSORED_PRODUCTS,PRODUCT_AD,,,TOP_OF_SEARCH,IMPRESSION,CPM,SPONSORED_PRODUCTS:PRODUCT_AD:TOP_OF_SEARCH:UNSPECIFIED:IMPRESSION,USD,44148,0,0,0,0
2026-04-09,US,adv_demo_001,SPONSORED_PRODUCTS,PRODUCT_AD,,,TOP_OF_SEARCH,CLICK,CPC,SPONSORED_PRODUCTS:PRODUCT_AD:TOP_OF_SEARCH:UNSPECIFIED:CLICK,USD,0,524,534.48,43,3219.84
2026-04-10,US,adv_demo_001,AMAZON_DSP,,,AUDIO,,IMPRESSION,CPM,AMAZON_DSP:AUDIO:UNSPECIFIED:UNSPECIFIED:IMPRESSION,USD,47433,0,853.79,0,0
2026-04-10,US,adv_demo_001,AMAZON_DSP,,IMAGE,DISPLAY,,IMPRESSION,CPM,AMAZON_DSP:DISPLAY:UNSPECIFIED:IMAGE:IMPRESSION,USD,56974,0,712.17,0,0
2026-04-10,US,adv_demo_001,AMAZON_DSP,,VIDEO,ONLINE_VIDEO,,IMPRESSION,CPM,AMAZON_DSP:ONLINE_VIDEO:UNSPECIFIED:VIDEO:IMPRESSION,USD,44515,0,890.3,0,0
2026-04-10,US,adv_demo_001,AMAZON_DSP,,VIDEO,STREAMING_TV,,IMPRESSION,CPM,AMAZON_DSP:STREAMING_TV:UNSPECIFIED:VIDEO:IMPRESSION,USD,46256,0,1295.17,0,0
2026-04-10,US,adv_demo_001,SPONSORED_BRANDS,COMPONENT,IMAGE,,TOP_OF_SEARCH,IMPRESSION,CPM,SPONSORED_BRANDS:COMPONENT:TOP_OF_SEARCH:IMAGE:IMPRESSION,USD,18797,0,0,0,0
2026-04-10,US,adv_demo_001,SPONSORED_BRANDS,COMPONENT,IMAGE,,TOP_OF_SEARCH,CLICK,CPC,SPONSORED_BRANDS:COMPONENT:TOP_OF_SEARCH:IMAGE:CLICK,USD,0,152,182.4,8,649.44
2026-04-10,US,adv_demo_001,SPONSORED_BRANDS,DISPLAY,IMAGE,,REST_OF_SEARCH,IMPRESSION,CPM,SPONSORED_BRANDS:DISPLAY:REST_OF_SEARCH:IMAGE:IMPRESSION,USD,22338,0,0,0,0
2026-04-10,US,adv_demo_001,SPONSORED_BRANDS,VIDEO,VIDEO,,TOP_OF_SEARCH,IMPRESSION,CPM,SPONSORED_BRANDS:VIDEO:TOP_OF_SEARCH:VIDEO:IMPRESSION,USD,17879,0,0,0,0
2026-04-10,US,adv_demo_001,SPONSORED_BRANDS,VIDEO,VIDEO,,TOP_OF_SEARCH,CLICK,CPC,SPONSORED_BRANDS:VIDEO:TOP_OF_SEARCH:VIDEO:CLICK,USD,0,119,164.22,6,551.46
2026-04-10,US,adv_demo_001,SPONSORED_DISPLAY,DISPLAY,IMAGE,,PRODUCT_PAGE,IMPRESSION,CPM,SPONSORED_DISPLAY:DISPLAY:PRODUCT_PAGE:IMAGE:IMPRESSION,USD,26420,0,0,0,0
2026-04-10,US,adv_demo_001,SPONSORED_DISPLAY,DISPLAY,IMAGE,,PRODUCT_PAGE,CLICK,CPC,SPONSORED_DISPLAY:DISPLAY:PRODUCT_PAGE:IMAGE:CLICK,USD,0,146,134.32,6,465.12
2026-04-10,US,adv_demo_001,SPONSORED_DISPLAY,DISPLAY,VIDEO,,PRODUCT_PAGE,IMPRESSION,CPM,SPONSORED_DISPLAY:DISPLAY:PRODUCT_PAGE:VIDEO:IMPRESSION,USD,21961,0,0,0,0
2026-04-10,US,adv_demo_001,SPONSORED_DISPLAY,VIDEO,VIDEO,,PRODUCT_PAGE,CLICK,CPC,SPONSORED_DISPLAY:VIDEO:PRODUCT_PAGE:VIDEO:CLICK,USD,0,137,161.66,7,640.64
2026-04-10,US,adv_demo_001,SPONSORED_PRODUCTS,PRODUCT_AD,,,PRODUCT_PAGE,CLICK,CPC,SPONSORED_PRODUCTS:PRODUCT_AD:PRODUCT_PAGE:UNSPECIFIED:CLICK,USD,0,381,335.28,29,2070.6
2026-04-10,US,adv_demo_001,SPONSORED_PRODUCTS,PRODUCT_AD,,,REST_OF_SEARCH,CLICK,CPC,SPONSORED_PRODUCTS:PRODUCT_AD:REST_OF_SEARCH:UNSPECIFIED:CLICK,USD,0,378,309.96,26,1622.4
2026-04-10,US,adv_demo_001,SPONSORED_PRODUCTS,PRODUCT_AD,,,TOP_OF_SEARCH,IMPRESSION,CPM,SPONSORED_PRODUCTS:PRODUCT_AD:TOP_OF_SEARCH:UNSPECIFIED:IMPRESSION,USD,45125,0,0,0,0
2026-04-10,US,adv_demo_001,SPONSORED_PRODUCTS,PRODUCT_AD,,,TOP_OF_SEARCH,CLICK,CPC,SPONSORED_PRODUCTS:PRODUCT_AD:TOP_OF_SEARCH:UNSPECIFIED:CLICK,USD,0,542,552.84,45,3142.8
2026-04-11,US,adv_demo_001,AMAZON_DSP,,,AUDIO,,IMPRESSION,CPM,AMAZON_DSP:AUDIO:UNSPECIFIED:UNSPECIFIED:IMPRESSION,USD,48410,0,871.38,0,0
2026-04-11,US,adv_demo_001,AMAZON_DSP,,IMAGE,DISPLAY,,IMPRESSION,CPM,AMAZON_DSP:DISPLAY:UNSPECIFIED:IMAGE:IMPRESSION,USD,51151,0,639.39,0,0
2026-04-11,US,adv_demo_001,AMAZON_DSP,,VIDEO,ONLINE_VIDEO,,IMPRESSION,CPM,AMAZON_DSP:ONLINE_VIDEO:UNSPECIFIED:VIDEO:IMPRESSION,USD,38692,0,773.84,0,0
2026-04-11,US,adv_demo_001,AMAZON_DSP,,VIDEO,STREAMING_TV,,IMPRESSION,CPM,AMAZON_DSP:STREAMING_TV:UNSPECIFIED:VIDEO:IMPRESSION,USD,47233,0,1322.52,0,0
2026-04-11,US,adv_demo_001,SPONSORED_BRANDS,COMPONENT,IMAGE,,TOP_OF_SEARCH,IMPRESSION,CPM,SPONSORED_BRANDS:COMPONENT:TOP_OF_SEARCH:IMAGE:IMPRESSION,USD,19774,0,0,0,0
2026-04-11,US,adv_demo_001,SPONSORED_BRANDS,COMPONENT,IMAGE,,TOP_OF_SEARCH,CLICK,CPC,SPONSORED_BRANDS:COMPONENT:TOP_OF_SEARCH:IMAGE:CLICK,USD,0,161,193.2,9,752.76
2026-04-11,US,adv_demo_001,SPONSORED_BRANDS,DISPLAY,IMAGE,,REST_OF_SEARCH,IMPRESSION,CPM,SPONSORED_BRANDS:DISPLAY:REST_OF_SEARCH:IMAGE:IMPRESSION,USD,23315,0,0,0,0
2026-04-11,US,adv_demo_001,SPONSORED_BRANDS,VIDEO,VIDEO,,TOP_OF_SEARCH,IMPRESSION,CPM,SPONSORED_BRANDS:VIDEO:TOP_OF_SEARCH:VIDEO:IMPRESSION,USD,18856,0,0,0,0
2026-04-11,US,adv_demo_001,SPONSORED_BRANDS,VIDEO,VIDEO,,TOP_OF_SEARCH,CLICK,CPC,SPONSORED_BRANDS:VIDEO:TOP_OF_SEARCH:VIDEO:CLICK,USD,0,127,175.26,6,567.84
2026-04-11,US,adv_demo_001,SPONSORED_DISPLAY,DISPLAY,IMAGE,,PRODUCT_PAGE,IMPRESSION,CPM,SPONSORED_DISPLAY:DISPLAY:PRODUCT_PAGE:IMAGE:IMPRESSION,USD,27397,0,0,0,0
2026-04-11,US,adv_demo_001,SPONSORED_DISPLAY,DISPLAY,IMAGE,,PRODUCT_PAGE,CLICK,CPC,SPONSORED_DISPLAY:DISPLAY:PRODUCT_PAGE:IMAGE:CLICK,USD,0,153,140.76,7,558.6
2026-04-11,US,adv_demo_001,SPONSORED_DISPLAY,DISPLAY,VIDEO,,PRODUCT_PAGE,IMPRESSION,CPM,SPONSORED_DISPLAY:DISPLAY:PRODUCT_PAGE:VIDEO:IMPRESSION,USD,22938,0,0,0,0
2026-04-11,US,adv_demo_001,SPONSORED_DISPLAY,VIDEO,VIDEO,,PRODUCT_PAGE,CLICK,CPC,SPONSORED_DISPLAY:VIDEO:PRODUCT_PAGE:VIDEO:CLICK,USD,0,145,171.1,7,597.52
2026-04-11,US,adv_demo_001,SPONSORED_PRODUCTS,PRODUCT_AD,,,PRODUCT_PAGE,CLICK,CPC,SPONSORED_PRODUCTS:PRODUCT_AD:PRODUCT_PAGE:UNSPECIFIED:CLICK,USD,0,395,347.6,30,1999.2
2026-04-11,US,adv_demo_001,SPONSORED_PRODUCTS,PRODUCT_AD,,,REST_OF_SEARCH,CLICK,CPC,SPONSORED_PRODUCTS:PRODUCT_AD:REST_OF_SEARCH:UNSPECIFIED:CLICK,USD,0,391,320.62,25,1608.75
2026-04-11,US,adv_demo_001,SPONSORED_PRODUCTS,PRODUCT_AD,,,TOP_OF_SEARCH,IMPRESSION,CPM,SPONSORED_PRODUCTS:PRODUCT_AD:TOP_OF_SEARCH:UNSPECIFIED:IMPRESSION,USD,46102,0,0,0,0
2026-04-11,US,adv_demo_001,SPONSORED_PRODUCTS,PRODUCT_AD,,,TOP_OF_SEARCH,CLICK,CPC,SPONSORED_PRODUCTS:PRODUCT_AD:TOP_OF_SEARCH:UNSPECIFIED:CLICK,USD,0,559,570.18,43,3096.0
2026-04-12,US,adv_demo_001,AMAZON_DSP,,,AUDIO,,IMPRESSION,CPM,AMAZON_DSP:AUDIO:UNSPECIFIED:UNSPECIFIED:IMPRESSION,USD,42587,0,766.57,0,0
2026-04-12,US,adv_demo_001,AMAZON_DSP,,IMAGE,DISPLAY,,IMPRESSION,CPM,AMAZON_DSP:DISPLAY:UNSPECIFIED:IMAGE:IMPRESSION,USD,52128,0,651.6,0,0
2026-04-12,US,adv_demo_001,AMAZON_DSP,,VIDEO,ONLINE_VIDEO,,IMPRESSION,CPM,AMAZON_DSP:ONLINE_VIDEO:UNSPECIFIED:VIDEO:IMPRESSION,USD,39669,0,793.38,0,0
2026-04-12,US,adv_demo_001,AMAZON_DSP,,VIDEO,STREAMING_TV,,IMPRESSION,CPM,AMAZON_DSP:STREAMING_TV:UNSPECIFIED:VIDEO:IMPRESSION,USD,48210,0,1349.88,0,0
2026-04-12,US,adv_demo_001,SPONSORED_BRANDS,COMPONENT,IMAGE,,TOP_OF_SEARCH,IMPRESSION,CPM,SPONSORED_BRANDS:COMPONENT:TOP_OF_SEARCH:IMAGE:IMPRESSION,USD,20751,0,0,0,0
2026-04-12,US,adv_demo_001,SPONSORED_BRANDS,COMPONENT,IMAGE,,TOP_OF_SEARCH,CLICK,CPC,SPONSORED_BRANDS:COMPONENT:TOP_OF_SEARCH:IMAGE:CLICK,USD,0,156,187.2,8,688.8
2026-04-12,US,adv_demo_001,SPONSORED_BRANDS,DISPLAY,IMAGE,,REST_OF_SEARCH,IMPRESSION,CPM,SPONSORED_BRANDS:DISPLAY:REST_OF_SEARCH:IMAGE:IMPRESSION,USD,24292,0,0,0,0
2026-04-12,US,adv_demo_001,SPONSORED_BRANDS,VIDEO,VIDEO,,TOP_OF_SEARCH,IMPRESSION,CPM,SPONSORED_BRANDS:VIDEO:TOP_OF_SEARCH:VIDEO:IMPRESSION,USD,19833,0,0,0,0
2026-04-12,US,adv_demo_001,SPONSORED_BRANDS,VIDEO,VIDEO,,TOP_OF_SEARCH,CLICK,CPC,SPONSORED_BRANDS:VIDEO:TOP_OF_SEARCH:VIDEO:CLICK,USD,0,135,186.3,7,617.89
2026-04-12,US,adv_demo_001,SPONSORED_DISPLAY,DISPLAY,IMAGE,,PRODUCT_PAGE,IMPRESSION,CPM,SPONSORED_DISPLAY:DISPLAY:PRODUCT_PAGE:IMAGE:IMPRESSION,USD,28374,0,0,0,0
2026-04-12,US,adv_demo_001,SPONSORED_DISPLAY,DISPLAY,IMAGE,,PRODUCT_PAGE,CLICK,CPC,SPONSORED_DISPLAY:DISPLAY:PRODUCT_PAGE:IMAGE:CLICK,USD,0,160,147.2,7,521.36
2026-04-12,US,adv_demo_001,SPONSORED_DISPLAY,DISPLAY,VIDEO,,PRODUCT_PAGE,IMPRESSION,CPM,SPONSORED_DISPLAY:DISPLAY:PRODUCT_PAGE:VIDEO:IMPRESSION,USD,23915,0,0,0,0
2026-04-12,US,adv_demo_001,SPONSORED_DISPLAY,VIDEO,VIDEO,,PRODUCT_PAGE,CLICK,CPC,SPONSORED_DISPLAY:VIDEO:PRODUCT_PAGE:VIDEO:CLICK,USD,0,153,180.54,7,616.0
2026-04-12,US,adv_demo_001,SPONSORED_PRODUCTS,PRODUCT_AD,,,PRODUCT_PAGE,CLICK,CPC,SPONSORED_PRODUCTS:PRODUCT_AD:PRODUCT_PAGE:UNSPECIFIED:CLICK,USD,0,409,359.92,29,1991.72
2026-04-12,US,adv_demo_001,SPONSORED_PRODUCTS,PRODUCT_AD,,,REST_OF_SEARCH,CLICK,CPC,SPONSORED_PRODUCTS:PRODUCT_AD:REST_OF_SEARCH:UNSPECIFIED:CLICK,USD,0,404,331.28,26,1723.8
2026-04-12,US,adv_demo_001,SPONSORED_PRODUCTS,PRODUCT_AD,,,TOP_OF_SEARCH,IMPRESSION,CPM,SPONSORED_PRODUCTS:PRODUCT_AD:TOP_OF_SEARCH:UNSPECIFIED:IMPRESSION,USD,40279,0,0,0,0
2026-04-12,US,adv_demo_001,SPONSORED_PRODUCTS,PRODUCT_AD,,,TOP_OF_SEARCH,CLICK,CPC,SPONSORED_PRODUCTS:PRODUCT_AD:TOP_OF_SEARCH:UNSPECIFIED:CLICK,USD,0,493,502.86,38,2818.08
2026-04-13,US,adv_demo_001,AMAZON_DSP,,,AUDIO,,IMPRESSION,CPM,AMAZON_DSP:AUDIO:UNSPECIFIED:UNSPECIFIED:IMPRESSION,USD,43564,0,784.15,0,0
2026-04-13,US,adv_demo_001,AMAZON_DSP,,IMAGE,DISPLAY,,IMPRESSION,CPM,AMAZON_DSP:DISPLAY:UNSPECIFIED:IMAGE:IMPRESSION,USD,53105,0,663.81,0,0
2026-04-13,US,adv_demo_001,AMAZON_DSP,,VIDEO,ONLINE_VIDEO,,IMPRESSION,CPM,AMAZON_DSP:ONLINE_VIDEO:UNSPECIFIED:VIDEO:IMPRESSION,USD,40646,0,812.92,0,0
2026-04-13,US,adv_demo_001,AMAZON_DSP,,VIDEO,STREAMING_TV,,IMPRESSION,CPM,AMAZON_DSP:STREAMING_TV:UNSPECIFIED:VIDEO:IMPRESSION,USD,49187,0,1377.24,0,0
2026-04-13,US,adv_demo_001,SPONSORED_BRANDS,COMPONENT,IMAGE,,TOP_OF_SEARCH,IMPRESSION,CPM,SPONSORED_BRANDS:COMPONENT:TOP_OF_SEARCH:IMAGE:IMPRESSION,USD,21728,0,0,0,0
2026-04-13,US,adv_demo_001,SPONSORED_BRANDS,COMPONENT,IMAGE,,TOP_OF_SEARCH,CLICK,CPC,SPONSORED_BRANDS:COMPONENT:TOP_OF_SEARCH:IMAGE:CLICK,USD,0,165,198.0,9,723.24
2026-04-13,US,adv_demo_001,SPONSORED_BRANDS,DISPLAY,IMAGE,,REST_OF_SEARCH,IMPRESSION,CPM,SPONSORED_BRANDS:DISPLAY:REST_OF_SEARCH:IMAGE:IMPRESSION,USD,25269,0,0,0,0
2026-04-13,US,adv_demo_001,SPONSORED_BRANDS,VIDEO,VIDEO,,TOP_OF_SEARCH,IMPRESSION,CPM,SPONSORED_BRANDS:VIDEO:TOP_OF_SEARCH:VIDEO:IMPRESSION,USD,20810,0,0,0,0
2026-04-13,US,adv_demo_001,SPONSORED_BRANDS,VIDEO,VIDEO,,TOP_OF_SEARCH,CLICK,CPC,SPONSORED_BRANDS:VIDEO:TOP_OF_SEARCH:VIDEO:CLICK,USD,0,143,197.34,7,637.0
2026-04-13,US,adv_demo_001,SPONSORED_DISPLAY,DISPLAY,IMAGE,,PRODUCT_PAGE,IMPRESSION,CPM,SPONSORED_DISPLAY:DISPLAY:PRODUCT_PAGE:IMAGE:IMPRESSION,USD,29351,0,0,0,0
2026-04-13,US,adv_demo_001,SPONSORED_DISPLAY,DISPLAY,IMAGE,,PRODUCT_PAGE,CLICK,CPC,SPONSORED_DISPLAY:DISPLAY:PRODUCT_PAGE:IMAGE:CLICK,USD,0,167,153.64,7,537.32
2026-04-13,US,adv_demo_001,SPONSORED_DISPLAY,DISPLAY,VIDEO,,PRODUCT_PAGE,IMPRESSION,CPM,SPONSORED_DISPLAY:DISPLAY:PRODUCT_PAGE:VIDEO:IMPRESSION,USD,24892,0,0,0,0
2026-04-13,US,adv_demo_001,SPONSORED_DISPLAY,VIDEO,VIDEO,,PRODUCT_PAGE,CLICK,CPC,SPONSORED_DISPLAY:VIDEO:PRODUCT_PAGE:VIDEO:CLICK,USD,0,162,191.16,7,634.48
2026-04-13,US,adv_demo_001,SPONSORED_PRODUCTS,PRODUCT_AD,,,PRODUCT_PAGE,CLICK,CPC,SPONSORED_PRODUCTS:PRODUCT_AD:PRODUCT_PAGE:UNSPECIFIED:CLICK,USD,0,352,309.76,25,1768.0
2026-04-13,US,adv_demo_001,SPONSORED_PRODUCTS,PRODUCT_AD,,,REST_OF_SEARCH,CLICK,CPC,SPONSORED_PRODUCTS:PRODUCT_AD:REST_OF_SEARCH:UNSPECIFIED:CLICK,USD,0,352,288.64,23,1569.75
2026-04-13,US,adv_demo_001,SPONSORED_PRODUCTS,PRODUCT_AD,,,TOP_OF_SEARCH,IMPRESSION,CPM,SPONSORED_PRODUCTS:PRODUCT_AD:TOP_OF_SEARCH:UNSPECIFIED:IMPRESSION,USD,41256,0,0,0,0
2026-04-13,US,adv_demo_001,SPONSORED_PRODUCTS,PRODUCT_AD,,,TOP_OF_SEARCH,CLICK,CPC,SPONSORED_PRODUCTS:PRODUCT_AD:TOP_OF_SEARCH:UNSPECIFIED:CLICK,USD,0,465,474.3,37,2557.44
2026-04-14,US,adv_demo_001,AMAZON_DSP,,,AUDIO,,IMPRESSION,CPM,AMAZON_DSP:AUDIO:UNSPECIFIED:UNSPECIFIED:IMPRESSION,USD,44541,0,801.74,0,0
2026-04-14,US,adv_demo_001,AMAZON_DSP,,IMAGE,DISPLAY,,IMPRESSION,CPM,AMAZON_DSP:DISPLAY:UNSPECIFIED:IMAGE:IMPRESSION,USD,54082,0,676.02,0,0
2026-04-14,US,adv_demo_001,AMAZON_DSP,,VIDEO,ONLINE_VIDEO,,IMPRESSION,CPM,AMAZON_DSP:ONLINE_VIDEO:UNSPECIFIED:VIDEO:IMPRESSION,USD,41623,0,832.46,0,0
2026-04-14,US,adv_demo_001,AMAZON_DSP,,VIDEO,STREAMING_TV,,IMPRESSION,CPM,AMAZON_DSP:STREAMING_TV:UNSPECIFIED:VIDEO:IMPRESSION,USD,50164,0,1404.59,0,0
2026-04-14,US,adv_demo_001,SPONSORED_BRANDS,COMPONENT,IMAGE,,TOP_OF_SEARCH,IMPRESSION,CPM,SPONSORED_BRANDS:COMPONENT:TOP_OF_SEARCH:IMAGE:IMPRESSION,USD,22705,0,0,0,0
2026-04-14,US,adv_demo_001,SPONSORED_BRANDS,COMPONENT,IMAGE,,TOP_OF_SEARCH,CLICK,CPC,SPONSORED_BRANDS:COMPONENT:TOP_OF_SEARCH:IMAGE:CLICK,USD,0,174,208.8,10,828.2
2026-04-14,US,adv_demo_001,SPONSORED_BRANDS,DISPLAY,IMAGE,,REST_OF_SEARCH,IMPRESSION,CPM,SPONSORED_BRANDS:DISPLAY:REST_OF_SEARCH:IMAGE:IMPRESSION,USD,26246,0,0,0,0
2026-04-14,US,adv_demo_001,SPONSORED_BRANDS,VIDEO,VIDEO,,TOP_OF_SEARCH,IMPRESSION,CPM,SPONSORED_BRANDS:VIDEO:TOP_OF_SEARCH:VIDEO:IMPRESSION,USD,21787,0,0,0,0
2026-04-14,US,adv_demo_001,SPONSORED_BRANDS,VIDEO,VIDEO,,TOP_OF_SEARCH,CLICK,CPC,SPONSORED_BRANDS:VIDEO:TOP_OF_SEARCH:VIDEO:CLICK,USD,0,152,209.76,7,656.11
2026-04-14,US,adv_demo_001,SPONSORED_DISPLAY,DISPLAY,IMAGE,,PRODUCT_PAGE,IMPRESSION,CPM,SPONSORED_DISPLAY:DISPLAY:PRODUCT_PAGE:IMAGE:IMPRESSION,USD,30328,0,0,0,0
2026-04-14,US,adv_demo_001,SPONSORED_DISPLAY,DISPLAY,IMAGE,,PRODUCT_PAGE,CLICK,CPC,SPONSORED_DISPLAY:DISPLAY:PRODUCT_PAGE:IMAGE:CLICK,USD,0,174,160.08,7,553.28
2026-04-14,US,adv_demo_001,SPONSORED_DISPLAY,DISPLAY,VIDEO,,PRODUCT_PAGE,IMPRESSION,CPM,SPONSORED_DISPLAY:DISPLAY:PRODUCT_PAGE:VIDEO:IMPRESSION,USD,19069,0,0,0,0
2026-04-14,US,adv_demo_001,SPONSORED_DISPLAY,VIDEO,VIDEO,,PRODUCT_PAGE,CLICK,CPC,SPONSORED_DISPLAY:VIDEO:PRODUCT_PAGE:VIDEO:CLICK,USD,0,123,145.14,6,506.88
2026-04-14,US,adv_demo_001,SPONSORED_PRODUCTS,PRODUCT_AD,,,PRODUCT_PAGE,CLICK,CPC,SPONSORED_PRODUCTS:PRODUCT_AD:PRODUCT_PAGE:UNSPECIFIED:CLICK,USD,0,366,322.08,27,1780.92
2026-04-14,US,adv_demo_001,SPONSORED_PRODUCTS,PRODUCT_AD,,,REST_OF_SEARCH,CLICK,CPC,SPONSORED_PRODUCTS:PRODUCT_AD:REST_OF_SEARCH:UNSPECIFIED:CLICK,USD,0,333,273.06,23,1465.1
2026-04-14,US,adv_demo_001,SPONSORED_PRODUCTS,PRODUCT_AD,,,TOP_OF_SEARCH,IMPRESSION,CPM,SPONSORED_PRODUCTS:PRODUCT_AD:TOP_OF_SEARCH:UNSPECIFIED:IMPRESSION,USD,42233,0,0,0,0
2026-04-14,US,adv_demo_001,SPONSORED_PRODUCTS,PRODUCT_AD,,,TOP_OF_SEARCH,CLICK,CPC,SPONSORED_PRODUCTS:PRODUCT_AD:TOP_OF_SEARCH:UNSPECIFIED:CLICK,USD,0,481,490.62,39,2779.92
2026-04-15,US,adv_demo_001,AMAZON_DSP,,,AUDIO,,IMPRESSION,CPM,AMAZON_DSP:AUDIO:UNSPECIFIED:UNSPECIFIED:IMPRESSION,USD,45518,0,819.32,0,0
2026-04-15,US,adv_demo_001,AMAZON_DSP,,IMAGE,DISPLAY,,IMPRESSION,CPM,AMAZON_DSP:DISPLAY:UNSPECIFIED:IMAGE:IMPRESSION,USD,55059,0,688.24,0,0
2026-04-15,US,adv_demo_001,AMAZON_DSP,,VIDEO,ONLINE_VIDEO,,IMPRESSION,CPM,AMAZON_DSP:ONLINE_VIDEO:UNSPECIFIED:VIDEO:IMPRESSION,USD,42600,0,852.0,0,0
2026-04-15,US,adv_demo_001,AMAZON_DSP,,VIDEO,STREAMING_TV,,IMPRESSION,CPM,AMAZON_DSP:STREAMING_TV:UNSPECIFIED:VIDEO:IMPRESSION,USD,51141,0,1431.95,0,0
2026-04-15,US,adv_demo_001,SPONSORED_BRANDS,COMPONENT,IMAGE,,TOP_OF_SEARCH,IMPRESSION,CPM,SPONSORED_BRANDS:COMPONENT:TOP_OF_SEARCH:IMAGE:IMPRESSION,USD,23682,0,0,0,0
2026-04-15,US,adv_demo_001,SPONSORED_BRANDS,COMPONENT,IMAGE,,TOP_OF_SEARCH,CLICK,CPC,SPONSORED_BRANDS:COMPONENT:TOP_OF_SEARCH:IMAGE:CLICK,USD,0,184,220.8,9,767.52
2026-04-15,US,adv_demo_001,SPONSORED_BRANDS,DISPLAY,IMAGE,,REST_OF_SEARCH,IMPRESSION,CPM,SPONSORED_BRANDS:DISPLAY:REST_OF_SEARCH:IMAGE:IMPRESSION,USD,27223,0,0,0,0
2026-04-15,US,adv_demo_001,SPONSORED_BRANDS,VIDEO,VIDEO,,TOP_OF_SEARCH,IMPRESSION,CPM,SPONSORED_BRANDS:VIDEO:TOP_OF_SEARCH:VIDEO:IMPRESSION,USD,22764,0,0,0,0
2026-04-15,US,adv_demo_001,SPONSORED_BRANDS,VIDEO,VIDEO,,TOP_OF_SEARCH,CLICK,CPC,SPONSORED_BRANDS:VIDEO:TOP_OF_SEARCH:VIDEO:CLICK,USD,0,160,220.8,8,698.88
2026-04-15,US,adv_demo_001,SPONSORED_DISPLAY,DISPLAY,IMAGE,,PRODUCT_PAGE,IMPRESSION,CPM,SPONSORED_DISPLAY:DISPLAY:PRODUCT_PAGE:IMAGE:IMPRESSION,USD,24505,0,0,0,0
2026-04-15,US,adv_demo_001,SPONSORED_DISPLAY,DISPLAY,IMAGE,,PRODUCT_PAGE,CLICK,CPC,SPONSORED_DISPLAY:DISPLAY:PRODUCT_PAGE:IMAGE:CLICK,USD,0,142,130.64,6,442.32
2026-04-15,US,adv_demo_001,SPONSORED_DISPLAY,DISPLAY,VIDEO,,PRODUCT_PAGE,IMPRESSION,CPM,SPONSORED_DISPLAY:DISPLAY:PRODUCT_PAGE:VIDEO:IMPRESSION,USD,20046,0,0,0,0
2026-04-15,US,adv_demo_001,SPONSORED_DISPLAY,VIDEO,VIDEO,,PRODUCT_PAGE,CLICK,CPC,SPONSORED_DISPLAY:VIDEO:PRODUCT_PAGE:VIDEO:CLICK,USD,0,131,154.58,6,522.72
2026-04-15,US,adv_demo_001,SPONSORED_PRODUCTS,PRODUCT_AD,,,PRODUCT_PAGE,CLICK,CPC,SPONSORED_PRODUCTS:PRODUCT_AD:PRODUCT_PAGE:UNSPECIFIED:CLICK,USD,0,347,305.36,26,1768.0
2026-04-15,US,adv_demo_001,SPONSORED_PRODUCTS,PRODUCT_AD,,,REST_OF_SEARCH,CLICK,CPC,SPONSORED_PRODUCTS:PRODUCT_AD:REST_OF_SEARCH:UNSPECIFIED:CLICK,USD,0,345,282.9,24,1575.6
2026-04-15,US,adv_demo_001,SPONSORED_PRODUCTS,PRODUCT_AD,,,TOP_OF_SEARCH,IMPRESSION,CPM,SPONSORED_PRODUCTS:PRODUCT_AD:TOP_OF_SEARCH:UNSPECIFIED:IMPRESSION,USD,43210,0,0,0,0
2026-04-15,US,adv_demo_001,SPONSORED_PRODUCTS,PRODUCT_AD,,,TOP_OF_SEARCH,CLICK,CPC,SPONSORED_PRODUCTS:PRODUCT_AD:TOP_OF_SEARCH:UNSPECIFIED:CLICK,USD,0,498,507.96,41,3011.04
2026-04-16,US,adv_demo_001,AMAZON_DSP,,,AUDIO,,IMPRESSION,CPM,AMAZON_DSP:AUDIO:UNSPECIFIED:UNSPECIFIED:IMPRESSION,USD,46495,0,836.91,0,0
2026-04-16,US,adv_demo_001,AMAZON_DSP,,IMAGE,DISPLAY,,IMPRESSION,CPM,AMAZON_DSP:DISPLAY:UNSPECIFIED:IMAGE:IMPRESSION,USD,56036,0,700.45,0,0
2026-04-16,US,adv_demo_001,AMAZON_DSP,,VIDEO,ONLINE_VIDEO,,IMPRESSION,CPM,AMAZON_DSP:ONLINE_VIDEO:UNSPECIFIED:VIDEO:IMPRESSION,USD,43577,0,871.54,0,0
2026-04-16,US,adv_demo_001,AMAZON_DSP,,VIDEO,STREAMING_TV,,IMPRESSION,CPM,AMAZON_DSP:STREAMING_TV:UNSPECIFIED:VIDEO:IMPRESSION,USD,52118,0,1459.3,0,0
2026-04-16,US,adv_demo_001,SPONSORED_BRANDS,COMPONENT,IMAGE,,TOP_OF_SEARCH,IMPRESSION,CPM,SPONSORED_BRANDS:COMPONENT:TOP_OF_SEARCH:IMAGE:IMPRESSION,USD,24659,0,0,0,0
2026-04-16,US,adv_demo_001,SPONSORED_BRANDS,COMPONENT,IMAGE,,TOP_OF_SEARCH,CLICK,CPC,SPONSORED_BRANDS:COMPONENT:TOP_OF_SEARCH:IMAGE:CLICK,USD,0,193,231.6,10,795.4
2026-04-16,US,adv_demo_001,SPONSORED_BRANDS,DISPLAY,IMAGE,,REST_OF_SEARCH,IMPRESSION,CPM,SPONSORED_BRANDS:DISPLAY:REST_OF_SEARCH:IMAGE:IMPRESSION,USD,21400,0,0,0,0
2026-04-16,US,adv_demo_001,SPONSORED_BRANDS,VIDEO,VIDEO,,TOP_OF_SEARCH,IMPRESSION,CPM,SPONSORED_BRANDS:VIDEO:TOP_OF_SEARCH:VIDEO:IMPRESSION,USD,16941,0,0,0,0
2026-04-16,US,adv_demo_001,SPONSORED_BRANDS,VIDEO,VIDEO,,TOP_OF_SEARCH,CLICK,CPC,SPONSORED_BRANDS:VIDEO:TOP_OF_SEARCH:VIDEO:CLICK,USD,0,120,165.6,6,540.54
2026-04-16,US,adv_demo_001,SPONSORED_DISPLAY,DISPLAY,IMAGE,,PRODUCT_PAGE,IMPRESSION,CPM,SPONSORED_DISPLAY:DISPLAY:PRODUCT_PAGE:IMAGE:IMPRESSION,USD,25482,0,0,0,0
2026-04-16,US,adv_demo_001,SPONSORED_DISPLAY,DISPLAY,IMAGE,,PRODUCT_PAGE,CLICK,CPC,SPONSORED_DISPLAY:DISPLAY:PRODUCT_PAGE:IMAGE:CLICK,USD,0,149,137.08,7,532.0
2026-04-16,US,adv_demo_001,SPONSORED_DISPLAY,DISPLAY,VIDEO,,PRODUCT_PAGE,IMPRESSION,CPM,SPONSORED_DISPLAY:DISPLAY:PRODUCT_PAGE:VIDEO:IMPRESSION,USD,21023,0,0,0,0
2026-04-16,US,adv_demo_001,SPONSORED_DISPLAY,VIDEO,VIDEO,,PRODUCT_PAGE,CLICK,CPC,SPONSORED_DISPLAY:VIDEO:PRODUCT_PAGE:VIDEO:CLICK,USD,0,127,149.86,6,538.56
2026-04-16,US,adv_demo_001,SPONSORED_PRODUCTS,PRODUCT_AD,,,PRODUCT_PAGE,CLICK,CPC,SPONSORED_PRODUCTS:PRODUCT_AD:PRODUCT_PAGE:UNSPECIFIED:CLICK,USD,0,360,316.8,27,1891.08
2026-04-16,US,adv_demo_001,SPONSORED_PRODUCTS,PRODUCT_AD,,,REST_OF_SEARCH,CLICK,CPC,SPONSORED_PRODUCTS:PRODUCT_AD:REST_OF_SEARCH:UNSPECIFIED:CLICK,USD,0,358,293.56,25,1690.0
2026-04-16,US,adv_demo_001,SPONSORED_PRODUCTS,PRODUCT_AD,,,TOP_OF_SEARCH,IMPRESSION,CPM,SPONSORED_PRODUCTS:PRODUCT_AD:TOP_OF_SEARCH:UNSPECIFIED:IMPRESSION,USD,44187,0,0,0,0
2026-04-16,US,adv_demo_001,SPONSORED_PRODUCTS,PRODUCT_AD,,,TOP_OF_SEARCH,CLICK,CPC,SPONSORED_PRODUCTS:PRODUCT_AD:TOP_OF_SEARCH:UNSPECIFIED:CLICK,USD,0,514,524.28,39,2948.4
2026-04-17,US,adv_demo_001,AMAZON_DSP,,,AUDIO,,IMPRESSION,CPM,AMAZON_DSP:AUDIO:UNSPECIFIED:UNSPECIFIED:IMPRESSION,USD,47472,0,854.5,0,0
2026-04-17,US,adv_demo_001,AMAZON_DSP,,IMAGE,DISPLAY,,IMPRESSION,CPM,AMAZON_DSP:DISPLAY:UNSPECIFIED:IMAGE:IMPRESSION,USD,57013,0,712.66,0,0
2026-04-17,US,adv_demo_001,AMAZON_DSP,,VIDEO,ONLINE_VIDEO,,IMPRESSION,CPM,AMAZON_DSP:ONLINE_VIDEO:UNSPECIFIED:VIDEO:IMPRESSION,USD,44554,0,891.08,0,0
2026-04-17,US,adv_demo_001,AMAZON_DSP,,VIDEO,STREAMING_TV,,IMPRESSION,CPM,AMAZON_DSP:STREAMING_TV:UNSPECIFIED:VIDEO:IMPRESSION,USD,46295,0,1296.26,0,0
2026-04-17,US,adv_demo_001,SPONSORED_BRANDS,COMPONENT,IMAGE,,TOP_OF_SEARCH,IMPRESSION,CPM,SPONSORED_BRANDS:COMPONENT:TOP_OF_SEARCH:IMAGE:IMPRESSION,USD,18836,0,0,0,0
2026-04-17,US,adv_demo_001,SPONSORED_BRANDS,COMPONENT,IMAGE,,TOP_OF_SEARCH,CLICK,CPC,SPONSORED_BRANDS:COMPONENT:TOP_OF_SEARCH:IMAGE:CLICK,USD,0,149,178.8,8,656.0
2026-04-17,US,adv_demo_001,SPONSORED_BRANDS,DISPLAY,IMAGE,,REST_OF_SEARCH,IMPRESSION,CPM,SPONSORED_BRANDS:DISPLAY:REST_OF_SEARCH:IMAGE:IMPRESSION,USD,22377,0,0,0,0
2026-04-17,US,adv_demo_001,SPONSORED_BRANDS,VIDEO,VIDEO,,TOP_OF_SEARCH,IMPRESSION,CPM,SPONSORED_BRANDS:VIDEO:TOP_OF_SEARCH:VIDEO:IMPRESSION,USD,17918,0,0,0,0
2026-04-17,US,adv_demo_001,SPONSORED_BRANDS,VIDEO,VIDEO,,TOP_OF_SEARCH,CLICK,CPC,SPONSORED_BRANDS:VIDEO:TOP_OF_SEARCH:VIDEO:CLICK,USD,0,128,176.64,6,556.92
2026-04-17,US,adv_demo_001,SPONSORED_DISPLAY,DISPLAY,IMAGE,,PRODUCT_PAGE,IMPRESSION,CPM,SPONSORED_DISPLAY:DISPLAY:PRODUCT_PAGE:IMAGE:IMPRESSION,USD,26459,0,0,0,0
2026-04-17,US,adv_demo_001,SPONSORED_DISPLAY,DISPLAY,IMAGE,,PRODUCT_PAGE,CLICK,CPC,SPONSORED_DISPLAY:DISPLAY:PRODUCT_PAGE:IMAGE:CLICK,USD,0,157,144.44,7,547.96
2026-04-17,US,adv_demo_001,SPONSORED_DISPLAY,DISPLAY,VIDEO,,PRODUCT_PAGE,IMPRESSION,CPM,SPONSORED_DISPLAY:DISPLAY:PRODUCT_PAGE:VIDEO:IMPRESSION,USD,22000,0,0,0,0
2026-04-17,US,adv_demo_001,SPONSORED_DISPLAY,VIDEO,VIDEO,,PRODUCT_PAGE,CLICK,CPC,SPONSORED_DISPLAY:VIDEO:PRODUCT_PAGE:VIDEO:CLICK,USD,0,135,159.3,7,646.8
2026-04-17,US,adv_demo_001,SPONSORED_PRODUCTS,PRODUCT_AD,,,PRODUCT_PAGE,CLICK,CPC,SPONSORED_PRODUCTS:PRODUCT_AD:PRODUCT_PAGE:UNSPECIFIED:CLICK,USD,0,374,329.12,26,1697.28
2026-04-17,US,adv_demo_001,SPONSORED_PRODUCTS,PRODUCT_AD,,,REST_OF_SEARCH,CLICK,CPC,SPONSORED_PRODUCTS:PRODUCT_AD:REST_OF_SEARCH:UNSPECIFIED:CLICK,USD,0,370,303.4,24,1513.2
2026-04-17,US,adv_demo_001,SPONSORED_PRODUCTS,PRODUCT_AD,,,TOP_OF_SEARCH,IMPRESSION,CPM,SPONSORED_PRODUCTS:PRODUCT_AD:TOP_OF_SEARCH:UNSPECIFIED:IMPRESSION,USD,45164,0,0,0,0
2026-04-17,US,adv_demo_001,SPONSORED_PRODUCTS,PRODUCT_AD,,,TOP_OF_SEARCH,CLICK,CPC,SPONSORED_PRODUCTS:PRODUCT_AD:TOP_OF_SEARCH:UNSPECIFIED:CLICK,USD,0,531,541.62,41,2892.96
2026-04-18,US,adv_demo_001,AMAZON_DSP,,,AUDIO,,IMPRESSION,CPM,AMAZON_DSP:AUDIO:UNSPECIFIED:UNSPECIFIED:IMPRESSION,USD,48449,0,872.08,0,0
2026-04-18,US,adv_demo_001,AMAZON_DSP,,IMAGE,DISPLAY,,IMPRESSION,CPM,AMAZON_DSP:DISPLAY:UNSPECIFIED:IMAGE:IMPRESSION,USD,51190,0,639.88,0,0
2026-04-18,US,adv_demo_001,AMAZON_DSP,,VIDEO,ONLINE_VIDEO,,IMPRESSION,CPM,AMAZON_DSP:ONLINE_VIDEO:UNSPECIFIED:VIDEO:IMPRESSION,USD,38731,0,774.62,0,0
2026-04-18,US,adv_demo_001,AMAZON_DSP,,VIDEO,STREAMING_TV,,IMPRESSION,CPM,AMAZON_DSP:STREAMING_TV:UNSPECIFIED:VIDEO:IMPRESSION,USD,47272,0,1323.62,0,0
2026-04-18,US,adv_demo_001,SPONSORED_BRANDS,COMPONENT,IMAGE,,TOP_OF_SEARCH,IMPRESSION,CPM,SPONSORED_BRANDS:COMPONENT:TOP_OF_SEARCH:IMAGE:IMPRESSION,USD,19813,0,0,0,0
2026-04-18,US,adv_demo_001,SPONSORED_BRANDS,COMPONENT,IMAGE,,TOP_OF_SEARCH,CLICK,CPC,SPONSORED_BRANDS:COMPONENT:TOP_OF_SEARCH:IMAGE:CLICK,USD,0,159,190.8,9,760.14
2026-04-18,US,adv_demo_001,SPONSORED_BRANDS,DISPLAY,IMAGE,,REST_OF_SEARCH,IMPRESSION,CPM,SPONSORED_BRANDS:DISPLAY:REST_OF_SEARCH:IMAGE:IMPRESSION,USD,23354,0,0,0,0
2026-04-18,US,adv_demo_001,SPONSORED_BRANDS,VIDEO,VIDEO,,TOP_OF_SEARCH,IMPRESSION,CPM,SPONSORED_BRANDS:VIDEO:TOP_OF_SEARCH:VIDEO:IMPRESSION,USD,18895,0,0,0,0
2026-04-18,US,adv_demo_001,SPONSORED_BRANDS,VIDEO,VIDEO,,TOP_OF_SEARCH,CLICK,CPC,SPONSORED_BRANDS:VIDEO:TOP_OF_SEARCH:VIDEO:CLICK,USD,0,137,189.06,7,668.85
2026-04-18,US,adv_demo_001,SPONSORED_DISPLAY,DISPLAY,IMAGE,,PRODUCT_PAGE,IMPRESSION,CPM,SPONSORED_DISPLAY:DISPLAY:PRODUCT_PAGE:IMAGE:IMPRESSION,USD,27436,0,0,0,0
2026-04-18,US,adv_demo_001,SPONSORED_DISPLAY,DISPLAY,IMAGE,,PRODUCT_PAGE,CLICK,CPC,SPONSORED_DISPLAY:DISPLAY:PRODUCT_PAGE:IMAGE:CLICK,USD,0,150,138.0,7,510.72
2026-04-18,US,adv_demo_001,SPONSORED_DISPLAY,DISPLAY,VIDEO,,PRODUCT_PAGE,IMPRESSION,CPM,SPONSORED_DISPLAY:DISPLAY:PRODUCT_PAGE:VIDEO:IMPRESSION,USD,22977,0,0,0,0
2026-04-18,US,adv_demo_001,SPONSORED_DISPLAY,VIDEO,VIDEO,,PRODUCT_PAGE,CLICK,CPC,SPONSORED_DISPLAY:VIDEO:PRODUCT_PAGE:VIDEO:CLICK,USD,0,143,168.74,7,603.68
2026-04-18,US,adv_demo_001,SPONSORED_PRODUCTS,PRODUCT_AD,,,PRODUCT_PAGE,CLICK,CPC,SPONSORED_PRODUCTS:PRODUCT_AD:PRODUCT_PAGE:UNSPECIFIED:CLICK,USD,0,388,341.44,27,1817.64
2026-04-18,US,adv_demo_001,SPONSORED_PRODUCTS,PRODUCT_AD,,,REST_OF_SEARCH,CLICK,CPC,SPONSORED_PRODUCTS:PRODUCT_AD:REST_OF_SEARCH:UNSPECIFIED:CLICK,USD,0,383,314.06,25,1625.0
2026-04-18,US,adv_demo_001,SPONSORED_PRODUCTS,PRODUCT_AD,,,TOP_OF_SEARCH,IMPRESSION,CPM,SPONSORED_PRODUCTS:PRODUCT_AD:TOP_OF_SEARCH:UNSPECIFIED:IMPRESSION,USD,46141,0,0,0,0
2026-04-18,US,adv_demo_001,SPONSORED_PRODUCTS,PRODUCT_AD,,,TOP_OF_SEARCH,CLICK,CPC,SPONSORED_PRODUCTS:PRODUCT_AD:TOP_OF_SEARCH:UNSPECIFIED:CLICK,USD,0,548,558.96,43,3126.96
2026-04-19,US,adv_demo_001,AMAZON_DSP,,,AUDIO,,IMPRESSION,CPM,AMAZON_DSP:AUDIO:UNSPECIFIED:UNSPECIFIED:IMPRESSION,USD,42626,0,767.27,0,0
2026-04-19,US,adv_demo_001,AMAZON_DSP,,IMAGE,DISPLAY,,IMPRESSION,CPM,AMAZON_DSP:DISPLAY:UNSPECIFIED:IMAGE:IMPRESSION,USD,52167,0,652.09,0,0
2026-04-19,US,adv_demo_001,AMAZON_DSP,,VIDEO,ONLINE_VIDEO,,IMPRESSION,CPM,AMAZON_DSP:ONLINE_VIDEO:UNSPECIFIED:VIDEO:IMPRESSION,USD,39708,0,794.16,0,0
2026-04-19,US,adv_demo_001,AMAZON_DSP,,VIDEO,STREAMING_TV,,IMPRESSION,CPM,AMAZON_DSP:STREAMING_TV:UNSPECIFIED:VIDEO:IMPRESSION,USD,48249,0,1350.97,0,0
2026-04-19,US,adv_demo_001,SPONSORED_BRANDS,COMPONENT,IMAGE,,TOP_OF_SEARCH,IMPRESSION,CPM,SPONSORED_BRANDS:COMPONENT:TOP_OF_SEARCH:IMAGE:IMPRESSION,USD,20790,0,0,0,0
2026-04-19,US,adv_demo_001,SPONSORED_BRANDS,COMPONENT,IMAGE,,TOP_OF_SEARCH,CLICK,CPC,SPONSORED_BRANDS:COMPONENT:TOP_OF_SEARCH:IMAGE:CLICK,USD,0,168,201.6,9,708.48
2026-04-19,US,adv_demo_001,SPONSORED_BRANDS,DISPLAY,IMAGE,,REST_OF_SEARCH,IMPRESSION,CPM,SPONSORED_BRANDS:DISPLAY:REST_OF_SEARCH:IMAGE:IMPRESSION,USD,24331,0,0,0,0
2026-04-19,US,adv_demo_001,SPONSORED_BRANDS,VIDEO,VIDEO,,TOP_OF_SEARCH,IMPRESSION,CPM,SPONSORED_BRANDS:VIDEO:TOP_OF_SEARCH:VIDEO:IMPRESSION,USD,19872,0,0,0,0
2026-04-19,US,adv_demo_001,SPONSORED_BRANDS,VIDEO,VIDEO,,TOP_OF_SEARCH,CLICK,CPC,SPONSORED_BRANDS:VIDEO:TOP_OF_SEARCH:VIDEO:CLICK,USD,0,133,183.54,6,535.08
2026-04-19,US,adv_demo_001,SPONSORED_DISPLAY,DISPLAY,IMAGE,,PRODUCT_PAGE,IMPRESSION,CPM,SPONSORED_DISPLAY:DISPLAY:PRODUCT_PAGE:IMAGE:IMPRESSION,USD,28413,0,0,0,0
2026-04-19,US,adv_demo_001,SPONSORED_DISPLAY,DISPLAY,IMAGE,,PRODUCT_PAGE,CLICK,CPC,SPONSORED_DISPLAY:DISPLAY:PRODUCT_PAGE:IMAGE:CLICK,USD,0,157,144.44,7,526.68
2026-04-19,US,adv_demo_001,SPONSORED_DISPLAY,DISPLAY,VIDEO,,PRODUCT_PAGE,IMPRESSION,CPM,SPONSORED_DISPLAY:DISPLAY:PRODUCT_PAGE:VIDEO:IMPRESSION,USD,23954,0,0,0,0
2026-04-19,US,adv_demo_001,SPONSORED_DISPLAY,VIDEO,VIDEO,,PRODUCT_PAGE,CLICK,CPC,SPONSORED_DISPLAY:VIDEO:PRODUCT_PAGE:VIDEO:CLICK,USD,0,151,178.18,7,622.16
2026-04-19,US,adv_demo_001,SPONSORED_PRODUCTS,PRODUCT_AD,,,PRODUCT_PAGE,CLICK,CPC,SPONSORED_PRODUCTS:PRODUCT_AD:PRODUCT_PAGE:UNSPECIFIED:CLICK,USD,0,402,353.76,29,2011.44
2026-04-19,US,adv_demo_001,SPONSORED_PRODUCTS,PRODUCT_AD,,,REST_OF_SEARCH,CLICK,CPC,SPONSORED_PRODUCTS:PRODUCT_AD:REST_OF_SEARCH:UNSPECIFIED:CLICK,USD,0,396,324.72,27,1807.65
2026-04-19,US,adv_demo_001,SPONSORED_PRODUCTS,PRODUCT_AD,,,TOP_OF_SEARCH,IMPRESSION,CPM,SPONSORED_PRODUCTS:PRODUCT_AD:TOP_OF_SEARCH:UNSPECIFIED:IMPRESSION,USD,40318,0,0,0,0
2026-04-19,US,adv_demo_001,SPONSORED_PRODUCTS,PRODUCT_AD,,,TOP_OF_SEARCH,CLICK,CPC,SPONSORED_PRODUCTS:PRODUCT_AD:TOP_OF_SEARCH:UNSPECIFIED:CLICK,USD,0,484,493.68,39,2920.32
2026-04-20,US,adv_demo_001,AMAZON_DSP,,,AUDIO,,IMPRESSION,CPM,AMAZON_DSP:AUDIO:UNSPECIFIED:UNSPECIFIED:IMPRESSION,USD,43603,0,784.85,0,0
2026-04-20,US,adv_demo_001,AMAZON_DSP,,IMAGE,DISPLAY,,IMPRESSION,CPM,AMAZON_DSP:DISPLAY:UNSPECIFIED:IMAGE:IMPRESSION,USD,53144,0,664.3,0,0
2026-04-20,US,adv_demo_001,AMAZON_DSP,,VIDEO,ONLINE_VIDEO,,IMPRESSION,CPM,AMAZON_DSP:ONLINE_VIDEO:UNSPECIFIED:VIDEO:IMPRESSION,USD,40685,0,813.7,0,0
2026-04-20,US,adv_demo_001,AMAZON_DSP,,VIDEO,STREAMING_TV,,IMPRESSION,CPM,AMAZON_DSP:STREAMING_TV:UNSPECIFIED:VIDEO:IMPRESSION,USD,49226,0,1378.33,0,0
2026-04-20,US,adv_demo_001,SPONSORED_BRANDS,COMPONENT,IMAGE,,TOP_OF_SEARCH,IMPRESSION,CPM,SPONSORED_BRANDS:COMPONENT:TOP_OF_SEARCH:IMAGE:IMPRESSION,USD,21767,0,0,0,0
2026-04-20,US,adv_demo_001,SPONSORED_BRANDS,COMPONENT,IMAGE,,TOP_OF_SEARCH,CLICK,CPC,SPONSORED_BRANDS:COMPONENT:TOP_OF_SEARCH:IMAGE:CLICK,USD,0,178,213.6,9,730.62
2026-04-20,US,adv_demo_001,SPONSORED_BRANDS,DISPLAY,IMAGE,,REST_OF_SEARCH,IMPRESSION,CPM,SPONSORED_BRANDS:DISPLAY:REST_OF_SEARCH:IMAGE:IMPRESSION,USD,25308,0,0,0,0
2026-04-20,US,adv_demo_001,SPONSORED_BRANDS,VIDEO,VIDEO,,TOP_OF_SEARCH,IMPRESSION,CPM,SPONSORED_BRANDS:VIDEO:TOP_OF_SEARCH:VIDEO:IMPRESSION,USD,20849,0,0,0,0
2026-04-20,US,adv_demo_001,SPONSORED_BRANDS,VIDEO,VIDEO,,TOP_OF_SEARCH,CLICK,CPC,SPONSORED_BRANDS:VIDEO:TOP_OF_SEARCH:VIDEO:CLICK,USD,0,141,194.58,7,643.37
2026-04-20,US,adv_demo_001,SPONSORED_DISPLAY,DISPLAY,IMAGE,,PRODUCT_PAGE,IMPRESSION,CPM,SPONSORED_DISPLAY:DISPLAY:PRODUCT_PAGE:IMAGE:IMPRESSION,USD,29390,0,0,0,0
2026-04-20,US,adv_demo_001,SPONSORED_DISPLAY,DISPLAY,IMAGE,,PRODUCT_PAGE,CLICK,CPC,SPONSORED_DISPLAY:DISPLAY:PRODUCT_PAGE:IMAGE:CLICK,USD,0,164,150.88,7,542.64
2026-04-20,US,adv_demo_001,SPONSORED_DISPLAY,DISPLAY,VIDEO,,PRODUCT_PAGE,IMPRESSION,CPM,SPONSORED_DISPLAY:DISPLAY:PRODUCT_PAGE:VIDEO:IMPRESSION,USD,24931,0,0,0,0
2026-04-20,US,adv_demo_001,SPONSORED_DISPLAY,VIDEO,VIDEO,,PRODUCT_PAGE,CLICK,CPC,SPONSORED_DISPLAY:VIDEO:PRODUCT_PAGE:VIDEO:CLICK,USD,0,159,187.62,8,732.16
2026-04-20,US,adv_demo_001,SPONSORED_PRODUCTS,PRODUCT_AD,,,PRODUCT_PAGE,CLICK,CPC,SPONSORED_PRODUCTS:PRODUCT_AD:PRODUCT_PAGE:UNSPECIFIED:CLICK,USD,0,345,303.6,25,1785.0
2026-04-20,US,adv_demo_001,SPONSORED_PRODUCTS,PRODUCT_AD,,,REST_OF_SEARCH,CLICK,CPC,SPONSORED_PRODUCTS:PRODUCT_AD:REST_OF_SEARCH:UNSPECIFIED:CLICK,USD,0,345,282.9,24,1497.6
2026-04-20,US,adv_demo_001,SPONSORED_PRODUCTS,PRODUCT_AD,,,TOP_OF_SEARCH,IMPRESSION,CPM,SPONSORED_PRODUCTS:PRODUCT_AD:TOP_OF_SEARCH:UNSPECIFIED:IMPRESSION,USD,41295,0,0,0,0
2026-04-20,US,adv_demo_001,SPONSORED_PRODUCTS,PRODUCT_AD,,,TOP_OF_SEARCH,CLICK,CPC,SPONSORED_PRODUCTS:PRODUCT_AD:TOP_OF_SEARCH:UNSPECIFIED:CLICK,USD,0,500,510.0,41,2863.44
2026-04-21,US,adv_demo_001,AMAZON_DSP,,,AUDIO,,IMPRESSION,CPM,AMAZON_DSP:AUDIO:UNSPECIFIED:UNSPECIFIED:IMPRESSION,USD,44580,0,802.44,0,0
2026-04-21,US,adv_demo_001,AMAZON_DSP,,IMAGE,DISPLAY,,IMPRESSION,CPM,AMAZON_DSP:DISPLAY:UNSPECIFIED:IMAGE:IMPRESSION,USD,54121,0,676.51,0,0
2026-04-21,US,adv_demo_001,AMAZON_DSP,,VIDEO,ONLINE_VIDEO,,IMPRESSION,CPM,AMAZON_DSP:ONLINE_VIDEO:UNSPECIFIED:VIDEO:IMPRESSION,USD,41662,0,833.24,0,0
2026-04-21,US,adv_demo_001,AMAZON_DSP,,VIDEO,STREAMING_TV,,IMPRESSION,CPM,AMAZON_DSP:STREAMING_TV:UNSPECIFIED:VIDEO:IMPRESSION,USD,50203,0,1405.68,0,0
2026-04-21,US,adv_demo_001,SPONSORED_BRANDS,COMPONENT,IMAGE,,TOP_OF_SEARCH,IMPRESSION,CPM,SPONSORED_BRANDS:COMPONENT:TOP_OF_SEARCH:IMAGE:IMPRESSION,USD,22744,0,0,0,0
2026-04-21,US,adv_demo_001,SPONSORED_BRANDS,COMPONENT,IMAGE,,TOP_OF_SEARCH,CLICK,CPC,SPONSORED_BRANDS:COMPONENT:TOP_OF_SEARCH:IMAGE:CLICK,USD,0,171,205.2,9,752.76
2026-04-21,US,adv_demo_001,SPONSORED_BRANDS,DISPLAY,IMAGE,,REST_OF_SEARCH,IMPRESSION,CPM,SPONSORED_BRANDS:DISPLAY:REST_OF_SEARCH:IMAGE:IMPRESSION,USD,26285,0,0,0,0
2026-04-21,US,adv_demo_001,SPONSORED_BRANDS,VIDEO,VIDEO,,TOP_OF_SEARCH,IMPRESSION,CPM,SPONSORED_BRANDS:VIDEO:TOP_OF_SEARCH:VIDEO:IMPRESSION,USD,21826,0,0,0,0
2026-04-21,US,adv_demo_001,SPONSORED_BRANDS,VIDEO,VIDEO,,TOP_OF_SEARCH,CLICK,CPC,SPONSORED_BRANDS:VIDEO:TOP_OF_SEARCH:VIDEO:CLICK,USD,0,149,205.62,7,662.48
2026-04-21,US,adv_demo_001,SPONSORED_DISPLAY,DISPLAY,IMAGE,,PRODUCT_PAGE,IMPRESSION,CPM,SPONSORED_DISPLAY:DISPLAY:PRODUCT_PAGE:IMAGE:IMPRESSION,USD,30367,0,0,0,0
2026-04-21,US,adv_demo_001,SPONSORED_DISPLAY,DISPLAY,IMAGE,,PRODUCT_PAGE,CLICK,CPC,SPONSORED_DISPLAY:DISPLAY:PRODUCT_PAGE:IMAGE:CLICK,USD,0,171,157.32,7,558.6
2026-04-21,US,adv_demo_001,SPONSORED_DISPLAY,DISPLAY,VIDEO,,PRODUCT_PAGE,IMPRESSION,CPM,SPONSORED_DISPLAY:DISPLAY:PRODUCT_PAGE:VIDEO:IMPRESSION,USD,19108,0,0,0,0
2026-04-21,US,adv_demo_001,SPONSORED_DISPLAY,VIDEO,VIDEO,,PRODUCT_PAGE,CLICK,CPC,SPONSORED_DISPLAY:VIDEO:PRODUCT_PAGE:VIDEO:CLICK,USD,0,121,142.78,6,512.16
2026-04-21,US,adv_demo_001,SPONSORED_PRODUCTS,PRODUCT_AD,,,PRODUCT_PAGE,CLICK,CPC,SPONSORED_PRODUCTS:PRODUCT_AD:PRODUCT_PAGE:UNSPECIFIED:CLICK,USD,0,359,315.92,27,1799.28
2026-04-21,US,adv_demo_001,SPONSORED_PRODUCTS,PRODUCT_AD,,,REST_OF_SEARCH,CLICK,CPC,SPONSORED_PRODUCTS:PRODUCT_AD:REST_OF_SEARCH:UNSPECIFIED:CLICK,USD,0,358,293.56,25,1608.75
2026-04-21,US,adv_demo_001,SPONSORED_PRODUCTS,PRODUCT_AD,,,TOP_OF_SEARCH,IMPRESSION,CPM,SPONSORED_PRODUCTS:PRODUCT_AD:TOP_OF_SEARCH:UNSPECIFIED:IMPRESSION,USD,42272,0,0,0,0
2026-04-21,US,adv_demo_001,SPONSORED_PRODUCTS,PRODUCT_AD,,,TOP_OF_SEARCH,CLICK,CPC,SPONSORED_PRODUCTS:PRODUCT_AD:TOP_OF_SEARCH:UNSPECIFIED:CLICK,USD,0,517,527.34,43,3096.0
2026-04-22,US,adv_demo_001,AMAZON_DSP,,,AUDIO,,IMPRESSION,CPM,AMAZON_DSP:AUDIO:UNSPECIFIED:UNSPECIFIED:IMPRESSION,USD,45557,0,820.03,0,0
2026-04-22,US,adv_demo_001,AMAZON_DSP,,IMAGE,DISPLAY,,IMPRESSION,CPM,AMAZON_DSP:DISPLAY:UNSPECIFIED:IMAGE:IMPRESSION,USD,55098,0,688.73,0,0
2026-04-22,US,adv_demo_001,AMAZON_DSP,,VIDEO,ONLINE_VIDEO,,IMPRESSION,CPM,AMAZON_DSP:ONLINE_VIDEO:UNSPECIFIED:VIDEO:IMPRESSION,USD,42639,0,852.78,0,0
2026-04-22,US,adv_demo_001,AMAZON_DSP,,VIDEO,STREAMING_TV,,IMPRESSION,CPM,AMAZON_DSP:STREAMING_TV:UNSPECIFIED:VIDEO:IMPRESSION,USD,51180,0,1433.04,0,0
2026-04-22,US,adv_demo_001,SPONSORED_BRANDS,COMPONENT,IMAGE,,TOP_OF_SEARCH,IMPRESSION,CPM,SPONSORED_BRANDS:COMPONENT:TOP_OF_SEARCH:IMAGE:IMPRESSION,USD,23721,0,0,0,0
2026-04-22,US,adv_demo_001,SPONSORED_BRANDS,COMPONENT,IMAGE,,TOP_OF_SEARCH,CLICK,CPC,SPONSORED_BRANDS:COMPONENT:TOP_OF_SEARCH:IMAGE:CLICK,USD,0,180,216.0,10,861.0
2026-04-22,US,adv_demo_001,SPONSORED_BRANDS,DISPLAY,IMAGE,,REST_OF_SEARCH,IMPRESSION,CPM,SPONSORED_BRANDS:DISPLAY:REST_OF_SEARCH:IMAGE:IMPRESSION,USD,27262,0,0,0,0
2026-04-22,US,adv_demo_001,SPONSORED_BRANDS,VIDEO,VIDEO,,TOP_OF_SEARCH,IMPRESSION,CPM,SPONSORED_BRANDS:VIDEO:TOP_OF_SEARCH:VIDEO:IMPRESSION,USD,16003,0,0,0,0
2026-04-22,US,adv_demo_001,SPONSORED_BRANDS,VIDEO,VIDEO,,TOP_OF_SEARCH,CLICK,CPC,SPONSORED_BRANDS:VIDEO:TOP_OF_SEARCH:VIDEO:CLICK,USD,0,110,151.8,5,441.35
2026-04-22,US,adv_demo_001,SPONSORED_DISPLAY,DISPLAY,IMAGE,,PRODUCT_PAGE,IMPRESSION,CPM,SPONSORED_DISPLAY:DISPLAY:PRODUCT_PAGE:IMAGE:IMPRESSION,USD,24544,0,0,0,0
2026-04-22,US,adv_demo_001,SPONSORED_DISPLAY,DISPLAY,IMAGE,,PRODUCT_PAGE,CLICK,CPC,SPONSORED_DISPLAY:DISPLAY:PRODUCT_PAGE:IMAGE:CLICK,USD,0,140,128.8,6,446.88
2026-04-22,US,adv_demo_001,SPONSORED_DISPLAY,DISPLAY,VIDEO,,PRODUCT_PAGE,IMPRESSION,CPM,SPONSORED_DISPLAY:DISPLAY:PRODUCT_PAGE:VIDEO:IMPRESSION,USD,20085,0,0,0,0
2026-04-22,US,adv_demo_001,SPONSORED_DISPLAY,VIDEO,VIDEO,,PRODUCT_PAGE,CLICK,CPC,SPONSORED_DISPLAY:VIDEO:PRODUCT_PAGE:VIDEO:CLICK,USD,0,129,152.22,6,528.0
2026-04-22,US,adv_demo_001,SPONSORED_PRODUCTS,PRODUCT_AD,,,PRODUCT_PAGE,CLICK,CPC,SPONSORED_PRODUCTS:PRODUCT_AD:PRODUCT_PAGE:UNSPECIFIED:CLICK,USD,0,373,328.24,29,1991.72
2026-04-22,US,adv_demo_001,SPONSORED_PRODUCTS,PRODUCT_AD,,,REST_OF_SEARCH,CLICK,CPC,SPONSORED_PRODUCTS:PRODUCT_AD:REST_OF_SEARCH:UNSPECIFIED:CLICK,USD,0,371,304.22,24,1591.2
2026-04-22,US,adv_demo_001,SPONSORED_PRODUCTS,PRODUCT_AD,,,TOP_OF_SEARCH,IMPRESSION,CPM,SPONSORED_PRODUCTS:PRODUCT_AD:TOP_OF_SEARCH:UNSPECIFIED:IMPRESSION,USD,43249,0,0,0,0
2026-04-22,US,adv_demo_001,SPONSORED_PRODUCTS,PRODUCT_AD,,,TOP_OF_SEARCH,CLICK,CPC,SPONSORED_PRODUCTS:PRODUCT_AD:TOP_OF_SEARCH:UNSPECIFIED:CLICK,USD,0,488,497.76,37,2743.92
2026-04-23,US,adv_demo_001,AMAZON_DSP,,,AUDIO,,IMPRESSION,CPM,AMAZON_DSP:AUDIO:UNSPECIFIED:UNSPECIFIED:IMPRESSION,USD,46534,0,837.61,0,0
2026-04-23,US,adv_demo_001,AMAZON_DSP,,IMAGE,DISPLAY,,IMPRESSION,CPM,AMAZON_DSP:DISPLAY:UNSPECIFIED:IMAGE:IMPRESSION,USD,56075,0,700.94,0,0
2026-04-23,US,adv_demo_001,AMAZON_DSP,,VIDEO,ONLINE_VIDEO,,IMPRESSION,CPM,AMAZON_DSP:ONLINE_VIDEO:UNSPECIFIED:VIDEO:IMPRESSION,USD,43616,0,872.32,0,0
2026-04-23,US,adv_demo_001,AMAZON_DSP,,VIDEO,STREAMING_TV,,IMPRESSION,CPM,AMAZON_DSP:STREAMING_TV:UNSPECIFIED:VIDEO:IMPRESSION,USD,52157,0,1460.4,0,0
2026-04-23,US,adv_demo_001,SPONSORED_BRANDS,COMPONENT,IMAGE,,TOP_OF_SEARCH,IMPRESSION,CPM,SPONSORED_BRANDS:COMPONENT:TOP_OF_SEARCH:IMAGE:IMPRESSION,USD,24698,0,0,0,0
2026-04-23,US,adv_demo_001,SPONSORED_BRANDS,COMPONENT,IMAGE,,TOP_OF_SEARCH,CLICK,CPC,SPONSORED_BRANDS:COMPONENT:TOP_OF_SEARCH:IMAGE:CLICK,USD,0,190,228.0,10,803.6
2026-04-23,US,adv_demo_001,SPONSORED_BRANDS,DISPLAY,IMAGE,,REST_OF_SEARCH,IMPRESSION,CPM,SPONSORED_BRANDS:DISPLAY:REST_OF_SEARCH:IMAGE:IMPRESSION,USD,21439,0,0,0,0
2026-04-23,US,adv_demo_001,SPONSORED_BRANDS,VIDEO,VIDEO,,TOP_OF_SEARCH,IMPRESSION,CPM,SPONSORED_BRANDS:VIDEO:TOP_OF_SEARCH:VIDEO:IMPRESSION,USD,16980,0,0,0,0
2026-04-23,US,adv_demo_001,SPONSORED_BRANDS,VIDEO,VIDEO,,TOP_OF_SEARCH,CLICK,CPC,SPONSORED_BRANDS:VIDEO:TOP_OF_SEARCH:VIDEO:CLICK,USD,0,118,162.84,6,546.0
2026-04-23,US,adv_demo_001,SPONSORED_DISPLAY,DISPLAY,IMAGE,,PRODUCT_PAGE,IMPRESSION,CPM,SPONSORED_DISPLAY:DISPLAY:PRODUCT_PAGE:IMAGE:IMPRESSION,USD,25521,0,0,0,0
2026-04-23,US,adv_demo_001,SPONSORED_DISPLAY,DISPLAY,IMAGE,,PRODUCT_PAGE,CLICK,CPC,SPONSORED_DISPLAY:DISPLAY:PRODUCT_PAGE:IMAGE:CLICK,USD,0,147,135.24,7,537.32
2026-04-23,US,adv_demo_001,SPONSORED_DISPLAY,DISPLAY,VIDEO,,PRODUCT_PAGE,IMPRESSION,CPM,SPONSORED_DISPLAY:DISPLAY:PRODUCT_PAGE:VIDEO:IMPRESSION,USD,21062,0,0,0,0
2026-04-23,US,adv_demo_001,SPONSORED_DISPLAY,VIDEO,VIDEO,,PRODUCT_PAGE,CLICK,CPC,SPONSORED_DISPLAY:VIDEO:PRODUCT_PAGE:VIDEO:CLICK,USD,0,137,161.66,6,543.84
2026-04-23,US,adv_demo_001,SPONSORED_PRODUCTS,PRODUCT_AD,,,PRODUCT_PAGE,CLICK,CPC,SPONSORED_PRODUCTS:PRODUCT_AD:PRODUCT_PAGE:UNSPECIFIED:CLICK,USD,0,387,340.56,27,1909.44
2026-04-23,US,adv_demo_001,SPONSORED_PRODUCTS,PRODUCT_AD,,,REST_OF_SEARCH,CLICK,CPC,SPONSORED_PRODUCTS:PRODUCT_AD:REST_OF_SEARCH:UNSPECIFIED:CLICK,USD,0,351,287.82,23,1569.75
2026-04-23,US,adv_demo_001,SPONSORED_PRODUCTS,PRODUCT_AD,,,TOP_OF_SEARCH,IMPRESSION,CPM,SPONSORED_PRODUCTS:PRODUCT_AD:TOP_OF_SEARCH:UNSPECIFIED:IMPRESSION,USD,44226,0,0,0,0
2026-04-23,US,adv_demo_001,SPONSORED_PRODUCTS,PRODUCT_AD,,,TOP_OF_SEARCH,CLICK,CPC,SPONSORED_PRODUCTS:PRODUCT_AD:TOP_OF_SEARCH:UNSPECIFIED:CLICK,USD,0,504,514.08,39,2695.68
2026-04-24,US,adv_demo_001,AMAZON_DSP,,,AUDIO,,IMPRESSION,CPM,AMAZON_DSP:AUDIO:UNSPECIFIED:UNSPECIFIED:IMPRESSION,USD,47511,0,855.2,0,0
2026-04-24,US,adv_demo_001,AMAZON_DSP,,IMAGE,DISPLAY,,IMPRESSION,CPM,AMAZON_DSP:DISPLAY:UNSPECIFIED:IMAGE:IMPRESSION,USD,57052,0,713.15,0,0
2026-04-24,US,adv_demo_001,AMAZON_DSP,,VIDEO,ONLINE_VIDEO,,IMPRESSION,CPM,AMAZON_DSP:ONLINE_VIDEO:UNSPECIFIED:VIDEO:IMPRESSION,USD,44593,0,891.86,0,0
2026-04-24,US,adv_demo_001,AMAZON_DSP,,VIDEO,STREAMING_TV,,IMPRESSION,CPM,AMAZON_DSP:STREAMING_TV:UNSPECIFIED:VIDEO:IMPRESSION,USD,46334,0,1297.35,0,0
2026-04-24,US,adv_demo_001,SPONSORED_BRANDS,COMPONENT,IMAGE,,TOP_OF_SEARCH,IMPRESSION,CPM,SPONSORED_BRANDS:COMPONENT:TOP_OF_SEARCH:IMAGE:IMPRESSION,USD,18875,0,0,0,0
2026-04-24,US,adv_demo_001,SPONSORED_BRANDS,COMPONENT,IMAGE,,TOP_OF_SEARCH,CLICK,CPC,SPONSORED_BRANDS:COMPONENT:TOP_OF_SEARCH:IMAGE:CLICK,USD,0,146,175.2,8,662.56
2026-04-24,US,adv_demo_001,SPONSORED_BRANDS,DISPLAY,IMAGE,,REST_OF_SEARCH,IMPRESSION,CPM,SPONSORED_BRANDS:DISPLAY:REST_OF_SEARCH:IMAGE:IMPRESSION,USD,22416,0,0,0,0
2026-04-24,US,adv_demo_001,SPONSORED_BRANDS,VIDEO,VIDEO,,TOP_OF_SEARCH,IMPRESSION,CPM,SPONSORED_BRANDS:VIDEO:TOP_OF_SEARCH:VIDEO:IMPRESSION,USD,17957,0,0,0,0
2026-04-24,US,adv_demo_001,SPONSORED_BRANDS,VIDEO,VIDEO,,TOP_OF_SEARCH,CLICK,CPC,SPONSORED_BRANDS:VIDEO:TOP_OF_SEARCH:VIDEO:CLICK,USD,0,126,173.88,6,562.38
2026-04-24,US,adv_demo_001,SPONSORED_DISPLAY,DISPLAY,IMAGE,,PRODUCT_PAGE,IMPRESSION,CPM,SPONSORED_DISPLAY:DISPLAY:PRODUCT_PAGE:IMAGE:IMPRESSION,USD,26498,0,0,0,0
2026-04-24,US,adv_demo_001,SPONSORED_DISPLAY,DISPLAY,IMAGE,,PRODUCT_PAGE,CLICK,CPC,SPONSORED_DISPLAY:DISPLAY:PRODUCT_PAGE:IMAGE:CLICK,USD,0,154,141.68,6,474.24
2026-04-24,US,adv_demo_001,SPONSORED_DISPLAY,DISPLAY,VIDEO,,PRODUCT_PAGE,IMPRESSION,CPM,SPONSORED_DISPLAY:DISPLAY:PRODUCT_PAGE:VIDEO:IMPRESSION,USD,22039,0,0,0,0
2026-04-24,US,adv_demo_001,SPONSORED_DISPLAY,VIDEO,VIDEO,,PRODUCT_PAGE,CLICK,CPC,SPONSORED_DISPLAY:VIDEO:PRODUCT_PAGE:VIDEO:CLICK,USD,0,145,171.1,7,591.36
2026-04-24,US,adv_demo_001,SPONSORED_PRODUCTS,PRODUCT_AD,,,PRODUCT_PAGE,CLICK,CPC,SPONSORED_PRODUCTS:PRODUCT_AD:PRODUCT_PAGE:UNSPECIFIED:CLICK,USD,0,366,322.08,26,1714.96
2026-04-24,US,adv_demo_001,SPONSORED_PRODUCTS,PRODUCT_AD,,,REST_OF_SEARCH,CLICK,CPC,SPONSORED_PRODUCTS:PRODUCT_AD:REST_OF_SEARCH:UNSPECIFIED:CLICK,USD,0,363,297.66,24,1528.8
2026-04-24,US,adv_demo_001,SPONSORED_PRODUCTS,PRODUCT_AD,,,TOP_OF_SEARCH,IMPRESSION,CPM,SPONSORED_PRODUCTS:PRODUCT_AD:TOP_OF_SEARCH:UNSPECIFIED:IMPRESSION,USD,45203,0,0,0,0
2026-04-24,US,adv_demo_001,SPONSORED_PRODUCTS,PRODUCT_AD,,,TOP_OF_SEARCH,CLICK,CPC,SPONSORED_PRODUCTS:PRODUCT_AD:TOP_OF_SEARCH:UNSPECIFIED:CLICK,USD,0,521,531.42,41,2922.48
2026-04-25,US,adv_demo_001,AMAZON_DSP,,,AUDIO,,IMPRESSION,CPM,AMAZON_DSP:AUDIO:UNSPECIFIED:UNSPECIFIED:IMPRESSION,USD,48488,0,872.78,0,0
2026-04-25,US,adv_demo_001,AMAZON_DSP,,IMAGE,DISPLAY,,IMPRESSION,CPM,AMAZON_DSP:DISPLAY:UNSPECIFIED:IMAGE:IMPRESSION,USD,51229,0,640.36,0,0
2026-04-25,US,adv_demo_001,AMAZON_DSP,,VIDEO,ONLINE_VIDEO,,IMPRESSION,CPM,AMAZON_DSP:ONLINE_VIDEO:UNSPECIFIED:VIDEO:IMPRESSION,USD,38770,0,775.4,0,0
2026-04-25,US,adv_demo_001,AMAZON_DSP,,VIDEO,STREAMING_TV,,IMPRESSION,CPM,AMAZON_DSP:STREAMING_TV:UNSPECIFIED:VIDEO:IMPRESSION,USD,47311,0,1324.71,0,0
2026-04-25,US,adv_demo_001,SPONSORED_BRANDS,COMPONENT,IMAGE,,TOP_OF_SEARCH,IMPRESSION,CPM,SPONSORED_BRANDS:COMPONENT:TOP_OF_SEARCH:IMAGE:IMPRESSION,USD,19852,0,0,0,0
2026-04-25,US,adv_demo_001,SPONSORED_BRANDS,COMPONENT,IMAGE,,TOP_OF_SEARCH,CLICK,CPC,SPONSORED_BRANDS:COMPONENT:TOP_OF_SEARCH:IMAGE:CLICK,USD,0,156,187.2,9,767.52
2026-04-25,US,adv_demo_001,SPONSORED_BRANDS,DISPLAY,IMAGE,,REST_OF_SEARCH,IMPRESSION,CPM,SPONSORED_BRANDS:DISPLAY:REST_OF_SEARCH:IMAGE:IMPRESSION,USD,23393,0,0,0,0
2026-04-25,US,adv_demo_001,SPONSORED_BRANDS,VIDEO,VIDEO,,TOP_OF_SEARCH,IMPRESSION,CPM,SPONSORED_BRANDS:VIDEO:TOP_OF_SEARCH:VIDEO:IMPRESSION,USD,18934,0,0,0,0
2026-04-25,US,adv_demo_001,SPONSORED_BRANDS,VIDEO,VIDEO,,TOP_OF_SEARCH,CLICK,CPC,SPONSORED_BRANDS:VIDEO:TOP_OF_SEARCH:VIDEO:CLICK,USD,0,134,184.92,6,524.16
2026-04-25,US,adv_demo_001,SPONSORED_DISPLAY,DISPLAY,IMAGE,,PRODUCT_PAGE,IMPRESSION,CPM,SPONSORED_DISPLAY:DISPLAY:PRODUCT_PAGE:IMAGE:IMPRESSION,USD,27475,0,0,0,0
2026-04-25,US,adv_demo_001,SPONSORED_DISPLAY,DISPLAY,IMAGE,,PRODUCT_PAGE,CLICK,CPC,SPONSORED_DISPLAY:DISPLAY:PRODUCT_PAGE:IMAGE:CLICK,USD,0,161,148.12,7,516.04
2026-04-25,US,adv_demo_001,SPONSORED_DISPLAY,DISPLAY,VIDEO,,PRODUCT_PAGE,IMPRESSION,CPM,SPONSORED_DISPLAY:DISPLAY:PRODUCT_PAGE:VIDEO:IMPRESSION,USD,23016,0,0,0,0
2026-04-25,US,adv_demo_001,SPONSORED_DISPLAY,VIDEO,VIDEO,,PRODUCT_PAGE,CLICK,CPC,SPONSORED_DISPLAY:VIDEO:PRODUCT_PAGE:VIDEO:CLICK,USD,0,140,165.2,7,609.84
2026-04-25,US,adv_demo_001,SPONSORED_PRODUCTS,PRODUCT_AD,,,PRODUCT_PAGE,CLICK,CPC,SPONSORED_PRODUCTS:PRODUCT_AD:PRODUCT_PAGE:UNSPECIFIED:CLICK,USD,0,380,334.4,28,1904.0
2026-04-25,US,adv_demo_001,SPONSORED_PRODUCTS,PRODUCT_AD,,,REST_OF_SEARCH,CLICK,CPC,SPONSORED_PRODUCTS:PRODUCT_AD:REST_OF_SEARCH:UNSPECIFIED:CLICK,USD,0,376,308.32,25,1641.25
2026-04-25,US,adv_demo_001,SPONSORED_PRODUCTS,PRODUCT_AD,,,TOP_OF_SEARCH,IMPRESSION,CPM,SPONSORED_PRODUCTS:PRODUCT_AD:TOP_OF_SEARCH:UNSPECIFIED:IMPRESSION,USD,46180,0,0,0,0
2026-04-25,US,adv_demo_001,SPONSORED_PRODUCTS,PRODUCT_AD,,,TOP_OF_SEARCH,CLICK,CPC,SPONSORED_PRODUCTS:PRODUCT_AD:TOP_OF_SEARCH:UNSPECIFIED:CLICK,USD,0,538,548.76,44,3231.36
2026-04-26,US,adv_demo_001,AMAZON_DSP,,,AUDIO,,IMPRESSION,CPM,AMAZON_DSP:AUDIO:UNSPECIFIED:UNSPECIFIED:IMPRESSION,USD,42665,0,767.97,0,0
2026-04-26,US,adv_demo_001,AMAZON_DSP,,IMAGE,DISPLAY,,IMPRESSION,CPM,AMAZON_DSP:DISPLAY:UNSPECIFIED:IMAGE:IMPRESSION,USD,52206,0,652.58,0,0
2026-04-26,US,adv_demo_001,AMAZON_DSP,,VIDEO,ONLINE_VIDEO,,IMPRESSION,CPM,AMAZON_DSP:ONLINE_VIDEO:UNSPECIFIED:VIDEO:IMPRESSION,USD,39747,0,794.94,0,0
2026-04-26,US,adv_demo_001,AMAZON_DSP,,VIDEO,STREAMING_TV,,IMPRESSION,CPM,AMAZON_DSP:STREAMING_TV:UNSPECIFIED:VIDEO:IMPRESSION,USD,48288,0,1352.06,0,0
2026-04-26,US,adv_demo_001,SPONSORED_BRANDS,COMPONENT,IMAGE,,TOP_OF_SEARCH,IMPRESSION,CPM,SPONSORED_BRANDS:COMPONENT:TOP_OF_SEARCH:IMAGE:IMPRESSION,USD,20829,0,0,0,0
2026-04-26,US,adv_demo_001,SPONSORED_BRANDS,COMPONENT,IMAGE,,TOP_OF_SEARCH,CLICK,CPC,SPONSORED_BRANDS:COMPONENT:TOP_OF_SEARCH:IMAGE:CLICK,USD,0,165,198.0,8,636.32
2026-04-26,US,adv_demo_001,SPONSORED_BRANDS,DISPLAY,IMAGE,,REST_OF_SEARCH,IMPRESSION,CPM,SPONSORED_BRANDS:DISPLAY:REST_OF_SEARCH:IMAGE:IMPRESSION,USD,24370,0,0,0,0
2026-04-26,US,adv_demo_001,SPONSORED_BRANDS,VIDEO,VIDEO,,TOP_OF_SEARCH,IMPRESSION,CPM,SPONSORED_BRANDS:VIDEO:TOP_OF_SEARCH:VIDEO:IMPRESSION,USD,19911,0,0,0,0
2026-04-26,US,adv_demo_001,SPONSORED_BRANDS,VIDEO,VIDEO,,TOP_OF_SEARCH,CLICK,CPC,SPONSORED_BRANDS:VIDEO:TOP_OF_SEARCH:VIDEO:CLICK,USD,0,143,197.34,7,630.63
2026-04-26,US,adv_demo_001,SPONSORED_DISPLAY,DISPLAY,IMAGE,,PRODUCT_PAGE,IMPRESSION,CPM,SPONSORED_DISPLAY:DISPLAY:PRODUCT_PAGE:IMAGE:IMPRESSION,USD,28452,0,0,0,0
2026-04-26,US,adv_demo_001,SPONSORED_DISPLAY,DISPLAY,IMAGE,,PRODUCT_PAGE,CLICK,CPC,SPONSORED_DISPLAY:DISPLAY:PRODUCT_PAGE:IMAGE:CLICK,USD,0,168,154.56,7,532.0
2026-04-26,US,adv_demo_001,SPONSORED_DISPLAY,DISPLAY,VIDEO,,PRODUCT_PAGE,IMPRESSION,CPM,SPONSORED_DISPLAY:DISPLAY:PRODUCT_PAGE:VIDEO:IMPRESSION,USD,23993,0,0,0,0
2026-04-26,US,adv_demo_001,SPONSORED_DISPLAY,VIDEO,VIDEO,,PRODUCT_PAGE,CLICK,CPC,SPONSORED_DISPLAY:VIDEO:PRODUCT_PAGE:VIDEO:CLICK,USD,0,148,174.64,7,628.32
2026-04-26,US,adv_demo_001,SPONSORED_PRODUCTS,PRODUCT_AD,,,PRODUCT_PAGE,CLICK,CPC,SPONSORED_PRODUCTS:PRODUCT_AD:PRODUCT_PAGE:UNSPECIFIED:CLICK,USD,0,394,346.72,29,2031.16
2026-04-26,US,adv_demo_001,SPONSORED_PRODUCTS,PRODUCT_AD,,,REST_OF_SEARCH,CLICK,CPC,SPONSORED_PRODUCTS:PRODUCT_AD:REST_OF_SEARCH:UNSPECIFIED:CLICK,USD,0,389,318.98,27,1825.2
2026-04-26,US,adv_demo_001,SPONSORED_PRODUCTS,PRODUCT_AD,,,TOP_OF_SEARCH,IMPRESSION,CPM,SPONSORED_PRODUCTS:PRODUCT_AD:TOP_OF_SEARCH:UNSPECIFIED:IMPRESSION,USD,40357,0,0,0,0
2026-04-26,US,adv_demo_001,SPONSORED_PRODUCTS,PRODUCT_AD,,,TOP_OF_SEARCH,CLICK,CPC,SPONSORED_PRODUCTS:PRODUCT_AD:TOP_OF_SEARCH:UNSPECIFIED:CLICK,USD,0,475,484.5,39,2948.4
2026-04-27,US,adv_demo_001,AMAZON_DSP,,,AUDIO,,IMPRESSION,CPM,AMAZON_DSP:AUDIO:UNSPECIFIED:UNSPECIFIED:IMPRESSION,USD,43642,0,785.56,0,0
2026-04-27,US,adv_demo_001,AMAZON_DSP,,IMAGE,DISPLAY,,IMPRESSION,CPM,AMAZON_DSP:DISPLAY:UNSPECIFIED:IMAGE:IMPRESSION,USD,53183,0,664.79,0,0
2026-04-27,US,adv_demo_001,AMAZON_DSP,,VIDEO,ONLINE_VIDEO,,IMPRESSION,CPM,AMAZON_DSP:ONLINE_VIDEO:UNSPECIFIED:VIDEO:IMPRESSION,USD,40724,0,814.48,0,0
2026-04-27,US,adv_demo_001,AMAZON_DSP,,VIDEO,STREAMING_TV,,IMPRESSION,CPM,AMAZON_DSP:STREAMING_TV:UNSPECIFIED:VIDEO:IMPRESSION,USD,49265,0,1379.42,0,0
2026-04-27,US,adv_demo_001,SPONSORED_BRANDS,COMPONENT,IMAGE,,TOP_OF_SEARCH,IMPRESSION,CPM,SPONSORED_BRANDS:COMPONENT:TOP_OF_SEARCH:IMAGE:IMPRESSION,USD,21806,0,0,0,0
2026-04-27,US,adv_demo_001,SPONSORED_BRANDS,COMPONENT,IMAGE,,TOP_OF_SEARCH,CLICK,CPC,SPONSORED_BRANDS:COMPONENT:TOP_OF_SEARCH:IMAGE:CLICK,USD,0,174,208.8,9,738.0
2026-04-27,US,adv_demo_001,SPONSORED_BRANDS,DISPLAY,IMAGE,,REST_OF_SEARCH,IMPRESSION,CPM,SPONSORED_BRANDS:DISPLAY:REST_OF_SEARCH:IMAGE:IMPRESSION,USD,25347,0,0,0,0
2026-04-27,US,adv_demo_001,SPONSORED_BRANDS,VIDEO,VIDEO,,TOP_OF_SEARCH,IMPRESSION,CPM,SPONSORED_BRANDS:VIDEO:TOP_OF_SEARCH:VIDEO:IMPRESSION,USD,20888,0,0,0,0
2026-04-27,US,adv_demo_001,SPONSORED_BRANDS,VIDEO,VIDEO,,TOP_OF_SEARCH,CLICK,CPC,SPONSORED_BRANDS:VIDEO:TOP_OF_SEARCH:VIDEO:CLICK,USD,0,151,208.38,7,649.74
2026-04-27,US,adv_demo_001,SPONSORED_DISPLAY,DISPLAY,IMAGE,,PRODUCT_PAGE,IMPRESSION,CPM,SPONSORED_DISPLAY:DISPLAY:PRODUCT_PAGE:IMAGE:IMPRESSION,USD,29429,0,0,0,0
2026-04-27,US,adv_demo_001,SPONSORED_DISPLAY,DISPLAY,IMAGE,,PRODUCT_PAGE,CLICK,CPC,SPONSORED_DISPLAY:DISPLAY:PRODUCT_PAGE:IMAGE:CLICK,USD,0,160,147.2,7,547.96
2026-04-27,US,adv_demo_001,SPONSORED_DISPLAY,DISPLAY,VIDEO,,PRODUCT_PAGE,IMPRESSION,CPM,SPONSORED_DISPLAY:DISPLAY:PRODUCT_PAGE:VIDEO:IMPRESSION,USD,24970,0,0,0,0
2026-04-27,US,adv_demo_001,SPONSORED_DISPLAY,VIDEO,VIDEO,,PRODUCT_PAGE,CLICK,CPC,SPONSORED_DISPLAY:VIDEO:PRODUCT_PAGE:VIDEO:CLICK,USD,0,156,184.08,8,739.2
2026-04-27,US,adv_demo_001,SPONSORED_PRODUCTS,PRODUCT_AD,,,PRODUCT_PAGE,CLICK,CPC,SPONSORED_PRODUCTS:PRODUCT_AD:PRODUCT_PAGE:UNSPECIFIED:CLICK,USD,0,339,298.32,26,1697.28
2026-04-27,US,adv_demo_001,SPONSORED_PRODUCTS,PRODUCT_AD,,,REST_OF_SEARCH,CLICK,CPC,SPONSORED_PRODUCTS:PRODUCT_AD:REST_OF_SEARCH:UNSPECIFIED:CLICK,USD,0,339,277.98,24,1513.2
2026-04-27,US,adv_demo_001,SPONSORED_PRODUCTS,PRODUCT_AD,,,TOP_OF_SEARCH,IMPRESSION,CPM,SPONSORED_PRODUCTS:PRODUCT_AD:TOP_OF_SEARCH:UNSPECIFIED:IMPRESSION,USD,41334,0,0,0,0
2026-04-27,US,adv_demo_001,SPONSORED_PRODUCTS,PRODUCT_AD,,,TOP_OF_SEARCH,CLICK,CPC,SPONSORED_PRODUCTS:PRODUCT_AD:TOP_OF_SEARCH:UNSPECIFIED:CLICK,USD,0,491,500.82,37,2610.72
2026-04-28,US,adv_demo_001,AMAZON_DSP,,,AUDIO,,IMPRESSION,CPM,AMAZON_DSP:AUDIO:UNSPECIFIED:UNSPECIFIED:IMPRESSION,USD,44619,0,803.14,0,0
2026-04-28,US,adv_demo_001,AMAZON_DSP,,IMAGE,DISPLAY,,IMPRESSION,CPM,AMAZON_DSP:DISPLAY:UNSPECIFIED:IMAGE:IMPRESSION,USD,54160,0,677.0,0,0
2026-04-28,US,adv_demo_001,AMAZON_DSP,,VIDEO,ONLINE_VIDEO,,IMPRESSION,CPM,AMAZON_DSP:ONLINE_VIDEO:UNSPECIFIED:VIDEO:IMPRESSION,USD,41701,0,834.02,0,0
2026-04-28,US,adv_demo_001,AMAZON_DSP,,VIDEO,STREAMING_TV,,IMPRESSION,CPM,AMAZON_DSP:STREAMING_TV:UNSPECIFIED:VIDEO:IMPRESSION,USD,50242,0,1406.78,0,0
2026-04-28,US,adv_demo_001,SPONSORED_BRANDS,COMPONENT,IMAGE,,TOP_OF_SEARCH,IMPRESSION,CPM,SPONSORED_BRANDS:COMPONENT:TOP_OF_SEARCH:IMAGE:IMPRESSION,USD,22783,0,0,0,0
2026-04-28,US,adv_demo_001,SPONSORED_BRANDS,COMPONENT,IMAGE,,TOP_OF_SEARCH,CLICK,CPC,SPONSORED_BRANDS:COMPONENT:TOP_OF_SEARCH:IMAGE:CLICK,USD,0,184,220.8,10,844.6
2026-04-28,US,adv_demo_001,SPONSORED_BRANDS,DISPLAY,IMAGE,,REST_OF_SEARCH,IMPRESSION,CPM,SPONSORED_BRANDS:DISPLAY:REST_OF_SEARCH:IMAGE:IMPRESSION,USD,26324,0,0,0,0
2026-04-28,US,adv_demo_001,SPONSORED_BRANDS,VIDEO,VIDEO,,TOP_OF_SEARCH,IMPRESSION,CPM,SPONSORED_BRANDS:VIDEO:TOP_OF_SEARCH:VIDEO:IMPRESSION,USD,21865,0,0,0,0
2026-04-28,US,adv_demo_001,SPONSORED_BRANDS,VIDEO,VIDEO,,TOP_OF_SEARCH,CLICK,CPC,SPONSORED_BRANDS:VIDEO:TOP_OF_SEARCH:VIDEO:CLICK,USD,0,146,201.48,7,668.85
2026-04-28,US,adv_demo_001,SPONSORED_DISPLAY,DISPLAY,IMAGE,,PRODUCT_PAGE,IMPRESSION,CPM,SPONSORED_DISPLAY:DISPLAY:PRODUCT_PAGE:IMAGE:IMPRESSION,USD,30406,0,0,0,0
2026-04-28,US,adv_demo_001,SPONSORED_DISPLAY,DISPLAY,IMAGE,,PRODUCT_PAGE,CLICK,CPC,SPONSORED_DISPLAY:DISPLAY:PRODUCT_PAGE:IMAGE:CLICK,USD,0,168,154.56,8,583.68
2026-04-28,US,adv_demo_001,SPONSORED_DISPLAY,DISPLAY,VIDEO,,PRODUCT_PAGE,IMPRESSION,CPM,SPONSORED_DISPLAY:DISPLAY:PRODUCT_PAGE:VIDEO:IMPRESSION,USD,19147,0,0,0,0
2026-04-28,US,adv_demo_001,SPONSORED_DISPLAY,VIDEO,VIDEO,,PRODUCT_PAGE,CLICK,CPC,SPONSORED_DISPLAY:VIDEO:PRODUCT_PAGE:VIDEO:CLICK,USD,0,118,139.24,6,517.44
2026-04-28,US,adv_demo_001,SPONSORED_PRODUCTS,PRODUCT_AD,,,PRODUCT_PAGE,CLICK,CPC,SPONSORED_PRODUCTS:PRODUCT_AD:PRODUCT_PAGE:UNSPECIFIED:CLICK,USD,0,352,309.76,24,1615.68
2026-04-28,US,adv_demo_001,SPONSORED_PRODUCTS,PRODUCT_AD,,,REST_OF_SEARCH,CLICK,CPC,SPONSORED_PRODUCTS:PRODUCT_AD:REST_OF_SEARCH:UNSPECIFIED:CLICK,USD,0,351,287.82,23,1495.0
2026-04-28,US,adv_demo_001,SPONSORED_PRODUCTS,PRODUCT_AD,,,TOP_OF_SEARCH,IMPRESSION,CPM,SPONSORED_PRODUCTS:PRODUCT_AD:TOP_OF_SEARCH:UNSPECIFIED:IMPRESSION,USD,42311,0,0,0,0
2026-04-28,US,adv_demo_001,SPONSORED_PRODUCTS,PRODUCT_AD,,,TOP_OF_SEARCH,CLICK,CPC,SPONSORED_PRODUCTS:PRODUCT_AD:TOP_OF_SEARCH:UNSPECIFIED:CLICK,USD,0,508,518.16,39,2836.08
2026-04-29,US,adv_demo_001,AMAZON_DSP,,,AUDIO,,IMPRESSION,CPM,AMAZON_DSP:AUDIO:UNSPECIFIED:UNSPECIFIED:IMPRESSION,USD,45596,0,820.73,0,0
2026-04-29,US,adv_demo_001,AMAZON_DSP,,IMAGE,DISPLAY,,IMPRESSION,CPM,AMAZON_DSP:DISPLAY:UNSPECIFIED:IMAGE:IMPRESSION,USD,55137,0,689.21,0,0
2026-04-29,US,adv_demo_001,AMAZON_DSP,,VIDEO,ONLINE_VIDEO,,IMPRESSION,CPM,AMAZON_DSP:ONLINE_VIDEO:UNSPECIFIED:VIDEO:IMPRESSION,USD,42678,0,853.56,0,0
2026-04-29,US,adv_demo_001,AMAZON_DSP,,VIDEO,STREAMING_TV,,IMPRESSION,CPM,AMAZON_DSP:STREAMING_TV:UNSPECIFIED:VIDEO:IMPRESSION,USD,51219,0,1434.13,0,0
2026-04-29,US,adv_demo_001,SPONSORED_BRANDS,COMPONENT,IMAGE,,TOP_OF_SEARCH,IMPRESSION,CPM,SPONSORED_BRANDS:COMPONENT:TOP_OF_SEARCH:IMAGE:IMPRESSION,USD,23760,0,0,0,0
2026-04-29,US,adv_demo_001,SPONSORED_BRANDS,COMPONENT,IMAGE,,TOP_OF_SEARCH,CLICK,CPC,SPONSORED_BRANDS:COMPONENT:TOP_OF_SEARCH:IMAGE:CLICK,USD,0,194,232.8,11,865.92
2026-04-29,US,adv_demo_001,SPONSORED_BRANDS,DISPLAY,IMAGE,,REST_OF_SEARCH,IMPRESSION,CPM,SPONSORED_BRANDS:DISPLAY:REST_OF_SEARCH:IMAGE:IMPRESSION,USD,27301,0,0,0,0
2026-04-29,US,adv_demo_001,SPONSORED_BRANDS,VIDEO,VIDEO,,TOP_OF_SEARCH,IMPRESSION,CPM,SPONSORED_BRANDS:VIDEO:TOP_OF_SEARCH:VIDEO:IMPRESSION,USD,16042,0,0,0,0
2026-04-29,US,adv_demo_001,SPONSORED_BRANDS,VIDEO,VIDEO,,TOP_OF_SEARCH,CLICK,CPC,SPONSORED_BRANDS:VIDEO:TOP_OF_SEARCH:VIDEO:CLICK,USD,0,108,149.04,5,445.9
2026-04-29,US,adv_demo_001,SPONSORED_DISPLAY,DISPLAY,IMAGE,,PRODUCT_PAGE,IMPRESSION,CPM,SPONSORED_DISPLAY:DISPLAY:PRODUCT_PAGE:IMAGE:IMPRESSION,USD,24583,0,0,0,0
2026-04-29,US,adv_demo_001,SPONSORED_DISPLAY,DISPLAY,IMAGE,,PRODUCT_PAGE,CLICK,CPC,SPONSORED_DISPLAY:DISPLAY:PRODUCT_PAGE:IMAGE:CLICK,USD,0,137,126.04,6,451.44
2026-04-29,US,adv_demo_001,SPONSORED_DISPLAY,DISPLAY,VIDEO,,PRODUCT_PAGE,IMPRESSION,CPM,SPONSORED_DISPLAY:DISPLAY:PRODUCT_PAGE:VIDEO:IMPRESSION,USD,20124,0,0,0,0
2026-04-29,US,adv_demo_001,SPONSORED_DISPLAY,VIDEO,VIDEO,,PRODUCT_PAGE,CLICK,CPC,SPONSORED_DISPLAY:VIDEO:PRODUCT_PAGE:VIDEO:CLICK,USD,0,126,148.68,6,533.28
2026-04-29,US,adv_demo_001,SPONSORED_PRODUCTS,PRODUCT_AD,,,PRODUCT_PAGE,CLICK,CPC,SPONSORED_PRODUCTS:PRODUCT_AD:PRODUCT_PAGE:UNSPECIFIED:CLICK,USD,0,366,322.08,26,1803.36
2026-04-29,US,adv_demo_001,SPONSORED_PRODUCTS,PRODUCT_AD,,,REST_OF_SEARCH,CLICK,CPC,SPONSORED_PRODUCTS:PRODUCT_AD:REST_OF_SEARCH:UNSPECIFIED:CLICK,USD,0,364,298.48,24,1606.8
2026-04-29,US,adv_demo_001,SPONSORED_PRODUCTS,PRODUCT_AD,,,TOP_OF_SEARCH,IMPRESSION,CPM,SPONSORED_PRODUCTS:PRODUCT_AD:TOP_OF_SEARCH:UNSPECIFIED:IMPRESSION,USD,43288,0,0,0,0
2026-04-29,US,adv_demo_001,SPONSORED_PRODUCTS,PRODUCT_AD,,,TOP_OF_SEARCH,CLICK,CPC,SPONSORED_PRODUCTS:PRODUCT_AD:TOP_OF_SEARCH:UNSPECIFIED:CLICK,USD,0,525,535.5,41,3070.08
2026-04-30,US,adv_demo_001,AMAZON_DSP,,,AUDIO,,IMPRESSION,CPM,AMAZON_DSP:AUDIO:UNSPECIFIED:UNSPECIFIED:IMPRESSION,USD,46573,0,838.31,0,0
2026-04-30,US,adv_demo_001,AMAZON_DSP,,IMAGE,DISPLAY,,IMPRESSION,CPM,AMAZON_DSP:DISPLAY:UNSPECIFIED:IMAGE:IMPRESSION,USD,56114,0,701.42,0,0
2026-04-30,US,adv_demo_001,AMAZON_DSP,,VIDEO,ONLINE_VIDEO,,IMPRESSION,CPM,AMAZON_DSP:ONLINE_VIDEO:UNSPECIFIED:VIDEO:IMPRESSION,USD,43655,0,873.1,0,0
2026-04-30,US,adv_demo_001,AMAZON_DSP,,VIDEO,STREAMING_TV,,IMPRESSION,CPM,AMAZON_DSP:STREAMING_TV:UNSPECIFIED:VIDEO:IMPRESSION,USD,52196,0,1461.49,0,0
2026-04-30,US,adv_demo_001,SPONSORED_BRANDS,COMPONENT,IMAGE,,TOP_OF_SEARCH,IMPRESSION,CPM,SPONSORED_BRANDS:COMPONENT:TOP_OF_SEARCH:IMAGE:IMPRESSION,USD,24737,0,0,0,0
2026-04-30,US,adv_demo_001,SPONSORED_BRANDS,COMPONENT,IMAGE,,TOP_OF_SEARCH,CLICK,CPC,SPONSORED_BRANDS:COMPONENT:TOP_OF_SEARCH:IMAGE:CLICK,USD,0,186,223.2,10,811.8
2026-04-30,US,adv_demo_001,SPONSORED_BRANDS,DISPLAY,IMAGE,,REST_OF_SEARCH,IMPRESSION,CPM,SPONSORED_BRANDS:DISPLAY:REST_OF_SEARCH:IMAGE:IMPRESSION,USD,21478,0,0,0,0
2026-04-30,US,adv_demo_001,SPONSORED_BRANDS,VIDEO,VIDEO,,TOP_OF_SEARCH,IMPRESSION,CPM,SPONSORED_BRANDS:VIDEO:TOP_OF_SEARCH:VIDEO:IMPRESSION,USD,17019,0,0,0,0
2026-04-30,US,adv_demo_001,SPONSORED_BRANDS,VIDEO,VIDEO,,TOP_OF_SEARCH,CLICK,CPC,SPONSORED_BRANDS:VIDEO:TOP_OF_SEARCH:VIDEO:CLICK,USD,0,116,160.08,5,459.55
2026-04-30,US,adv_demo_001,SPONSORED_DISPLAY,DISPLAY,IMAGE,,PRODUCT_PAGE,IMPRESSION,CPM,SPONSORED_DISPLAY:DISPLAY:PRODUCT_PAGE:IMAGE:IMPRESSION,USD,25560,0,0,0,0
2026-04-30,US,adv_demo_001,SPONSORED_DISPLAY,DISPLAY,IMAGE,,PRODUCT_PAGE,CLICK,CPC,SPONSORED_DISPLAY:DISPLAY:PRODUCT_PAGE:IMAGE:CLICK,USD,0,144,132.48,6,465.12
2026-04-30,US,adv_demo_001,SPONSORED_DISPLAY,DISPLAY,VIDEO,,PRODUCT_PAGE,IMPRESSION,CPM,SPONSORED_DISPLAY:DISPLAY:PRODUCT_PAGE:VIDEO:IMPRESSION,USD,21101,0,0,0,0
2026-04-30,US,adv_demo_001,SPONSORED_DISPLAY,VIDEO,VIDEO,,PRODUCT_PAGE,CLICK,CPC,SPONSORED_DISPLAY:VIDEO:PRODUCT_PAGE:VIDEO:CLICK,USD,0,134,158.12,6,549.12
2026-04-30,US,adv_demo_001,SPONSORED_PRODUCTS,PRODUCT_AD,,,PRODUCT_PAGE,CLICK,CPC,SPONSORED_PRODUCTS:PRODUCT_AD:PRODUCT_PAGE:UNSPECIFIED:CLICK,USD,0,380,334.4,27,1927.8
2026-04-30,US,adv_demo_001,SPONSORED_PRODUCTS,PRODUCT_AD,,,REST_OF_SEARCH,CLICK,CPC,SPONSORED_PRODUCTS:PRODUCT_AD:REST_OF_SEARCH:UNSPECIFIED:CLICK,USD,0,377,309.14,25,1560.0
2026-04-30,US,adv_demo_001,SPONSORED_PRODUCTS,PRODUCT_AD,,,TOP_OF_SEARCH,IMPRESSION,CPM,SPONSORED_PRODUCTS:PRODUCT_AD:TOP_OF_SEARCH:UNSPECIFIED:IMPRESSION,USD,44265,0,0,0,0
2026-04-30,US,adv_demo_001,SPONSORED_PRODUCTS,PRODUCT_AD,,,TOP_OF_SEARCH,CLICK,CPC,SPONSORED_PRODUCTS:PRODUCT_AD:TOP_OF_SEARCH:UNSPECIFIED:CLICK,USD,0,542,552.84,44,3072.96
2026-05-01,US,adv_demo_001,AMAZON_DSP,,,AUDIO,,IMPRESSION,CPM,AMAZON_DSP:AUDIO:UNSPECIFIED:UNSPECIFIED:IMPRESSION,USD,47550,0,855.9,0,0
2026-05-01,US,adv_demo_001,AMAZON_DSP,,IMAGE,DISPLAY,,IMPRESSION,CPM,AMAZON_DSP:DISPLAY:UNSPECIFIED:IMAGE:IMPRESSION,USD,57091,0,713.64,0,0
2026-05-01,US,adv_demo_001,AMAZON_DSP,,VIDEO,ONLINE_VIDEO,,IMPRESSION,CPM,AMAZON_DSP:ONLINE_VIDEO:UNSPECIFIED:VIDEO:IMPRESSION,USD,44632,0,892.64,0,0
2026-05-01,US,adv_demo_001,AMAZON_DSP,,VIDEO,STREAMING_TV,,IMPRESSION,CPM,AMAZON_DSP:STREAMING_TV:UNSPECIFIED:VIDEO:IMPRESSION,USD,46373,0,1298.44,0,0
2026-05-01,US,adv_demo_001,SPONSORED_BRANDS,COMPONENT,IMAGE,,TOP_OF_SEARCH,IMPRESSION,CPM,SPONSORED_BRANDS:COMPONENT:TOP_OF_SEARCH:IMAGE:IMPRESSION,USD,18914,0,0,0,0
2026-05-01,US,adv_demo_001,SPONSORED_BRANDS,COMPONENT,IMAGE,,TOP_OF_SEARCH,CLICK,CPC,SPONSORED_BRANDS:COMPONENT:TOP_OF_SEARCH:IMAGE:CLICK,USD,0,144,172.8,7,585.48
2026-05-01,US,adv_demo_001,SPONSORED_BRANDS,DISPLAY,IMAGE,,REST_OF_SEARCH,IMPRESSION,CPM,SPONSORED_BRANDS:DISPLAY:REST_OF_SEARCH:IMAGE:IMPRESSION,USD,22455,0,0,0,0
2026-05-01,US,adv_demo_001,SPONSORED_BRANDS,VIDEO,VIDEO,,TOP_OF_SEARCH,IMPRESSION,CPM,SPONSORED_BRANDS:VIDEO:TOP_OF_SEARCH:VIDEO:IMPRESSION,USD,17996,0,0,0,0
2026-05-01,US,adv_demo_001,SPONSORED_BRANDS,VIDEO,VIDEO,,TOP_OF_SEARCH,CLICK,CPC,SPONSORED_BRANDS:VIDEO:TOP_OF_SEARCH:VIDEO:CLICK,USD,0,124,171.12,6,567.84
2026-05-01,US,adv_demo_001,SPONSORED_DISPLAY,DISPLAY,IMAGE,,PRODUCT_PAGE,IMPRESSION,CPM,SPONSORED_DISPLAY:DISPLAY:PRODUCT_PAGE:IMAGE:IMPRESSION,USD,26537,0,0,0,0
2026-05-01,US,adv_demo_001,SPONSORED_DISPLAY,DISPLAY,IMAGE,,PRODUCT_PAGE,CLICK,CPC,SPONSORED_DISPLAY:DISPLAY:PRODUCT_PAGE:IMAGE:CLICK,USD,0,151,138.92,6,478.8
2026-05-01,US,adv_demo_001,SPONSORED_DISPLAY,DISPLAY,VIDEO,,PRODUCT_PAGE,IMPRESSION,CPM,SPONSORED_DISPLAY:DISPLAY:PRODUCT_PAGE:VIDEO:IMPRESSION,USD,22078,0,0,0,0
2026-05-01,US,adv_demo_001,SPONSORED_DISPLAY,VIDEO,VIDEO,,PRODUCT_PAGE,CLICK,CPC,SPONSORED_DISPLAY:VIDEO:PRODUCT_PAGE:VIDEO:CLICK,USD,0,142,167.56,7,597.52
2026-05-01,US,adv_demo_001,SPONSORED_PRODUCTS,PRODUCT_AD,,,PRODUCT_PAGE,CLICK,CPC,SPONSORED_PRODUCTS:PRODUCT_AD:PRODUCT_PAGE:UNSPECIFIED:CLICK,USD,0,394,346.72,29,1932.56
2026-05-01,US,adv_demo_001,SPONSORED_PRODUCTS,PRODUCT_AD,,,REST_OF_SEARCH,CLICK,CPC,SPONSORED_PRODUCTS:PRODUCT_AD:REST_OF_SEARCH:UNSPECIFIED:CLICK,USD,0,390,319.8,27,1737.45
2026-05-01,US,adv_demo_001,SPONSORED_PRODUCTS,PRODUCT_AD,,,TOP_OF_SEARCH,IMPRESSION,CPM,SPONSORED_PRODUCTS:PRODUCT_AD:TOP_OF_SEARCH:UNSPECIFIED:IMPRESSION,USD,45242,0,0,0,0
2026-05-01,US,adv_demo_001,SPONSORED_PRODUCTS,PRODUCT_AD,,,TOP_OF_SEARCH,CLICK,CPC,SPONSORED_PRODUCTS:PRODUCT_AD:TOP_OF_SEARCH:UNSPECIFIED:CLICK,USD,0,510,520.2,42,3024.0
2026-05-02,US,adv_demo_001,AMAZON_DSP,,,AUDIO,,IMPRESSION,CPM,AMAZON_DSP:AUDIO:UNSPECIFIED:UNSPECIFIED:IMPRESSION,USD,48527,0,873.49,0,0
2026-05-02,US,adv_demo_001,AMAZON_DSP,,IMAGE,DISPLAY,,IMPRESSION,CPM,AMAZON_DSP:DISPLAY:UNSPECIFIED:IMAGE:IMPRESSION,USD,51268,0,640.85,0,0
2026-05-02,US,adv_demo_001,AMAZON_DSP,,VIDEO,ONLINE_VIDEO,,IMPRESSION,CPM,AMAZON_DSP:ONLINE_VIDEO:UNSPECIFIED:VIDEO:IMPRESSION,USD,38809,0,776.18,0,0
2026-05-02,US,adv_demo_001,AMAZON_DSP,,VIDEO,STREAMING_TV,,IMPRESSION,CPM,AMAZON_DSP:STREAMING_TV:UNSPECIFIED:VIDEO:IMPRESSION,USD,47350,0,1325.8,0,0
2026-05-02,US,adv_demo_001,SPONSORED_BRANDS,COMPONENT,IMAGE,,TOP_OF_SEARCH,IMPRESSION,CPM,SPONSORED_BRANDS:COMPONENT:TOP_OF_SEARCH:IMAGE:IMPRESSION,USD,19891,0,0,0,0
2026-05-02,US,adv_demo_001,SPONSORED_BRANDS,COMPONENT,IMAGE,,TOP_OF_SEARCH,CLICK,CPC,SPONSORED_BRANDS:COMPONENT:TOP_OF_SEARCH:IMAGE:CLICK,USD,0,153,183.6,8,688.8
2026-05-02,US,adv_demo_001,SPONSORED_BRANDS,DISPLAY,IMAGE,,REST_OF_SEARCH,IMPRESSION,CPM,SPONSORED_BRANDS:DISPLAY:REST_OF_SEARCH:IMAGE:IMPRESSION,USD,23432,0,0,0,0
2026-05-02,US,adv_demo_001,SPONSORED_BRANDS,VIDEO,VIDEO,,TOP_OF_SEARCH,IMPRESSION,CPM,SPONSORED_BRANDS:VIDEO:TOP_OF_SEARCH:VIDEO:IMPRESSION,USD,18973,0,0,0,0
2026-05-02,US,adv_demo_001,SPONSORED_BRANDS,VIDEO,VIDEO,,TOP_OF_SEARCH,CLICK,CPC,SPONSORED_BRANDS:VIDEO:TOP_OF_SEARCH:VIDEO:CLICK,USD,0,132,182.16,6,529.62
2026-05-02,US,adv_demo_001,SPONSORED_DISPLAY,DISPLAY,IMAGE,,PRODUCT_PAGE,IMPRESSION,CPM,SPONSORED_DISPLAY:DISPLAY:PRODUCT_PAGE:IMAGE:IMPRESSION,USD,27514,0,0,0,0
2026-05-02,US,adv_demo_001,SPONSORED_DISPLAY,DISPLAY,IMAGE,,PRODUCT_PAGE,CLICK,CPC,SPONSORED_DISPLAY:DISPLAY:PRODUCT_PAGE:IMAGE:CLICK,USD,0,158,145.36,7,521.36
2026-05-02,US,adv_demo_001,SPONSORED_DISPLAY,DISPLAY,VIDEO,,PRODUCT_PAGE,IMPRESSION,CPM,SPONSORED_DISPLAY:DISPLAY:PRODUCT_PAGE:VIDEO:IMPRESSION,USD,23055,0,0,0,0
2026-05-02,US,adv_demo_001,SPONSORED_DISPLAY,VIDEO,VIDEO,,PRODUCT_PAGE,CLICK,CPC,SPONSORED_DISPLAY:VIDEO:PRODUCT_PAGE:VIDEO:CLICK,USD,0,151,178.18,7,616.0
2026-05-02,US,adv_demo_001,SPONSORED_PRODUCTS,PRODUCT_AD,,,PRODUCT_PAGE,CLICK,CPC,SPONSORED_PRODUCTS:PRODUCT_AD:PRODUCT_PAGE:UNSPECIFIED:CLICK,USD,0,408,359.04,31,2129.08
2026-05-02,US,adv_demo_001,SPONSORED_PRODUCTS,PRODUCT_AD,,,REST_OF_SEARCH,CLICK,CPC,SPONSORED_PRODUCTS:PRODUCT_AD:REST_OF_SEARCH:UNSPECIFIED:CLICK,USD,0,368,301.76,26,1723.8
2026-05-02,US,adv_demo_001,SPONSORED_PRODUCTS,PRODUCT_AD,,,TOP_OF_SEARCH,IMPRESSION,CPM,SPONSORED_PRODUCTS:PRODUCT_AD:TOP_OF_SEARCH:UNSPECIFIED:IMPRESSION,USD,46219,0,0,0,0
2026-05-02,US,adv_demo_001,SPONSORED_PRODUCTS,PRODUCT_AD,,,TOP_OF_SEARCH,CLICK,CPC,SPONSORED_PRODUCTS:PRODUCT_AD:TOP_OF_SEARCH:UNSPECIFIED:CLICK,USD,0,527,537.54,44,3263.04
2026-05-03,US,adv_demo_001,AMAZON_DSP,,,AUDIO,,IMPRESSION,CPM,AMAZON_DSP:AUDIO:UNSPECIFIED:UNSPECIFIED:IMPRESSION,USD,42704,0,768.67,0,0
2026-05-03,US,adv_demo_001,AMAZON_DSP,,IMAGE,DISPLAY,,IMPRESSION,CPM,AMAZON_DSP:DISPLAY:UNSPECIFIED:IMAGE:IMPRESSION,USD,52245,0,653.06,0,0
2026-05-03,US,adv_demo_001,AMAZON_DSP,,VIDEO,ONLINE_VIDEO,,IMPRESSION,CPM,AMAZON_DSP:ONLINE_VIDEO:UNSPECIFIED:VIDEO:IMPRESSION,USD,39786,0,795.72,0,0
2026-05-03,US,adv_demo_001,AMAZON_DSP,,VIDEO,STREAMING_TV,,IMPRESSION,CPM,AMAZON_DSP:STREAMING_TV:UNSPECIFIED:VIDEO:IMPRESSION,USD,48327,0,1353.16,0,0
2026-05-03,US,adv_demo_001,SPONSORED_BRANDS,COMPONENT,IMAGE,,TOP_OF_SEARCH,IMPRESSION,CPM,SPONSORED_BRANDS:COMPONENT:TOP_OF_SEARCH:IMAGE:IMPRESSION,USD,20868,0,0,0,0
2026-05-03,US,adv_demo_001,SPONSORED_BRANDS,COMPONENT,IMAGE,,TOP_OF_SEARCH,CLICK,CPC,SPONSORED_BRANDS:COMPONENT:TOP_OF_SEARCH:IMAGE:CLICK,USD,0,162,194.4,9,723.24
2026-05-03,US,adv_demo_001,SPONSORED_BRANDS,DISPLAY,IMAGE,,REST_OF_SEARCH,IMPRESSION,CPM,SPONSORED_BRANDS:DISPLAY:REST_OF_SEARCH:IMAGE:IMPRESSION,USD,24409,0,0,0,0
2026-05-03,US,adv_demo_001,SPONSORED_BRANDS,VIDEO,VIDEO,,TOP_OF_SEARCH,IMPRESSION,CPM,SPONSORED_BRANDS:VIDEO:TOP_OF_SEARCH:VIDEO:IMPRESSION,USD,19950,0,0,0,0
2026-05-03,US,adv_demo_001,SPONSORED_BRANDS,VIDEO,VIDEO,,TOP_OF_SEARCH,CLICK,CPC,SPONSORED_BRANDS:VIDEO:TOP_OF_SEARCH:VIDEO:CLICK,USD,0,140,193.2,7,637.0
2026-05-03,US,adv_demo_001,SPONSORED_DISPLAY,DISPLAY,IMAGE,,PRODUCT_PAGE,IMPRESSION,CPM,SPONSORED_DISPLAY:DISPLAY:PRODUCT_PAGE:IMAGE:IMPRESSION,USD,28491,0,0,0,0
2026-05-03,US,adv_demo_001,SPONSORED_DISPLAY,DISPLAY,IMAGE,,PRODUCT_PAGE,CLICK,CPC,SPONSORED_DISPLAY:DISPLAY:PRODUCT_PAGE:IMAGE:CLICK,USD,0,165,151.8,7,537.32
2026-05-03,US,adv_demo_001,SPONSORED_DISPLAY,DISPLAY,VIDEO,,PRODUCT_PAGE,IMPRESSION,CPM,SPONSORED_DISPLAY:DISPLAY:PRODUCT_PAGE:VIDEO:IMPRESSION,USD,24032,0,0,0,0
2026-05-03,US,adv_demo_001,SPONSORED_DISPLAY,VIDEO,VIDEO,,PRODUCT_PAGE,CLICK,CPC,SPONSORED_DISPLAY:VIDEO:PRODUCT_PAGE:VIDEO:CLICK,USD,0,159,187.62,8,725.12
2026-05-03,US,adv_demo_001,SPONSORED_PRODUCTS,PRODUCT_AD,,,PRODUCT_PAGE,CLICK,CPC,SPONSORED_PRODUCTS:PRODUCT_AD:PRODUCT_PAGE:UNSPECIFIED:CLICK,USD,0,386,339.68,30,2121.6
2026-05-03,US,adv_demo_001,SPONSORED_PRODUCTS,PRODUCT_AD,,,REST_OF_SEARCH,CLICK,CPC,SPONSORED_PRODUCTS:PRODUCT_AD:REST_OF_SEARCH:UNSPECIFIED:CLICK,USD,0,381,312.42,24,1638.0
2026-05-03,US,adv_demo_001,SPONSORED_PRODUCTS,PRODUCT_AD,,,TOP_OF_SEARCH,IMPRESSION,CPM,SPONSORED_PRODUCTS:PRODUCT_AD:TOP_OF_SEARCH:UNSPECIFIED:IMPRESSION,USD,40396,0,0,0,0
2026-05-03,US,adv_demo_001,SPONSORED_PRODUCTS,PRODUCT_AD,,,TOP_OF_SEARCH,CLICK,CPC,SPONSORED_PRODUCTS:PRODUCT_AD:TOP_OF_SEARCH:UNSPECIFIED:CLICK,USD,0,465,474.3,35,2419.2
2026-05-04,US,adv_demo_001,AMAZON_DSP,,,AUDIO,,IMPRESSION,CPM,AMAZON_DSP:AUDIO:UNSPECIFIED:UNSPECIFIED:IMPRESSION,USD,43681,0,786.26,0,0
2026-05-04,US,adv_demo_001,AMAZON_DSP,,IMAGE,DISPLAY,,IMPRESSION,CPM,AMAZON_DSP:DISPLAY:UNSPECIFIED:IMAGE:IMPRESSION,USD,53222,0,665.27,0,0
2026-05-04,US,adv_demo_001,AMAZON_DSP,,VIDEO,ONLINE_VIDEO,,IMPRESSION,CPM,AMAZON_DSP:ONLINE_VIDEO:UNSPECIFIED:VIDEO:IMPRESSION,USD,40763,0,815.26,0,0
2026-05-04,US,adv_demo_001,AMAZON_DSP,,VIDEO,STREAMING_TV,,IMPRESSION,CPM,AMAZON_DSP:STREAMING_TV:UNSPECIFIED:VIDEO:IMPRESSION,USD,49304,0,1380.51,0,0
2026-05-04,US,adv_demo_001,SPONSORED_BRANDS,COMPONENT,IMAGE,,TOP_OF_SEARCH,IMPRESSION,CPM,SPONSORED_BRANDS:COMPONENT:TOP_OF_SEARCH:IMAGE:IMPRESSION,USD,21845,0,0,0,0
2026-05-04,US,adv_demo_001,SPONSORED_BRANDS,COMPONENT,IMAGE,,TOP_OF_SEARCH,CLICK,CPC,SPONSORED_BRANDS:COMPONENT:TOP_OF_SEARCH:IMAGE:CLICK,USD,0,171,205.2,9,745.38
2026-05-04,US,adv_demo_001,SPONSORED_BRANDS,DISPLAY,IMAGE,,REST_OF_SEARCH,IMPRESSION,CPM,SPONSORED_BRANDS:DISPLAY:REST_OF_SEARCH:IMAGE:IMPRESSION,USD,25386,0,0,0,0
2026-05-04,US,adv_demo_001,SPONSORED_BRANDS,VIDEO,VIDEO,,TOP_OF_SEARCH,IMPRESSION,CPM,SPONSORED_BRANDS:VIDEO:TOP_OF_SEARCH:VIDEO:IMPRESSION,USD,20927,0,0,0,0
2026-05-04,US,adv_demo_001,SPONSORED_BRANDS,VIDEO,VIDEO,,TOP_OF_SEARCH,CLICK,CPC,SPONSORED_BRANDS:VIDEO:TOP_OF_SEARCH:VIDEO:CLICK,USD,0,149,205.62,7,656.11
2026-05-04,US,adv_demo_001,SPONSORED_DISPLAY,DISPLAY,IMAGE,,PRODUCT_PAGE,IMPRESSION,CPM,SPONSORED_DISPLAY:DISPLAY:PRODUCT_PAGE:IMAGE:IMPRESSION,USD,29468,0,0,0,0
2026-05-04,US,adv_demo_001,SPONSORED_DISPLAY,DISPLAY,IMAGE,,PRODUCT_PAGE,CLICK,CPC,SPONSORED_DISPLAY:DISPLAY:PRODUCT_PAGE:IMAGE:CLICK,USD,0,173,159.16,8,632.32
2026-05-04,US,adv_demo_001,SPONSORED_DISPLAY,DISPLAY,VIDEO,,PRODUCT_PAGE,IMPRESSION,CPM,SPONSORED_DISPLAY:DISPLAY:PRODUCT_PAGE:VIDEO:IMPRESSION,USD,25009,0,0,0,0
2026-05-04,US,adv_demo_001,SPONSORED_DISPLAY,VIDEO,VIDEO,,PRODUCT_PAGE,CLICK,CPC,SPONSORED_DISPLAY:VIDEO:PRODUCT_PAGE:VIDEO:CLICK,USD,0,153,180.54,7,591.36
2026-05-04,US,adv_demo_001,SPONSORED_PRODUCTS,PRODUCT_AD,,,PRODUCT_PAGE,CLICK,CPC,SPONSORED_PRODUCTS:PRODUCT_AD:PRODUCT_PAGE:UNSPECIFIED:CLICK,USD,0,332,292.16,23,1517.08
2026-05-04,US,adv_demo_001,SPONSORED_PRODUCTS,PRODUCT_AD,,,REST_OF_SEARCH,CLICK,CPC,SPONSORED_PRODUCTS:PRODUCT_AD:REST_OF_SEARCH:UNSPECIFIED:CLICK,USD,0,332,272.24,22,1401.4
2026-05-04,US,adv_demo_001,SPONSORED_PRODUCTS,PRODUCT_AD,,,TOP_OF_SEARCH,IMPRESSION,CPM,SPONSORED_PRODUCTS:PRODUCT_AD:TOP_OF_SEARCH:UNSPECIFIED:IMPRESSION,USD,41373,0,0,0,0
2026-05-04,US,adv_demo_001,SPONSORED_PRODUCTS,PRODUCT_AD,,,TOP_OF_SEARCH,CLICK,CPC,SPONSORED_PRODUCTS:PRODUCT_AD:TOP_OF_SEARCH:UNSPECIFIED:CLICK,USD,0,482,491.64,38,2708.64
2026-05-05,US,adv_demo_001,AMAZON_DSP,,,AUDIO,,IMPRESSION,CPM,AMAZON_DSP:AUDIO:UNSPECIFIED:UNSPECIFIED:IMPRESSION,USD,44658,0,803.84,0,0
2026-05-05,US,adv_demo_001,AMAZON_DSP,,IMAGE,DISPLAY,,IMPRESSION,CPM,AMAZON_DSP:DISPLAY:UNSPECIFIED:IMAGE:IMPRESSION,USD,54199,0,677.49,0,0
2026-05-05,US,adv_demo_001,AMAZON_DSP,,VIDEO,ONLINE_VIDEO,,IMPRESSION,CPM,AMAZON_DSP:ONLINE_VIDEO:UNSPECIFIED:VIDEO:IMPRESSION,USD,41740,0,834.8,0,0
2026-05-05,US,adv_demo_001,AMAZON_DSP,,VIDEO,STREAMING_TV,,IMPRESSION,CPM,AMAZON_DSP:STREAMING_TV:UNSPECIFIED:VIDEO:IMPRESSION,USD,50281,0,1407.87,0,0
2026-05-05,US,adv_demo_001,SPONSORED_BRANDS,COMPONENT,IMAGE,,TOP_OF_SEARCH,IMPRESSION,CPM,SPONSORED_BRANDS:COMPONENT:TOP_OF_SEARCH:IMAGE:IMPRESSION,USD,22822,0,0,0,0
2026-05-05,US,adv_demo_001,SPONSORED_BRANDS,COMPONENT,IMAGE,,TOP_OF_SEARCH,CLICK,CPC,SPONSORED_BRANDS:COMPONENT:TOP_OF_SEARCH:IMAGE:CLICK,USD,0,181,217.2,10,852.8
2026-05-05,US,adv_demo_001,SPONSORED_BRANDS,DISPLAY,IMAGE,,REST_OF_SEARCH,IMPRESSION,CPM,SPONSORED_BRANDS:DISPLAY:REST_OF_SEARCH:IMAGE:IMPRESSION,USD,26363,0,0,0,0
2026-05-05,US,adv_demo_001,SPONSORED_BRANDS,VIDEO,VIDEO,,TOP_OF_SEARCH,IMPRESSION,CPM,SPONSORED_BRANDS:VIDEO:TOP_OF_SEARCH:VIDEO:IMPRESSION,USD,21904,0,0,0,0
2026-05-05,US,adv_demo_001,SPONSORED_BRANDS,VIDEO,VIDEO,,TOP_OF_SEARCH,CLICK,CPC,SPONSORED_BRANDS:VIDEO:TOP_OF_SEARCH:VIDEO:CLICK,USD,0,157,216.66,8,698.88
2026-05-05,US,adv_demo_001,SPONSORED_DISPLAY,DISPLAY,IMAGE,,PRODUCT_PAGE,IMPRESSION,CPM,SPONSORED_DISPLAY:DISPLAY:PRODUCT_PAGE:IMAGE:IMPRESSION,USD,30445,0,0,0,0
2026-05-05,US,adv_demo_001,SPONSORED_DISPLAY,DISPLAY,IMAGE,,PRODUCT_PAGE,CLICK,CPC,SPONSORED_DISPLAY:DISPLAY:PRODUCT_PAGE:IMAGE:CLICK,USD,0,180,165.6,7,516.04
2026-05-05,US,adv_demo_001,SPONSORED_DISPLAY,DISPLAY,VIDEO,,PRODUCT_PAGE,IMPRESSION,CPM,SPONSORED_DISPLAY:DISPLAY:PRODUCT_PAGE:VIDEO:IMPRESSION,USD,19186,0,0,0,0
2026-05-05,US,adv_demo_001,SPONSORED_DISPLAY,VIDEO,VIDEO,,PRODUCT_PAGE,CLICK,CPC,SPONSORED_DISPLAY:VIDEO:PRODUCT_PAGE:VIDEO:CLICK,USD,0,116,136.88,5,435.6
2026-05-05,US,adv_demo_001,SPONSORED_PRODUCTS,PRODUCT_AD,,,PRODUCT_PAGE,CLICK,CPC,SPONSORED_PRODUCTS:PRODUCT_AD:PRODUCT_PAGE:UNSPECIFIED:CLICK,USD,0,345,303.6,25,1700.0
2026-05-05,US,adv_demo_001,SPONSORED_PRODUCTS,PRODUCT_AD,,,REST_OF_SEARCH,CLICK,CPC,SPONSORED_PRODUCTS:PRODUCT_AD:REST_OF_SEARCH:UNSPECIFIED:CLICK,USD,0,345,282.9,23,1509.95
2026-05-05,US,adv_demo_001,SPONSORED_PRODUCTS,PRODUCT_AD,,,TOP_OF_SEARCH,IMPRESSION,CPM,SPONSORED_PRODUCTS:PRODUCT_AD:TOP_OF_SEARCH:UNSPECIFIED:IMPRESSION,USD,42350,0,0,0,0
2026-05-05,US,adv_demo_001,SPONSORED_PRODUCTS,PRODUCT_AD,,,TOP_OF_SEARCH,CLICK,CPC,SPONSORED_PRODUCTS:PRODUCT_AD:TOP_OF_SEARCH:UNSPECIFIED:CLICK,USD,0,498,507.96,40,2937.6
2026-05-06,US,adv_demo_001,AMAZON_DSP,,,AUDIO,,IMPRESSION,CPM,AMAZON_DSP:AUDIO:UNSPECIFIED:UNSPECIFIED:IMPRESSION,USD,45635,0,821.43,0,0
2026-05-06,US,adv_demo_001,AMAZON_DSP,,IMAGE,DISPLAY,,IMPRESSION,CPM,AMAZON_DSP:DISPLAY:UNSPECIFIED:IMAGE:IMPRESSION,USD,55176,0,689.7,0,0
2026-05-06,US,adv_demo_001,AMAZON_DSP,,VIDEO,ONLINE_VIDEO,,IMPRESSION,CPM,AMAZON_DSP:ONLINE_VIDEO:UNSPECIFIED:VIDEO:IMPRESSION,USD,42717,0,854.34,0,0
2026-05-06,US,adv_demo_001,AMAZON_DSP,,VIDEO,STREAMING_TV,,IMPRESSION,CPM,AMAZON_DSP:STREAMING_TV:UNSPECIFIED:VIDEO:IMPRESSION,USD,51258,0,1435.22,0,0
2026-05-06,US,adv_demo_001,SPONSORED_BRANDS,COMPONENT,IMAGE,,TOP_OF_SEARCH,IMPRESSION,CPM,SPONSORED_BRANDS:COMPONENT:TOP_OF_SEARCH:IMAGE:IMPRESSION,USD,23799,0,0,0,0
2026-05-06,US,adv_demo_001,SPONSORED_BRANDS,COMPONENT,IMAGE,,TOP_OF_SEARCH,CLICK,CPC,SPONSORED_BRANDS:COMPONENT:TOP_OF_SEARCH:IMAGE:CLICK,USD,0,190,228.0,11,874.94
2026-05-06,US,adv_demo_001,SPONSORED_BRANDS,DISPLAY,IMAGE,,REST_OF_SEARCH,IMPRESSION,CPM,SPONSORED_BRANDS:DISPLAY:REST_OF_SEARCH:IMAGE:IMPRESSION,USD,27340,0,0,0,0
2026-05-06,US,adv_demo_001,SPONSORED_BRANDS,VIDEO,VIDEO,,TOP_OF_SEARCH,IMPRESSION,CPM,SPONSORED_BRANDS:VIDEO:TOP_OF_SEARCH:VIDEO:IMPRESSION,USD,16081,0,0,0,0
2026-05-06,US,adv_demo_001,SPONSORED_BRANDS,VIDEO,VIDEO,,TOP_OF_SEARCH,CLICK,CPC,SPONSORED_BRANDS:VIDEO:TOP_OF_SEARCH:VIDEO:CLICK,USD,0,116,160.08,5,450.45
2026-05-06,US,adv_demo_001,SPONSORED_DISPLAY,DISPLAY,IMAGE,,PRODUCT_PAGE,IMPRESSION,CPM,SPONSORED_DISPLAY:DISPLAY:PRODUCT_PAGE:IMAGE:IMPRESSION,USD,24622,0,0,0,0
2026-05-06,US,adv_demo_001,SPONSORED_DISPLAY,DISPLAY,IMAGE,,PRODUCT_PAGE,CLICK,CPC,SPONSORED_DISPLAY:DISPLAY:PRODUCT_PAGE:IMAGE:CLICK,USD,0,134,123.28,6,456.0
2026-05-06,US,adv_demo_001,SPONSORED_DISPLAY,DISPLAY,VIDEO,,PRODUCT_PAGE,IMPRESSION,CPM,SPONSORED_DISPLAY:DISPLAY:PRODUCT_PAGE:VIDEO:IMPRESSION,USD,20163,0,0,0,0
2026-05-06,US,adv_demo_001,SPONSORED_DISPLAY,VIDEO,VIDEO,,PRODUCT_PAGE,CLICK,CPC,SPONSORED_DISPLAY:VIDEO:PRODUCT_PAGE:VIDEO:CLICK,USD,0,124,146.32,6,538.56
2026-05-06,US,adv_demo_001,SPONSORED_PRODUCTS,PRODUCT_AD,,,PRODUCT_PAGE,CLICK,CPC,SPONSORED_PRODUCTS:PRODUCT_AD:PRODUCT_PAGE:UNSPECIFIED:CLICK,USD,0,359,315.92,26,1821.04
2026-05-06,US,adv_demo_001,SPONSORED_PRODUCTS,PRODUCT_AD,,,REST_OF_SEARCH,CLICK,CPC,SPONSORED_PRODUCTS:PRODUCT_AD:REST_OF_SEARCH:UNSPECIFIED:CLICK,USD,0,357,292.74,24,1622.4
2026-05-06,US,adv_demo_001,SPONSORED_PRODUCTS,PRODUCT_AD,,,TOP_OF_SEARCH,IMPRESSION,CPM,SPONSORED_PRODUCTS:PRODUCT_AD:TOP_OF_SEARCH:UNSPECIFIED:IMPRESSION,USD,43327,0,0,0,0
2026-05-06,US,adv_demo_001,SPONSORED_PRODUCTS,PRODUCT_AD,,,TOP_OF_SEARCH,CLICK,CPC,SPONSORED_PRODUCTS:PRODUCT_AD:TOP_OF_SEARCH:UNSPECIFIED:CLICK,USD,0,515,525.3,42,3175.2
2026-05-07,US,adv_demo_001,AMAZON_DSP,,,AUDIO,,IMPRESSION,CPM,AMAZON_DSP:AUDIO:UNSPECIFIED:UNSPECIFIED:IMPRESSION,USD,46612,0,839.02,0,0
2026-05-07,US,adv_demo_001,AMAZON_DSP,,IMAGE,DISPLAY,,IMPRESSION,CPM,AMAZON_DSP:DISPLAY:UNSPECIFIED:IMAGE:IMPRESSION,USD,56153,0,701.91,0,0
2026-05-07,US,adv_demo_001,AMAZON_DSP,,VIDEO,ONLINE_VIDEO,,IMPRESSION,CPM,AMAZON_DSP:ONLINE_VIDEO:UNSPECIFIED:VIDEO:IMPRESSION,USD,43694,0,873.88,0,0
2026-05-07,US,adv_demo_001,AMAZON_DSP,,VIDEO,STREAMING_TV,,IMPRESSION,CPM,AMAZON_DSP:STREAMING_TV:UNSPECIFIED:VIDEO:IMPRESSION,USD,52235,0,1462.58,0,0
2026-05-07,US,adv_demo_001,SPONSORED_BRANDS,COMPONENT,IMAGE,,TOP_OF_SEARCH,IMPRESSION,CPM,SPONSORED_BRANDS:COMPONENT:TOP_OF_SEARCH:IMAGE:IMPRESSION,USD,24776,0,0,0,0
2026-05-07,US,adv_demo_001,SPONSORED_BRANDS,COMPONENT,IMAGE,,TOP_OF_SEARCH,CLICK,CPC,SPONSORED_BRANDS:COMPONENT:TOP_OF_SEARCH:IMAGE:CLICK,USD,0,200,240.0,10,820.0
2026-05-07,US,adv_demo_001,SPONSORED_BRANDS,DISPLAY,IMAGE,,REST_OF_SEARCH,IMPRESSION,CPM,SPONSORED_BRANDS:DISPLAY:REST_OF_SEARCH:IMAGE:IMPRESSION,USD,21517,0,0,0,0
2026-05-07,US,adv_demo_001,SPONSORED_BRANDS,VIDEO,VIDEO,,TOP_OF_SEARCH,IMPRESSION,CPM,SPONSORED_BRANDS:VIDEO:TOP_OF_SEARCH:VIDEO:IMPRESSION,USD,17058,0,0,0,0
2026-05-07,US,adv_demo_001,SPONSORED_BRANDS,VIDEO,VIDEO,,TOP_OF_SEARCH,CLICK,CPC,SPONSORED_BRANDS:VIDEO:TOP_OF_SEARCH:VIDEO:CLICK,USD,0,114,157.32,5,464.1
2026-05-07,US,adv_demo_001,SPONSORED_DISPLAY,DISPLAY,IMAGE,,PRODUCT_PAGE,IMPRESSION,CPM,SPONSORED_DISPLAY:DISPLAY:PRODUCT_PAGE:IMAGE:IMPRESSION,USD,25599,0,0,0,0
2026-05-07,US,adv_demo_001,SPONSORED_DISPLAY,DISPLAY,IMAGE,,PRODUCT_PAGE,CLICK,CPC,SPONSORED_DISPLAY:DISPLAY:PRODUCT_PAGE:IMAGE:CLICK,USD,0,141,129.72,6,469.68
2026-05-07,US,adv_demo_001,SPONSORED_DISPLAY,DISPLAY,VIDEO,,PRODUCT_PAGE,IMPRESSION,CPM,SPONSORED_DISPLAY:DISPLAY:PRODUCT_PAGE:VIDEO:IMPRESSION,USD,21140,0,0,0,0
2026-05-07,US,adv_demo_001,SPONSORED_DISPLAY,VIDEO,VIDEO,,PRODUCT_PAGE,CLICK,CPC,SPONSORED_DISPLAY:VIDEO:PRODUCT_PAGE:VIDEO:CLICK,USD,0,132,155.76,6,554.4
2026-05-07,US,adv_demo_001,SPONSORED_PRODUCTS,PRODUCT_AD,,,PRODUCT_PAGE,CLICK,CPC,SPONSORED_PRODUCTS:PRODUCT_AD:PRODUCT_PAGE:UNSPECIFIED:CLICK,USD,0,373,328.24,28,1827.84
2026-05-07,US,adv_demo_001,SPONSORED_PRODUCTS,PRODUCT_AD,,,REST_OF_SEARCH,CLICK,CPC,SPONSORED_PRODUCTS:PRODUCT_AD:REST_OF_SEARCH:UNSPECIFIED:CLICK,USD,0,370,303.4,26,1639.3
2026-05-07,US,adv_demo_001,SPONSORED_PRODUCTS,PRODUCT_AD,,,TOP_OF_SEARCH,IMPRESSION,CPM,SPONSORED_PRODUCTS:PRODUCT_AD:TOP_OF_SEARCH:UNSPECIFIED:IMPRESSION,USD,44304,0,0,0,0
2026-05-07,US,adv_demo_001,SPONSORED_PRODUCTS,PRODUCT_AD,,,TOP_OF_SEARCH,CLICK,CPC,SPONSORED_PRODUCTS:PRODUCT_AD:TOP_OF_SEARCH:UNSPECIFIED:CLICK,USD,0,532,542.64,44,3104.64
2026-05-08,US,adv_demo_001,AMAZON_DSP,,,AUDIO,,IMPRESSION,CPM,AMAZON_DSP:AUDIO:UNSPECIFIED:UNSPECIFIED:IMPRESSION,USD,47589,0,856.6,0,0
2026-05-08,US,adv_demo_001,AMAZON_DSP,,IMAGE,DISPLAY,,IMPRESSION,CPM,AMAZON_DSP:DISPLAY:UNSPECIFIED:IMAGE:IMPRESSION,USD,57130,0,714.12,0,0
2026-05-08,US,adv_demo_001,AMAZON_DSP,,VIDEO,ONLINE_VIDEO,,IMPRESSION,CPM,AMAZON_DSP:ONLINE_VIDEO:UNSPECIFIED:VIDEO:IMPRESSION,USD,44671,0,893.42,0,0
2026-05-08,US,adv_demo_001,AMAZON_DSP,,VIDEO,STREAMING_TV,,IMPRESSION,CPM,AMAZON_DSP:STREAMING_TV:UNSPECIFIED:VIDEO:IMPRESSION,USD,46412,0,1299.54,0,0
2026-05-08,US,adv_demo_001,SPONSORED_BRANDS,COMPONENT,IMAGE,,TOP_OF_SEARCH,IMPRESSION,CPM,SPONSORED_BRANDS:COMPONENT:TOP_OF_SEARCH:IMAGE:IMPRESSION,USD,18953,0,0,0,0
2026-05-08,US,adv_demo_001,SPONSORED_BRANDS,COMPONENT,IMAGE,,TOP_OF_SEARCH,CLICK,CPC,SPONSORED_BRANDS:COMPONENT:TOP_OF_SEARCH:IMAGE:CLICK,USD,0,155,186.0,8,675.68
2026-05-08,US,adv_demo_001,SPONSORED_BRANDS,DISPLAY,IMAGE,,REST_OF_SEARCH,IMPRESSION,CPM,SPONSORED_BRANDS:DISPLAY:REST_OF_SEARCH:IMAGE:IMPRESSION,USD,22494,0,0,0,0
2026-05-08,US,adv_demo_001,SPONSORED_BRANDS,VIDEO,VIDEO,,TOP_OF_SEARCH,IMPRESSION,CPM,SPONSORED_BRANDS:VIDEO:TOP_OF_SEARCH:VIDEO:IMPRESSION,USD,18035,0,0,0,0
2026-05-08,US,adv_demo_001,SPONSORED_BRANDS,VIDEO,VIDEO,,TOP_OF_SEARCH,CLICK,CPC,SPONSORED_BRANDS:VIDEO:TOP_OF_SEARCH:VIDEO:CLICK,USD,0,122,168.36,6,573.3
2026-05-08,US,adv_demo_001,SPONSORED_DISPLAY,DISPLAY,IMAGE,,PRODUCT_PAGE,IMPRESSION,CPM,SPONSORED_DISPLAY:DISPLAY:PRODUCT_PAGE:IMAGE:IMPRESSION,USD,26576,0,0,0,0
2026-05-08,US,adv_demo_001,SPONSORED_DISPLAY,DISPLAY,IMAGE,,PRODUCT_PAGE,CLICK,CPC,SPONSORED_DISPLAY:DISPLAY:PRODUCT_PAGE:IMAGE:CLICK,USD,0,148,136.16,7,510.72
2026-05-08,US,adv_demo_001,SPONSORED_DISPLAY,DISPLAY,VIDEO,,PRODUCT_PAGE,IMPRESSION,CPM,SPONSORED_DISPLAY:DISPLAY:PRODUCT_PAGE:VIDEO:IMPRESSION,USD,22117,0,0,0,0
2026-05-08,US,adv_demo_001,SPONSORED_DISPLAY,VIDEO,VIDEO,,PRODUCT_PAGE,CLICK,CPC,SPONSORED_DISPLAY:VIDEO:PRODUCT_PAGE:VIDEO:CLICK,USD,0,140,165.2,7,603.68
2026-05-08,US,adv_demo_001,SPONSORED_PRODUCTS,PRODUCT_AD,,,PRODUCT_PAGE,CLICK,CPC,SPONSORED_PRODUCTS:PRODUCT_AD:PRODUCT_PAGE:UNSPECIFIED:CLICK,USD,0,387,340.56,29,1952.28
2026-05-08,US,adv_demo_001,SPONSORED_PRODUCTS,PRODUCT_AD,,,REST_OF_SEARCH,CLICK,CPC,SPONSORED_PRODUCTS:PRODUCT_AD:REST_OF_SEARCH:UNSPECIFIED:CLICK,USD,0,383,314.06,27,1755.0
2026-05-08,US,adv_demo_001,SPONSORED_PRODUCTS,PRODUCT_AD,,,TOP_OF_SEARCH,IMPRESSION,CPM,SPONSORED_PRODUCTS:PRODUCT_AD:TOP_OF_SEARCH:UNSPECIFIED:IMPRESSION,USD,45281,0,0,0,0
2026-05-08,US,adv_demo_001,SPONSORED_PRODUCTS,PRODUCT_AD,,,TOP_OF_SEARCH,CLICK,CPC,SPONSORED_PRODUCTS:PRODUCT_AD:TOP_OF_SEARCH:UNSPECIFIED:CLICK,USD,0,549,559.98,41,2981.52
2026-05-09,US,adv_demo_001,AMAZON_DSP,,,AUDIO,,IMPRESSION,CPM,AMAZON_DSP:AUDIO:UNSPECIFIED:UNSPECIFIED:IMPRESSION,USD,48566,0,874.19,0,0
2026-05-09,US,adv_demo_001,AMAZON_DSP,,IMAGE,DISPLAY,,IMPRESSION,CPM,AMAZON_DSP:DISPLAY:UNSPECIFIED:IMAGE:IMPRESSION,USD,51307,0,641.34,0,0
2026-05-09,US,adv_demo_001,AMAZON_DSP,,VIDEO,ONLINE_VIDEO,,IMPRESSION,CPM,AMAZON_DSP:ONLINE_VIDEO:UNSPECIFIED:VIDEO:IMPRESSION,USD,38848,0,776.96,0,0
2026-05-09,US,adv_demo_001,AMAZON_DSP,,VIDEO,STREAMING_TV,,IMPRESSION,CPM,AMAZON_DSP:STREAMING_TV:UNSPECIFIED:VIDEO:IMPRESSION,USD,47389,0,1326.89,0,0
2026-05-09,US,adv_demo_001,SPONSORED_BRANDS,COMPONENT,IMAGE,,TOP_OF_SEARCH,IMPRESSION,CPM,SPONSORED_BRANDS:COMPONENT:TOP_OF_SEARCH:IMAGE:IMPRESSION,USD,19930,0,0,0,0
2026-05-09,US,adv_demo_001,SPONSORED_BRANDS,COMPONENT,IMAGE,,TOP_OF_SEARCH,CLICK,CPC,SPONSORED_BRANDS:COMPONENT:TOP_OF_SEARCH:IMAGE:CLICK,USD,0,150,180.0,8,629.76
2026-05-09,US,adv_demo_001,SPONSORED_BRANDS,DISPLAY,IMAGE,,REST_OF_SEARCH,IMPRESSION,CPM,SPONSORED_BRANDS:DISPLAY:REST_OF_SEARCH:IMAGE:IMPRESSION,USD,23471,0,0,0,0
2026-05-09,US,adv_demo_001,SPONSORED_BRANDS,VIDEO,VIDEO,,TOP_OF_SEARCH,IMPRESSION,CPM,SPONSORED_BRANDS:VIDEO:TOP_OF_SEARCH:VIDEO:IMPRESSION,USD,19012,0,0,0,0
2026-05-09,US,adv_demo_001,SPONSORED_BRANDS,VIDEO,VIDEO,,TOP_OF_SEARCH,CLICK,CPC,SPONSORED_BRANDS:VIDEO:TOP_OF_SEARCH:VIDEO:CLICK,USD,0,130,179.4,6,535.08
2026-05-09,US,adv_demo_001,SPONSORED_DISPLAY,DISPLAY,IMAGE,,PRODUCT_PAGE,IMPRESSION,CPM,SPONSORED_DISPLAY:DISPLAY:PRODUCT_PAGE:IMAGE:IMPRESSION,USD,27553,0,0,0,0
2026-05-09,US,adv_demo_001,SPONSORED_DISPLAY,DISPLAY,IMAGE,,PRODUCT_PAGE,CLICK,CPC,SPONSORED_DISPLAY:DISPLAY:PRODUCT_PAGE:IMAGE:CLICK,USD,0,155,142.6,7,526.68
2026-05-09,US,adv_demo_001,SPONSORED_DISPLAY,DISPLAY,VIDEO,,PRODUCT_PAGE,IMPRESSION,CPM,SPONSORED_DISPLAY:DISPLAY:PRODUCT_PAGE:VIDEO:IMPRESSION,USD,23094,0,0,0,0
2026-05-09,US,adv_demo_001,SPONSORED_DISPLAY,VIDEO,VIDEO,,PRODUCT_PAGE,CLICK,CPC,SPONSORED_DISPLAY:VIDEO:PRODUCT_PAGE:VIDEO:CLICK,USD,0,148,174.64,7,622.16
2026-05-09,US,adv_demo_001,SPONSORED_PRODUCTS,PRODUCT_AD,,,PRODUCT_PAGE,CLICK,CPC,SPONSORED_PRODUCTS:PRODUCT_AD:PRODUCT_PAGE:UNSPECIFIED:CLICK,USD,0,401,352.88,28,1942.08
2026-05-09,US,adv_demo_001,SPONSORED_PRODUCTS,PRODUCT_AD,,,REST_OF_SEARCH,CLICK,CPC,SPONSORED_PRODUCTS:PRODUCT_AD:REST_OF_SEARCH:UNSPECIFIED:CLICK,USD,0,396,324.72,25,1673.75
2026-05-09,US,adv_demo_001,SPONSORED_PRODUCTS,PRODUCT_AD,,,TOP_OF_SEARCH,IMPRESSION,CPM,SPONSORED_PRODUCTS:PRODUCT_AD:TOP_OF_SEARCH:UNSPECIFIED:IMPRESSION,USD,46258,0,0,0,0
2026-05-09,US,adv_demo_001,SPONSORED_PRODUCTS,PRODUCT_AD,,,TOP_OF_SEARCH,CLICK,CPC,SPONSORED_PRODUCTS:PRODUCT_AD:TOP_OF_SEARCH:UNSPECIFIED:CLICK,USD,0,566,577.32,44,3294.72
2026-05-10,US,adv_demo_001,AMAZON_DSP,,,AUDIO,,IMPRESSION,CPM,AMAZON_DSP:AUDIO:UNSPECIFIED:UNSPECIFIED:IMPRESSION,USD,42743,0,769.37,0,0
2026-05-10,US,adv_demo_001,AMAZON_DSP,,IMAGE,DISPLAY,,IMPRESSION,CPM,AMAZON_DSP:DISPLAY:UNSPECIFIED:IMAGE:IMPRESSION,USD,52284,0,653.55,0,0
2026-05-10,US,adv_demo_001,AMAZON_DSP,,VIDEO,ONLINE_VIDEO,,IMPRESSION,CPM,AMAZON_DSP:ONLINE_VIDEO:UNSPECIFIED:VIDEO:IMPRESSION,USD,39825,0,796.5,0,0
2026-05-10,US,adv_demo_001,AMAZON_DSP,,VIDEO,STREAMING_TV,,IMPRESSION,CPM,AMAZON_DSP:STREAMING_TV:UNSPECIFIED:VIDEO:IMPRESSION,USD,48366,0,1354.25,0,0
2026-05-10,US,adv_demo_001,SPONSORED_BRANDS,COMPONENT,IMAGE,,TOP_OF_SEARCH,IMPRESSION,CPM,SPONSORED_BRANDS:COMPONENT:TOP_OF_SEARCH:IMAGE:IMPRESSION,USD,20907,0,0,0,0
2026-05-10,US,adv_demo_001,SPONSORED_BRANDS,COMPONENT,IMAGE,,TOP_OF_SEARCH,CLICK,CPC,SPONSORED_BRANDS:COMPONENT:TOP_OF_SEARCH:IMAGE:CLICK,USD,0,159,190.8,9,730.62
2026-05-10,US,adv_demo_001,SPONSORED_BRANDS,DISPLAY,IMAGE,,REST_OF_SEARCH,IMPRESSION,CPM,SPONSORED_BRANDS:DISPLAY:REST_OF_SEARCH:IMAGE:IMPRESSION,USD,24448,0,0,0,0
2026-05-10,US,adv_demo_001,SPONSORED_BRANDS,VIDEO,VIDEO,,TOP_OF_SEARCH,IMPRESSION,CPM,SPONSORED_BRANDS:VIDEO:TOP_OF_SEARCH:VIDEO:IMPRESSION,USD,19989,0,0,0,0
2026-05-10,US,adv_demo_001,SPONSORED_BRANDS,VIDEO,VIDEO,,TOP_OF_SEARCH,CLICK,CPC,SPONSORED_BRANDS:VIDEO:TOP_OF_SEARCH:VIDEO:CLICK,USD,0,138,190.44,7,643.37
2026-05-10,US,adv_demo_001,SPONSORED_DISPLAY,DISPLAY,IMAGE,,PRODUCT_PAGE,IMPRESSION,CPM,SPONSORED_DISPLAY:DISPLAY:PRODUCT_PAGE:IMAGE:IMPRESSION,USD,28530,0,0,0,0
2026-05-10,US,adv_demo_001,SPONSORED_DISPLAY,DISPLAY,IMAGE,,PRODUCT_PAGE,CLICK,CPC,SPONSORED_DISPLAY:DISPLAY:PRODUCT_PAGE:IMAGE:CLICK,USD,0,162,149.04,7,542.64
2026-05-10,US,adv_demo_001,SPONSORED_DISPLAY,DISPLAY,VIDEO,,PRODUCT_PAGE,IMPRESSION,CPM,SPONSORED_DISPLAY:DISPLAY:PRODUCT_PAGE:VIDEO:IMPRESSION,USD,24071,0,0,0,0
2026-05-10,US,adv_demo_001,SPONSORED_DISPLAY,VIDEO,VIDEO,,PRODUCT_PAGE,CLICK,CPC,SPONSORED_DISPLAY:VIDEO:PRODUCT_PAGE:VIDEO:CLICK,USD,0,156,184.08,7,640.64
2026-05-10,US,adv_demo_001,SPONSORED_PRODUCTS,PRODUCT_AD,,,PRODUCT_PAGE,CLICK,CPC,SPONSORED_PRODUCTS:PRODUCT_AD:PRODUCT_PAGE:UNSPECIFIED:CLICK,USD,0,415,365.2,29,2070.6
2026-05-10,US,adv_demo_001,SPONSORED_PRODUCTS,PRODUCT_AD,,,REST_OF_SEARCH,CLICK,CPC,SPONSORED_PRODUCTS:PRODUCT_AD:REST_OF_SEARCH:UNSPECIFIED:CLICK,USD,0,409,335.38,27,1684.8
2026-05-10,US,adv_demo_001,SPONSORED_PRODUCTS,PRODUCT_AD,,,TOP_OF_SEARCH,IMPRESSION,CPM,SPONSORED_PRODUCTS:PRODUCT_AD:TOP_OF_SEARCH:UNSPECIFIED:IMPRESSION,USD,40435,0,0,0,0
2026-05-10,US,adv_demo_001,SPONSORED_PRODUCTS,PRODUCT_AD,,,TOP_OF_SEARCH,CLICK,CPC,SPONSORED_PRODUCTS:PRODUCT_AD:TOP_OF_SEARCH:UNSPECIFIED:CLICK,USD,0,456,465.12,36,2514.24
2026-05-11,US,adv_demo_001,AMAZON_DSP,,,AUDIO,,IMPRESSION,CPM,AMAZON_DSP:AUDIO:UNSPECIFIED:UNSPECIFIED:IMPRESSION,USD,43720,0,786.96,0,0
2026-05-11,US,adv_demo_001,AMAZON_DSP,,IMAGE,DISPLAY,,IMPRESSION,CPM,AMAZON_DSP:DISPLAY:UNSPECIFIED:IMAGE:IMPRESSION,USD,53261,0,665.76,0,0
2026-05-11,US,adv_demo_001,AMAZON_DSP,,VIDEO,ONLINE_VIDEO,,IMPRESSION,CPM,AMAZON_DSP:ONLINE_VIDEO:UNSPECIFIED:VIDEO:IMPRESSION,USD,40802,0,816.04,0,0
2026-05-11,US,adv_demo_001,AMAZON_DSP,,VIDEO,STREAMING_TV,,IMPRESSION,CPM,AMAZON_DSP:STREAMING_TV:UNSPECIFIED:VIDEO:IMPRESSION,USD,49343,0,1381.6,0,0
2026-05-11,US,adv_demo_001,SPONSORED_BRANDS,COMPONENT,IMAGE,,TOP_OF_SEARCH,IMPRESSION,CPM,SPONSORED_BRANDS:COMPONENT:TOP_OF_SEARCH:IMAGE:IMPRESSION,USD,21884,0,0,0,0
2026-05-11,US,adv_demo_001,SPONSORED_BRANDS,COMPONENT,IMAGE,,TOP_OF_SEARCH,CLICK,CPC,SPONSORED_BRANDS:COMPONENT:TOP_OF_SEARCH:IMAGE:CLICK,USD,0,168,201.6,9,752.76
2026-05-11,US,adv_demo_001,SPONSORED_BRANDS,DISPLAY,IMAGE,,REST_OF_SEARCH,IMPRESSION,CPM,SPONSORED_BRANDS:DISPLAY:REST_OF_SEARCH:IMAGE:IMPRESSION,USD,25425,0,0,0,0
2026-05-11,US,adv_demo_001,SPONSORED_BRANDS,VIDEO,VIDEO,,TOP_OF_SEARCH,IMPRESSION,CPM,SPONSORED_BRANDS:VIDEO:TOP_OF_SEARCH:VIDEO:IMPRESSION,USD,20966,0,0,0,0
2026-05-11,US,adv_demo_001,SPONSORED_BRANDS,VIDEO,VIDEO,,TOP_OF_SEARCH,CLICK,CPC,SPONSORED_BRANDS:VIDEO:TOP_OF_SEARCH:VIDEO:CLICK,USD,0,146,201.48,7,662.48
2026-05-11,US,adv_demo_001,SPONSORED_DISPLAY,DISPLAY,IMAGE,,PRODUCT_PAGE,IMPRESSION,CPM,SPONSORED_DISPLAY:DISPLAY:PRODUCT_PAGE:IMAGE:IMPRESSION,USD,29507,0,0,0,0
2026-05-11,US,adv_demo_001,SPONSORED_DISPLAY,DISPLAY,IMAGE,,PRODUCT_PAGE,CLICK,CPC,SPONSORED_DISPLAY:DISPLAY:PRODUCT_PAGE:IMAGE:CLICK,USD,0,169,155.48,7,558.6
2026-05-11,US,adv_demo_001,SPONSORED_DISPLAY,DISPLAY,VIDEO,,PRODUCT_PAGE,IMPRESSION,CPM,SPONSORED_DISPLAY:DISPLAY:PRODUCT_PAGE:VIDEO:IMPRESSION,USD,25048,0,0,0,0
2026-05-11,US,adv_demo_001,SPONSORED_DISPLAY,VIDEO,VIDEO,,PRODUCT_PAGE,CLICK,CPC,SPONSORED_DISPLAY:VIDEO:PRODUCT_PAGE:VIDEO:CLICK,USD,0,164,193.52,8,682.88
2026-05-11,US,adv_demo_001,SPONSORED_PRODUCTS,PRODUCT_AD,,,PRODUCT_PAGE,CLICK,CPC,SPONSORED_PRODUCTS:PRODUCT_AD:PRODUCT_PAGE:UNSPECIFIED:CLICK,USD,0,357,314.16,26,1732.64
2026-05-11,US,adv_demo_001,SPONSORED_PRODUCTS,PRODUCT_AD,,,REST_OF_SEARCH,CLICK,CPC,SPONSORED_PRODUCTS:PRODUCT_AD:REST_OF_SEARCH:UNSPECIFIED:CLICK,USD,0,326,267.32,22,1415.7
2026-05-11,US,adv_demo_001,SPONSORED_PRODUCTS,PRODUCT_AD,,,TOP_OF_SEARCH,IMPRESSION,CPM,SPONSORED_PRODUCTS:PRODUCT_AD:TOP_OF_SEARCH:UNSPECIFIED:IMPRESSION,USD,41412,0,0,0,0
2026-05-11,US,adv_demo_001,SPONSORED_PRODUCTS,PRODUCT_AD,,,TOP_OF_SEARCH,CLICK,CPC,SPONSORED_PRODUCTS:PRODUCT_AD:TOP_OF_SEARCH:UNSPECIFIED:CLICK,USD,0,472,481.44,38,2736.0
2026-05-12,US,adv_demo_001,AMAZON_DSP,,,AUDIO,,IMPRESSION,CPM,AMAZON_DSP:AUDIO:UNSPECIFIED:UNSPECIFIED:IMPRESSION,USD,44697,0,804.55,0,0
2026-05-12,US,adv_demo_001,AMAZON_DSP,,IMAGE,DISPLAY,,IMPRESSION,CPM,AMAZON_DSP:DISPLAY:UNSPECIFIED:IMAGE:IMPRESSION,USD,54238,0,677.98,0,0
2026-05-12,US,adv_demo_001,AMAZON_DSP,,VIDEO,ONLINE_VIDEO,,IMPRESSION,CPM,AMAZON_DSP:ONLINE_VIDEO:UNSPECIFIED:VIDEO:IMPRESSION,USD,41779,0,835.58,0,0
2026-05-12,US,adv_demo_001,AMAZON_DSP,,VIDEO,STREAMING_TV,,IMPRESSION,CPM,AMAZON_DSP:STREAMING_TV:UNSPECIFIED:VIDEO:IMPRESSION,USD,50320,0,1408.96,0,0
2026-05-12,US,adv_demo_001,SPONSORED_BRANDS,COMPONENT,IMAGE,,TOP_OF_SEARCH,IMPRESSION,CPM,SPONSORED_BRANDS:COMPONENT:TOP_OF_SEARCH:IMAGE:IMPRESSION,USD,22861,0,0,0,0
2026-05-12,US,adv_demo_001,SPONSORED_BRANDS,COMPONENT,IMAGE,,TOP_OF_SEARCH,CLICK,CPC,SPONSORED_BRANDS:COMPONENT:TOP_OF_SEARCH:IMAGE:CLICK,USD,0,177,212.4,9,774.9
2026-05-12,US,adv_demo_001,SPONSORED_BRANDS,DISPLAY,IMAGE,,REST_OF_SEARCH,IMPRESSION,CPM,SPONSORED_BRANDS:DISPLAY:REST_OF_SEARCH:IMAGE:IMPRESSION,USD,26402,0,0,0,0
2026-05-12,US,adv_demo_001,SPONSORED_BRANDS,VIDEO,VIDEO,,TOP_OF_SEARCH,IMPRESSION,CPM,SPONSORED_BRANDS:VIDEO:TOP_OF_SEARCH:VIDEO:IMPRESSION,USD,21943,0,0,0,0
2026-05-12,US,adv_demo_001,SPONSORED_BRANDS,VIDEO,VIDEO,,TOP_OF_SEARCH,CLICK,CPC,SPONSORED_BRANDS:VIDEO:TOP_OF_SEARCH:VIDEO:CLICK,USD,0,154,212.52,7,617.89
2026-05-12,US,adv_demo_001,SPONSORED_DISPLAY,DISPLAY,IMAGE,,PRODUCT_PAGE,IMPRESSION,CPM,SPONSORED_DISPLAY:DISPLAY:PRODUCT_PAGE:IMAGE:IMPRESSION,USD,30484,0,0,0,0
2026-05-12,US,adv_demo_001,SPONSORED_DISPLAY,DISPLAY,IMAGE,,PRODUCT_PAGE,CLICK,CPC,SPONSORED_DISPLAY:DISPLAY:PRODUCT_PAGE:IMAGE:CLICK,USD,0,177,162.84,8,595.84
2026-05-12,US,adv_demo_001,SPONSORED_DISPLAY,DISPLAY,VIDEO,,PRODUCT_PAGE,IMPRESSION,CPM,SPONSORED_DISPLAY:DISPLAY:PRODUCT_PAGE:VIDEO:IMPRESSION,USD,19225,0,0,0,0
2026-05-12,US,adv_demo_001,SPONSORED_DISPLAY,VIDEO,VIDEO,,PRODUCT_PAGE,CLICK,CPC,SPONSORED_DISPLAY:VIDEO:PRODUCT_PAGE:VIDEO:CLICK,USD,0,125,147.5,6,528.0
2026-05-12,US,adv_demo_001,SPONSORED_PRODUCTS,PRODUCT_AD,,,PRODUCT_PAGE,CLICK,CPC,SPONSORED_PRODUCTS:PRODUCT_AD:PRODUCT_PAGE:UNSPECIFIED:CLICK,USD,0,339,298.32,25,1717.0
2026-05-12,US,adv_demo_001,SPONSORED_PRODUCTS,PRODUCT_AD,,,REST_OF_SEARCH,CLICK,CPC,SPONSORED_PRODUCTS:PRODUCT_AD:REST_OF_SEARCH:UNSPECIFIED:CLICK,USD,0,338,277.16,23,1524.9
2026-05-12,US,adv_demo_001,SPONSORED_PRODUCTS,PRODUCT_AD,,,TOP_OF_SEARCH,IMPRESSION,CPM,SPONSORED_PRODUCTS:PRODUCT_AD:TOP_OF_SEARCH:UNSPECIFIED:IMPRESSION,USD,42389,0,0,0,0
2026-05-12,US,adv_demo_001,SPONSORED_PRODUCTS,PRODUCT_AD,,,TOP_OF_SEARCH,CLICK,CPC,SPONSORED_PRODUCTS:PRODUCT_AD:TOP_OF_SEARCH:UNSPECIFIED:CLICK,USD,0,488,497.76,40,2966.4
2026-05-13,US,adv_demo_001,AMAZON_DSP,,,AUDIO,,IMPRESSION,CPM,AMAZON_DSP:AUDIO:UNSPECIFIED:UNSPECIFIED:IMPRESSION,USD,45674,0,822.13,0,0
2026-05-13,US,adv_demo_001,AMAZON_DSP,,IMAGE,DISPLAY,,IMPRESSION,CPM,AMAZON_DSP:DISPLAY:UNSPECIFIED:IMAGE:IMPRESSION,USD,55215,0,690.19,0,0
2026-05-13,US,adv_demo_001,AMAZON_DSP,,VIDEO,ONLINE_VIDEO,,IMPRESSION,CPM,AMAZON_DSP:ONLINE_VIDEO:UNSPECIFIED:VIDEO:IMPRESSION,USD,42756,0,855.12,0,0
2026-05-13,US,adv_demo_001,AMAZON_DSP,,VIDEO,STREAMING_TV,,IMPRESSION,CPM,AMAZON_DSP:STREAMING_TV:UNSPECIFIED:VIDEO:IMPRESSION,USD,51297,0,1436.32,0,0
2026-05-13,US,adv_demo_001,SPONSORED_BRANDS,COMPONENT,IMAGE,,TOP_OF_SEARCH,IMPRESSION,CPM,SPONSORED_BRANDS:COMPONENT:TOP_OF_SEARCH:IMAGE:IMPRESSION,USD,23838,0,0,0,0
2026-05-13,US,adv_demo_001,SPONSORED_BRANDS,COMPONENT,IMAGE,,TOP_OF_SEARCH,CLICK,CPC,SPONSORED_BRANDS:COMPONENT:TOP_OF_SEARCH:IMAGE:CLICK,USD,0,187,224.4,10,803.6
2026-05-13,US,adv_demo_001,SPONSORED_BRANDS,DISPLAY,IMAGE,,REST_OF_SEARCH,IMPRESSION,CPM,SPONSORED_BRANDS:DISPLAY:REST_OF_SEARCH:IMAGE:IMPRESSION,USD,27379,0,0,0,0
2026-05-13,US,adv_demo_001,SPONSORED_BRANDS,VIDEO,VIDEO,,TOP_OF_SEARCH,IMPRESSION,CPM,SPONSORED_BRANDS:VIDEO:TOP_OF_SEARCH:VIDEO:IMPRESSION,USD,16120,0,0,0,0
2026-05-13,US,adv_demo_001,SPONSORED_BRANDS,VIDEO,VIDEO,,TOP_OF_SEARCH,CLICK,CPC,SPONSORED_BRANDS:VIDEO:TOP_OF_SEARCH:VIDEO:CLICK,USD,0,114,157.32,5,455.0
2026-05-13,US,adv_demo_001,SPONSORED_DISPLAY,DISPLAY,IMAGE,,PRODUCT_PAGE,IMPRESSION,CPM,SPONSORED_DISPLAY:DISPLAY:PRODUCT_PAGE:IMAGE:IMPRESSION,USD,24661,0,0,0,0
2026-05-13,US,adv_demo_001,SPONSORED_DISPLAY,DISPLAY,IMAGE,,PRODUCT_PAGE,CLICK,CPC,SPONSORED_DISPLAY:DISPLAY:PRODUCT_PAGE:IMAGE:CLICK,USD,0,144,132.48,6,460.56
2026-05-13,US,adv_demo_001,SPONSORED_DISPLAY,DISPLAY,VIDEO,,PRODUCT_PAGE,IMPRESSION,CPM,SPONSORED_DISPLAY:DISPLAY:PRODUCT_PAGE:VIDEO:IMPRESSION,USD,20202,0,0,0,0
2026-05-13,US,adv_demo_001,SPONSORED_DISPLAY,VIDEO,VIDEO,,PRODUCT_PAGE,CLICK,CPC,SPONSORED_DISPLAY:VIDEO:PRODUCT_PAGE:VIDEO:CLICK,USD,0,122,143.96,6,543.84
2026-05-13,US,adv_demo_001,SPONSORED_PRODUCTS,PRODUCT_AD,,,PRODUCT_PAGE,CLICK,CPC,SPONSORED_PRODUCTS:PRODUCT_AD:PRODUCT_PAGE:UNSPECIFIED:CLICK,USD,0,352,309.76,26,1838.72
2026-05-13,US,adv_demo_001,SPONSORED_PRODUCTS,PRODUCT_AD,,,REST_OF_SEARCH,CLICK,CPC,SPONSORED_PRODUCTS:PRODUCT_AD:REST_OF_SEARCH:UNSPECIFIED:CLICK,USD,0,350,287.0,24,1638.0
2026-05-13,US,adv_demo_001,SPONSORED_PRODUCTS,PRODUCT_AD,,,TOP_OF_SEARCH,IMPRESSION,CPM,SPONSORED_PRODUCTS:PRODUCT_AD:TOP_OF_SEARCH:UNSPECIFIED:IMPRESSION,USD,43366,0,0,0,0
2026-05-13,US,adv_demo_001,SPONSORED_PRODUCTS,PRODUCT_AD,,,TOP_OF_SEARCH,CLICK,CPC,SPONSORED_PRODUCTS:PRODUCT_AD:TOP_OF_SEARCH:UNSPECIFIED:CLICK,USD,0,505,515.1,42,2903.04
2026-05-14,US,adv_demo_001,AMAZON_DSP,,,AUDIO,,IMPRESSION,CPM,AMAZON_DSP:AUDIO:UNSPECIFIED:UNSPECIFIED:IMPRESSION,USD,46651,0,839.72,0,0
2026-05-14,US,adv_demo_001,AMAZON_DSP,,IMAGE,DISPLAY,,IMPRESSION,CPM,AMAZON_DSP:DISPLAY:UNSPECIFIED:IMAGE:IMPRESSION,USD,56192,0,702.4,0,0
2026-05-14,US,adv_demo_001,AMAZON_DSP,,VIDEO,ONLINE_VIDEO,,IMPRESSION,CPM,AMAZON_DSP:ONLINE_VIDEO:UNSPECIFIED:VIDEO:IMPRESSION,USD,43733,0,874.66,0,0
2026-05-14,US,adv_demo_001,AMAZON_DSP,,VIDEO,STREAMING_TV,,IMPRESSION,CPM,AMAZON_DSP:STREAMING_TV:UNSPECIFIED:VIDEO:IMPRESSION,USD,52274,0,1463.67,0,0
2026-05-14,US,adv_demo_001,SPONSORED_BRANDS,COMPONENT,IMAGE,,TOP_OF_SEARCH,IMPRESSION,CPM,SPONSORED_BRANDS:COMPONENT:TOP_OF_SEARCH:IMAGE:IMPRESSION,USD,18015,0,0,0,0
2026-05-14,US,adv_demo_001,SPONSORED_BRANDS,COMPONENT,IMAGE,,TOP_OF_SEARCH,CLICK,CPC,SPONSORED_BRANDS:COMPONENT:TOP_OF_SEARCH:IMAGE:CLICK,USD,0,143,171.6,8,662.56
2026-05-14,US,adv_demo_001,SPONSORED_BRANDS,DISPLAY,IMAGE,,REST_OF_SEARCH,IMPRESSION,CPM,SPONSORED_BRANDS:DISPLAY:REST_OF_SEARCH:IMAGE:IMPRESSION,USD,21556,0,0,0,0
2026-05-14,US,adv_demo_001,SPONSORED_BRANDS,VIDEO,VIDEO,,TOP_OF_SEARCH,IMPRESSION,CPM,SPONSORED_BRANDS:VIDEO:TOP_OF_SEARCH:VIDEO:IMPRESSION,USD,17097,0,0,0,0
2026-05-14,US,adv_demo_001,SPONSORED_BRANDS,VIDEO,VIDEO,,TOP_OF_SEARCH,CLICK,CPC,SPONSORED_BRANDS:VIDEO:TOP_OF_SEARCH:VIDEO:CLICK,USD,0,123,169.74,6,562.38
2026-05-14,US,adv_demo_001,SPONSORED_DISPLAY,DISPLAY,IMAGE,,PRODUCT_PAGE,IMPRESSION,CPM,SPONSORED_DISPLAY:DISPLAY:PRODUCT_PAGE:IMAGE:IMPRESSION,USD,25638,0,0,0,0
2026-05-14,US,adv_demo_001,SPONSORED_DISPLAY,DISPLAY,IMAGE,,PRODUCT_PAGE,CLICK,CPC,SPONSORED_DISPLAY:DISPLAY:PRODUCT_PAGE:IMAGE:CLICK,USD,0,152,139.84,7,553.28
2026-05-14,US,adv_demo_001,SPONSORED_DISPLAY,DISPLAY,VIDEO,,PRODUCT_PAGE,IMPRESSION,CPM,SPONSORED_DISPLAY:DISPLAY:PRODUCT_PAGE:VIDEO:IMPRESSION,USD,21179,0,0,0,0
2026-05-14,US,adv_demo_001,SPONSORED_DISPLAY,VIDEO,VIDEO,,PRODUCT_PAGE,CLICK,CPC,SPONSORED_DISPLAY:VIDEO:PRODUCT_PAGE:VIDEO:CLICK,USD,0,129,152.22,6,506.88
2026-05-14,US,adv_demo_001,SPONSORED_PRODUCTS,PRODUCT_AD,,,PRODUCT_PAGE,CLICK,CPC,SPONSORED_PRODUCTS:PRODUCT_AD:PRODUCT_PAGE:UNSPECIFIED:CLICK,USD,0,366,322.08,28,1846.88
2026-05-14,US,adv_demo_001,SPONSORED_PRODUCTS,PRODUCT_AD,,,REST_OF_SEARCH,CLICK,CPC,SPONSORED_PRODUCTS:PRODUCT_AD:REST_OF_SEARCH:UNSPECIFIED:CLICK,USD,0,363,297.66,23,1465.1
2026-05-14,US,adv_demo_001,SPONSORED_PRODUCTS,PRODUCT_AD,,,TOP_OF_SEARCH,IMPRESSION,CPM,SPONSORED_PRODUCTS:PRODUCT_AD:TOP_OF_SEARCH:UNSPECIFIED:IMPRESSION,USD,44343,0,0,0,0
2026-05-14,US,adv_demo_001,SPONSORED_PRODUCTS,PRODUCT_AD,,,TOP_OF_SEARCH,CLICK,CPC,SPONSORED_PRODUCTS:PRODUCT_AD:TOP_OF_SEARCH:UNSPECIFIED:CLICK,USD,0,521,531.42,40,2851.2
2026-05-15,US,adv_demo_001,AMAZON_DSP,,,AUDIO,,IMPRESSION,CPM,AMAZON_DSP:AUDIO:UNSPECIFIED:UNSPECIFIED:IMPRESSION,USD,47628,0,857.3,0,0
2026-05-15,US,adv_demo_001,AMAZON_DSP,,IMAGE,DISPLAY,,IMPRESSION,CPM,AMAZON_DSP:DISPLAY:UNSPECIFIED:IMAGE:IMPRESSION,USD,57169,0,714.61,0,0
2026-05-15,US,adv_demo_001,AMAZON_DSP,,VIDEO,ONLINE_VIDEO,,IMPRESSION,CPM,AMAZON_DSP:ONLINE_VIDEO:UNSPECIFIED:VIDEO:IMPRESSION,USD,44710,0,894.2,0,0
2026-05-15,US,adv_demo_001,AMAZON_DSP,,VIDEO,STREAMING_TV,,IMPRESSION,CPM,AMAZON_DSP:STREAMING_TV:UNSPECIFIED:VIDEO:IMPRESSION,USD,46451,0,1300.63,0,0
2026-05-15,US,adv_demo_001,SPONSORED_BRANDS,COMPONENT,IMAGE,,TOP_OF_SEARCH,IMPRESSION,CPM,SPONSORED_BRANDS:COMPONENT:TOP_OF_SEARCH:IMAGE:IMPRESSION,USD,18992,0,0,0,0
2026-05-15,US,adv_demo_001,SPONSORED_BRANDS,COMPONENT,IMAGE,,TOP_OF_SEARCH,CLICK,CPC,SPONSORED_BRANDS:COMPONENT:TOP_OF_SEARCH:IMAGE:CLICK,USD,0,152,182.4,8,682.24
2026-05-15,US,adv_demo_001,SPONSORED_BRANDS,DISPLAY,IMAGE,,REST_OF_SEARCH,IMPRESSION,CPM,SPONSORED_BRANDS:DISPLAY:REST_OF_SEARCH:IMAGE:IMPRESSION,USD,22533,0,0,0,0
2026-05-15,US,adv_demo_001,SPONSORED_BRANDS,VIDEO,VIDEO,,TOP_OF_SEARCH,IMPRESSION,CPM,SPONSORED_BRANDS:VIDEO:TOP_OF_SEARCH:VIDEO:IMPRESSION,USD,18074,0,0,0,0
2026-05-15,US,adv_demo_001,SPONSORED_BRANDS,VIDEO,VIDEO,,TOP_OF_SEARCH,CLICK,CPC,SPONSORED_BRANDS:VIDEO:TOP_OF_SEARCH:VIDEO:CLICK,USD,0,131,180.78,7,611.52
2026-05-15,US,adv_demo_001,SPONSORED_DISPLAY,DISPLAY,IMAGE,,PRODUCT_PAGE,IMPRESSION,CPM,SPONSORED_DISPLAY:DISPLAY:PRODUCT_PAGE:IMAGE:IMPRESSION,USD,26615,0,0,0,0
2026-05-15,US,adv_demo_001,SPONSORED_DISPLAY,DISPLAY,IMAGE,,PRODUCT_PAGE,CLICK,CPC,SPONSORED_DISPLAY:DISPLAY:PRODUCT_PAGE:IMAGE:CLICK,USD,0,145,133.4,7,516.04
2026-05-15,US,adv_demo_001,SPONSORED_DISPLAY,DISPLAY,VIDEO,,PRODUCT_PAGE,IMPRESSION,CPM,SPONSORED_DISPLAY:DISPLAY:PRODUCT_PAGE:VIDEO:IMPRESSION,USD,22156,0,0,0,0
2026-05-15,US,adv_demo_001,SPONSORED_DISPLAY,VIDEO,VIDEO,,PRODUCT_PAGE,CLICK,CPC,SPONSORED_DISPLAY:VIDEO:PRODUCT_PAGE:VIDEO:CLICK,USD,0,137,161.66,6,522.72
2026-05-15,US,adv_demo_001,SPONSORED_PRODUCTS,PRODUCT_AD,,,PRODUCT_PAGE,CLICK,CPC,SPONSORED_PRODUCTS:PRODUCT_AD:PRODUCT_PAGE:UNSPECIFIED:CLICK,USD,0,379,333.52,26,1768.0
2026-05-15,US,adv_demo_001,SPONSORED_PRODUCTS,PRODUCT_AD,,,REST_OF_SEARCH,CLICK,CPC,SPONSORED_PRODUCTS:PRODUCT_AD:REST_OF_SEARCH:UNSPECIFIED:CLICK,USD,0,376,308.32,24,1575.6
2026-05-15,US,adv_demo_001,SPONSORED_PRODUCTS,PRODUCT_AD,,,TOP_OF_SEARCH,IMPRESSION,CPM,SPONSORED_PRODUCTS:PRODUCT_AD:TOP_OF_SEARCH:UNSPECIFIED:IMPRESSION,USD,45320,0,0,0,0
2026-05-15,US,adv_demo_001,SPONSORED_PRODUCTS,PRODUCT_AD,,,TOP_OF_SEARCH,CLICK,CPC,SPONSORED_PRODUCTS:PRODUCT_AD:TOP_OF_SEARCH:UNSPECIFIED:CLICK,USD,0,538,548.76,42,3084.48
2026-05-16,US,adv_demo_001,AMAZON_DSP,,,AUDIO,,IMPRESSION,CPM,AMAZON_DSP:AUDIO:UNSPECIFIED:UNSPECIFIED:IMPRESSION,USD,48605,0,874.89,0,0
2026-05-16,US,adv_demo_001,AMAZON_DSP,,IMAGE,DISPLAY,,IMPRESSION,CPM,AMAZON_DSP:DISPLAY:UNSPECIFIED:IMAGE:IMPRESSION,USD,51346,0,641.82,0,0
2026-05-16,US,adv_demo_001,AMAZON_DSP,,VIDEO,ONLINE_VIDEO,,IMPRESSION,CPM,AMAZON_DSP:ONLINE_VIDEO:UNSPECIFIED:VIDEO:IMPRESSION,USD,38887,0,777.74,0,0
2026-05-16,US,adv_demo_001,AMAZON_DSP,,VIDEO,STREAMING_TV,,IMPRESSION,CPM,AMAZON_DSP:STREAMING_TV:UNSPECIFIED:VIDEO:IMPRESSION,USD,47428,0,1327.98,0,0
2026-05-16,US,adv_demo_001,SPONSORED_BRANDS,COMPONENT,IMAGE,,TOP_OF_SEARCH,IMPRESSION,CPM,SPONSORED_BRANDS:COMPONENT:TOP_OF_SEARCH:IMAGE:IMPRESSION,USD,19969,0,0,0,0
2026-05-16,US,adv_demo_001,SPONSORED_BRANDS,COMPONENT,IMAGE,,TOP_OF_SEARCH,CLICK,CPC,SPONSORED_BRANDS:COMPONENT:TOP_OF_SEARCH:IMAGE:CLICK,USD,0,161,193.2,9,715.86
2026-05-16,US,adv_demo_001,SPONSORED_BRANDS,DISPLAY,IMAGE,,REST_OF_SEARCH,IMPRESSION,CPM,SPONSORED_BRANDS:DISPLAY:REST_OF_SEARCH:IMAGE:IMPRESSION,USD,23510,0,0,0,0
2026-05-16,US,adv_demo_001,SPONSORED_BRANDS,VIDEO,VIDEO,,TOP_OF_SEARCH,IMPRESSION,CPM,SPONSORED_BRANDS:VIDEO:TOP_OF_SEARCH:VIDEO:IMPRESSION,USD,19051,0,0,0,0
2026-05-16,US,adv_demo_001,SPONSORED_BRANDS,VIDEO,VIDEO,,TOP_OF_SEARCH,CLICK,CPC,SPONSORED_BRANDS:VIDEO:TOP_OF_SEARCH:VIDEO:CLICK,USD,0,127,175.26,6,540.54
2026-05-16,US,adv_demo_001,SPONSORED_DISPLAY,DISPLAY,IMAGE,,PRODUCT_PAGE,IMPRESSION,CPM,SPONSORED_DISPLAY:DISPLAY:PRODUCT_PAGE:IMAGE:IMPRESSION,USD,27592,0,0,0,0
2026-05-16,US,adv_demo_001,SPONSORED_DISPLAY,DISPLAY,IMAGE,,PRODUCT_PAGE,CLICK,CPC,SPONSORED_DISPLAY:DISPLAY:PRODUCT_PAGE:IMAGE:CLICK,USD,0,152,139.84,6,456.0
2026-05-16,US,adv_demo_001,SPONSORED_DISPLAY,DISPLAY,VIDEO,,PRODUCT_PAGE,IMPRESSION,CPM,SPONSORED_DISPLAY:DISPLAY:PRODUCT_PAGE:VIDEO:IMPRESSION,USD,23133,0,0,0,0
2026-05-16,US,adv_demo_001,SPONSORED_DISPLAY,VIDEO,VIDEO,,PRODUCT_PAGE,CLICK,CPC,SPONSORED_DISPLAY:VIDEO:PRODUCT_PAGE:VIDEO:CLICK,USD,0,145,171.1,7,628.32
2026-05-16,US,adv_demo_001,SPONSORED_PRODUCTS,PRODUCT_AD,,,PRODUCT_PAGE,CLICK,CPC,SPONSORED_PRODUCTS:PRODUCT_AD:PRODUCT_PAGE:UNSPECIFIED:CLICK,USD,0,393,345.84,28,1961.12
2026-05-16,US,adv_demo_001,SPONSORED_PRODUCTS,PRODUCT_AD,,,REST_OF_SEARCH,CLICK,CPC,SPONSORED_PRODUCTS:PRODUCT_AD:REST_OF_SEARCH:UNSPECIFIED:CLICK,USD,0,389,318.98,26,1757.6
2026-05-16,US,adv_demo_001,SPONSORED_PRODUCTS,PRODUCT_AD,,,TOP_OF_SEARCH,IMPRESSION,CPM,SPONSORED_PRODUCTS:PRODUCT_AD:TOP_OF_SEARCH:UNSPECIFIED:IMPRESSION,USD,46297,0,0,0,0
2026-05-16,US,adv_demo_001,SPONSORED_PRODUCTS,PRODUCT_AD,,,TOP_OF_SEARCH,CLICK,CPC,SPONSORED_PRODUCTS:PRODUCT_AD:TOP_OF_SEARCH:UNSPECIFIED:CLICK,USD,0,556,567.12,44,3326.4
2026-05-17,US,adv_demo_001,AMAZON_DSP,,,AUDIO,,IMPRESSION,CPM,AMAZON_DSP:AUDIO:UNSPECIFIED:UNSPECIFIED:IMPRESSION,USD,42782,0,770.08,0,0
2026-05-17,US,adv_demo_001,AMAZON_DSP,,IMAGE,DISPLAY,,IMPRESSION,CPM,AMAZON_DSP:DISPLAY:UNSPECIFIED:IMAGE:IMPRESSION,USD,52323,0,654.04,0,0
2026-05-17,US,adv_demo_001,AMAZON_DSP,,VIDEO,ONLINE_VIDEO,,IMPRESSION,CPM,AMAZON_DSP:ONLINE_VIDEO:UNSPECIFIED:VIDEO:IMPRESSION,USD,39864,0,797.28,0,0
2026-05-17,US,adv_demo_001,AMAZON_DSP,,VIDEO,STREAMING_TV,,IMPRESSION,CPM,AMAZON_DSP:STREAMING_TV:UNSPECIFIED:VIDEO:IMPRESSION,USD,48405,0,1355.34,0,0
2026-05-17,US,adv_demo_001,SPONSORED_BRANDS,COMPONENT,IMAGE,,TOP_OF_SEARCH,IMPRESSION,CPM,SPONSORED_BRANDS:COMPONENT:TOP_OF_SEARCH:IMAGE:IMPRESSION,USD,20946,0,0,0,0
2026-05-17,US,adv_demo_001,SPONSORED_BRANDS,COMPONENT,IMAGE,,TOP_OF_SEARCH,CLICK,CPC,SPONSORED_BRANDS:COMPONENT:TOP_OF_SEARCH:IMAGE:CLICK,USD,0,171,205.2,10,820.0
2026-05-17,US,adv_demo_001,SPONSORED_BRANDS,DISPLAY,IMAGE,,REST_OF_SEARCH,IMPRESSION,CPM,SPONSORED_BRANDS:DISPLAY:REST_OF_SEARCH:IMAGE:IMPRESSION,USD,24487,0,0,0,0
2026-05-17,US,adv_demo_001,SPONSORED_BRANDS,VIDEO,VIDEO,,TOP_OF_SEARCH,IMPRESSION,CPM,SPONSORED_BRANDS:VIDEO:TOP_OF_SEARCH:VIDEO:IMPRESSION,USD,20028,0,0,0,0
2026-05-17,US,adv_demo_001,SPONSORED_BRANDS,VIDEO,VIDEO,,TOP_OF_SEARCH,CLICK,CPC,SPONSORED_BRANDS:VIDEO:TOP_OF_SEARCH:VIDEO:CLICK,USD,0,135,186.3,6,556.92
2026-05-17,US,adv_demo_001,SPONSORED_DISPLAY,DISPLAY,IMAGE,,PRODUCT_PAGE,IMPRESSION,CPM,SPONSORED_DISPLAY:DISPLAY:PRODUCT_PAGE:IMAGE:IMPRESSION,USD,28569,0,0,0,0
2026-05-17,US,adv_demo_001,SPONSORED_DISPLAY,DISPLAY,IMAGE,,PRODUCT_PAGE,CLICK,CPC,SPONSORED_DISPLAY:DISPLAY:PRODUCT_PAGE:IMAGE:CLICK,USD,0,159,146.28,7,547.96
2026-05-17,US,adv_demo_001,SPONSORED_DISPLAY,DISPLAY,VIDEO,,PRODUCT_PAGE,IMPRESSION,CPM,SPONSORED_DISPLAY:DISPLAY:PRODUCT_PAGE:VIDEO:IMPRESSION,USD,24110,0,0,0,0
2026-05-17,US,adv_demo_001,SPONSORED_DISPLAY,VIDEO,VIDEO,,PRODUCT_PAGE,CLICK,CPC,SPONSORED_DISPLAY:VIDEO:PRODUCT_PAGE:VIDEO:CLICK,USD,0,153,180.54,7,646.8
2026-05-17,US,adv_demo_001,SPONSORED_PRODUCTS,PRODUCT_AD,,,PRODUCT_PAGE,CLICK,CPC,SPONSORED_PRODUCTS:PRODUCT_AD:PRODUCT_PAGE:UNSPECIFIED:CLICK,USD,0,407,358.16,30,1958.4
2026-05-17,US,adv_demo_001,SPONSORED_PRODUCTS,PRODUCT_AD,,,REST_OF_SEARCH,CLICK,CPC,SPONSORED_PRODUCTS:PRODUCT_AD:REST_OF_SEARCH:UNSPECIFIED:CLICK,USD,0,402,329.64,27,1702.35
2026-05-17,US,adv_demo_001,SPONSORED_PRODUCTS,PRODUCT_AD,,,TOP_OF_SEARCH,IMPRESSION,CPM,SPONSORED_PRODUCTS:PRODUCT_AD:TOP_OF_SEARCH:UNSPECIFIED:IMPRESSION,USD,40474,0,0,0,0
2026-05-17,US,adv_demo_001,SPONSORED_PRODUCTS,PRODUCT_AD,,,TOP_OF_SEARCH,CLICK,CPC,SPONSORED_PRODUCTS:PRODUCT_AD:TOP_OF_SEARCH:UNSPECIFIED:CLICK,USD,0,491,500.82,40,2822.4
2026-05-18,US,adv_demo_001,AMAZON_DSP,,,AUDIO,,IMPRESSION,CPM,AMAZON_DSP:AUDIO:UNSPECIFIED:UNSPECIFIED:IMPRESSION,USD,43759,0,787.66,0,0
2026-05-18,US,adv_demo_001,AMAZON_DSP,,IMAGE,DISPLAY,,IMPRESSION,CPM,AMAZON_DSP:DISPLAY:UNSPECIFIED:IMAGE:IMPRESSION,USD,53300,0,666.25,0,0
2026-05-18,US,adv_demo_001,AMAZON_DSP,,VIDEO,ONLINE_VIDEO,,IMPRESSION,CPM,AMAZON_DSP:ONLINE_VIDEO:UNSPECIFIED:VIDEO:IMPRESSION,USD,40841,0,816.82,0,0
2026-05-18,US,adv_demo_001,AMAZON_DSP,,VIDEO,STREAMING_TV,,IMPRESSION,CPM,AMAZON_DSP:STREAMING_TV:UNSPECIFIED:VIDEO:IMPRESSION,USD,49382,0,1382.7,0,0
2026-05-18,US,adv_demo_001,SPONSORED_BRANDS,COMPONENT,IMAGE,,TOP_OF_SEARCH,IMPRESSION,CPM,SPONSORED_BRANDS:COMPONENT:TOP_OF_SEARCH:IMAGE:IMPRESSION,USD,21923,0,0,0,0
2026-05-18,US,adv_demo_001,SPONSORED_BRANDS,COMPONENT,IMAGE,,TOP_OF_SEARCH,CLICK,CPC,SPONSORED_BRANDS:COMPONENT:TOP_OF_SEARCH:IMAGE:CLICK,USD,0,165,198.0,8,675.68
2026-05-18,US,adv_demo_001,SPONSORED_BRANDS,DISPLAY,IMAGE,,REST_OF_SEARCH,IMPRESSION,CPM,SPONSORED_BRANDS:DISPLAY:REST_OF_SEARCH:IMAGE:IMPRESSION,USD,25464,0,0,0,0
2026-05-18,US,adv_demo_001,SPONSORED_BRANDS,VIDEO,VIDEO,,TOP_OF_SEARCH,IMPRESSION,CPM,SPONSORED_BRANDS:VIDEO:TOP_OF_SEARCH:VIDEO:IMPRESSION,USD,21005,0,0,0,0
2026-05-18,US,adv_demo_001,SPONSORED_BRANDS,VIDEO,VIDEO,,TOP_OF_SEARCH,CLICK,CPC,SPONSORED_BRANDS:VIDEO:TOP_OF_SEARCH:VIDEO:CLICK,USD,0,143,197.34,7,668.85
2026-05-18,US,adv_demo_001,SPONSORED_DISPLAY,DISPLAY,IMAGE,,PRODUCT_PAGE,IMPRESSION,CPM,SPONSORED_DISPLAY:DISPLAY:PRODUCT_PAGE:IMAGE:IMPRESSION,USD,29546,0,0,0,0
2026-05-18,US,adv_demo_001,SPONSORED_DISPLAY,DISPLAY,IMAGE,,PRODUCT_PAGE,CLICK,CPC,SPONSORED_DISPLAY:DISPLAY:PRODUCT_PAGE:IMAGE:CLICK,USD,0,166,152.72,7,510.72
2026-05-18,US,adv_demo_001,SPONSORED_DISPLAY,DISPLAY,VIDEO,,PRODUCT_PAGE,IMPRESSION,CPM,SPONSORED_DISPLAY:DISPLAY:PRODUCT_PAGE:VIDEO:IMPRESSION,USD,25087,0,0,0,0
2026-05-18,US,adv_demo_001,SPONSORED_DISPLAY,VIDEO,VIDEO,,PRODUCT_PAGE,CLICK,CPC,SPONSORED_DISPLAY:VIDEO:PRODUCT_PAGE:VIDEO:CLICK,USD,0,161,189.98,8,689.92
2026-05-18,US,adv_demo_001,SPONSORED_PRODUCTS,PRODUCT_AD,,,PRODUCT_PAGE,CLICK,CPC,SPONSORED_PRODUCTS:PRODUCT_AD:PRODUCT_PAGE:UNSPECIFIED:CLICK,USD,0,350,308.0,26,1750.32
2026-05-18,US,adv_demo_001,SPONSORED_PRODUCTS,PRODUCT_AD,,,REST_OF_SEARCH,CLICK,CPC,SPONSORED_PRODUCTS:PRODUCT_AD:REST_OF_SEARCH:UNSPECIFIED:CLICK,USD,0,350,287.0,24,1560.0
2026-05-18,US,adv_demo_001,SPONSORED_PRODUCTS,PRODUCT_AD,,,TOP_OF_SEARCH,IMPRESSION,CPM,SPONSORED_PRODUCTS:PRODUCT_AD:TOP_OF_SEARCH:UNSPECIFIED:IMPRESSION,USD,41451,0,0,0,0
2026-05-18,US,adv_demo_001,SPONSORED_PRODUCTS,PRODUCT_AD,,,TOP_OF_SEARCH,CLICK,CPC,SPONSORED_PRODUCTS:PRODUCT_AD:TOP_OF_SEARCH:UNSPECIFIED:CLICK,USD,0,507,517.14,42,3054.24
2026-05-19,US,adv_demo_001,AMAZON_DSP,,,AUDIO,,IMPRESSION,CPM,AMAZON_DSP:AUDIO:UNSPECIFIED:UNSPECIFIED:IMPRESSION,USD,44736,0,805.25,0,0
2026-05-19,US,adv_demo_001,AMAZON_DSP,,IMAGE,DISPLAY,,IMPRESSION,CPM,AMAZON_DSP:DISPLAY:UNSPECIFIED:IMAGE:IMPRESSION,USD,54277,0,678.46,0,0
2026-05-19,US,adv_demo_001,AMAZON_DSP,,VIDEO,ONLINE_VIDEO,,IMPRESSION,CPM,AMAZON_DSP:ONLINE_VIDEO:UNSPECIFIED:VIDEO:IMPRESSION,USD,41818,0,836.36,0,0
2026-05-19,US,adv_demo_001,AMAZON_DSP,,VIDEO,STREAMING_TV,,IMPRESSION,CPM,AMAZON_DSP:STREAMING_TV:UNSPECIFIED:VIDEO:IMPRESSION,USD,50359,0,1410.05,0,0
2026-05-19,US,adv_demo_001,SPONSORED_BRANDS,COMPONENT,IMAGE,,TOP_OF_SEARCH,IMPRESSION,CPM,SPONSORED_BRANDS:COMPONENT:TOP_OF_SEARCH:IMAGE:IMPRESSION,USD,22900,0,0,0,0
2026-05-19,US,adv_demo_001,SPONSORED_BRANDS,COMPONENT,IMAGE,,TOP_OF_SEARCH,CLICK,CPC,SPONSORED_BRANDS:COMPONENT:TOP_OF_SEARCH:IMAGE:CLICK,USD,0,174,208.8,9,708.48
2026-05-19,US,adv_demo_001,SPONSORED_BRANDS,DISPLAY,IMAGE,,REST_OF_SEARCH,IMPRESSION,CPM,SPONSORED_BRANDS:DISPLAY:REST_OF_SEARCH:IMAGE:IMPRESSION,USD,26441,0,0,0,0
2026-05-19,US,adv_demo_001,SPONSORED_BRANDS,VIDEO,VIDEO,,TOP_OF_SEARCH,IMPRESSION,CPM,SPONSORED_BRANDS:VIDEO:TOP_OF_SEARCH:VIDEO:IMPRESSION,USD,21982,0,0,0,0
2026-05-19,US,adv_demo_001,SPONSORED_BRANDS,VIDEO,VIDEO,,TOP_OF_SEARCH,CLICK,CPC,SPONSORED_BRANDS:VIDEO:TOP_OF_SEARCH:VIDEO:CLICK,USD,0,151,208.38,7,624.26
2026-05-19,US,adv_demo_001,SPONSORED_DISPLAY,DISPLAY,IMAGE,,PRODUCT_PAGE,IMPRESSION,CPM,SPONSORED_DISPLAY:DISPLAY:PRODUCT_PAGE:IMAGE:IMPRESSION,USD,30523,0,0,0,0
2026-05-19,US,adv_demo_001,SPONSORED_DISPLAY,DISPLAY,IMAGE,,PRODUCT_PAGE,CLICK,CPC,SPONSORED_DISPLAY:DISPLAY:PRODUCT_PAGE:IMAGE:CLICK,USD,0,173,159.16,8,601.92
2026-05-19,US,adv_demo_001,SPONSORED_DISPLAY,DISPLAY,VIDEO,,PRODUCT_PAGE,IMPRESSION,CPM,SPONSORED_DISPLAY:DISPLAY:PRODUCT_PAGE:VIDEO:IMPRESSION,USD,19264,0,0,0,0
2026-05-19,US,adv_demo_001,SPONSORED_DISPLAY,VIDEO,VIDEO,,PRODUCT_PAGE,CLICK,CPC,SPONSORED_DISPLAY:VIDEO:PRODUCT_PAGE:VIDEO:CLICK,USD,0,123,145.14,6,533.28
2026-05-19,US,adv_demo_001,SPONSORED_PRODUCTS,PRODUCT_AD,,,PRODUCT_PAGE,CLICK,CPC,SPONSORED_PRODUCTS:PRODUCT_AD:PRODUCT_PAGE:UNSPECIFIED:CLICK,USD,0,364,320.32,28,1942.08
2026-05-19,US,adv_demo_001,SPONSORED_PRODUCTS,PRODUCT_AD,,,REST_OF_SEARCH,CLICK,CPC,SPONSORED_PRODUCTS:PRODUCT_AD:REST_OF_SEARCH:UNSPECIFIED:CLICK,USD,0,363,297.66,26,1740.7
2026-05-19,US,adv_demo_001,SPONSORED_PRODUCTS,PRODUCT_AD,,,TOP_OF_SEARCH,IMPRESSION,CPM,SPONSORED_PRODUCTS:PRODUCT_AD:TOP_OF_SEARCH:UNSPECIFIED:IMPRESSION,USD,42428,0,0,0,0
2026-05-19,US,adv_demo_001,SPONSORED_PRODUCTS,PRODUCT_AD,,,TOP_OF_SEARCH,CLICK,CPC,SPONSORED_PRODUCTS:PRODUCT_AD:TOP_OF_SEARCH:UNSPECIFIED:CLICK,USD,0,479,488.58,36,2695.68
2026-05-20,US,adv_demo_001,AMAZON_DSP,,,AUDIO,,IMPRESSION,CPM,AMAZON_DSP:AUDIO:UNSPECIFIED:UNSPECIFIED:IMPRESSION,USD,45713,0,822.83,0,0
2026-05-20,US,adv_demo_001,AMAZON_DSP,,IMAGE,DISPLAY,,IMPRESSION,CPM,AMAZON_DSP:DISPLAY:UNSPECIFIED:IMAGE:IMPRESSION,USD,55254,0,690.67,0,0
2026-05-20,US,adv_demo_001,AMAZON_DSP,,VIDEO,ONLINE_VIDEO,,IMPRESSION,CPM,AMAZON_DSP:ONLINE_VIDEO:UNSPECIFIED:VIDEO:IMPRESSION,USD,42795,0,855.9,0,0
2026-05-20,US,adv_demo_001,AMAZON_DSP,,VIDEO,STREAMING_TV,,IMPRESSION,CPM,AMAZON_DSP:STREAMING_TV:UNSPECIFIED:VIDEO:IMPRESSION,USD,51336,0,1437.41,0,0
2026-05-20,US,adv_demo_001,SPONSORED_BRANDS,COMPONENT,IMAGE,,TOP_OF_SEARCH,IMPRESSION,CPM,SPONSORED_BRANDS:COMPONENT:TOP_OF_SEARCH:IMAGE:IMPRESSION,USD,23877,0,0,0,0
2026-05-20,US,adv_demo_001,SPONSORED_BRANDS,COMPONENT,IMAGE,,TOP_OF_SEARCH,CLICK,CPC,SPONSORED_BRANDS:COMPONENT:TOP_OF_SEARCH:IMAGE:CLICK,USD,0,183,219.6,10,811.8
2026-05-20,US,adv_demo_001,SPONSORED_BRANDS,DISPLAY,IMAGE,,REST_OF_SEARCH,IMPRESSION,CPM,SPONSORED_BRANDS:DISPLAY:REST_OF_SEARCH:IMAGE:IMPRESSION,USD,27418,0,0,0,0
2026-05-20,US,adv_demo_001,SPONSORED_BRANDS,VIDEO,VIDEO,,TOP_OF_SEARCH,IMPRESSION,CPM,SPONSORED_BRANDS:VIDEO:TOP_OF_SEARCH:VIDEO:IMPRESSION,USD,16159,0,0,0,0
2026-05-20,US,adv_demo_001,SPONSORED_BRANDS,VIDEO,VIDEO,,TOP_OF_SEARCH,CLICK,CPC,SPONSORED_BRANDS:VIDEO:TOP_OF_SEARCH:VIDEO:CLICK,USD,0,112,154.56,6,551.46
2026-05-20,US,adv_demo_001,SPONSORED_DISPLAY,DISPLAY,IMAGE,,PRODUCT_PAGE,IMPRESSION,CPM,SPONSORED_DISPLAY:DISPLAY:PRODUCT_PAGE:IMAGE:IMPRESSION,USD,24700,0,0,0,0
2026-05-20,US,adv_demo_001,SPONSORED_DISPLAY,DISPLAY,IMAGE,,PRODUCT_PAGE,CLICK,CPC,SPONSORED_DISPLAY:DISPLAY:PRODUCT_PAGE:IMAGE:CLICK,USD,0,142,130.64,6,465.12
2026-05-20,US,adv_demo_001,SPONSORED_DISPLAY,DISPLAY,VIDEO,,PRODUCT_PAGE,IMPRESSION,CPM,SPONSORED_DISPLAY:DISPLAY:PRODUCT_PAGE:VIDEO:IMPRESSION,USD,20241,0,0,0,0
2026-05-20,US,adv_demo_001,SPONSORED_DISPLAY,VIDEO,VIDEO,,PRODUCT_PAGE,CLICK,CPC,SPONSORED_DISPLAY:VIDEO:PRODUCT_PAGE:VIDEO:CLICK,USD,0,131,154.58,7,640.64
2026-05-20,US,adv_demo_001,SPONSORED_PRODUCTS,PRODUCT_AD,,,PRODUCT_PAGE,CLICK,CPC,SPONSORED_PRODUCTS:PRODUCT_AD:PRODUCT_PAGE:UNSPECIFIED:CLICK,USD,0,378,332.64,26,1856.4
2026-05-20,US,adv_demo_001,SPONSORED_PRODUCTS,PRODUCT_AD,,,REST_OF_SEARCH,CLICK,CPC,SPONSORED_PRODUCTS:PRODUCT_AD:REST_OF_SEARCH:UNSPECIFIED:CLICK,USD,0,343,281.26,22,1372.8
2026-05-20,US,adv_demo_001,SPONSORED_PRODUCTS,PRODUCT_AD,,,TOP_OF_SEARCH,IMPRESSION,CPM,SPONSORED_PRODUCTS:PRODUCT_AD:TOP_OF_SEARCH:UNSPECIFIED:IMPRESSION,USD,43405,0,0,0,0
2026-05-20,US,adv_demo_001,SPONSORED_PRODUCTS,PRODUCT_AD,,,TOP_OF_SEARCH,CLICK,CPC,SPONSORED_PRODUCTS:PRODUCT_AD:TOP_OF_SEARCH:UNSPECIFIED:CLICK,USD,0,495,504.9,38,2653.92
2026-05-21,US,adv_demo_001,AMAZON_DSP,,,AUDIO,,IMPRESSION,CPM,AMAZON_DSP:AUDIO:UNSPECIFIED:UNSPECIFIED:IMPRESSION,USD,46690,0,840.42,0,0
2026-05-21,US,adv_demo_001,AMAZON_DSP,,IMAGE,DISPLAY,,IMPRESSION,CPM,AMAZON_DSP:DISPLAY:UNSPECIFIED:IMAGE:IMPRESSION,USD,56231,0,702.89,0,0
2026-05-21,US,adv_demo_001,AMAZON_DSP,,VIDEO,ONLINE_VIDEO,,IMPRESSION,CPM,AMAZON_DSP:ONLINE_VIDEO:UNSPECIFIED:VIDEO:IMPRESSION,USD,43772,0,875.44,0,0
2026-05-21,US,adv_demo_001,AMAZON_DSP,,VIDEO,STREAMING_TV,,IMPRESSION,CPM,AMAZON_DSP:STREAMING_TV:UNSPECIFIED:VIDEO:IMPRESSION,USD,52313,0,1464.76,0,0
2026-05-21,US,adv_demo_001,SPONSORED_BRANDS,COMPONENT,IMAGE,,TOP_OF_SEARCH,IMPRESSION,CPM,SPONSORED_BRANDS:COMPONENT:TOP_OF_SEARCH:IMAGE:IMPRESSION,USD,18054,0,0,0,0
2026-05-21,US,adv_demo_001,SPONSORED_BRANDS,COMPONENT,IMAGE,,TOP_OF_SEARCH,CLICK,CPC,SPONSORED_BRANDS:COMPONENT:TOP_OF_SEARCH:IMAGE:CLICK,USD,0,140,168.0,8,669.12
2026-05-21,US,adv_demo_001,SPONSORED_BRANDS,DISPLAY,IMAGE,,REST_OF_SEARCH,IMPRESSION,CPM,SPONSORED_BRANDS:DISPLAY:REST_OF_SEARCH:IMAGE:IMPRESSION,USD,21595,0,0,0,0
2026-05-21,US,adv_demo_001,SPONSORED_BRANDS,VIDEO,VIDEO,,TOP_OF_SEARCH,IMPRESSION,CPM,SPONSORED_BRANDS:VIDEO:TOP_OF_SEARCH:VIDEO:IMPRESSION,USD,17136,0,0,0,0
2026-05-21,US,adv_demo_001,SPONSORED_BRANDS,VIDEO,VIDEO,,TOP_OF_SEARCH,CLICK,CPC,SPONSORED_BRANDS:VIDEO:TOP_OF_SEARCH:VIDEO:CLICK,USD,0,120,165.6,6,567.84
2026-05-21,US,adv_demo_001,SPONSORED_DISPLAY,DISPLAY,IMAGE,,PRODUCT_PAGE,IMPRESSION,CPM,SPONSORED_DISPLAY:DISPLAY:PRODUCT_PAGE:IMAGE:IMPRESSION,USD,25677,0,0,0,0
2026-05-21,US,adv_demo_001,SPONSORED_DISPLAY,DISPLAY,IMAGE,,PRODUCT_PAGE,CLICK,CPC,SPONSORED_DISPLAY:DISPLAY:PRODUCT_PAGE:IMAGE:CLICK,USD,0,149,137.08,7,558.6
2026-05-21,US,adv_demo_001,SPONSORED_DISPLAY,DISPLAY,VIDEO,,PRODUCT_PAGE,IMPRESSION,CPM,SPONSORED_DISPLAY:DISPLAY:PRODUCT_PAGE:VIDEO:IMPRESSION,USD,21218,0,0,0,0
2026-05-21,US,adv_demo_001,SPONSORED_DISPLAY,VIDEO,VIDEO,,PRODUCT_PAGE,CLICK,CPC,SPONSORED_DISPLAY:VIDEO:PRODUCT_PAGE:VIDEO:CLICK,USD,0,139,164.02,6,512.16
2026-05-21,US,adv_demo_001,SPONSORED_PRODUCTS,PRODUCT_AD,,,PRODUCT_PAGE,CLICK,CPC,SPONSORED_PRODUCTS:PRODUCT_AD:PRODUCT_PAGE:UNSPECIFIED:CLICK,USD,0,358,315.04,25,1666.0
2026-05-21,US,adv_demo_001,SPONSORED_PRODUCTS,PRODUCT_AD,,,REST_OF_SEARCH,CLICK,CPC,SPONSORED_PRODUCTS:PRODUCT_AD:REST_OF_SEARCH:UNSPECIFIED:CLICK,USD,0,356,291.92,23,1480.05
2026-05-21,US,adv_demo_001,SPONSORED_PRODUCTS,PRODUCT_AD,,,TOP_OF_SEARCH,IMPRESSION,CPM,SPONSORED_PRODUCTS:PRODUCT_AD:TOP_OF_SEARCH:UNSPECIFIED:IMPRESSION,USD,44382,0,0,0,0
2026-05-21,US,adv_demo_001,SPONSORED_PRODUCTS,PRODUCT_AD,,,TOP_OF_SEARCH,CLICK,CPC,SPONSORED_PRODUCTS:PRODUCT_AD:TOP_OF_SEARCH:UNSPECIFIED:CLICK,USD,0,511,521.22,40,2880.0
2026-05-22,US,adv_demo_001,AMAZON_DSP,,,AUDIO,,IMPRESSION,CPM,AMAZON_DSP:AUDIO:UNSPECIFIED:UNSPECIFIED:IMPRESSION,USD,47667,0,858.01,0,0
2026-05-22,US,adv_demo_001,AMAZON_DSP,,IMAGE,DISPLAY,,IMPRESSION,CPM,AMAZON_DSP:DISPLAY:UNSPECIFIED:IMAGE:IMPRESSION,USD,57208,0,715.1,0,0
2026-05-22,US,adv_demo_001,AMAZON_DSP,,VIDEO,ONLINE_VIDEO,,IMPRESSION,CPM,AMAZON_DSP:ONLINE_VIDEO:UNSPECIFIED:VIDEO:IMPRESSION,USD,44749,0,894.98,0,0
2026-05-22,US,adv_demo_001,AMAZON_DSP,,VIDEO,STREAMING_TV,,IMPRESSION,CPM,AMAZON_DSP:STREAMING_TV:UNSPECIFIED:VIDEO:IMPRESSION,USD,46490,0,1301.72,0,0
2026-05-22,US,adv_demo_001,SPONSORED_BRANDS,COMPONENT,IMAGE,,TOP_OF_SEARCH,IMPRESSION,CPM,SPONSORED_BRANDS:COMPONENT:TOP_OF_SEARCH:IMAGE:IMPRESSION,USD,19031,0,0,0,0
2026-05-22,US,adv_demo_001,SPONSORED_BRANDS,COMPONENT,IMAGE,,TOP_OF_SEARCH,CLICK,CPC,SPONSORED_BRANDS:COMPONENT:TOP_OF_SEARCH:IMAGE:CLICK,USD,0,149,178.8,8,688.8
2026-05-22,US,adv_demo_001,SPONSORED_BRANDS,DISPLAY,IMAGE,,REST_OF_SEARCH,IMPRESSION,CPM,SPONSORED_BRANDS:DISPLAY:REST_OF_SEARCH:IMAGE:IMPRESSION,USD,22572,0,0,0,0
2026-05-22,US,adv_demo_001,SPONSORED_BRANDS,VIDEO,VIDEO,,TOP_OF_SEARCH,IMPRESSION,CPM,SPONSORED_BRANDS:VIDEO:TOP_OF_SEARCH:VIDEO:IMPRESSION,USD,18113,0,0,0,0
2026-05-22,US,adv_demo_001,SPONSORED_BRANDS,VIDEO,VIDEO,,TOP_OF_SEARCH,CLICK,CPC,SPONSORED_BRANDS:VIDEO:TOP_OF_SEARCH:VIDEO:CLICK,USD,0,129,178.02,6,529.62
2026-05-22,US,adv_demo_001,SPONSORED_DISPLAY,DISPLAY,IMAGE,,PRODUCT_PAGE,IMPRESSION,CPM,SPONSORED_DISPLAY:DISPLAY:PRODUCT_PAGE:IMAGE:IMPRESSION,USD,26654,0,0,0,0
2026-05-22,US,adv_demo_001,SPONSORED_DISPLAY,DISPLAY,IMAGE,,PRODUCT_PAGE,CLICK,CPC,SPONSORED_DISPLAY:DISPLAY:PRODUCT_PAGE:IMAGE:CLICK,USD,0,156,143.52,7,521.36
2026-05-22,US,adv_demo_001,SPONSORED_DISPLAY,DISPLAY,VIDEO,,PRODUCT_PAGE,IMPRESSION,CPM,SPONSORED_DISPLAY:DISPLAY:PRODUCT_PAGE:VIDEO:IMPRESSION,USD,22195,0,0,0,0
2026-05-22,US,adv_demo_001,SPONSORED_DISPLAY,VIDEO,VIDEO,,PRODUCT_PAGE,CLICK,CPC,SPONSORED_DISPLAY:VIDEO:PRODUCT_PAGE:VIDEO:CLICK,USD,0,134,158.12,6,528.0
2026-05-22,US,adv_demo_001,SPONSORED_PRODUCTS,PRODUCT_AD,,,PRODUCT_PAGE,CLICK,CPC,SPONSORED_PRODUCTS:PRODUCT_AD:PRODUCT_PAGE:UNSPECIFIED:CLICK,USD,0,372,327.36,27,1854.36
2026-05-22,US,adv_demo_001,SPONSORED_PRODUCTS,PRODUCT_AD,,,REST_OF_SEARCH,CLICK,CPC,SPONSORED_PRODUCTS:PRODUCT_AD:REST_OF_SEARCH:UNSPECIFIED:CLICK,USD,0,368,301.76,25,1657.5
2026-05-22,US,adv_demo_001,SPONSORED_PRODUCTS,PRODUCT_AD,,,TOP_OF_SEARCH,IMPRESSION,CPM,SPONSORED_PRODUCTS:PRODUCT_AD:TOP_OF_SEARCH:UNSPECIFIED:IMPRESSION,USD,45359,0,0,0,0
2026-05-22,US,adv_demo_001,SPONSORED_PRODUCTS,PRODUCT_AD,,,TOP_OF_SEARCH,CLICK,CPC,SPONSORED_PRODUCTS:PRODUCT_AD:TOP_OF_SEARCH:UNSPECIFIED:CLICK,USD,0,528,538.56,42,3114.72
2026-05-23,US,adv_demo_001,AMAZON_DSP,,,AUDIO,,IMPRESSION,CPM,AMAZON_DSP:AUDIO:UNSPECIFIED:UNSPECIFIED:IMPRESSION,USD,48644,0,875.59,0,0
2026-05-23,US,adv_demo_001,AMAZON_DSP,,IMAGE,DISPLAY,,IMPRESSION,CPM,AMAZON_DSP:DISPLAY:UNSPECIFIED:IMAGE:IMPRESSION,USD,51385,0,642.31,0,0
2026-05-23,US,adv_demo_001,AMAZON_DSP,,VIDEO,ONLINE_VIDEO,,IMPRESSION,CPM,AMAZON_DSP:ONLINE_VIDEO:UNSPECIFIED:VIDEO:IMPRESSION,USD,38926,0,778.52,0,0
2026-05-23,US,adv_demo_001,AMAZON_DSP,,VIDEO,STREAMING_TV,,IMPRESSION,CPM,AMAZON_DSP:STREAMING_TV:UNSPECIFIED:VIDEO:IMPRESSION,USD,47467,0,1329.08,0,0
2026-05-23,US,adv_demo_001,SPONSORED_BRANDS,COMPONENT,IMAGE,,TOP_OF_SEARCH,IMPRESSION,CPM,SPONSORED_BRANDS:COMPONENT:TOP_OF_SEARCH:IMAGE:IMPRESSION,USD,20008,0,0,0,0
2026-05-23,US,adv_demo_001,SPONSORED_BRANDS,COMPONENT,IMAGE,,TOP_OF_SEARCH,CLICK,CPC,SPONSORED_BRANDS:COMPONENT:TOP_OF_SEARCH:IMAGE:CLICK,USD,0,158,189.6,8,642.88
2026-05-23,US,adv_demo_001,SPONSORED_BRANDS,DISPLAY,IMAGE,,REST_OF_SEARCH,IMPRESSION,CPM,SPONSORED_BRANDS:DISPLAY:REST_OF_SEARCH:IMAGE:IMPRESSION,USD,23549,0,0,0,0
2026-05-23,US,adv_demo_001,SPONSORED_BRANDS,VIDEO,VIDEO,,TOP_OF_SEARCH,IMPRESSION,CPM,SPONSORED_BRANDS:VIDEO:TOP_OF_SEARCH:VIDEO:IMPRESSION,USD,19090,0,0,0,0
2026-05-23,US,adv_demo_001,SPONSORED_BRANDS,VIDEO,VIDEO,,TOP_OF_SEARCH,CLICK,CPC,SPONSORED_BRANDS:VIDEO:TOP_OF_SEARCH:VIDEO:CLICK,USD,0,137,189.06,6,546.0
2026-05-23,US,adv_demo_001,SPONSORED_DISPLAY,DISPLAY,IMAGE,,PRODUCT_PAGE,IMPRESSION,CPM,SPONSORED_DISPLAY:DISPLAY:PRODUCT_PAGE:IMAGE:IMPRESSION,USD,27631,0,0,0,0
2026-05-23,US,adv_demo_001,SPONSORED_DISPLAY,DISPLAY,IMAGE,,PRODUCT_PAGE,CLICK,CPC,SPONSORED_DISPLAY:DISPLAY:PRODUCT_PAGE:IMAGE:CLICK,USD,0,163,149.96,7,537.32
2026-05-23,US,adv_demo_001,SPONSORED_DISPLAY,DISPLAY,VIDEO,,PRODUCT_PAGE,IMPRESSION,CPM,SPONSORED_DISPLAY:DISPLAY:PRODUCT_PAGE:VIDEO:IMPRESSION,USD,23172,0,0,0,0
2026-05-23,US,adv_demo_001,SPONSORED_DISPLAY,VIDEO,VIDEO,,PRODUCT_PAGE,CLICK,CPC,SPONSORED_DISPLAY:VIDEO:PRODUCT_PAGE:VIDEO:CLICK,USD,0,142,167.56,7,634.48
2026-05-23,US,adv_demo_001,SPONSORED_PRODUCTS,PRODUCT_AD,,,PRODUCT_PAGE,CLICK,CPC,SPONSORED_PRODUCTS:PRODUCT_AD:PRODUCT_PAGE:UNSPECIFIED:CLICK,USD,0,386,339.68,28,1980.16
2026-05-23,US,adv_demo_001,SPONSORED_PRODUCTS,PRODUCT_AD,,,REST_OF_SEARCH,CLICK,CPC,SPONSORED_PRODUCTS:PRODUCT_AD:REST_OF_SEARCH:UNSPECIFIED:CLICK,USD,0,381,312.42,26,1774.5
2026-05-23,US,adv_demo_001,SPONSORED_PRODUCTS,PRODUCT_AD,,,TOP_OF_SEARCH,IMPRESSION,CPM,SPONSORED_PRODUCTS:PRODUCT_AD:TOP_OF_SEARCH:UNSPECIFIED:IMPRESSION,USD,46336,0,0,0,0
2026-05-23,US,adv_demo_001,SPONSORED_PRODUCTS,PRODUCT_AD,,,TOP_OF_SEARCH,CLICK,CPC,SPONSORED_PRODUCTS:PRODUCT_AD:TOP_OF_SEARCH:UNSPECIFIED:CLICK,USD,0,545,555.9,45,3110.4
2026-05-24,US,adv_demo_001,AMAZON_DSP,,,AUDIO,,IMPRESSION,CPM,AMAZON_DSP:AUDIO:UNSPECIFIED:UNSPECIFIED:IMPRESSION,USD,42821,0,770.78,0,0
2026-05-24,US,adv_demo_001,AMAZON_DSP,,IMAGE,DISPLAY,,IMPRESSION,CPM,AMAZON_DSP:DISPLAY:UNSPECIFIED:IMAGE:IMPRESSION,USD,52362,0,654.52,0,0
2026-05-24,US,adv_demo_001,AMAZON_DSP,,VIDEO,ONLINE_VIDEO,,IMPRESSION,CPM,AMAZON_DSP:ONLINE_VIDEO:UNSPECIFIED:VIDEO:IMPRESSION,USD,39903,0,798.06,0,0
2026-05-24,US,adv_demo_001,AMAZON_DSP,,VIDEO,STREAMING_TV,,IMPRESSION,CPM,AMAZON_DSP:STREAMING_TV:UNSPECIFIED:VIDEO:IMPRESSION,USD,48444,0,1356.43,0,0
2026-05-24,US,adv_demo_001,SPONSORED_BRANDS,COMPONENT,IMAGE,,TOP_OF_SEARCH,IMPRESSION,CPM,SPONSORED_BRANDS:COMPONENT:TOP_OF_SEARCH:IMAGE:IMPRESSION,USD,20985,0,0,0,0
2026-05-24,US,adv_demo_001,SPONSORED_BRANDS,COMPONENT,IMAGE,,TOP_OF_SEARCH,CLICK,CPC,SPONSORED_BRANDS:COMPONENT:TOP_OF_SEARCH:IMAGE:CLICK,USD,0,168,201.6,9,745.38
2026-05-24,US,adv_demo_001,SPONSORED_BRANDS,DISPLAY,IMAGE,,REST_OF_SEARCH,IMPRESSION,CPM,SPONSORED_BRANDS:DISPLAY:REST_OF_SEARCH:IMAGE:IMPRESSION,USD,24526,0,0,0,0
2026-05-24,US,adv_demo_001,SPONSORED_BRANDS,VIDEO,VIDEO,,TOP_OF_SEARCH,IMPRESSION,CPM,SPONSORED_BRANDS:VIDEO:TOP_OF_SEARCH:VIDEO:IMPRESSION,USD,20067,0,0,0,0
2026-05-24,US,adv_demo_001,SPONSORED_BRANDS,VIDEO,VIDEO,,TOP_OF_SEARCH,CLICK,CPC,SPONSORED_BRANDS:VIDEO:TOP_OF_SEARCH:VIDEO:CLICK,USD,0,145,200.1,7,656.11
2026-05-24,US,adv_demo_001,SPONSORED_DISPLAY,DISPLAY,IMAGE,,PRODUCT_PAGE,IMPRESSION,CPM,SPONSORED_DISPLAY:DISPLAY:PRODUCT_PAGE:IMAGE:IMPRESSION,USD,28608,0,0,0,0
2026-05-24,US,adv_demo_001,SPONSORED_DISPLAY,DISPLAY,IMAGE,,PRODUCT_PAGE,CLICK,CPC,SPONSORED_DISPLAY:DISPLAY:PRODUCT_PAGE:IMAGE:CLICK,USD,0,156,143.52,7,553.28
2026-05-24,US,adv_demo_001,SPONSORED_DISPLAY,DISPLAY,VIDEO,,PRODUCT_PAGE,IMPRESSION,CPM,SPONSORED_DISPLAY:DISPLAY:PRODUCT_PAGE:VIDEO:IMPRESSION,USD,24149,0,0,0,0
2026-05-24,US,adv_demo_001,SPONSORED_DISPLAY,VIDEO,VIDEO,,PRODUCT_PAGE,CLICK,CPC,SPONSORED_DISPLAY:VIDEO:PRODUCT_PAGE:VIDEO:CLICK,USD,0,150,177.0,7,591.36
2026-05-24,US,adv_demo_001,SPONSORED_PRODUCTS,PRODUCT_AD,,,PRODUCT_PAGE,CLICK,CPC,SPONSORED_PRODUCTS:PRODUCT_AD:PRODUCT_PAGE:UNSPECIFIED:CLICK,USD,0,400,352.0,30,1978.8
2026-05-24,US,adv_demo_001,SPONSORED_PRODUCTS,PRODUCT_AD,,,REST_OF_SEARCH,CLICK,CPC,SPONSORED_PRODUCTS:PRODUCT_AD:REST_OF_SEARCH:UNSPECIFIED:CLICK,USD,0,394,323.08,27,1719.9
2026-05-24,US,adv_demo_001,SPONSORED_PRODUCTS,PRODUCT_AD,,,TOP_OF_SEARCH,IMPRESSION,CPM,SPONSORED_PRODUCTS:PRODUCT_AD:TOP_OF_SEARCH:UNSPECIFIED:IMPRESSION,USD,40513,0,0,0,0
2026-05-24,US,adv_demo_001,SPONSORED_PRODUCTS,PRODUCT_AD,,,TOP_OF_SEARCH,CLICK,CPC,SPONSORED_PRODUCTS:PRODUCT_AD:TOP_OF_SEARCH:UNSPECIFIED:CLICK,USD,0,481,490.62,40,2851.2
2026-05-25,US,adv_demo_001,AMAZON_DSP,,,AUDIO,,IMPRESSION,CPM,AMAZON_DSP:AUDIO:UNSPECIFIED:UNSPECIFIED:IMPRESSION,USD,43798,0,788.36,0,0
2026-05-25,US,adv_demo_001,AMAZON_DSP,,IMAGE,DISPLAY,,IMPRESSION,CPM,AMAZON_DSP:DISPLAY:UNSPECIFIED:IMAGE:IMPRESSION,USD,53339,0,666.74,0,0
2026-05-25,US,adv_demo_001,AMAZON_DSP,,VIDEO,ONLINE_VIDEO,,IMPRESSION,CPM,AMAZON_DSP:ONLINE_VIDEO:UNSPECIFIED:VIDEO:IMPRESSION,USD,40880,0,817.6,0,0
2026-05-25,US,adv_demo_001,AMAZON_DSP,,VIDEO,STREAMING_TV,,IMPRESSION,CPM,AMAZON_DSP:STREAMING_TV:UNSPECIFIED:VIDEO:IMPRESSION,USD,49421,0,1383.79,0,0
2026-05-25,US,adv_demo_001,SPONSORED_BRANDS,COMPONENT,IMAGE,,TOP_OF_SEARCH,IMPRESSION,CPM,SPONSORED_BRANDS:COMPONENT:TOP_OF_SEARCH:IMAGE:IMPRESSION,USD,21962,0,0,0,0
2026-05-25,US,adv_demo_001,SPONSORED_BRANDS,COMPONENT,IMAGE,,TOP_OF_SEARCH,CLICK,CPC,SPONSORED_BRANDS:COMPONENT:TOP_OF_SEARCH:IMAGE:CLICK,USD,0,177,212.4,9,767.52
2026-05-25,US,adv_demo_001,SPONSORED_BRANDS,DISPLAY,IMAGE,,REST_OF_SEARCH,IMPRESSION,CPM,SPONSORED_BRANDS:DISPLAY:REST_OF_SEARCH:IMAGE:IMPRESSION,USD,25503,0,0,0,0
2026-05-25,US,adv_demo_001,SPONSORED_BRANDS,VIDEO,VIDEO,,TOP_OF_SEARCH,IMPRESSION,CPM,SPONSORED_BRANDS:VIDEO:TOP_OF_SEARCH:VIDEO:IMPRESSION,USD,21044,0,0,0,0
2026-05-25,US,adv_demo_001,SPONSORED_BRANDS,VIDEO,VIDEO,,TOP_OF_SEARCH,CLICK,CPC,SPONSORED_BRANDS:VIDEO:TOP_OF_SEARCH:VIDEO:CLICK,USD,0,140,193.2,7,611.52
2026-05-25,US,adv_demo_001,SPONSORED_DISPLAY,DISPLAY,IMAGE,,PRODUCT_PAGE,IMPRESSION,CPM,SPONSORED_DISPLAY:DISPLAY:PRODUCT_PAGE:IMAGE:IMPRESSION,USD,29585,0,0,0,0
2026-05-25,US,adv_demo_001,SPONSORED_DISPLAY,DISPLAY,IMAGE,,PRODUCT_PAGE,CLICK,CPC,SPONSORED_DISPLAY:DISPLAY:PRODUCT_PAGE:IMAGE:CLICK,USD,0,163,149.96,7,516.04
2026-05-25,US,adv_demo_001,SPONSORED_DISPLAY,DISPLAY,VIDEO,,PRODUCT_PAGE,IMPRESSION,CPM,SPONSORED_DISPLAY:DISPLAY:PRODUCT_PAGE:VIDEO:IMPRESSION,USD,25126,0,0,0,0
2026-05-25,US,adv_demo_001,SPONSORED_DISPLAY,VIDEO,VIDEO,,PRODUCT_PAGE,CLICK,CPC,SPONSORED_DISPLAY:VIDEO:PRODUCT_PAGE:VIDEO:CLICK,USD,0,158,186.44,8,696.96
2026-05-25,US,adv_demo_001,SPONSORED_PRODUCTS,PRODUCT_AD,,,PRODUCT_PAGE,CLICK,CPC,SPONSORED_PRODUCTS:PRODUCT_AD:PRODUCT_PAGE:UNSPECIFIED:CLICK,USD,0,344,302.72,26,1768.0
2026-05-25,US,adv_demo_001,SPONSORED_PRODUCTS,PRODUCT_AD,,,REST_OF_SEARCH,CLICK,CPC,SPONSORED_PRODUCTS:PRODUCT_AD:REST_OF_SEARCH:UNSPECIFIED:CLICK,USD,0,344,282.08,22,1444.3
2026-05-25,US,adv_demo_001,SPONSORED_PRODUCTS,PRODUCT_AD,,,TOP_OF_SEARCH,IMPRESSION,CPM,SPONSORED_PRODUCTS:PRODUCT_AD:TOP_OF_SEARCH:UNSPECIFIED:IMPRESSION,USD,41490,0,0,0,0
2026-05-25,US,adv_demo_001,SPONSORED_PRODUCTS,PRODUCT_AD,,,TOP_OF_SEARCH,CLICK,CPC,SPONSORED_PRODUCTS:PRODUCT_AD:TOP_OF_SEARCH:UNSPECIFIED:CLICK,USD,0,498,507.96,38,2790.72
2026-05-26,US,adv_demo_001,AMAZON_DSP,,,AUDIO,,IMPRESSION,CPM,AMAZON_DSP:AUDIO:UNSPECIFIED:UNSPECIFIED:IMPRESSION,USD,44775,0,805.95,0,0
2026-05-26,US,adv_demo_001,AMAZON_DSP,,IMAGE,DISPLAY,,IMPRESSION,CPM,AMAZON_DSP:DISPLAY:UNSPECIFIED:IMAGE:IMPRESSION,USD,54316,0,678.95,0,0
2026-05-26,US,adv_demo_001,AMAZON_DSP,,VIDEO,ONLINE_VIDEO,,IMPRESSION,CPM,AMAZON_DSP:ONLINE_VIDEO:UNSPECIFIED:VIDEO:IMPRESSION,USD,41857,0,837.14,0,0
2026-05-26,US,adv_demo_001,AMAZON_DSP,,VIDEO,STREAMING_TV,,IMPRESSION,CPM,AMAZON_DSP:STREAMING_TV:UNSPECIFIED:VIDEO:IMPRESSION,USD,50398,0,1411.14,0,0
2026-05-26,US,adv_demo_001,SPONSORED_BRANDS,COMPONENT,IMAGE,,TOP_OF_SEARCH,IMPRESSION,CPM,SPONSORED_BRANDS:COMPONENT:TOP_OF_SEARCH:IMAGE:IMPRESSION,USD,22939,0,0,0,0
2026-05-26,US,adv_demo_001,SPONSORED_BRANDS,COMPONENT,IMAGE,,TOP_OF_SEARCH,CLICK,CPC,SPONSORED_BRANDS:COMPONENT:TOP_OF_SEARCH:IMAGE:CLICK,USD,0,187,224.4,10,795.4
2026-05-26,US,adv_demo_001,SPONSORED_BRANDS,DISPLAY,IMAGE,,REST_OF_SEARCH,IMPRESSION,CPM,SPONSORED_BRANDS:DISPLAY:REST_OF_SEARCH:IMAGE:IMPRESSION,USD,26480,0,0,0,0
2026-05-26,US,adv_demo_001,SPONSORED_BRANDS,VIDEO,VIDEO,,TOP_OF_SEARCH,IMPRESSION,CPM,SPONSORED_BRANDS:VIDEO:TOP_OF_SEARCH:VIDEO:IMPRESSION,USD,22021,0,0,0,0
2026-05-26,US,adv_demo_001,SPONSORED_BRANDS,VIDEO,VIDEO,,TOP_OF_SEARCH,CLICK,CPC,SPONSORED_BRANDS:VIDEO:TOP_OF_SEARCH:VIDEO:CLICK,USD,0,149,205.62,7,630.63
2026-05-26,US,adv_demo_001,SPONSORED_DISPLAY,DISPLAY,IMAGE,,PRODUCT_PAGE,IMPRESSION,CPM,SPONSORED_DISPLAY:DISPLAY:PRODUCT_PAGE:IMAGE:IMPRESSION,USD,30562,0,0,0,0
2026-05-26,US,adv_demo_001,SPONSORED_DISPLAY,DISPLAY,IMAGE,,PRODUCT_PAGE,CLICK,CPC,SPONSORED_DISPLAY:DISPLAY:PRODUCT_PAGE:IMAGE:CLICK,USD,0,170,156.4,8,608.0
2026-05-26,US,adv_demo_001,SPONSORED_DISPLAY,DISPLAY,VIDEO,,PRODUCT_PAGE,IMPRESSION,CPM,SPONSORED_DISPLAY:DISPLAY:PRODUCT_PAGE:VIDEO:IMPRESSION,USD,19303,0,0,0,0
2026-05-26,US,adv_demo_001,SPONSORED_DISPLAY,VIDEO,VIDEO,,PRODUCT_PAGE,CLICK,CPC,SPONSORED_DISPLAY:VIDEO:PRODUCT_PAGE:VIDEO:CLICK,USD,0,121,142.78,5,448.8
2026-05-26,US,adv_demo_001,SPONSORED_PRODUCTS,PRODUCT_AD,,,PRODUCT_PAGE,CLICK,CPC,SPONSORED_PRODUCTS:PRODUCT_AD:PRODUCT_PAGE:UNSPECIFIED:CLICK,USD,0,357,314.16,25,1751.0
2026-05-26,US,adv_demo_001,SPONSORED_PRODUCTS,PRODUCT_AD,,,REST_OF_SEARCH,CLICK,CPC,SPONSORED_PRODUCTS:PRODUCT_AD:REST_OF_SEARCH:UNSPECIFIED:CLICK,USD,0,357,292.74,23,1554.8
2026-05-26,US,adv_demo_001,SPONSORED_PRODUCTS,PRODUCT_AD,,,TOP_OF_SEARCH,IMPRESSION,CPM,SPONSORED_PRODUCTS:PRODUCT_AD:TOP_OF_SEARCH:UNSPECIFIED:IMPRESSION,USD,42467,0,0,0,0
2026-05-26,US,adv_demo_001,SPONSORED_PRODUCTS,PRODUCT_AD,,,TOP_OF_SEARCH,CLICK,CPC,SPONSORED_PRODUCTS:PRODUCT_AD:TOP_OF_SEARCH:UNSPECIFIED:CLICK,USD,0,515,525.3,40,3024.0
2026-05-27,US,adv_demo_001,AMAZON_DSP,,,AUDIO,,IMPRESSION,CPM,AMAZON_DSP:AUDIO:UNSPECIFIED:UNSPECIFIED:IMPRESSION,USD,45752,0,823.54,0,0
2026-05-27,US,adv_demo_001,AMAZON_DSP,,IMAGE,DISPLAY,,IMPRESSION,CPM,AMAZON_DSP:DISPLAY:UNSPECIFIED:IMAGE:IMPRESSION,USD,55293,0,691.16,0,0
2026-05-27,US,adv_demo_001,AMAZON_DSP,,VIDEO,ONLINE_VIDEO,,IMPRESSION,CPM,AMAZON_DSP:ONLINE_VIDEO:UNSPECIFIED:VIDEO:IMPRESSION,USD,42834,0,856.68,0,0
2026-05-27,US,adv_demo_001,AMAZON_DSP,,VIDEO,STREAMING_TV,,IMPRESSION,CPM,AMAZON_DSP:STREAMING_TV:UNSPECIFIED:VIDEO:IMPRESSION,USD,51375,0,1438.5,0,0
2026-05-27,US,adv_demo_001,SPONSORED_BRANDS,COMPONENT,IMAGE,,TOP_OF_SEARCH,IMPRESSION,CPM,SPONSORED_BRANDS:COMPONENT:TOP_OF_SEARCH:IMAGE:IMPRESSION,USD,23916,0,0,0,0
2026-05-27,US,adv_demo_001,SPONSORED_BRANDS,COMPONENT,IMAGE,,TOP_OF_SEARCH,CLICK,CPC,SPONSORED_BRANDS:COMPONENT:TOP_OF_SEARCH:IMAGE:CLICK,USD,0,180,216.0,10,820.0
2026-05-27,US,adv_demo_001,SPONSORED_BRANDS,DISPLAY,IMAGE,,REST_OF_SEARCH,IMPRESSION,CPM,SPONSORED_BRANDS:DISPLAY:REST_OF_SEARCH:IMAGE:IMPRESSION,USD,27457,0,0,0,0
2026-05-27,US,adv_demo_001,SPONSORED_BRANDS,VIDEO,VIDEO,,TOP_OF_SEARCH,IMPRESSION,CPM,SPONSORED_BRANDS:VIDEO:TOP_OF_SEARCH:VIDEO:IMPRESSION,USD,16198,0,0,0,0
2026-05-27,US,adv_demo_001,SPONSORED_BRANDS,VIDEO,VIDEO,,TOP_OF_SEARCH,CLICK,CPC,SPONSORED_BRANDS:VIDEO:TOP_OF_SEARCH:VIDEO:CLICK,USD,0,110,151.8,6,556.92
2026-05-27,US,adv_demo_001,SPONSORED_DISPLAY,DISPLAY,IMAGE,,PRODUCT_PAGE,IMPRESSION,CPM,SPONSORED_DISPLAY:DISPLAY:PRODUCT_PAGE:IMAGE:IMPRESSION,USD,24739,0,0,0,0
2026-05-27,US,adv_demo_001,SPONSORED_DISPLAY,DISPLAY,IMAGE,,PRODUCT_PAGE,CLICK,CPC,SPONSORED_DISPLAY:DISPLAY:PRODUCT_PAGE:IMAGE:CLICK,USD,0,139,127.88,6,469.68
2026-05-27,US,adv_demo_001,SPONSORED_DISPLAY,DISPLAY,VIDEO,,PRODUCT_PAGE,IMPRESSION,CPM,SPONSORED_DISPLAY:DISPLAY:PRODUCT_PAGE:VIDEO:IMPRESSION,USD,20280,0,0,0,0
2026-05-27,US,adv_demo_001,SPONSORED_DISPLAY,VIDEO,VIDEO,,PRODUCT_PAGE,CLICK,CPC,SPONSORED_DISPLAY:VIDEO:PRODUCT_PAGE:VIDEO:CLICK,USD,0,129,152.22,6,554.4
2026-05-27,US,adv_demo_001,SPONSORED_PRODUCTS,PRODUCT_AD,,,PRODUCT_PAGE,CLICK,CPC,SPONSORED_PRODUCTS:PRODUCT_AD:PRODUCT_PAGE:UNSPECIFIED:CLICK,USD,0,371,326.48,26,1697.28
2026-05-27,US,adv_demo_001,SPONSORED_PRODUCTS,PRODUCT_AD,,,REST_OF_SEARCH,CLICK,CPC,SPONSORED_PRODUCTS:PRODUCT_AD:REST_OF_SEARCH:UNSPECIFIED:CLICK,USD,0,369,302.58,24,1513.2
2026-05-27,US,adv_demo_001,SPONSORED_PRODUCTS,PRODUCT_AD,,,TOP_OF_SEARCH,IMPRESSION,CPM,SPONSORED_PRODUCTS:PRODUCT_AD:TOP_OF_SEARCH:UNSPECIFIED:IMPRESSION,USD,43444,0,0,0,0
2026-05-27,US,adv_demo_001,SPONSORED_PRODUCTS,PRODUCT_AD,,,TOP_OF_SEARCH,CLICK,CPC,SPONSORED_PRODUCTS:PRODUCT_AD:TOP_OF_SEARCH:UNSPECIFIED:CLICK,USD,0,532,542.64,42,2963.52
2026-05-28,US,adv_demo_001,AMAZON_DSP,,,AUDIO,,IMPRESSION,CPM,AMAZON_DSP:AUDIO:UNSPECIFIED:UNSPECIFIED:IMPRESSION,USD,46729,0,841.12,0,0
2026-05-28,US,adv_demo_001,AMAZON_DSP,,IMAGE,DISPLAY,,IMPRESSION,CPM,AMAZON_DSP:DISPLAY:UNSPECIFIED:IMAGE:IMPRESSION,USD,56270,0,703.38,0,0
2026-05-28,US,adv_demo_001,AMAZON_DSP,,VIDEO,ONLINE_VIDEO,,IMPRESSION,CPM,AMAZON_DSP:ONLINE_VIDEO:UNSPECIFIED:VIDEO:IMPRESSION,USD,43811,0,876.22,0,0
2026-05-28,US,adv_demo_001,AMAZON_DSP,,VIDEO,STREAMING_TV,,IMPRESSION,CPM,AMAZON_DSP:STREAMING_TV:UNSPECIFIED:VIDEO:IMPRESSION,USD,52352,0,1465.86,0,0
2026-05-28,US,adv_demo_001,SPONSORED_BRANDS,COMPONENT,IMAGE,,TOP_OF_SEARCH,IMPRESSION,CPM,SPONSORED_BRANDS:COMPONENT:TOP_OF_SEARCH:IMAGE:IMPRESSION,USD,18093,0,0,0,0
2026-05-28,US,adv_demo_001,SPONSORED_BRANDS,COMPONENT,IMAGE,,TOP_OF_SEARCH,CLICK,CPC,SPONSORED_BRANDS:COMPONENT:TOP_OF_SEARCH:IMAGE:CLICK,USD,0,138,165.6,8,675.68
2026-05-28,US,adv_demo_001,SPONSORED_BRANDS,DISPLAY,IMAGE,,REST_OF_SEARCH,IMPRESSION,CPM,SPONSORED_BRANDS:DISPLAY:REST_OF_SEARCH:IMAGE:IMPRESSION,USD,21634,0,0,0,0
2026-05-28,US,adv_demo_001,SPONSORED_BRANDS,VIDEO,VIDEO,,TOP_OF_SEARCH,IMPRESSION,CPM,SPONSORED_BRANDS:VIDEO:TOP_OF_SEARCH:VIDEO:IMPRESSION,USD,17175,0,0,0,0
2026-05-28,US,adv_demo_001,SPONSORED_BRANDS,VIDEO,VIDEO,,TOP_OF_SEARCH,CLICK,CPC,SPONSORED_BRANDS:VIDEO:TOP_OF_SEARCH:VIDEO:CLICK,USD,0,118,162.84,5,477.75
2026-05-28,US,adv_demo_001,SPONSORED_DISPLAY,DISPLAY,IMAGE,,PRODUCT_PAGE,IMPRESSION,CPM,SPONSORED_DISPLAY:DISPLAY:PRODUCT_PAGE:IMAGE:IMPRESSION,USD,25716,0,0,0,0
2026-05-28,US,adv_demo_001,SPONSORED_DISPLAY,DISPLAY,IMAGE,,PRODUCT_PAGE,CLICK,CPC,SPONSORED_DISPLAY:DISPLAY:PRODUCT_PAGE:IMAGE:CLICK,USD,0,146,134.32,6,437.76
2026-05-28,US,adv_demo_001,SPONSORED_DISPLAY,DISPLAY,VIDEO,,PRODUCT_PAGE,IMPRESSION,CPM,SPONSORED_DISPLAY:DISPLAY:PRODUCT_PAGE:VIDEO:IMPRESSION,USD,21257,0,0,0,0
2026-05-28,US,adv_demo_001,SPONSORED_DISPLAY,VIDEO,VIDEO,,PRODUCT_PAGE,CLICK,CPC,SPONSORED_DISPLAY:VIDEO:PRODUCT_PAGE:VIDEO:CLICK,USD,0,137,161.66,6,517.44
2026-05-28,US,adv_demo_001,SPONSORED_PRODUCTS,PRODUCT_AD,,,PRODUCT_PAGE,CLICK,CPC,SPONSORED_PRODUCTS:PRODUCT_AD:PRODUCT_PAGE:UNSPECIFIED:CLICK,USD,0,385,338.8,28,1884.96
2026-05-28,US,adv_demo_001,SPONSORED_PRODUCTS,PRODUCT_AD,,,REST_OF_SEARCH,CLICK,CPC,SPONSORED_PRODUCTS:PRODUCT_AD:REST_OF_SEARCH:UNSPECIFIED:CLICK,USD,0,382,313.24,26,1690.0
2026-05-28,US,adv_demo_001,SPONSORED_PRODUCTS,PRODUCT_AD,,,TOP_OF_SEARCH,IMPRESSION,CPM,SPONSORED_PRODUCTS:PRODUCT_AD:TOP_OF_SEARCH:UNSPECIFIED:IMPRESSION,USD,44421,0,0,0,0
2026-05-28,US,adv_demo_001,SPONSORED_PRODUCTS,PRODUCT_AD,,,TOP_OF_SEARCH,CLICK,CPC,SPONSORED_PRODUCTS:PRODUCT_AD:TOP_OF_SEARCH:UNSPECIFIED:CLICK,USD,0,501,511.02,41,2981.52
2026-05-29,US,adv_demo_001,AMAZON_DSP,,,AUDIO,,IMPRESSION,CPM,AMAZON_DSP:AUDIO:UNSPECIFIED:UNSPECIFIED:IMPRESSION,USD,47706,0,858.71,0,0
2026-05-29,US,adv_demo_001,AMAZON_DSP,,IMAGE,DISPLAY,,IMPRESSION,CPM,AMAZON_DSP:DISPLAY:UNSPECIFIED:IMAGE:IMPRESSION,USD,57247,0,715.59,0,0
2026-05-29,US,adv_demo_001,AMAZON_DSP,,VIDEO,ONLINE_VIDEO,,IMPRESSION,CPM,AMAZON_DSP:ONLINE_VIDEO:UNSPECIFIED:VIDEO:IMPRESSION,USD,44788,0,895.76,0,0
2026-05-29,US,adv_demo_001,AMAZON_DSP,,VIDEO,STREAMING_TV,,IMPRESSION,CPM,AMAZON_DSP:STREAMING_TV:UNSPECIFIED:VIDEO:IMPRESSION,USD,46529,0,1302.81,0,0
2026-05-29,US,adv_demo_001,SPONSORED_BRANDS,COMPONENT,IMAGE,,TOP_OF_SEARCH,IMPRESSION,CPM,SPONSORED_BRANDS:COMPONENT:TOP_OF_SEARCH:IMAGE:IMPRESSION,USD,19070,0,0,0,0
2026-05-29,US,adv_demo_001,SPONSORED_BRANDS,COMPONENT,IMAGE,,TOP_OF_SEARCH,CLICK,CPC,SPONSORED_BRANDS:COMPONENT:TOP_OF_SEARCH:IMAGE:CLICK,USD,0,146,175.2,7,551.04
2026-05-29,US,adv_demo_001,SPONSORED_BRANDS,DISPLAY,IMAGE,,REST_OF_SEARCH,IMPRESSION,CPM,SPONSORED_BRANDS:DISPLAY:REST_OF_SEARCH:IMAGE:IMPRESSION,USD,22611,0,0,0,0
2026-05-29,US,adv_demo_001,SPONSORED_BRANDS,VIDEO,VIDEO,,TOP_OF_SEARCH,IMPRESSION,CPM,SPONSORED_BRANDS:VIDEO:TOP_OF_SEARCH:VIDEO:IMPRESSION,USD,18152,0,0,0,0
2026-05-29,US,adv_demo_001,SPONSORED_BRANDS,VIDEO,VIDEO,,TOP_OF_SEARCH,CLICK,CPC,SPONSORED_BRANDS:VIDEO:TOP_OF_SEARCH:VIDEO:CLICK,USD,0,126,173.88,6,535.08
2026-05-29,US,adv_demo_001,SPONSORED_DISPLAY,DISPLAY,IMAGE,,PRODUCT_PAGE,IMPRESSION,CPM,SPONSORED_DISPLAY:DISPLAY:PRODUCT_PAGE:IMAGE:IMPRESSION,USD,26693,0,0,0,0
2026-05-29,US,adv_demo_001,SPONSORED_DISPLAY,DISPLAY,IMAGE,,PRODUCT_PAGE,CLICK,CPC,SPONSORED_DISPLAY:DISPLAY:PRODUCT_PAGE:IMAGE:CLICK,USD,0,153,140.76,7,526.68
2026-05-29,US,adv_demo_001,SPONSORED_DISPLAY,DISPLAY,VIDEO,,PRODUCT_PAGE,IMPRESSION,CPM,SPONSORED_DISPLAY:DISPLAY:PRODUCT_PAGE:VIDEO:IMPRESSION,USD,22234,0,0,0,0
2026-05-29,US,adv_demo_001,SPONSORED_DISPLAY,VIDEO,VIDEO,,PRODUCT_PAGE,CLICK,CPC,SPONSORED_DISPLAY:VIDEO:PRODUCT_PAGE:VIDEO:CLICK,USD,0,145,171.1,7,622.16
2026-05-29,US,adv_demo_001,SPONSORED_PRODUCTS,PRODUCT_AD,,,PRODUCT_PAGE,CLICK,CPC,SPONSORED_PRODUCTS:PRODUCT_AD:PRODUCT_PAGE:UNSPECIFIED:CLICK,USD,0,400,352.0,30,2080.8
2026-05-29,US,adv_demo_001,SPONSORED_PRODUCTS,PRODUCT_AD,,,REST_OF_SEARCH,CLICK,CPC,SPONSORED_PRODUCTS:PRODUCT_AD:REST_OF_SEARCH:UNSPECIFIED:CLICK,USD,0,361,296.02,25,1673.75
2026-05-29,US,adv_demo_001,SPONSORED_PRODUCTS,PRODUCT_AD,,,TOP_OF_SEARCH,IMPRESSION,CPM,SPONSORED_PRODUCTS:PRODUCT_AD:TOP_OF_SEARCH:UNSPECIFIED:IMPRESSION,USD,45398,0,0,0,0
2026-05-29,US,adv_demo_001,SPONSORED_PRODUCTS,PRODUCT_AD,,,TOP_OF_SEARCH,CLICK,CPC,SPONSORED_PRODUCTS:PRODUCT_AD:TOP_OF_SEARCH:UNSPECIFIED:CLICK,USD,0,518,528.36,43,3219.84
2026-05-30,US,adv_demo_001,AMAZON_DSP,,,AUDIO,,IMPRESSION,CPM,AMAZON_DSP:AUDIO:UNSPECIFIED:UNSPECIFIED:IMPRESSION,USD,48683,0,876.29,0,0
2026-05-30,US,adv_demo_001,AMAZON_DSP,,IMAGE,DISPLAY,,IMPRESSION,CPM,AMAZON_DSP:DISPLAY:UNSPECIFIED:IMAGE:IMPRESSION,USD,51424,0,642.8,0,0
2026-05-30,US,adv_demo_001,AMAZON_DSP,,VIDEO,ONLINE_VIDEO,,IMPRESSION,CPM,AMAZON_DSP:ONLINE_VIDEO:UNSPECIFIED:VIDEO:IMPRESSION,USD,38965,0,779.3,0,0
2026-05-30,US,adv_demo_001,AMAZON_DSP,,VIDEO,STREAMING_TV,,IMPRESSION,CPM,AMAZON_DSP:STREAMING_TV:UNSPECIFIED:VIDEO:IMPRESSION,USD,47506,0,1330.17,0,0
2026-05-30,US,adv_demo_001,SPONSORED_BRANDS,COMPONENT,IMAGE,,TOP_OF_SEARCH,IMPRESSION,CPM,SPONSORED_BRANDS:COMPONENT:TOP_OF_SEARCH:IMAGE:IMPRESSION,USD,20047,0,0,0,0
2026-05-30,US,adv_demo_001,SPONSORED_BRANDS,COMPONENT,IMAGE,,TOP_OF_SEARCH,CLICK,CPC,SPONSORED_BRANDS:COMPONENT:TOP_OF_SEARCH:IMAGE:CLICK,USD,0,156,187.2,8,649.44
2026-05-30,US,adv_demo_001,SPONSORED_BRANDS,DISPLAY,IMAGE,,REST_OF_SEARCH,IMPRESSION,CPM,SPONSORED_BRANDS:DISPLAY:REST_OF_SEARCH:IMAGE:IMPRESSION,USD,23588,0,0,0,0
2026-05-30,US,adv_demo_001,SPONSORED_BRANDS,VIDEO,VIDEO,,TOP_OF_SEARCH,IMPRESSION,CPM,SPONSORED_BRANDS:VIDEO:TOP_OF_SEARCH:VIDEO:IMPRESSION,USD,19129,0,0,0,0
2026-05-30,US,adv_demo_001,SPONSORED_BRANDS,VIDEO,VIDEO,,TOP_OF_SEARCH,CLICK,CPC,SPONSORED_BRANDS:VIDEO:TOP_OF_SEARCH:VIDEO:CLICK,USD,0,134,184.92,6,551.46
2026-05-30,US,adv_demo_001,SPONSORED_DISPLAY,DISPLAY,IMAGE,,PRODUCT_PAGE,IMPRESSION,CPM,SPONSORED_DISPLAY:DISPLAY:PRODUCT_PAGE:IMAGE:IMPRESSION,USD,27670,0,0,0,0
2026-05-30,US,adv_demo_001,SPONSORED_DISPLAY,DISPLAY,IMAGE,,PRODUCT_PAGE,CLICK,CPC,SPONSORED_DISPLAY:DISPLAY:PRODUCT_PAGE:IMAGE:CLICK,USD,0,160,147.2,7,542.64
2026-05-30,US,adv_demo_001,SPONSORED_DISPLAY,DISPLAY,VIDEO,,PRODUCT_PAGE,IMPRESSION,CPM,SPONSORED_DISPLAY:DISPLAY:PRODUCT_PAGE:VIDEO:IMPRESSION,USD,23211,0,0,0,0
2026-05-30,US,adv_demo_001,SPONSORED_DISPLAY,VIDEO,VIDEO,,PRODUCT_PAGE,CLICK,CPC,SPONSORED_DISPLAY:VIDEO:PRODUCT_PAGE:VIDEO:CLICK,USD,0,153,180.54,7,640.64
2026-05-30,US,adv_demo_001,SPONSORED_PRODUCTS,PRODUCT_AD,,,PRODUCT_PAGE,CLICK,CPC,SPONSORED_PRODUCTS:PRODUCT_AD:PRODUCT_PAGE:UNSPECIFIED:CLICK,USD,0,378,332.64,29,2070.6
2026-05-30,US,adv_demo_001,SPONSORED_PRODUCTS,PRODUCT_AD,,,REST_OF_SEARCH,CLICK,CPC,SPONSORED_PRODUCTS:PRODUCT_AD:REST_OF_SEARCH:UNSPECIFIED:CLICK,USD,0,374,306.68,26,1622.4
2026-05-30,US,adv_demo_001,SPONSORED_PRODUCTS,PRODUCT_AD,,,TOP_OF_SEARCH,IMPRESSION,CPM,SPONSORED_PRODUCTS:PRODUCT_AD:TOP_OF_SEARCH:UNSPECIFIED:IMPRESSION,USD,46375,0,0,0,0
2026-05-30,US,adv_demo_001,SPONSORED_PRODUCTS,PRODUCT_AD,,,TOP_OF_SEARCH,CLICK,CPC,SPONSORED_PRODUCTS:PRODUCT_AD:TOP_OF_SEARCH:UNSPECIFIED:CLICK,USD,0,534,544.68,40,2793.6
2026-05-31,US,adv_demo_001,AMAZON_DSP,,,AUDIO,,IMPRESSION,CPM,AMAZON_DSP:AUDIO:UNSPECIFIED:UNSPECIFIED:IMPRESSION,USD,42860,0,771.48,0,0
2026-05-31,US,adv_demo_001,AMAZON_DSP,,IMAGE,DISPLAY,,IMPRESSION,CPM,AMAZON_DSP:DISPLAY:UNSPECIFIED:IMAGE:IMPRESSION,USD,52401,0,655.01,0,0
2026-05-31,US,adv_demo_001,AMAZON_DSP,,VIDEO,ONLINE_VIDEO,,IMPRESSION,CPM,AMAZON_DSP:ONLINE_VIDEO:UNSPECIFIED:VIDEO:IMPRESSION,USD,39942,0,798.84,0,0
2026-05-31,US,adv_demo_001,AMAZON_DSP,,VIDEO,STREAMING_TV,,IMPRESSION,CPM,AMAZON_DSP:STREAMING_TV:UNSPECIFIED:VIDEO:IMPRESSION,USD,48483,0,1357.52,0,0
2026-05-31,US,adv_demo_001,SPONSORED_BRANDS,COMPONENT,IMAGE,,TOP_OF_SEARCH,IMPRESSION,CPM,SPONSORED_BRANDS:COMPONENT:TOP_OF_SEARCH:IMAGE:IMPRESSION,USD,21024,0,0,0,0
2026-05-31,US,adv_demo_001,SPONSORED_BRANDS,COMPONENT,IMAGE,,TOP_OF_SEARCH,CLICK,CPC,SPONSORED_BRANDS:COMPONENT:TOP_OF_SEARCH:IMAGE:CLICK,USD,0,165,198.0,9,752.76
2026-05-31,US,adv_demo_001,SPONSORED_BRANDS,DISPLAY,IMAGE,,REST_OF_SEARCH,IMPRESSION,CPM,SPONSORED_BRANDS:DISPLAY:REST_OF_SEARCH:IMAGE:IMPRESSION,USD,24565,0,0,0,0
2026-05-31,US,adv_demo_001,SPONSORED_BRANDS,VIDEO,VIDEO,,TOP_OF_SEARCH,IMPRESSION,CPM,SPONSORED_BRANDS:VIDEO:TOP_OF_SEARCH:VIDEO:IMPRESSION,USD,20106,0,0,0,0
2026-05-31,US,adv_demo_001,SPONSORED_BRANDS,VIDEO,VIDEO,,TOP_OF_SEARCH,CLICK,CPC,SPONSORED_BRANDS:VIDEO:TOP_OF_SEARCH:VIDEO:CLICK,USD,0,143,197.34,7,662.48
2026-05-31,US,adv_demo_001,SPONSORED_DISPLAY,DISPLAY,IMAGE,,PRODUCT_PAGE,IMPRESSION,CPM,SPONSORED_DISPLAY:DISPLAY:PRODUCT_PAGE:IMAGE:IMPRESSION,USD,28647,0,0,0,0
2026-05-31,US,adv_demo_001,SPONSORED_DISPLAY,DISPLAY,IMAGE,,PRODUCT_PAGE,CLICK,CPC,SPONSORED_DISPLAY:DISPLAY:PRODUCT_PAGE:IMAGE:CLICK,USD,0,168,154.56,8,638.4
2026-05-31,US,adv_demo_001,SPONSORED_DISPLAY,DISPLAY,VIDEO,,PRODUCT_PAGE,IMPRESSION,CPM,SPONSORED_DISPLAY:DISPLAY:PRODUCT_PAGE:VIDEO:IMPRESSION,USD,24188,0,0,0,0
2026-05-31,US,adv_demo_001,SPONSORED_DISPLAY,VIDEO,VIDEO,,PRODUCT_PAGE,CLICK,CPC,SPONSORED_DISPLAY:VIDEO:PRODUCT_PAGE:VIDEO:CLICK,USD,0,147,173.46,7,597.52
2026-05-31,US,adv_demo_001,SPONSORED_PRODUCTS,PRODUCT_AD,,,PRODUCT_PAGE,CLICK,CPC,SPONSORED_PRODUCTS:PRODUCT_AD:PRODUCT_PAGE:UNSPECIFIED:CLICK,USD,0,392,344.96,27,1799.28
2026-05-31,US,adv_demo_001,SPONSORED_PRODUCTS,PRODUCT_AD,,,REST_OF_SEARCH,CLICK,CPC,SPONSORED_PRODUCTS:PRODUCT_AD:REST_OF_SEARCH:UNSPECIFIED:CLICK,USD,0,325,266.5,21,1351.35
2026-05-31,US,adv_demo_001,SPONSORED_PRODUCTS,PRODUCT_AD,,,TOP_OF_SEARCH,IMPRESSION,CPM,SPONSORED_PRODUCTS:PRODUCT_AD:TOP_OF_SEARCH:UNSPECIFIED:IMPRESSION,USD,40552,0,0,0,0
2026-05-31,US,adv_demo_001,SPONSORED_PRODUCTS,PRODUCT_AD,,,TOP_OF_SEARCH,CLICK,CPC,SPONSORED_PRODUCTS:PRODUCT_AD:TOP_OF_SEARCH:UNSPECIFIED:CLICK,USD,0,472,481.44,36,2592.0
2026-06-01,US,adv_demo_001,AMAZON_DSP,,,AUDIO,,IMPRESSION,CPM,AMAZON_DSP:AUDIO:UNSPECIFIED:UNSPECIFIED:IMPRESSION,USD,43837,0,789.07,0,0
2026-06-01,US,adv_demo_001,AMAZON_DSP,,IMAGE,DISPLAY,,IMPRESSION,CPM,AMAZON_DSP:DISPLAY:UNSPECIFIED:IMAGE:IMPRESSION,USD,53378,0,667.23,0,0
2026-06-01,US,adv_demo_001,AMAZON_DSP,,VIDEO,ONLINE_VIDEO,,IMPRESSION,CPM,AMAZON_DSP:ONLINE_VIDEO:UNSPECIFIED:VIDEO:IMPRESSION,USD,40919,0,818.38,0,0
2026-06-01,US,adv_demo_001,AMAZON_DSP,,VIDEO,STREAMING_TV,,IMPRESSION,CPM,AMAZON_DSP:STREAMING_TV:UNSPECIFIED:VIDEO:IMPRESSION,USD,49460,0,1384.88,0,0
2026-06-01,US,adv_demo_001,SPONSORED_BRANDS,COMPONENT,IMAGE,,TOP_OF_SEARCH,IMPRESSION,CPM,SPONSORED_BRANDS:COMPONENT:TOP_OF_SEARCH:IMAGE:IMPRESSION,USD,22001,0,0,0,0
2026-06-01,US,adv_demo_001,SPONSORED_BRANDS,COMPONENT,IMAGE,,TOP_OF_SEARCH,CLICK,CPC,SPONSORED_BRANDS:COMPONENT:TOP_OF_SEARCH:IMAGE:CLICK,USD,0,174,208.8,9,774.9
2026-06-01,US,adv_demo_001,SPONSORED_BRANDS,DISPLAY,IMAGE,,REST_OF_SEARCH,IMPRESSION,CPM,SPONSORED_BRANDS:DISPLAY:REST_OF_SEARCH:IMAGE:IMPRESSION,USD,25542,0,0,0,0
2026-06-01,US,adv_demo_001,SPONSORED_BRANDS,VIDEO,VIDEO,,TOP_OF_SEARCH,IMPRESSION,CPM,SPONSORED_BRANDS:VIDEO:TOP_OF_SEARCH:VIDEO:IMPRESSION,USD,21083,0,0,0,0
2026-06-01,US,adv_demo_001,SPONSORED_BRANDS,VIDEO,VIDEO,,TOP_OF_SEARCH,CLICK,CPC,SPONSORED_BRANDS:VIDEO:TOP_OF_SEARCH:VIDEO:CLICK,USD,0,151,208.38,8,706.16
2026-06-01,US,adv_demo_001,SPONSORED_DISPLAY,DISPLAY,IMAGE,,PRODUCT_PAGE,IMPRESSION,CPM,SPONSORED_DISPLAY:DISPLAY:PRODUCT_PAGE:IMAGE:IMPRESSION,USD,29624,0,0,0,0
2026-06-01,US,adv_demo_001,SPONSORED_DISPLAY,DISPLAY,IMAGE,,PRODUCT_PAGE,CLICK,CPC,SPONSORED_DISPLAY:DISPLAY:PRODUCT_PAGE:IMAGE:CLICK,USD,0,175,161.0,8,595.84
2026-06-01,US,adv_demo_001,SPONSORED_DISPLAY,DISPLAY,VIDEO,,PRODUCT_PAGE,IMPRESSION,CPM,SPONSORED_DISPLAY:DISPLAY:PRODUCT_PAGE:VIDEO:IMPRESSION,USD,25165,0,0,0,0
2026-06-01,US,adv_demo_001,SPONSORED_DISPLAY,VIDEO,VIDEO,,PRODUCT_PAGE,CLICK,CPC,SPONSORED_DISPLAY:VIDEO:PRODUCT_PAGE:VIDEO:CLICK,USD,0,155,182.9,7,616.0
2026-06-01,US,adv_demo_001,SPONSORED_PRODUCTS,PRODUCT_AD,,,PRODUCT_PAGE,CLICK,CPC,SPONSORED_PRODUCTS:PRODUCT_AD:PRODUCT_PAGE:UNSPECIFIED:CLICK,USD,0,337,296.56,24,1648.32
2026-06-01,US,adv_demo_001,SPONSORED_PRODUCTS,PRODUCT_AD,,,REST_OF_SEARCH,CLICK,CPC,SPONSORED_PRODUCTS:PRODUCT_AD:REST_OF_SEARCH:UNSPECIFIED:CLICK,USD,0,337,276.34,22,1458.6
2026-06-01,US,adv_demo_001,SPONSORED_PRODUCTS,PRODUCT_AD,,,TOP_OF_SEARCH,IMPRESSION,CPM,SPONSORED_PRODUCTS:PRODUCT_AD:TOP_OF_SEARCH:UNSPECIFIED:IMPRESSION,USD,41529,0,0,0,0
2026-06-01,US,adv_demo_001,SPONSORED_PRODUCTS,PRODUCT_AD,,,TOP_OF_SEARCH,CLICK,CPC,SPONSORED_PRODUCTS:PRODUCT_AD:TOP_OF_SEARCH:UNSPECIFIED:CLICK,USD,0,488,497.76,38,2818.08
2026-06-02,US,adv_demo_001,AMAZON_DSP,,,AUDIO,,IMPRESSION,CPM,AMAZON_DSP:AUDIO:UNSPECIFIED:UNSPECIFIED:IMPRESSION,USD,44814,0,806.65,0,0
2026-06-02,US,adv_demo_001,AMAZON_DSP,,IMAGE,DISPLAY,,IMPRESSION,CPM,AMAZON_DSP:DISPLAY:UNSPECIFIED:IMAGE:IMPRESSION,USD,54355,0,679.44,0,0
2026-06-02,US,adv_demo_001,AMAZON_DSP,,VIDEO,ONLINE_VIDEO,,IMPRESSION,CPM,AMAZON_DSP:ONLINE_VIDEO:UNSPECIFIED:VIDEO:IMPRESSION,USD,41896,0,837.92,0,0
2026-06-02,US,adv_demo_001,AMAZON_DSP,,VIDEO,STREAMING_TV,,IMPRESSION,CPM,AMAZON_DSP:STREAMING_TV:UNSPECIFIED:VIDEO:IMPRESSION,USD,50437,0,1412.24,0,0
2026-06-02,US,adv_demo_001,SPONSORED_BRANDS,COMPONENT,IMAGE,,TOP_OF_SEARCH,IMPRESSION,CPM,SPONSORED_BRANDS:COMPONENT:TOP_OF_SEARCH:IMAGE:IMPRESSION,USD,22978,0,0,0,0
2026-06-02,US,adv_demo_001,SPONSORED_BRANDS,COMPONENT,IMAGE,,TOP_OF_SEARCH,CLICK,CPC,SPONSORED_BRANDS:COMPONENT:TOP_OF_SEARCH:IMAGE:CLICK,USD,0,184,220.8,10,803.6
2026-06-02,US,adv_demo_001,SPONSORED_BRANDS,DISPLAY,IMAGE,,REST_OF_SEARCH,IMPRESSION,CPM,SPONSORED_BRANDS:DISPLAY:REST_OF_SEARCH:IMAGE:IMPRESSION,USD,26519,0,0,0,0
2026-06-02,US,adv_demo_001,SPONSORED_BRANDS,VIDEO,VIDEO,,TOP_OF_SEARCH,IMPRESSION,CPM,SPONSORED_BRANDS:VIDEO:TOP_OF_SEARCH:VIDEO:IMPRESSION,USD,22060,0,0,0,0
2026-06-02,US,adv_demo_001,SPONSORED_BRANDS,VIDEO,VIDEO,,TOP_OF_SEARCH,CLICK,CPC,SPONSORED_BRANDS:VIDEO:TOP_OF_SEARCH:VIDEO:CLICK,USD,0,160,220.8,7,637.0
2026-06-02,US,adv_demo_001,SPONSORED_DISPLAY,DISPLAY,IMAGE,,PRODUCT_PAGE,IMPRESSION,CPM,SPONSORED_DISPLAY:DISPLAY:PRODUCT_PAGE:IMAGE:IMPRESSION,USD,30601,0,0,0,0
2026-06-02,US,adv_demo_001,SPONSORED_DISPLAY,DISPLAY,IMAGE,,PRODUCT_PAGE,CLICK,CPC,SPONSORED_DISPLAY:DISPLAY:PRODUCT_PAGE:IMAGE:CLICK,USD,0,167,153.64,7,537.32
2026-06-02,US,adv_demo_001,SPONSORED_DISPLAY,DISPLAY,VIDEO,,PRODUCT_PAGE,IMPRESSION,CPM,SPONSORED_DISPLAY:DISPLAY:PRODUCT_PAGE:VIDEO:IMPRESSION,USD,19342,0,0,0,0
2026-06-02,US,adv_demo_001,SPONSORED_DISPLAY,VIDEO,VIDEO,,PRODUCT_PAGE,CLICK,CPC,SPONSORED_DISPLAY:VIDEO:PRODUCT_PAGE:VIDEO:CLICK,USD,0,118,139.24,5,453.2
2026-06-02,US,adv_demo_001,SPONSORED_PRODUCTS,PRODUCT_AD,,,PRODUCT_PAGE,CLICK,CPC,SPONSORED_PRODUCTS:PRODUCT_AD:PRODUCT_PAGE:UNSPECIFIED:CLICK,USD,0,351,308.88,25,1768.0
2026-06-02,US,adv_demo_001,SPONSORED_PRODUCTS,PRODUCT_AD,,,REST_OF_SEARCH,CLICK,CPC,SPONSORED_PRODUCTS:PRODUCT_AD:REST_OF_SEARCH:UNSPECIFIED:CLICK,USD,0,350,287.0,23,1569.75
2026-06-02,US,adv_demo_001,SPONSORED_PRODUCTS,PRODUCT_AD,,,TOP_OF_SEARCH,IMPRESSION,CPM,SPONSORED_PRODUCTS:PRODUCT_AD:TOP_OF_SEARCH:UNSPECIFIED:IMPRESSION,USD,42506,0,0,0,0
2026-06-02,US,adv_demo_001,SPONSORED_PRODUCTS,PRODUCT_AD,,,TOP_OF_SEARCH,CLICK,CPC,SPONSORED_PRODUCTS:PRODUCT_AD:TOP_OF_SEARCH:UNSPECIFIED:CLICK,USD,0,505,515.1,41,2833.92
2026-06-03,US,adv_demo_001,AMAZON_DSP,,,AUDIO,,IMPRESSION,CPM,AMAZON_DSP:AUDIO:UNSPECIFIED:UNSPECIFIED:IMPRESSION,USD,45791,0,824.24,0,0
2026-06-03,US,adv_demo_001,AMAZON_DSP,,IMAGE,DISPLAY,,IMPRESSION,CPM,AMAZON_DSP:DISPLAY:UNSPECIFIED:IMAGE:IMPRESSION,USD,55332,0,691.65,0,0
2026-06-03,US,adv_demo_001,AMAZON_DSP,,VIDEO,ONLINE_VIDEO,,IMPRESSION,CPM,AMAZON_DSP:ONLINE_VIDEO:UNSPECIFIED:VIDEO:IMPRESSION,USD,42873,0,857.46,0,0
2026-06-03,US,adv_demo_001,AMAZON_DSP,,VIDEO,STREAMING_TV,,IMPRESSION,CPM,AMAZON_DSP:STREAMING_TV:UNSPECIFIED:VIDEO:IMPRESSION,USD,51414,0,1439.59,0,0
2026-06-03,US,adv_demo_001,SPONSORED_BRANDS,COMPONENT,IMAGE,,TOP_OF_SEARCH,IMPRESSION,CPM,SPONSORED_BRANDS:COMPONENT:TOP_OF_SEARCH:IMAGE:IMPRESSION,USD,23955,0,0,0,0
2026-06-03,US,adv_demo_001,SPONSORED_BRANDS,COMPONENT,IMAGE,,TOP_OF_SEARCH,CLICK,CPC,SPONSORED_BRANDS:COMPONENT:TOP_OF_SEARCH:IMAGE:CLICK,USD,0,194,232.8,10,828.2
2026-06-03,US,adv_demo_001,SPONSORED_BRANDS,DISPLAY,IMAGE,,REST_OF_SEARCH,IMPRESSION,CPM,SPONSORED_BRANDS:DISPLAY:REST_OF_SEARCH:IMAGE:IMPRESSION,USD,27496,0,0,0,0
2026-06-03,US,adv_demo_001,SPONSORED_BRANDS,VIDEO,VIDEO,,TOP_OF_SEARCH,IMPRESSION,CPM,SPONSORED_BRANDS:VIDEO:TOP_OF_SEARCH:VIDEO:IMPRESSION,USD,16237,0,0,0,0
2026-06-03,US,adv_demo_001,SPONSORED_BRANDS,VIDEO,VIDEO,,TOP_OF_SEARCH,CLICK,CPC,SPONSORED_BRANDS:VIDEO:TOP_OF_SEARCH:VIDEO:CLICK,USD,0,108,149.04,5,468.65
2026-06-03,US,adv_demo_001,SPONSORED_DISPLAY,DISPLAY,IMAGE,,PRODUCT_PAGE,IMPRESSION,CPM,SPONSORED_DISPLAY:DISPLAY:PRODUCT_PAGE:IMAGE:IMPRESSION,USD,24778,0,0,0,0
2026-06-03,US,adv_demo_001,SPONSORED_DISPLAY,DISPLAY,IMAGE,,PRODUCT_PAGE,CLICK,CPC,SPONSORED_DISPLAY:DISPLAY:PRODUCT_PAGE:IMAGE:CLICK,USD,0,137,126.04,6,474.24
2026-06-03,US,adv_demo_001,SPONSORED_DISPLAY,DISPLAY,VIDEO,,PRODUCT_PAGE,IMPRESSION,CPM,SPONSORED_DISPLAY:DISPLAY:PRODUCT_PAGE:VIDEO:IMPRESSION,USD,20319,0,0,0,0
2026-06-03,US,adv_demo_001,SPONSORED_DISPLAY,VIDEO,VIDEO,,PRODUCT_PAGE,CLICK,CPC,SPONSORED_DISPLAY:VIDEO:PRODUCT_PAGE:VIDEO:CLICK,USD,0,126,148.68,6,506.88
2026-06-03,US,adv_demo_001,SPONSORED_PRODUCTS,PRODUCT_AD,,,PRODUCT_PAGE,CLICK,CPC,SPONSORED_PRODUCTS:PRODUCT_AD:PRODUCT_PAGE:UNSPECIFIED:CLICK,USD,0,364,320.32,27,1780.92
2026-06-03,US,adv_demo_001,SPONSORED_PRODUCTS,PRODUCT_AD,,,REST_OF_SEARCH,CLICK,CPC,SPONSORED_PRODUCTS:PRODUCT_AD:REST_OF_SEARCH:UNSPECIFIED:CLICK,USD,0,362,296.84,25,1592.5
2026-06-03,US,adv_demo_001,SPONSORED_PRODUCTS,PRODUCT_AD,,,TOP_OF_SEARCH,IMPRESSION,CPM,SPONSORED_PRODUCTS:PRODUCT_AD:TOP_OF_SEARCH:UNSPECIFIED:IMPRESSION,USD,43483,0,0,0,0
2026-06-03,US,adv_demo_001,SPONSORED_PRODUCTS,PRODUCT_AD,,,TOP_OF_SEARCH,CLICK,CPC,SPONSORED_PRODUCTS:PRODUCT_AD:TOP_OF_SEARCH:UNSPECIFIED:CLICK,USD,0,522,532.44,43,3065.04
2026-06-04,US,adv_demo_001,AMAZON_DSP,,,AUDIO,,IMPRESSION,CPM,AMAZON_DSP:AUDIO:UNSPECIFIED:UNSPECIFIED:IMPRESSION,USD,46768,0,841.82,0,0
2026-06-04,US,adv_demo_001,AMAZON_DSP,,IMAGE,DISPLAY,,IMPRESSION,CPM,AMAZON_DSP:DISPLAY:UNSPECIFIED:IMAGE:IMPRESSION,USD,56309,0,703.86,0,0
2026-06-04,US,adv_demo_001,AMAZON_DSP,,VIDEO,ONLINE_VIDEO,,IMPRESSION,CPM,AMAZON_DSP:ONLINE_VIDEO:UNSPECIFIED:VIDEO:IMPRESSION,USD,43850,0,877.0,0,0
2026-06-04,US,adv_demo_001,AMAZON_DSP,,VIDEO,STREAMING_TV,,IMPRESSION,CPM,AMAZON_DSP:STREAMING_TV:UNSPECIFIED:VIDEO:IMPRESSION,USD,52391,0,1466.95,0,0
2026-06-04,US,adv_demo_001,SPONSORED_BRANDS,COMPONENT,IMAGE,,TOP_OF_SEARCH,IMPRESSION,CPM,SPONSORED_BRANDS:COMPONENT:TOP_OF_SEARCH:IMAGE:IMPRESSION,USD,18132,0,0,0,0
2026-06-04,US,adv_demo_001,SPONSORED_BRANDS,COMPONENT,IMAGE,,TOP_OF_SEARCH,CLICK,CPC,SPONSORED_BRANDS:COMPONENT:TOP_OF_SEARCH:IMAGE:CLICK,USD,0,148,177.6,8,682.24
2026-06-04,US,adv_demo_001,SPONSORED_BRANDS,DISPLAY,IMAGE,,REST_OF_SEARCH,IMPRESSION,CPM,SPONSORED_BRANDS:DISPLAY:REST_OF_SEARCH:IMAGE:IMPRESSION,USD,21673,0,0,0,0
2026-06-04,US,adv_demo_001,SPONSORED_BRANDS,VIDEO,VIDEO,,TOP_OF_SEARCH,IMPRESSION,CPM,SPONSORED_BRANDS:VIDEO:TOP_OF_SEARCH:VIDEO:IMPRESSION,USD,17214,0,0,0,0
2026-06-04,US,adv_demo_001,SPONSORED_BRANDS,VIDEO,VIDEO,,TOP_OF_SEARCH,CLICK,CPC,SPONSORED_BRANDS:VIDEO:TOP_OF_SEARCH:VIDEO:CLICK,USD,0,116,160.08,6,524.16
2026-06-04,US,adv_demo_001,SPONSORED_DISPLAY,DISPLAY,IMAGE,,PRODUCT_PAGE,IMPRESSION,CPM,SPONSORED_DISPLAY:DISPLAY:PRODUCT_PAGE:IMAGE:IMPRESSION,USD,25755,0,0,0,0
2026-06-04,US,adv_demo_001,SPONSORED_DISPLAY,DISPLAY,IMAGE,,PRODUCT_PAGE,CLICK,CPC,SPONSORED_DISPLAY:DISPLAY:PRODUCT_PAGE:IMAGE:CLICK,USD,0,143,131.56,6,442.32
2026-06-04,US,adv_demo_001,SPONSORED_DISPLAY,DISPLAY,VIDEO,,PRODUCT_PAGE,IMPRESSION,CPM,SPONSORED_DISPLAY:DISPLAY:PRODUCT_PAGE:VIDEO:IMPRESSION,USD,21296,0,0,0,0
2026-06-04,US,adv_demo_001,SPONSORED_DISPLAY,VIDEO,VIDEO,,PRODUCT_PAGE,CLICK,CPC,SPONSORED_DISPLAY:VIDEO:PRODUCT_PAGE:VIDEO:CLICK,USD,0,134,158.12,7,609.84
2026-06-04,US,adv_demo_001,SPONSORED_PRODUCTS,PRODUCT_AD,,,PRODUCT_PAGE,CLICK,CPC,SPONSORED_PRODUCTS:PRODUCT_AD:PRODUCT_PAGE:UNSPECIFIED:CLICK,USD,0,378,332.64,28,1904.0
2026-06-04,US,adv_demo_001,SPONSORED_PRODUCTS,PRODUCT_AD,,,REST_OF_SEARCH,CLICK,CPC,SPONSORED_PRODUCTS:PRODUCT_AD:REST_OF_SEARCH:UNSPECIFIED:CLICK,USD,0,375,307.5,26,1706.9
2026-06-04,US,adv_demo_001,SPONSORED_PRODUCTS,PRODUCT_AD,,,TOP_OF_SEARCH,IMPRESSION,CPM,SPONSORED_PRODUCTS:PRODUCT_AD:TOP_OF_SEARCH:UNSPECIFIED:IMPRESSION,USD,44460,0,0,0,0
2026-06-04,US,adv_demo_001,SPONSORED_PRODUCTS,PRODUCT_AD,,,TOP_OF_SEARCH,CLICK,CPC,SPONSORED_PRODUCTS:PRODUCT_AD:TOP_OF_SEARCH:UNSPECIFIED:CLICK,USD,0,539,549.78,45,3304.8
2026-06-05,US,adv_demo_001,AMAZON_DSP,,,AUDIO,,IMPRESSION,CPM,AMAZON_DSP:AUDIO:UNSPECIFIED:UNSPECIFIED:IMPRESSION,USD,47745,0,859.41,0,0
2026-06-05,US,adv_demo_001,AMAZON_DSP,,IMAGE,DISPLAY,,IMPRESSION,CPM,AMAZON_DSP:DISPLAY:UNSPECIFIED:IMAGE:IMPRESSION,USD,57286,0,716.08,0,0
2026-06-05,US,adv_demo_001,AMAZON_DSP,,VIDEO,ONLINE_VIDEO,,IMPRESSION,CPM,AMAZON_DSP:ONLINE_VIDEO:UNSPECIFIED:VIDEO:IMPRESSION,USD,38027,0,760.54,0,0
2026-06-05,US,adv_demo_001,AMAZON_DSP,,VIDEO,STREAMING_TV,,IMPRESSION,CPM,AMAZON_DSP:STREAMING_TV:UNSPECIFIED:VIDEO:IMPRESSION,USD,46568,0,1303.9,0,0
2026-06-05,US,adv_demo_001,SPONSORED_BRANDS,COMPONENT,IMAGE,,TOP_OF_SEARCH,IMPRESSION,CPM,SPONSORED_BRANDS:COMPONENT:TOP_OF_SEARCH:IMAGE:IMPRESSION,USD,19109,0,0,0,0
2026-06-05,US,adv_demo_001,SPONSORED_BRANDS,COMPONENT,IMAGE,,TOP_OF_SEARCH,CLICK,CPC,SPONSORED_BRANDS:COMPONENT:TOP_OF_SEARCH:IMAGE:CLICK,USD,0,144,172.8,8,636.32
2026-06-05,US,adv_demo_001,SPONSORED_BRANDS,DISPLAY,IMAGE,,REST_OF_SEARCH,IMPRESSION,CPM,SPONSORED_BRANDS:DISPLAY:REST_OF_SEARCH:IMAGE:IMPRESSION,USD,22650,0,0,0,0
2026-06-05,US,adv_demo_001,SPONSORED_BRANDS,VIDEO,VIDEO,,TOP_OF_SEARCH,IMPRESSION,CPM,SPONSORED_BRANDS:VIDEO:TOP_OF_SEARCH:VIDEO:IMPRESSION,USD,18191,0,0,0,0
2026-06-05,US,adv_demo_001,SPONSORED_BRANDS,VIDEO,VIDEO,,TOP_OF_SEARCH,CLICK,CPC,SPONSORED_BRANDS:VIDEO:TOP_OF_SEARCH:VIDEO:CLICK,USD,0,124,171.12,6,540.54
2026-06-05,US,adv_demo_001,SPONSORED_DISPLAY,DISPLAY,IMAGE,,PRODUCT_PAGE,IMPRESSION,CPM,SPONSORED_DISPLAY:DISPLAY:PRODUCT_PAGE:IMAGE:IMPRESSION,USD,26732,0,0,0,0
2026-06-05,US,adv_demo_001,SPONSORED_DISPLAY,DISPLAY,IMAGE,,PRODUCT_PAGE,CLICK,CPC,SPONSORED_DISPLAY:DISPLAY:PRODUCT_PAGE:IMAGE:CLICK,USD,0,150,138.0,7,532.0
2026-06-05,US,adv_demo_001,SPONSORED_DISPLAY,DISPLAY,VIDEO,,PRODUCT_PAGE,IMPRESSION,CPM,SPONSORED_DISPLAY:DISPLAY:PRODUCT_PAGE:VIDEO:IMPRESSION,USD,22273,0,0,0,0
2026-06-05,US,adv_demo_001,SPONSORED_DISPLAY,VIDEO,VIDEO,,PRODUCT_PAGE,CLICK,CPC,SPONSORED_DISPLAY:VIDEO:PRODUCT_PAGE:VIDEO:CLICK,USD,0,142,167.56,7,628.32
2026-06-05,US,adv_demo_001,SPONSORED_PRODUCTS,PRODUCT_AD,,,PRODUCT_PAGE,CLICK,CPC,SPONSORED_PRODUCTS:PRODUCT_AD:PRODUCT_PAGE:UNSPECIFIED:CLICK,USD,0,392,344.96,30,2101.2
2026-06-05,US,adv_demo_001,SPONSORED_PRODUCTS,PRODUCT_AD,,,REST_OF_SEARCH,CLICK,CPC,SPONSORED_PRODUCTS:PRODUCT_AD:REST_OF_SEARCH:UNSPECIFIED:CLICK,USD,0,388,318.16,25,1690.0
2026-06-05,US,adv_demo_001,SPONSORED_PRODUCTS,PRODUCT_AD,,,TOP_OF_SEARCH,IMPRESSION,CPM,SPONSORED_PRODUCTS:PRODUCT_AD:TOP_OF_SEARCH:UNSPECIFIED:IMPRESSION,USD,45437,0,0,0,0
2026-06-05,US,adv_demo_001,SPONSORED_PRODUCTS,PRODUCT_AD,,,TOP_OF_SEARCH,CLICK,CPC,SPONSORED_PRODUCTS:PRODUCT_AD:TOP_OF_SEARCH:UNSPECIFIED:CLICK,USD,0,556,567.12,42,3175.2
2026-06-06,US,adv_demo_001,AMAZON_DSP,,,AUDIO,,IMPRESSION,CPM,AMAZON_DSP:AUDIO:UNSPECIFIED:UNSPECIFIED:IMPRESSION,USD,48722,0,877.0,0,0
2026-06-06,US,adv_demo_001,AMAZON_DSP,,IMAGE,DISPLAY,,IMPRESSION,CPM,AMAZON_DSP:DISPLAY:UNSPECIFIED:IMAGE:IMPRESSION,USD,51463,0,643.29,0,0
2026-06-06,US,adv_demo_001,AMAZON_DSP,,VIDEO,ONLINE_VIDEO,,IMPRESSION,CPM,AMAZON_DSP:ONLINE_VIDEO:UNSPECIFIED:VIDEO:IMPRESSION,USD,39004,0,780.08,0,0
2026-06-06,US,adv_demo_001,AMAZON_DSP,,VIDEO,STREAMING_TV,,IMPRESSION,CPM,AMAZON_DSP:STREAMING_TV:UNSPECIFIED:VIDEO:IMPRESSION,USD,47545,0,1331.26,0,0
2026-06-06,US,adv_demo_001,SPONSORED_BRANDS,COMPONENT,IMAGE,,TOP_OF_SEARCH,IMPRESSION,CPM,SPONSORED_BRANDS:COMPONENT:TOP_OF_SEARCH:IMAGE:IMPRESSION,USD,20086,0,0,0,0
2026-06-06,US,adv_demo_001,SPONSORED_BRANDS,COMPONENT,IMAGE,,TOP_OF_SEARCH,CLICK,CPC,SPONSORED_BRANDS:COMPONENT:TOP_OF_SEARCH:IMAGE:CLICK,USD,0,153,183.6,8,656.0
2026-06-06,US,adv_demo_001,SPONSORED_BRANDS,DISPLAY,IMAGE,,REST_OF_SEARCH,IMPRESSION,CPM,SPONSORED_BRANDS:DISPLAY:REST_OF_SEARCH:IMAGE:IMPRESSION,USD,23627,0,0,0,0
2026-06-06,US,adv_demo_001,SPONSORED_BRANDS,VIDEO,VIDEO,,TOP_OF_SEARCH,IMPRESSION,CPM,SPONSORED_BRANDS:VIDEO:TOP_OF_SEARCH:VIDEO:IMPRESSION,USD,19168,0,0,0,0
2026-06-06,US,adv_demo_001,SPONSORED_BRANDS,VIDEO,VIDEO,,TOP_OF_SEARCH,CLICK,CPC,SPONSORED_BRANDS:VIDEO:TOP_OF_SEARCH:VIDEO:CLICK,USD,0,132,182.16,7,649.74
2026-06-06,US,adv_demo_001,SPONSORED_DISPLAY,DISPLAY,IMAGE,,PRODUCT_PAGE,IMPRESSION,CPM,SPONSORED_DISPLAY:DISPLAY:PRODUCT_PAGE:IMAGE:IMPRESSION,USD,27709,0,0,0,0
2026-06-06,US,adv_demo_001,SPONSORED_DISPLAY,DISPLAY,IMAGE,,PRODUCT_PAGE,CLICK,CPC,SPONSORED_DISPLAY:DISPLAY:PRODUCT_PAGE:IMAGE:CLICK,USD,0,157,144.44,7,547.96
2026-06-06,US,adv_demo_001,SPONSORED_DISPLAY,DISPLAY,VIDEO,,PRODUCT_PAGE,IMPRESSION,CPM,SPONSORED_DISPLAY:DISPLAY:PRODUCT_PAGE:VIDEO:IMPRESSION,USD,23250,0,0,0,0
2026-06-06,US,adv_demo_001,SPONSORED_DISPLAY,VIDEO,VIDEO,,PRODUCT_PAGE,CLICK,CPC,SPONSORED_DISPLAY:VIDEO:PRODUCT_PAGE:VIDEO:CLICK,USD,0,150,177.0,7,646.8
2026-06-06,US,adv_demo_001,SPONSORED_PRODUCTS,PRODUCT_AD,,,PRODUCT_PAGE,CLICK,CPC,SPONSORED_PRODUCTS:PRODUCT_AD:PRODUCT_PAGE:UNSPECIFIED:CLICK,USD,0,407,358.16,28,1827.84
2026-06-06,US,adv_demo_001,SPONSORED_PRODUCTS,PRODUCT_AD,,,REST_OF_SEARCH,CLICK,CPC,SPONSORED_PRODUCTS:PRODUCT_AD:REST_OF_SEARCH:UNSPECIFIED:CLICK,USD,0,401,328.82,26,1639.3
2026-06-06,US,adv_demo_001,SPONSORED_PRODUCTS,PRODUCT_AD,,,TOP_OF_SEARCH,IMPRESSION,CPM,SPONSORED_PRODUCTS:PRODUCT_AD:TOP_OF_SEARCH:UNSPECIFIED:IMPRESSION,USD,46414,0,0,0,0
2026-06-06,US,adv_demo_001,SPONSORED_PRODUCTS,PRODUCT_AD,,,TOP_OF_SEARCH,CLICK,CPC,SPONSORED_PRODUCTS:PRODUCT_AD:TOP_OF_SEARCH:UNSPECIFIED:CLICK,USD,0,524,534.48,41,2892.96
2026-06-07,US,adv_demo_001,AMAZON_DSP,,,AUDIO,,IMPRESSION,CPM,AMAZON_DSP:AUDIO:UNSPECIFIED:UNSPECIFIED:IMPRESSION,USD,42899,0,772.18,0,0
2026-06-07,US,adv_demo_001,AMAZON_DSP,,IMAGE,DISPLAY,,IMPRESSION,CPM,AMAZON_DSP:DISPLAY:UNSPECIFIED:IMAGE:IMPRESSION,USD,52440,0,655.5,0,0
2026-06-07,US,adv_demo_001,AMAZON_DSP,,VIDEO,ONLINE_VIDEO,,IMPRESSION,CPM,AMAZON_DSP:ONLINE_VIDEO:UNSPECIFIED:VIDEO:IMPRESSION,USD,39981,0,799.62,0,0
2026-06-07,US,adv_demo_001,AMAZON_DSP,,VIDEO,STREAMING_TV,,IMPRESSION,CPM,AMAZON_DSP:STREAMING_TV:UNSPECIFIED:VIDEO:IMPRESSION,USD,48522,0,1358.62,0,0
2026-06-07,US,adv_demo_001,SPONSORED_BRANDS,COMPONENT,IMAGE,,TOP_OF_SEARCH,IMPRESSION,CPM,SPONSORED_BRANDS:COMPONENT:TOP_OF_SEARCH:IMAGE:IMPRESSION,USD,21063,0,0,0,0
2026-06-07,US,adv_demo_001,SPONSORED_BRANDS,COMPONENT,IMAGE,,TOP_OF_SEARCH,CLICK,CPC,SPONSORED_BRANDS:COMPONENT:TOP_OF_SEARCH:IMAGE:CLICK,USD,0,162,194.4,9,760.14
2026-06-07,US,adv_demo_001,SPONSORED_BRANDS,DISPLAY,IMAGE,,REST_OF_SEARCH,IMPRESSION,CPM,SPONSORED_BRANDS:DISPLAY:REST_OF_SEARCH:IMAGE:IMPRESSION,USD,24604,0,0,0,0
2026-06-07,US,adv_demo_001,SPONSORED_BRANDS,VIDEO,VIDEO,,TOP_OF_SEARCH,IMPRESSION,CPM,SPONSORED_BRANDS:VIDEO:TOP_OF_SEARCH:VIDEO:IMPRESSION,USD,20145,0,0,0,0
2026-06-07,US,adv_demo_001,SPONSORED_BRANDS,VIDEO,VIDEO,,TOP_OF_SEARCH,CLICK,CPC,SPONSORED_BRANDS:VIDEO:TOP_OF_SEARCH:VIDEO:CLICK,USD,0,140,193.2,7,668.85
2026-06-07,US,adv_demo_001,SPONSORED_DISPLAY,DISPLAY,IMAGE,,PRODUCT_PAGE,IMPRESSION,CPM,SPONSORED_DISPLAY:DISPLAY:PRODUCT_PAGE:IMAGE:IMPRESSION,USD,28686,0,0,0,0
2026-06-07,US,adv_demo_001,SPONSORED_DISPLAY,DISPLAY,IMAGE,,PRODUCT_PAGE,CLICK,CPC,SPONSORED_DISPLAY:DISPLAY:PRODUCT_PAGE:IMAGE:CLICK,USD,0,165,151.8,7,510.72
2026-06-07,US,adv_demo_001,SPONSORED_DISPLAY,DISPLAY,VIDEO,,PRODUCT_PAGE,IMPRESSION,CPM,SPONSORED_DISPLAY:DISPLAY:PRODUCT_PAGE:VIDEO:IMPRESSION,USD,24227,0,0,0,0
2026-06-07,US,adv_demo_001,SPONSORED_DISPLAY,VIDEO,VIDEO,,PRODUCT_PAGE,CLICK,CPC,SPONSORED_DISPLAY:VIDEO:PRODUCT_PAGE:VIDEO:CLICK,USD,0,159,187.62,7,603.68
2026-06-07,US,adv_demo_001,SPONSORED_PRODUCTS,PRODUCT_AD,,,PRODUCT_PAGE,CLICK,CPC,SPONSORED_PRODUCTS:PRODUCT_AD:PRODUCT_PAGE:UNSPECIFIED:CLICK,USD,0,421,370.48,30,2019.6
2026-06-07,US,adv_demo_001,SPONSORED_PRODUCTS,PRODUCT_AD,,,REST_OF_SEARCH,CLICK,CPC,SPONSORED_PRODUCTS:PRODUCT_AD:REST_OF_SEARCH:UNSPECIFIED:CLICK,USD,0,319,261.58,21,1365.0
2026-06-07,US,adv_demo_001,SPONSORED_PRODUCTS,PRODUCT_AD,,,TOP_OF_SEARCH,IMPRESSION,CPM,SPONSORED_PRODUCTS:PRODUCT_AD:TOP_OF_SEARCH:UNSPECIFIED:IMPRESSION,USD,40591,0,0,0,0
2026-06-07,US,adv_demo_001,SPONSORED_PRODUCTS,PRODUCT_AD,,,TOP_OF_SEARCH,CLICK,CPC,SPONSORED_PRODUCTS:PRODUCT_AD:TOP_OF_SEARCH:UNSPECIFIED:CLICK,USD,0,463,472.26,37,2690.64
2026-06-08,US,adv_demo_001,AMAZON_DSP,,,AUDIO,,IMPRESSION,CPM,AMAZON_DSP:AUDIO:UNSPECIFIED:UNSPECIFIED:IMPRESSION,USD,43876,0,789.77,0,0
2026-06-08,US,adv_demo_001,AMAZON_DSP,,IMAGE,DISPLAY,,IMPRESSION,CPM,AMAZON_DSP:DISPLAY:UNSPECIFIED:IMAGE:IMPRESSION,USD,53417,0,667.71,0,0
2026-06-08,US,adv_demo_001,AMAZON_DSP,,VIDEO,ONLINE_VIDEO,,IMPRESSION,CPM,AMAZON_DSP:ONLINE_VIDEO:UNSPECIFIED:VIDEO:IMPRESSION,USD,40958,0,819.16,0,0
2026-06-08,US,adv_demo_001,AMAZON_DSP,,VIDEO,STREAMING_TV,,IMPRESSION,CPM,AMAZON_DSP:STREAMING_TV:UNSPECIFIED:VIDEO:IMPRESSION,USD,49499,0,1385.97,0,0
2026-06-08,US,adv_demo_001,SPONSORED_BRANDS,COMPONENT,IMAGE,,TOP_OF_SEARCH,IMPRESSION,CPM,SPONSORED_BRANDS:COMPONENT:TOP_OF_SEARCH:IMAGE:IMPRESSION,USD,22040,0,0,0,0
2026-06-08,US,adv_demo_001,SPONSORED_BRANDS,COMPONENT,IMAGE,,TOP_OF_SEARCH,CLICK,CPC,SPONSORED_BRANDS:COMPONENT:TOP_OF_SEARCH:IMAGE:CLICK,USD,0,171,205.2,10,787.2
2026-06-08,US,adv_demo_001,SPONSORED_BRANDS,DISPLAY,IMAGE,,REST_OF_SEARCH,IMPRESSION,CPM,SPONSORED_BRANDS:DISPLAY:REST_OF_SEARCH:IMAGE:IMPRESSION,USD,25581,0,0,0,0
2026-06-08,US,adv_demo_001,SPONSORED_BRANDS,VIDEO,VIDEO,,TOP_OF_SEARCH,IMPRESSION,CPM,SPONSORED_BRANDS:VIDEO:TOP_OF_SEARCH:VIDEO:IMPRESSION,USD,21122,0,0,0,0
2026-06-08,US,adv_demo_001,SPONSORED_BRANDS,VIDEO,VIDEO,,TOP_OF_SEARCH,CLICK,CPC,SPONSORED_BRANDS:VIDEO:TOP_OF_SEARCH:VIDEO:CLICK,USD,0,148,204.24,7,624.26
2026-06-08,US,adv_demo_001,SPONSORED_DISPLAY,DISPLAY,IMAGE,,PRODUCT_PAGE,IMPRESSION,CPM,SPONSORED_DISPLAY:DISPLAY:PRODUCT_PAGE:IMAGE:IMPRESSION,USD,29663,0,0,0,0
2026-06-08,US,adv_demo_001,SPONSORED_DISPLAY,DISPLAY,IMAGE,,PRODUCT_PAGE,CLICK,CPC,SPONSORED_DISPLAY:DISPLAY:PRODUCT_PAGE:IMAGE:CLICK,USD,0,172,158.24,7,526.68
2026-06-08,US,adv_demo_001,SPONSORED_DISPLAY,DISPLAY,VIDEO,,PRODUCT_PAGE,IMPRESSION,CPM,SPONSORED_DISPLAY:DISPLAY:PRODUCT_PAGE:VIDEO:IMPRESSION,USD,25204,0,0,0,0
2026-06-08,US,adv_demo_001,SPONSORED_DISPLAY,VIDEO,VIDEO,,PRODUCT_PAGE,CLICK,CPC,SPONSORED_DISPLAY:VIDEO:PRODUCT_PAGE:VIDEO:CLICK,USD,0,167,197.06,8,711.04
2026-06-08,US,adv_demo_001,SPONSORED_PRODUCTS,PRODUCT_AD,,,PRODUCT_PAGE,CLICK,CPC,SPONSORED_PRODUCTS:PRODUCT_AD:PRODUCT_PAGE:UNSPECIFIED:CLICK,USD,0,331,291.28,24,1664.64
2026-06-08,US,adv_demo_001,SPONSORED_PRODUCTS,PRODUCT_AD,,,REST_OF_SEARCH,CLICK,CPC,SPONSORED_PRODUCTS:PRODUCT_AD:REST_OF_SEARCH:UNSPECIFIED:CLICK,USD,0,331,271.42,22,1472.9
2026-06-08,US,adv_demo_001,SPONSORED_PRODUCTS,PRODUCT_AD,,,TOP_OF_SEARCH,IMPRESSION,CPM,SPONSORED_PRODUCTS:PRODUCT_AD:TOP_OF_SEARCH:UNSPECIFIED:IMPRESSION,USD,41568,0,0,0,0
2026-06-08,US,adv_demo_001,SPONSORED_PRODUCTS,PRODUCT_AD,,,TOP_OF_SEARCH,CLICK,CPC,SPONSORED_PRODUCTS:PRODUCT_AD:TOP_OF_SEARCH:UNSPECIFIED:CLICK,USD,0,479,488.58,39,2920.32
2026-06-09,US,adv_demo_001,AMAZON_DSP,,,AUDIO,,IMPRESSION,CPM,AMAZON_DSP:AUDIO:UNSPECIFIED:UNSPECIFIED:IMPRESSION,USD,44853,0,807.35,0,0
2026-06-09,US,adv_demo_001,AMAZON_DSP,,IMAGE,DISPLAY,,IMPRESSION,CPM,AMAZON_DSP:DISPLAY:UNSPECIFIED:IMAGE:IMPRESSION,USD,54394,0,679.92,0,0
2026-06-09,US,adv_demo_001,AMAZON_DSP,,VIDEO,ONLINE_VIDEO,,IMPRESSION,CPM,AMAZON_DSP:ONLINE_VIDEO:UNSPECIFIED:VIDEO:IMPRESSION,USD,41935,0,838.7,0,0
2026-06-09,US,adv_demo_001,AMAZON_DSP,,VIDEO,STREAMING_TV,,IMPRESSION,CPM,AMAZON_DSP:STREAMING_TV:UNSPECIFIED:VIDEO:IMPRESSION,USD,50476,0,1413.33,0,0
2026-06-09,US,adv_demo_001,SPONSORED_BRANDS,COMPONENT,IMAGE,,TOP_OF_SEARCH,IMPRESSION,CPM,SPONSORED_BRANDS:COMPONENT:TOP_OF_SEARCH:IMAGE:IMPRESSION,USD,23017,0,0,0,0
2026-06-09,US,adv_demo_001,SPONSORED_BRANDS,COMPONENT,IMAGE,,TOP_OF_SEARCH,CLICK,CPC,SPONSORED_BRANDS:COMPONENT:TOP_OF_SEARCH:IMAGE:CLICK,USD,0,180,216.0,9,730.62
2026-06-09,US,adv_demo_001,SPONSORED_BRANDS,DISPLAY,IMAGE,,REST_OF_SEARCH,IMPRESSION,CPM,SPONSORED_BRANDS:DISPLAY:REST_OF_SEARCH:IMAGE:IMPRESSION,USD,26558,0,0,0,0
2026-06-09,US,adv_demo_001,SPONSORED_BRANDS,VIDEO,VIDEO,,TOP_OF_SEARCH,IMPRESSION,CPM,SPONSORED_BRANDS:VIDEO:TOP_OF_SEARCH:VIDEO:IMPRESSION,USD,22099,0,0,0,0
2026-06-09,US,adv_demo_001,SPONSORED_BRANDS,VIDEO,VIDEO,,TOP_OF_SEARCH,CLICK,CPC,SPONSORED_BRANDS:VIDEO:TOP_OF_SEARCH:VIDEO:CLICK,USD,0,157,216.66,7,643.37
2026-06-09,US,adv_demo_001,SPONSORED_DISPLAY,DISPLAY,IMAGE,,PRODUCT_PAGE,IMPRESSION,CPM,SPONSORED_DISPLAY:DISPLAY:PRODUCT_PAGE:IMAGE:IMPRESSION,USD,30640,0,0,0,0
2026-06-09,US,adv_demo_001,SPONSORED_DISPLAY,DISPLAY,IMAGE,,PRODUCT_PAGE,CLICK,CPC,SPONSORED_DISPLAY:DISPLAY:PRODUCT_PAGE:IMAGE:CLICK,USD,0,179,164.68,8,620.16
2026-06-09,US,adv_demo_001,SPONSORED_DISPLAY,DISPLAY,VIDEO,,PRODUCT_PAGE,IMPRESSION,CPM,SPONSORED_DISPLAY:DISPLAY:PRODUCT_PAGE:VIDEO:IMPRESSION,USD,19381,0,0,0,0
2026-06-09,US,adv_demo_001,SPONSORED_DISPLAY,VIDEO,VIDEO,,PRODUCT_PAGE,CLICK,CPC,SPONSORED_DISPLAY:VIDEO:PRODUCT_PAGE:VIDEO:CLICK,USD,0,116,136.88,6,549.12
2026-06-09,US,adv_demo_001,SPONSORED_PRODUCTS,PRODUCT_AD,,,PRODUCT_PAGE,CLICK,CPC,SPONSORED_PRODUCTS:PRODUCT_AD:PRODUCT_PAGE:UNSPECIFIED:CLICK,USD,0,344,302.72,26,1856.4
2026-06-09,US,adv_demo_001,SPONSORED_PRODUCTS,PRODUCT_AD,,,REST_OF_SEARCH,CLICK,CPC,SPONSORED_PRODUCTS:PRODUCT_AD:REST_OF_SEARCH:UNSPECIFIED:CLICK,USD,0,343,281.26,24,1497.6
2026-06-09,US,adv_demo_001,SPONSORED_PRODUCTS,PRODUCT_AD,,,TOP_OF_SEARCH,IMPRESSION,CPM,SPONSORED_PRODUCTS:PRODUCT_AD:TOP_OF_SEARCH:UNSPECIFIED:IMPRESSION,USD,42545,0,0,0,0
2026-06-09,US,adv_demo_001,SPONSORED_PRODUCTS,PRODUCT_AD,,,TOP_OF_SEARCH,CLICK,CPC,SPONSORED_PRODUCTS:PRODUCT_AD:TOP_OF_SEARCH:UNSPECIFIED:CLICK,USD,0,495,504.9,41,2863.44
2026-06-10,US,adv_demo_001,AMAZON_DSP,,,AUDIO,,IMPRESSION,CPM,AMAZON_DSP:AUDIO:UNSPECIFIED:UNSPECIFIED:IMPRESSION,USD,45830,0,824.94,0,0
2026-06-10,US,adv_demo_001,AMAZON_DSP,,IMAGE,DISPLAY,,IMPRESSION,CPM,AMAZON_DSP:DISPLAY:UNSPECIFIED:IMAGE:IMPRESSION,USD,55371,0,692.14,0,0
2026-06-10,US,adv_demo_001,AMAZON_DSP,,VIDEO,ONLINE_VIDEO,,IMPRESSION,CPM,AMAZON_DSP:ONLINE_VIDEO:UNSPECIFIED:VIDEO:IMPRESSION,USD,42912,0,858.24,0,0
2026-06-10,US,adv_demo_001,AMAZON_DSP,,VIDEO,STREAMING_TV,,IMPRESSION,CPM,AMAZON_DSP:STREAMING_TV:UNSPECIFIED:VIDEO:IMPRESSION,USD,51453,0,1440.68,0,0
2026-06-10,US,adv_demo_001,SPONSORED_BRANDS,COMPONENT,IMAGE,,TOP_OF_SEARCH,IMPRESSION,CPM,SPONSORED_BRANDS:COMPONENT:TOP_OF_SEARCH:IMAGE:IMPRESSION,USD,23994,0,0,0,0
2026-06-10,US,adv_demo_001,SPONSORED_BRANDS,COMPONENT,IMAGE,,TOP_OF_SEARCH,CLICK,CPC,SPONSORED_BRANDS:COMPONENT:TOP_OF_SEARCH:IMAGE:CLICK,USD,0,190,228.0,10,836.4
2026-06-10,US,adv_demo_001,SPONSORED_BRANDS,DISPLAY,IMAGE,,REST_OF_SEARCH,IMPRESSION,CPM,SPONSORED_BRANDS:DISPLAY:REST_OF_SEARCH:IMAGE:IMPRESSION,USD,27535,0,0,0,0
2026-06-10,US,adv_demo_001,SPONSORED_BRANDS,VIDEO,VIDEO,,TOP_OF_SEARCH,IMPRESSION,CPM,SPONSORED_BRANDS:VIDEO:TOP_OF_SEARCH:VIDEO:IMPRESSION,USD,16276,0,0,0,0
2026-06-10,US,adv_demo_001,SPONSORED_BRANDS,VIDEO,VIDEO,,TOP_OF_SEARCH,CLICK,CPC,SPONSORED_BRANDS:VIDEO:TOP_OF_SEARCH:VIDEO:CLICK,USD,0,117,161.46,6,567.84
2026-06-10,US,adv_demo_001,SPONSORED_DISPLAY,DISPLAY,IMAGE,,PRODUCT_PAGE,IMPRESSION,CPM,SPONSORED_DISPLAY:DISPLAY:PRODUCT_PAGE:IMAGE:IMPRESSION,USD,24817,0,0,0,0
2026-06-10,US,adv_demo_001,SPONSORED_DISPLAY,DISPLAY,IMAGE,,PRODUCT_PAGE,CLICK,CPC,SPONSORED_DISPLAY:DISPLAY:PRODUCT_PAGE:IMAGE:CLICK,USD,0,147,135.24,6,478.8
2026-06-10,US,adv_demo_001,SPONSORED_DISPLAY,DISPLAY,VIDEO,,PRODUCT_PAGE,IMPRESSION,CPM,SPONSORED_DISPLAY:DISPLAY:PRODUCT_PAGE:VIDEO:IMPRESSION,USD,20358,0,0,0,0
2026-06-10,US,adv_demo_001,SPONSORED_DISPLAY,VIDEO,VIDEO,,PRODUCT_PAGE,CLICK,CPC,SPONSORED_DISPLAY:VIDEO:PRODUCT_PAGE:VIDEO:CLICK,USD,0,124,146.32,6,512.16
2026-06-10,US,adv_demo_001,SPONSORED_PRODUCTS,PRODUCT_AD,,,PRODUCT_PAGE,CLICK,CPC,SPONSORED_PRODUCTS:PRODUCT_AD:PRODUCT_PAGE:UNSPECIFIED:CLICK,USD,0,357,314.16,27,1799.28
2026-06-10,US,adv_demo_001,SPONSORED_PRODUCTS,PRODUCT_AD,,,REST_OF_SEARCH,CLICK,CPC,SPONSORED_PRODUCTS:PRODUCT_AD:REST_OF_SEARCH:UNSPECIFIED:CLICK,USD,0,355,291.1,25,1608.75
2026-06-10,US,adv_demo_001,SPONSORED_PRODUCTS,PRODUCT_AD,,,TOP_OF_SEARCH,IMPRESSION,CPM,SPONSORED_PRODUCTS:PRODUCT_AD:TOP_OF_SEARCH:UNSPECIFIED:IMPRESSION,USD,43522,0,0,0,0
2026-06-10,US,adv_demo_001,SPONSORED_PRODUCTS,PRODUCT_AD,,,TOP_OF_SEARCH,CLICK,CPC,SPONSORED_PRODUCTS:PRODUCT_AD:TOP_OF_SEARCH:UNSPECIFIED:CLICK,USD,0,512,522.24,39,2808.0
2026-06-11,US,adv_demo_001,AMAZON_DSP,,,AUDIO,,IMPRESSION,CPM,AMAZON_DSP:AUDIO:UNSPECIFIED:UNSPECIFIED:IMPRESSION,USD,46807,0,842.53,0,0
2026-06-11,US,adv_demo_001,AMAZON_DSP,,IMAGE,DISPLAY,,IMPRESSION,CPM,AMAZON_DSP:DISPLAY:UNSPECIFIED:IMAGE:IMPRESSION,USD,56348,0,704.35,0,0
2026-06-11,US,adv_demo_001,AMAZON_DSP,,VIDEO,ONLINE_VIDEO,,IMPRESSION,CPM,AMAZON_DSP:ONLINE_VIDEO:UNSPECIFIED:VIDEO:IMPRESSION,USD,43889,0,877.78,0,0
2026-06-11,US,adv_demo_001,AMAZON_DSP,,VIDEO,STREAMING_TV,,IMPRESSION,CPM,AMAZON_DSP:STREAMING_TV:UNSPECIFIED:VIDEO:IMPRESSION,USD,52430,0,1468.04,0,0
2026-06-11,US,adv_demo_001,SPONSORED_BRANDS,COMPONENT,IMAGE,,TOP_OF_SEARCH,IMPRESSION,CPM,SPONSORED_BRANDS:COMPONENT:TOP_OF_SEARCH:IMAGE:IMPRESSION,USD,18171,0,0,0,0
2026-06-11,US,adv_demo_001,SPONSORED_BRANDS,COMPONENT,IMAGE,,TOP_OF_SEARCH,CLICK,CPC,SPONSORED_BRANDS:COMPONENT:TOP_OF_SEARCH:IMAGE:CLICK,USD,0,145,174.0,8,688.8
2026-06-11,US,adv_demo_001,SPONSORED_BRANDS,DISPLAY,IMAGE,,REST_OF_SEARCH,IMPRESSION,CPM,SPONSORED_BRANDS:DISPLAY:REST_OF_SEARCH:IMAGE:IMPRESSION,USD,21712,0,0,0,0
2026-06-11,US,adv_demo_001,SPONSORED_BRANDS,VIDEO,VIDEO,,TOP_OF_SEARCH,IMPRESSION,CPM,SPONSORED_BRANDS:VIDEO:TOP_OF_SEARCH:VIDEO:IMPRESSION,USD,17253,0,0,0,0
2026-06-11,US,adv_demo_001,SPONSORED_BRANDS,VIDEO,VIDEO,,TOP_OF_SEARCH,CLICK,CPC,SPONSORED_BRANDS:VIDEO:TOP_OF_SEARCH:VIDEO:CLICK,USD,0,125,172.5,6,529.62
2026-06-11,US,adv_demo_001,SPONSORED_DISPLAY,DISPLAY,IMAGE,,PRODUCT_PAGE,IMPRESSION,CPM,SPONSORED_DISPLAY:DISPLAY:PRODUCT_PAGE:IMAGE:IMPRESSION,USD,25794,0,0,0,0
2026-06-11,US,adv_demo_001,SPONSORED_DISPLAY,DISPLAY,IMAGE,,PRODUCT_PAGE,CLICK,CPC,SPONSORED_DISPLAY:DISPLAY:PRODUCT_PAGE:IMAGE:CLICK,USD,0,141,129.72,6,446.88
2026-06-11,US,adv_demo_001,SPONSORED_DISPLAY,DISPLAY,VIDEO,,PRODUCT_PAGE,IMPRESSION,CPM,SPONSORED_DISPLAY:DISPLAY:PRODUCT_PAGE:VIDEO:IMPRESSION,USD,21335,0,0,0,0
2026-06-11,US,adv_demo_001,SPONSORED_DISPLAY,VIDEO,VIDEO,,PRODUCT_PAGE,CLICK,CPC,SPONSORED_DISPLAY:VIDEO:PRODUCT_PAGE:VIDEO:CLICK,USD,0,132,155.76,7,616.0
2026-06-11,US,adv_demo_001,SPONSORED_PRODUCTS,PRODUCT_AD,,,PRODUCT_PAGE,CLICK,CPC,SPONSORED_PRODUCTS:PRODUCT_AD:PRODUCT_PAGE:UNSPECIFIED:CLICK,USD,0,371,326.48,26,1785.68
2026-06-11,US,adv_demo_001,SPONSORED_PRODUCTS,PRODUCT_AD,,,REST_OF_SEARCH,CLICK,CPC,SPONSORED_PRODUCTS:PRODUCT_AD:REST_OF_SEARCH:UNSPECIFIED:CLICK,USD,0,368,301.76,24,1591.2
2026-06-11,US,adv_demo_001,SPONSORED_PRODUCTS,PRODUCT_AD,,,TOP_OF_SEARCH,IMPRESSION,CPM,SPONSORED_PRODUCTS:PRODUCT_AD:TOP_OF_SEARCH:UNSPECIFIED:IMPRESSION,USD,44499,0,0,0,0
2026-06-11,US,adv_demo_001,SPONSORED_PRODUCTS,PRODUCT_AD,,,TOP_OF_SEARCH,CLICK,CPC,SPONSORED_PRODUCTS:PRODUCT_AD:TOP_OF_SEARCH:UNSPECIFIED:CLICK,USD,0,529,539.58,41,3040.56
2026-06-12,US,adv_demo_001,AMAZON_DSP,,,AUDIO,,IMPRESSION,CPM,AMAZON_DSP:AUDIO:UNSPECIFIED:UNSPECIFIED:IMPRESSION,USD,47784,0,860.11,0,0
2026-06-12,US,adv_demo_001,AMAZON_DSP,,IMAGE,DISPLAY,,IMPRESSION,CPM,AMAZON_DSP:DISPLAY:UNSPECIFIED:IMAGE:IMPRESSION,USD,57325,0,716.56,0,0
2026-06-12,US,adv_demo_001,AMAZON_DSP,,VIDEO,ONLINE_VIDEO,,IMPRESSION,CPM,AMAZON_DSP:ONLINE_VIDEO:UNSPECIFIED:VIDEO:IMPRESSION,USD,38066,0,761.32,0,0
2026-06-12,US,adv_demo_001,AMAZON_DSP,,VIDEO,STREAMING_TV,,IMPRESSION,CPM,AMAZON_DSP:STREAMING_TV:UNSPECIFIED:VIDEO:IMPRESSION,USD,46607,0,1305.0,0,0
2026-06-12,US,adv_demo_001,SPONSORED_BRANDS,COMPONENT,IMAGE,,TOP_OF_SEARCH,IMPRESSION,CPM,SPONSORED_BRANDS:COMPONENT:TOP_OF_SEARCH:IMAGE:IMPRESSION,USD,19148,0,0,0,0
2026-06-12,US,adv_demo_001,SPONSORED_BRANDS,COMPONENT,IMAGE,,TOP_OF_SEARCH,CLICK,CPC,SPONSORED_BRANDS:COMPONENT:TOP_OF_SEARCH:IMAGE:CLICK,USD,0,155,186.0,8,642.88
2026-06-12,US,adv_demo_001,SPONSORED_BRANDS,DISPLAY,IMAGE,,REST_OF_SEARCH,IMPRESSION,CPM,SPONSORED_BRANDS:DISPLAY:REST_OF_SEARCH:IMAGE:IMPRESSION,USD,22689,0,0,0,0
2026-06-12,US,adv_demo_001,SPONSORED_BRANDS,VIDEO,VIDEO,,TOP_OF_SEARCH,IMPRESSION,CPM,SPONSORED_BRANDS:VIDEO:TOP_OF_SEARCH:VIDEO:IMPRESSION,USD,18230,0,0,0,0
2026-06-12,US,adv_demo_001,SPONSORED_BRANDS,VIDEO,VIDEO,,TOP_OF_SEARCH,CLICK,CPC,SPONSORED_BRANDS:VIDEO:TOP_OF_SEARCH:VIDEO:CLICK,USD,0,122,168.36,6,546.0
2026-06-12,US,adv_demo_001,SPONSORED_DISPLAY,DISPLAY,IMAGE,,PRODUCT_PAGE,IMPRESSION,CPM,SPONSORED_DISPLAY:DISPLAY:PRODUCT_PAGE:IMAGE:IMPRESSION,USD,26771,0,0,0,0
2026-06-12,US,adv_demo_001,SPONSORED_DISPLAY,DISPLAY,IMAGE,,PRODUCT_PAGE,CLICK,CPC,SPONSORED_DISPLAY:DISPLAY:PRODUCT_PAGE:IMAGE:CLICK,USD,0,148,136.16,7,537.32
2026-06-12,US,adv_demo_001,SPONSORED_DISPLAY,DISPLAY,VIDEO,,PRODUCT_PAGE,IMPRESSION,CPM,SPONSORED_DISPLAY:DISPLAY:PRODUCT_PAGE:VIDEO:IMPRESSION,USD,22312,0,0,0,0
2026-06-12,US,adv_demo_001,SPONSORED_DISPLAY,VIDEO,VIDEO,,PRODUCT_PAGE,CLICK,CPC,SPONSORED_DISPLAY:VIDEO:PRODUCT_PAGE:VIDEO:CLICK,USD,0,140,165.2,6,543.84
2026-06-12,US,adv_demo_001,SPONSORED_PRODUCTS,PRODUCT_AD,,,PRODUCT_PAGE,CLICK,CPC,SPONSORED_PRODUCTS:PRODUCT_AD:PRODUCT_PAGE:UNSPECIFIED:CLICK,USD,0,385,338.8,27,1909.44
2026-06-12,US,adv_demo_001,SPONSORED_PRODUCTS,PRODUCT_AD,,,REST_OF_SEARCH,CLICK,CPC,SPONSORED_PRODUCTS:PRODUCT_AD:REST_OF_SEARCH:UNSPECIFIED:CLICK,USD,0,381,312.42,25,1706.25
2026-06-12,US,adv_demo_001,SPONSORED_PRODUCTS,PRODUCT_AD,,,TOP_OF_SEARCH,IMPRESSION,CPM,SPONSORED_PRODUCTS:PRODUCT_AD:TOP_OF_SEARCH:UNSPECIFIED:IMPRESSION,USD,45476,0,0,0,0
2026-06-12,US,adv_demo_001,SPONSORED_PRODUCTS,PRODUCT_AD,,,TOP_OF_SEARCH,CLICK,CPC,SPONSORED_PRODUCTS:PRODUCT_AD:TOP_OF_SEARCH:UNSPECIFIED:CLICK,USD,0,546,556.92,43,2972.16
2026-06-13,US,adv_demo_001,AMAZON_DSP,,,AUDIO,,IMPRESSION,CPM,AMAZON_DSP:AUDIO:UNSPECIFIED:UNSPECIFIED:IMPRESSION,USD,48761,0,877.7,0,0
2026-06-13,US,adv_demo_001,AMAZON_DSP,,IMAGE,DISPLAY,,IMPRESSION,CPM,AMAZON_DSP:DISPLAY:UNSPECIFIED:IMAGE:IMPRESSION,USD,51502,0,643.77,0,0
2026-06-13,US,adv_demo_001,AMAZON_DSP,,VIDEO,ONLINE_VIDEO,,IMPRESSION,CPM,AMAZON_DSP:ONLINE_VIDEO:UNSPECIFIED:VIDEO:IMPRESSION,USD,39043,0,780.86,0,0
2026-06-13,US,adv_demo_001,AMAZON_DSP,,VIDEO,STREAMING_TV,,IMPRESSION,CPM,AMAZON_DSP:STREAMING_TV:UNSPECIFIED:VIDEO:IMPRESSION,USD,47584,0,1332.35,0,0
2026-06-13,US,adv_demo_001,SPONSORED_BRANDS,COMPONENT,IMAGE,,TOP_OF_SEARCH,IMPRESSION,CPM,SPONSORED_BRANDS:COMPONENT:TOP_OF_SEARCH:IMAGE:IMPRESSION,USD,20125,0,0,0,0
2026-06-13,US,adv_demo_001,SPONSORED_BRANDS,COMPONENT,IMAGE,,TOP_OF_SEARCH,CLICK,CPC,SPONSORED_BRANDS:COMPONENT:TOP_OF_SEARCH:IMAGE:CLICK,USD,0,164,196.8,9,745.38
2026-06-13,US,adv_demo_001,SPONSORED_BRANDS,DISPLAY,IMAGE,,REST_OF_SEARCH,IMPRESSION,CPM,SPONSORED_BRANDS:DISPLAY:REST_OF_SEARCH:IMAGE:IMPRESSION,USD,23666,0,0,0,0
2026-06-13,US,adv_demo_001,SPONSORED_BRANDS,VIDEO,VIDEO,,TOP_OF_SEARCH,IMPRESSION,CPM,SPONSORED_BRANDS:VIDEO:TOP_OF_SEARCH:VIDEO:IMPRESSION,USD,19207,0,0,0,0
2026-06-13,US,adv_demo_001,SPONSORED_BRANDS,VIDEO,VIDEO,,TOP_OF_SEARCH,CLICK,CPC,SPONSORED_BRANDS:VIDEO:TOP_OF_SEARCH:VIDEO:CLICK,USD,0,130,179.4,6,562.38
2026-06-13,US,adv_demo_001,SPONSORED_DISPLAY,DISPLAY,IMAGE,,PRODUCT_PAGE,IMPRESSION,CPM,SPONSORED_DISPLAY:DISPLAY:PRODUCT_PAGE:IMAGE:IMPRESSION,USD,27748,0,0,0,0
2026-06-13,US,adv_demo_001,SPONSORED_DISPLAY,DISPLAY,IMAGE,,PRODUCT_PAGE,CLICK,CPC,SPONSORED_DISPLAY:DISPLAY:PRODUCT_PAGE:IMAGE:CLICK,USD,0,155,142.6,6,474.24
2026-06-13,US,adv_demo_001,SPONSORED_DISPLAY,DISPLAY,VIDEO,,PRODUCT_PAGE,IMPRESSION,CPM,SPONSORED_DISPLAY:DISPLAY:PRODUCT_PAGE:VIDEO:IMPRESSION,USD,23289,0,0,0,0
2026-06-13,US,adv_demo_001,SPONSORED_DISPLAY,VIDEO,VIDEO,,PRODUCT_PAGE,CLICK,CPC,SPONSORED_DISPLAY:VIDEO:PRODUCT_PAGE:VIDEO:CLICK,USD,0,148,174.64,7,591.36
2026-06-13,US,adv_demo_001,SPONSORED_PRODUCTS,PRODUCT_AD,,,PRODUCT_PAGE,CLICK,CPC,SPONSORED_PRODUCTS:PRODUCT_AD:PRODUCT_PAGE:UNSPECIFIED:CLICK,USD,0,399,351.12,29,1912.84
2026-06-13,US,adv_demo_001,SPONSORED_PRODUCTS,PRODUCT_AD,,,REST_OF_SEARCH,CLICK,CPC,SPONSORED_PRODUCTS:PRODUCT_AD:REST_OF_SEARCH:UNSPECIFIED:CLICK,USD,0,394,323.08,26,1656.2
2026-06-13,US,adv_demo_001,SPONSORED_PRODUCTS,PRODUCT_AD,,,TOP_OF_SEARCH,IMPRESSION,CPM,SPONSORED_PRODUCTS:PRODUCT_AD:TOP_OF_SEARCH:UNSPECIFIED:IMPRESSION,USD,46453,0,0,0,0
2026-06-13,US,adv_demo_001,SPONSORED_PRODUCTS,PRODUCT_AD,,,TOP_OF_SEARCH,CLICK,CPC,SPONSORED_PRODUCTS:PRODUCT_AD:TOP_OF_SEARCH:UNSPECIFIED:CLICK,USD,0,563,574.26,45,3207.6
2026-06-14,US,adv_demo_001,AMAZON_DSP,,,AUDIO,,IMPRESSION,CPM,AMAZON_DSP:AUDIO:UNSPECIFIED:UNSPECIFIED:IMPRESSION,USD,42938,0,772.88,0,0
2026-06-14,US,adv_demo_001,AMAZON_DSP,,IMAGE,DISPLAY,,IMPRESSION,CPM,AMAZON_DSP:DISPLAY:UNSPECIFIED:IMAGE:IMPRESSION,USD,52479,0,655.99,0,0
2026-06-14,US,adv_demo_001,AMAZON_DSP,,VIDEO,ONLINE_VIDEO,,IMPRESSION,CPM,AMAZON_DSP:ONLINE_VIDEO:UNSPECIFIED:VIDEO:IMPRESSION,USD,40020,0,800.4,0,0
2026-06-14,US,adv_demo_001,AMAZON_DSP,,VIDEO,STREAMING_TV,,IMPRESSION,CPM,AMAZON_DSP:STREAMING_TV:UNSPECIFIED:VIDEO:IMPRESSION,USD,48561,0,1359.71,0,0
2026-06-14,US,adv_demo_001,SPONSORED_BRANDS,COMPONENT,IMAGE,,TOP_OF_SEARCH,IMPRESSION,CPM,SPONSORED_BRANDS:COMPONENT:TOP_OF_SEARCH:IMAGE:IMPRESSION,USD,21102,0,0,0,0
2026-06-14,US,adv_demo_001,SPONSORED_BRANDS,COMPONENT,IMAGE,,TOP_OF_SEARCH,CLICK,CPC,SPONSORED_BRANDS:COMPONENT:TOP_OF_SEARCH:IMAGE:CLICK,USD,0,159,190.8,8,682.24
2026-06-14,US,adv_demo_001,SPONSORED_BRANDS,DISPLAY,IMAGE,,REST_OF_SEARCH,IMPRESSION,CPM,SPONSORED_BRANDS:DISPLAY:REST_OF_SEARCH:IMAGE:IMPRESSION,USD,24643,0,0,0,0
2026-06-14,US,adv_demo_001,SPONSORED_BRANDS,VIDEO,VIDEO,,TOP_OF_SEARCH,IMPRESSION,CPM,SPONSORED_BRANDS:VIDEO:TOP_OF_SEARCH:VIDEO:IMPRESSION,USD,20184,0,0,0,0
2026-06-14,US,adv_demo_001,SPONSORED_BRANDS,VIDEO,VIDEO,,TOP_OF_SEARCH,CLICK,CPC,SPONSORED_BRANDS:VIDEO:TOP_OF_SEARCH:VIDEO:CLICK,USD,0,138,190.44,6,524.16
2026-06-14,US,adv_demo_001,SPONSORED_DISPLAY,DISPLAY,IMAGE,,PRODUCT_PAGE,IMPRESSION,CPM,SPONSORED_DISPLAY:DISPLAY:PRODUCT_PAGE:IMAGE:IMPRESSION,USD,28725,0,0,0,0
2026-06-14,US,adv_demo_001,SPONSORED_DISPLAY,DISPLAY,IMAGE,,PRODUCT_PAGE,CLICK,CPC,SPONSORED_DISPLAY:DISPLAY:PRODUCT_PAGE:IMAGE:CLICK,USD,0,162,149.04,7,516.04
2026-06-14,US,adv_demo_001,SPONSORED_DISPLAY,DISPLAY,VIDEO,,PRODUCT_PAGE,IMPRESSION,CPM,SPONSORED_DISPLAY:DISPLAY:PRODUCT_PAGE:VIDEO:IMPRESSION,USD,24266,0,0,0,0
2026-06-14,US,adv_demo_001,SPONSORED_DISPLAY,VIDEO,VIDEO,,PRODUCT_PAGE,CLICK,CPC,SPONSORED_DISPLAY:VIDEO:PRODUCT_PAGE:VIDEO:CLICK,USD,0,156,184.08,7,609.84
2026-06-14,US,adv_demo_001,SPONSORED_PRODUCTS,PRODUCT_AD,,,PRODUCT_PAGE,CLICK,CPC,SPONSORED_PRODUCTS:PRODUCT_AD:PRODUCT_PAGE:UNSPECIFIED:CLICK,USD,0,413,363.44,30,2040.0
2026-06-14,US,adv_demo_001,SPONSORED_PRODUCTS,PRODUCT_AD,,,REST_OF_SEARCH,CLICK,CPC,SPONSORED_PRODUCTS:PRODUCT_AD:REST_OF_SEARCH:UNSPECIFIED:CLICK,USD,0,343,281.26,23,1509.95
2026-06-14,US,adv_demo_001,SPONSORED_PRODUCTS,PRODUCT_AD,,,TOP_OF_SEARCH,IMPRESSION,CPM,SPONSORED_PRODUCTS:PRODUCT_AD:TOP_OF_SEARCH:UNSPECIFIED:IMPRESSION,USD,40630,0,0,0,0
2026-06-14,US,adv_demo_001,SPONSORED_PRODUCTS,PRODUCT_AD,,,TOP_OF_SEARCH,CLICK,CPC,SPONSORED_PRODUCTS:PRODUCT_AD:TOP_OF_SEARCH:UNSPECIFIED:CLICK,USD,0,497,506.94,41,3011.04
2026-06-15,US,adv_demo_001,AMAZON_DSP,,,AUDIO,,IMPRESSION,CPM,AMAZON_DSP:AUDIO:UNSPECIFIED:UNSPECIFIED:IMPRESSION,USD,43915,0,790.47,0,0
2026-06-15,US,adv_demo_001,AMAZON_DSP,,IMAGE,DISPLAY,,IMPRESSION,CPM,AMAZON_DSP:DISPLAY:UNSPECIFIED:IMAGE:IMPRESSION,USD,53456,0,668.2,0,0
2026-06-15,US,adv_demo_001,AMAZON_DSP,,VIDEO,ONLINE_VIDEO,,IMPRESSION,CPM,AMAZON_DSP:ONLINE_VIDEO:UNSPECIFIED:VIDEO:IMPRESSION,USD,40997,0,819.94,0,0
2026-06-15,US,adv_demo_001,AMAZON_DSP,,VIDEO,STREAMING_TV,,IMPRESSION,CPM,AMAZON_DSP:STREAMING_TV:UNSPECIFIED:VIDEO:IMPRESSION,USD,49538,0,1387.06,0,0
2026-06-15,US,adv_demo_001,SPONSORED_BRANDS,COMPONENT,IMAGE,,TOP_OF_SEARCH,IMPRESSION,CPM,SPONSORED_BRANDS:COMPONENT:TOP_OF_SEARCH:IMAGE:IMPRESSION,USD,22079,0,0,0,0
2026-06-15,US,adv_demo_001,SPONSORED_BRANDS,COMPONENT,IMAGE,,TOP_OF_SEARCH,CLICK,CPC,SPONSORED_BRANDS:COMPONENT:TOP_OF_SEARCH:IMAGE:CLICK,USD,0,168,201.6,9,715.86
2026-06-15,US,adv_demo_001,SPONSORED_BRANDS,DISPLAY,IMAGE,,REST_OF_SEARCH,IMPRESSION,CPM,SPONSORED_BRANDS:DISPLAY:REST_OF_SEARCH:IMAGE:IMPRESSION,USD,25620,0,0,0,0
2026-06-15,US,adv_demo_001,SPONSORED_BRANDS,VIDEO,VIDEO,,TOP_OF_SEARCH,IMPRESSION,CPM,SPONSORED_BRANDS:VIDEO:TOP_OF_SEARCH:VIDEO:IMPRESSION,USD,21161,0,0,0,0
2026-06-15,US,adv_demo_001,SPONSORED_BRANDS,VIDEO,VIDEO,,TOP_OF_SEARCH,CLICK,CPC,SPONSORED_BRANDS:VIDEO:TOP_OF_SEARCH:VIDEO:CLICK,USD,0,146,201.48,7,630.63
2026-06-15,US,adv_demo_001,SPONSORED_DISPLAY,DISPLAY,IMAGE,,PRODUCT_PAGE,IMPRESSION,CPM,SPONSORED_DISPLAY:DISPLAY:PRODUCT_PAGE:IMAGE:IMPRESSION,USD,29702,0,0,0,0
2026-06-15,US,adv_demo_001,SPONSORED_DISPLAY,DISPLAY,IMAGE,,PRODUCT_PAGE,CLICK,CPC,SPONSORED_DISPLAY:DISPLAY:PRODUCT_PAGE:IMAGE:CLICK,USD,0,169,155.48,7,532.0
2026-06-15,US,adv_demo_001,SPONSORED_DISPLAY,DISPLAY,VIDEO,,PRODUCT_PAGE,IMPRESSION,CPM,SPONSORED_DISPLAY:DISPLAY:PRODUCT_PAGE:VIDEO:IMPRESSION,USD,25243,0,0,0,0
2026-06-15,US,adv_demo_001,SPONSORED_DISPLAY,VIDEO,VIDEO,,PRODUCT_PAGE,CLICK,CPC,SPONSORED_DISPLAY:VIDEO:PRODUCT_PAGE:VIDEO:CLICK,USD,0,164,193.52,8,718.08
2026-06-15,US,adv_demo_001,SPONSORED_PRODUCTS,PRODUCT_AD,,,PRODUCT_PAGE,CLICK,CPC,SPONSORED_PRODUCTS:PRODUCT_AD:PRODUCT_PAGE:UNSPECIFIED:CLICK,USD,0,356,313.28,27,1891.08
2026-06-15,US,adv_demo_001,SPONSORED_PRODUCTS,PRODUCT_AD,,,REST_OF_SEARCH,CLICK,CPC,SPONSORED_PRODUCTS:PRODUCT_AD:REST_OF_SEARCH:UNSPECIFIED:CLICK,USD,0,355,291.1,25,1690.0
2026-06-15,US,adv_demo_001,SPONSORED_PRODUCTS,PRODUCT_AD,,,TOP_OF_SEARCH,IMPRESSION,CPM,SPONSORED_PRODUCTS:PRODUCT_AD:TOP_OF_SEARCH:UNSPECIFIED:IMPRESSION,USD,41607,0,0,0,0
2026-06-15,US,adv_demo_001,SPONSORED_PRODUCTS,PRODUCT_AD,,,TOP_OF_SEARCH,CLICK,CPC,SPONSORED_PRODUCTS:PRODUCT_AD:TOP_OF_SEARCH:UNSPECIFIED:CLICK,USD,0,469,478.38,39,2948.4
2026-06-16,US,adv_demo_001,AMAZON_DSP,,,AUDIO,,IMPRESSION,CPM,AMAZON_DSP:AUDIO:UNSPECIFIED:UNSPECIFIED:IMPRESSION,USD,44892,0,808.06,0,0
2026-06-16,US,adv_demo_001,AMAZON_DSP,,IMAGE,DISPLAY,,IMPRESSION,CPM,AMAZON_DSP:DISPLAY:UNSPECIFIED:IMAGE:IMPRESSION,USD,54433,0,680.41,0,0
2026-06-16,US,adv_demo_001,AMAZON_DSP,,VIDEO,ONLINE_VIDEO,,IMPRESSION,CPM,AMAZON_DSP:ONLINE_VIDEO:UNSPECIFIED:VIDEO:IMPRESSION,USD,41974,0,839.48,0,0
2026-06-16,US,adv_demo_001,AMAZON_DSP,,VIDEO,STREAMING_TV,,IMPRESSION,CPM,AMAZON_DSP:STREAMING_TV:UNSPECIFIED:VIDEO:IMPRESSION,USD,50515,0,1414.42,0,0
2026-06-16,US,adv_demo_001,SPONSORED_BRANDS,COMPONENT,IMAGE,,TOP_OF_SEARCH,IMPRESSION,CPM,SPONSORED_BRANDS:COMPONENT:TOP_OF_SEARCH:IMAGE:IMPRESSION,USD,23056,0,0,0,0
2026-06-16,US,adv_demo_001,SPONSORED_BRANDS,COMPONENT,IMAGE,,TOP_OF_SEARCH,CLICK,CPC,SPONSORED_BRANDS:COMPONENT:TOP_OF_SEARCH:IMAGE:CLICK,USD,0,177,212.4,9,738.0
2026-06-16,US,adv_demo_001,SPONSORED_BRANDS,DISPLAY,IMAGE,,REST_OF_SEARCH,IMPRESSION,CPM,SPONSORED_BRANDS:DISPLAY:REST_OF_SEARCH:IMAGE:IMPRESSION,USD,26597,0,0,0,0
2026-06-16,US,adv_demo_001,SPONSORED_BRANDS,VIDEO,VIDEO,,TOP_OF_SEARCH,IMPRESSION,CPM,SPONSORED_BRANDS:VIDEO:TOP_OF_SEARCH:VIDEO:IMPRESSION,USD,22138,0,0,0,0
2026-06-16,US,adv_demo_001,SPONSORED_BRANDS,VIDEO,VIDEO,,TOP_OF_SEARCH,CLICK,CPC,SPONSORED_BRANDS:VIDEO:TOP_OF_SEARCH:VIDEO:CLICK,USD,0,154,212.52,8,742.56
2026-06-16,US,adv_demo_001,SPONSORED_DISPLAY,DISPLAY,IMAGE,,PRODUCT_PAGE,IMPRESSION,CPM,SPONSORED_DISPLAY:DISPLAY:PRODUCT_PAGE:IMAGE:IMPRESSION,USD,30679,0,0,0,0
2026-06-16,US,adv_demo_001,SPONSORED_DISPLAY,DISPLAY,IMAGE,,PRODUCT_PAGE,CLICK,CPC,SPONSORED_DISPLAY:DISPLAY:PRODUCT_PAGE:IMAGE:CLICK,USD,0,176,161.92,8,626.24
2026-06-16,US,adv_demo_001,SPONSORED_DISPLAY,DISPLAY,VIDEO,,PRODUCT_PAGE,IMPRESSION,CPM,SPONSORED_DISPLAY:DISPLAY:PRODUCT_PAGE:VIDEO:IMPRESSION,USD,19420,0,0,0,0
2026-06-16,US,adv_demo_001,SPONSORED_DISPLAY,VIDEO,VIDEO,,PRODUCT_PAGE,CLICK,CPC,SPONSORED_DISPLAY:VIDEO:PRODUCT_PAGE:VIDEO:CLICK,USD,0,125,147.5,6,554.4
2026-06-16,US,adv_demo_001,SPONSORED_PRODUCTS,PRODUCT_AD,,,PRODUCT_PAGE,CLICK,CPC,SPONSORED_PRODUCTS:PRODUCT_AD:PRODUCT_PAGE:UNSPECIFIED:CLICK,USD,0,370,325.6,28,1827.84
2026-06-16,US,adv_demo_001,SPONSORED_PRODUCTS,PRODUCT_AD,,,REST_OF_SEARCH,CLICK,CPC,SPONSORED_PRODUCTS:PRODUCT_AD:REST_OF_SEARCH:UNSPECIFIED:CLICK,USD,0,336,275.52,21,1324.05
2026-06-16,US,adv_demo_001,SPONSORED_PRODUCTS,PRODUCT_AD,,,TOP_OF_SEARCH,IMPRESSION,CPM,SPONSORED_PRODUCTS:PRODUCT_AD:TOP_OF_SEARCH:UNSPECIFIED:IMPRESSION,USD,42584,0,0,0,0
2026-06-16,US,adv_demo_001,SPONSORED_PRODUCTS,PRODUCT_AD,,,TOP_OF_SEARCH,CLICK,CPC,SPONSORED_PRODUCTS:PRODUCT_AD:TOP_OF_SEARCH:UNSPECIFIED:CLICK,USD,0,485,494.7,37,2610.72
2026-06-17,US,adv_demo_001,AMAZON_DSP,,,AUDIO,,IMPRESSION,CPM,AMAZON_DSP:AUDIO:UNSPECIFIED:UNSPECIFIED:IMPRESSION,USD,45869,0,825.64,0,0
2026-06-17,US,adv_demo_001,AMAZON_DSP,,IMAGE,DISPLAY,,IMPRESSION,CPM,AMAZON_DSP:DISPLAY:UNSPECIFIED:IMAGE:IMPRESSION,USD,55410,0,692.62,0,0
2026-06-17,US,adv_demo_001,AMAZON_DSP,,VIDEO,ONLINE_VIDEO,,IMPRESSION,CPM,AMAZON_DSP:ONLINE_VIDEO:UNSPECIFIED:VIDEO:IMPRESSION,USD,42951,0,859.02,0,0
2026-06-17,US,adv_demo_001,AMAZON_DSP,,VIDEO,STREAMING_TV,,IMPRESSION,CPM,AMAZON_DSP:STREAMING_TV:UNSPECIFIED:VIDEO:IMPRESSION,USD,51492,0,1441.78,0,0
2026-06-17,US,adv_demo_001,SPONSORED_BRANDS,COMPONENT,IMAGE,,TOP_OF_SEARCH,IMPRESSION,CPM,SPONSORED_BRANDS:COMPONENT:TOP_OF_SEARCH:IMAGE:IMPRESSION,USD,24033,0,0,0,0
2026-06-17,US,adv_demo_001,SPONSORED_BRANDS,COMPONENT,IMAGE,,TOP_OF_SEARCH,CLICK,CPC,SPONSORED_BRANDS:COMPONENT:TOP_OF_SEARCH:IMAGE:CLICK,USD,0,186,223.2,10,844.6
2026-06-17,US,adv_demo_001,SPONSORED_BRANDS,DISPLAY,IMAGE,,REST_OF_SEARCH,IMPRESSION,CPM,SPONSORED_BRANDS:DISPLAY:REST_OF_SEARCH:IMAGE:IMPRESSION,USD,27574,0,0,0,0
2026-06-17,US,adv_demo_001,SPONSORED_BRANDS,VIDEO,VIDEO,,TOP_OF_SEARCH,IMPRESSION,CPM,SPONSORED_BRANDS:VIDEO:TOP_OF_SEARCH:VIDEO:IMPRESSION,USD,16315,0,0,0,0
2026-06-17,US,adv_demo_001,SPONSORED_BRANDS,VIDEO,VIDEO,,TOP_OF_SEARCH,CLICK,CPC,SPONSORED_BRANDS:VIDEO:TOP_OF_SEARCH:VIDEO:CLICK,USD,0,115,158.7,6,573.3
2026-06-17,US,adv_demo_001,SPONSORED_DISPLAY,DISPLAY,IMAGE,,PRODUCT_PAGE,IMPRESSION,CPM,SPONSORED_DISPLAY:DISPLAY:PRODUCT_PAGE:IMAGE:IMPRESSION,USD,24856,0,0,0,0
2026-06-17,US,adv_demo_001,SPONSORED_DISPLAY,DISPLAY,IMAGE,,PRODUCT_PAGE,CLICK,CPC,SPONSORED_DISPLAY:DISPLAY:PRODUCT_PAGE:IMAGE:CLICK,USD,0,144,132.48,7,510.72
2026-06-17,US,adv_demo_001,SPONSORED_DISPLAY,DISPLAY,VIDEO,,PRODUCT_PAGE,IMPRESSION,CPM,SPONSORED_DISPLAY:DISPLAY:PRODUCT_PAGE:VIDEO:IMPRESSION,USD,20397,0,0,0,0
2026-06-17,US,adv_demo_001,SPONSORED_DISPLAY,VIDEO,VIDEO,,PRODUCT_PAGE,CLICK,CPC,SPONSORED_DISPLAY:VIDEO:PRODUCT_PAGE:VIDEO:CLICK,USD,0,133,156.94,6,517.44
2026-06-17,US,adv_demo_001,SPONSORED_PRODUCTS,PRODUCT_AD,,,PRODUCT_PAGE,CLICK,CPC,SPONSORED_PRODUCTS:PRODUCT_AD:PRODUCT_PAGE:UNSPECIFIED:CLICK,USD,0,350,308.0,24,1615.68
2026-06-17,US,adv_demo_001,SPONSORED_PRODUCTS,PRODUCT_AD,,,REST_OF_SEARCH,CLICK,CPC,SPONSORED_PRODUCTS:PRODUCT_AD:REST_OF_SEARCH:UNSPECIFIED:CLICK,USD,0,348,285.36,23,1495.0
2026-06-17,US,adv_demo_001,SPONSORED_PRODUCTS,PRODUCT_AD,,,TOP_OF_SEARCH,IMPRESSION,CPM,SPONSORED_PRODUCTS:PRODUCT_AD:TOP_OF_SEARCH:UNSPECIFIED:IMPRESSION,USD,43561,0,0,0,0
2026-06-17,US,adv_demo_001,SPONSORED_PRODUCTS,PRODUCT_AD,,,TOP_OF_SEARCH,CLICK,CPC,SPONSORED_PRODUCTS:PRODUCT_AD:TOP_OF_SEARCH:UNSPECIFIED:CLICK,USD,0,502,512.04,39,2836.08
2026-06-18,US,adv_demo_001,AMAZON_DSP,,,AUDIO,,IMPRESSION,CPM,AMAZON_DSP:AUDIO:UNSPECIFIED:UNSPECIFIED:IMPRESSION,USD,46846,0,843.23,0,0
2026-06-18,US,adv_demo_001,AMAZON_DSP,,IMAGE,DISPLAY,,IMPRESSION,CPM,AMAZON_DSP:DISPLAY:UNSPECIFIED:IMAGE:IMPRESSION,USD,56387,0,704.84,0,0
2026-06-18,US,adv_demo_001,AMAZON_DSP,,VIDEO,ONLINE_VIDEO,,IMPRESSION,CPM,AMAZON_DSP:ONLINE_VIDEO:UNSPECIFIED:VIDEO:IMPRESSION,USD,43928,0,878.56,0,0
2026-06-18,US,adv_demo_001,AMAZON_DSP,,VIDEO,STREAMING_TV,,IMPRESSION,CPM,AMAZON_DSP:STREAMING_TV:UNSPECIFIED:VIDEO:IMPRESSION,USD,52469,0,1469.13,0,0
2026-06-18,US,adv_demo_001,SPONSORED_BRANDS,COMPONENT,IMAGE,,TOP_OF_SEARCH,IMPRESSION,CPM,SPONSORED_BRANDS:COMPONENT:TOP_OF_SEARCH:IMAGE:IMPRESSION,USD,18210,0,0,0,0
2026-06-18,US,adv_demo_001,SPONSORED_BRANDS,COMPONENT,IMAGE,,TOP_OF_SEARCH,CLICK,CPC,SPONSORED_BRANDS:COMPONENT:TOP_OF_SEARCH:IMAGE:CLICK,USD,0,143,171.6,8,629.76
2026-06-18,US,adv_demo_001,SPONSORED_BRANDS,DISPLAY,IMAGE,,REST_OF_SEARCH,IMPRESSION,CPM,SPONSORED_BRANDS:DISPLAY:REST_OF_SEARCH:IMAGE:IMPRESSION,USD,21751,0,0,0,0
2026-06-18,US,adv_demo_001,SPONSORED_BRANDS,VIDEO,VIDEO,,TOP_OF_SEARCH,IMPRESSION,CPM,SPONSORED_BRANDS:VIDEO:TOP_OF_SEARCH:VIDEO:IMPRESSION,USD,17292,0,0,0,0
2026-06-18,US,adv_demo_001,SPONSORED_BRANDS,VIDEO,VIDEO,,TOP_OF_SEARCH,CLICK,CPC,SPONSORED_BRANDS:VIDEO:TOP_OF_SEARCH:VIDEO:CLICK,USD,0,123,169.74,6,535.08
2026-06-18,US,adv_demo_001,SPONSORED_DISPLAY,DISPLAY,IMAGE,,PRODUCT_PAGE,IMPRESSION,CPM,SPONSORED_DISPLAY:DISPLAY:PRODUCT_PAGE:IMAGE:IMPRESSION,USD,25833,0,0,0,0
2026-06-18,US,adv_demo_001,SPONSORED_DISPLAY,DISPLAY,IMAGE,,PRODUCT_PAGE,CLICK,CPC,SPONSORED_DISPLAY:DISPLAY:PRODUCT_PAGE:IMAGE:CLICK,USD,0,151,138.92,6,451.44
2026-06-18,US,adv_demo_001,SPONSORED_DISPLAY,DISPLAY,VIDEO,,PRODUCT_PAGE,IMPRESSION,CPM,SPONSORED_DISPLAY:DISPLAY:PRODUCT_PAGE:VIDEO:IMPRESSION,USD,21374,0,0,0,0
2026-06-18,US,adv_demo_001,SPONSORED_DISPLAY,VIDEO,VIDEO,,PRODUCT_PAGE,CLICK,CPC,SPONSORED_DISPLAY:VIDEO:PRODUCT_PAGE:VIDEO:CLICK,USD,0,129,152.22,6,533.28
2026-06-18,US,adv_demo_001,SPONSORED_PRODUCTS,PRODUCT_AD,,,PRODUCT_PAGE,CLICK,CPC,SPONSORED_PRODUCTS:PRODUCT_AD:PRODUCT_PAGE:UNSPECIFIED:CLICK,USD,0,364,320.32,26,1803.36
2026-06-18,US,adv_demo_001,SPONSORED_PRODUCTS,PRODUCT_AD,,,REST_OF_SEARCH,CLICK,CPC,SPONSORED_PRODUCTS:PRODUCT_AD:REST_OF_SEARCH:UNSPECIFIED:CLICK,USD,0,361,296.02,24,1606.8
2026-06-18,US,adv_demo_001,SPONSORED_PRODUCTS,PRODUCT_AD,,,TOP_OF_SEARCH,IMPRESSION,CPM,SPONSORED_PRODUCTS:PRODUCT_AD:TOP_OF_SEARCH:UNSPECIFIED:IMPRESSION,USD,44538,0,0,0,0
2026-06-18,US,adv_demo_001,SPONSORED_PRODUCTS,PRODUCT_AD,,,TOP_OF_SEARCH,CLICK,CPC,SPONSORED_PRODUCTS:PRODUCT_AD:TOP_OF_SEARCH:UNSPECIFIED:CLICK,USD,0,518,528.36,41,3070.08
2026-06-19,US,adv_demo_001,AMAZON_DSP,,,AUDIO,,IMPRESSION,CPM,AMAZON_DSP:AUDIO:UNSPECIFIED:UNSPECIFIED:IMPRESSION,USD,47823,0,860.81,0,0
2026-06-19,US,adv_demo_001,AMAZON_DSP,,IMAGE,DISPLAY,,IMPRESSION,CPM,AMAZON_DSP:DISPLAY:UNSPECIFIED:IMAGE:IMPRESSION,USD,57364,0,717.05,0,0
2026-06-19,US,adv_demo_001,AMAZON_DSP,,VIDEO,ONLINE_VIDEO,,IMPRESSION,CPM,AMAZON_DSP:ONLINE_VIDEO:UNSPECIFIED:VIDEO:IMPRESSION,USD,38105,0,762.1,0,0
2026-06-19,US,adv_demo_001,AMAZON_DSP,,VIDEO,STREAMING_TV,,IMPRESSION,CPM,AMAZON_DSP:STREAMING_TV:UNSPECIFIED:VIDEO:IMPRESSION,USD,46646,0,1306.09,0,0
2026-06-19,US,adv_demo_001,SPONSORED_BRANDS,COMPONENT,IMAGE,,TOP_OF_SEARCH,IMPRESSION,CPM,SPONSORED_BRANDS:COMPONENT:TOP_OF_SEARCH:IMAGE:IMPRESSION,USD,19187,0,0,0,0
2026-06-19,US,adv_demo_001,SPONSORED_BRANDS,COMPONENT,IMAGE,,TOP_OF_SEARCH,CLICK,CPC,SPONSORED_BRANDS:COMPONENT:TOP_OF_SEARCH:IMAGE:CLICK,USD,0,152,182.4,9,730.62
2026-06-19,US,adv_demo_001,SPONSORED_BRANDS,DISPLAY,IMAGE,,REST_OF_SEARCH,IMPRESSION,CPM,SPONSORED_BRANDS:DISPLAY:REST_OF_SEARCH:IMAGE:IMPRESSION,USD,22728,0,0,0,0
2026-06-19,US,adv_demo_001,SPONSORED_BRANDS,VIDEO,VIDEO,,TOP_OF_SEARCH,IMPRESSION,CPM,SPONSORED_BRANDS:VIDEO:TOP_OF_SEARCH:VIDEO:IMPRESSION,USD,18269,0,0,0,0
2026-06-19,US,adv_demo_001,SPONSORED_BRANDS,VIDEO,VIDEO,,TOP_OF_SEARCH,CLICK,CPC,SPONSORED_BRANDS:VIDEO:TOP_OF_SEARCH:VIDEO:CLICK,USD,0,131,180.78,6,551.46
2026-06-19,US,adv_demo_001,SPONSORED_DISPLAY,DISPLAY,IMAGE,,PRODUCT_PAGE,IMPRESSION,CPM,SPONSORED_DISPLAY:DISPLAY:PRODUCT_PAGE:IMAGE:IMPRESSION,USD,26810,0,0,0,0
2026-06-19,US,adv_demo_001,SPONSORED_DISPLAY,DISPLAY,IMAGE,,PRODUCT_PAGE,CLICK,CPC,SPONSORED_DISPLAY:DISPLAY:PRODUCT_PAGE:IMAGE:CLICK,USD,0,159,146.28,7,542.64
2026-06-19,US,adv_demo_001,SPONSORED_DISPLAY,DISPLAY,VIDEO,,PRODUCT_PAGE,IMPRESSION,CPM,SPONSORED_DISPLAY:DISPLAY:PRODUCT_PAGE:VIDEO:IMPRESSION,USD,22351,0,0,0,0
2026-06-19,US,adv_demo_001,SPONSORED_DISPLAY,VIDEO,VIDEO,,PRODUCT_PAGE,CLICK,CPC,SPONSORED_DISPLAY:VIDEO:PRODUCT_PAGE:VIDEO:CLICK,USD,0,137,161.66,6,549.12
2026-06-19,US,adv_demo_001,SPONSORED_PRODUCTS,PRODUCT_AD,,,PRODUCT_PAGE,CLICK,CPC,SPONSORED_PRODUCTS:PRODUCT_AD:PRODUCT_PAGE:UNSPECIFIED:CLICK,USD,0,377,331.76,27,1927.8
2026-06-19,US,adv_demo_001,SPONSORED_PRODUCTS,PRODUCT_AD,,,REST_OF_SEARCH,CLICK,CPC,SPONSORED_PRODUCTS:PRODUCT_AD:REST_OF_SEARCH:UNSPECIFIED:CLICK,USD,0,374,306.68,25,1560.0
2026-06-19,US,adv_demo_001,SPONSORED_PRODUCTS,PRODUCT_AD,,,TOP_OF_SEARCH,IMPRESSION,CPM,SPONSORED_PRODUCTS:PRODUCT_AD:TOP_OF_SEARCH:UNSPECIFIED:IMPRESSION,USD,45515,0,0,0,0
2026-06-19,US,adv_demo_001,SPONSORED_PRODUCTS,PRODUCT_AD,,,TOP_OF_SEARCH,CLICK,CPC,SPONSORED_PRODUCTS:PRODUCT_AD:TOP_OF_SEARCH:UNSPECIFIED:CLICK,USD,0,535,545.7,43,3003.12
2026-06-20,US,adv_demo_001,AMAZON_DSP,,,AUDIO,,IMPRESSION,CPM,AMAZON_DSP:AUDIO:UNSPECIFIED:UNSPECIFIED:IMPRESSION,USD,42000,0,756.0,0,0
2026-06-20,US,adv_demo_001,AMAZON_DSP,,IMAGE,DISPLAY,,IMPRESSION,CPM,AMAZON_DSP:DISPLAY:UNSPECIFIED:IMAGE:IMPRESSION,USD,51541,0,644.26,0,0
2026-06-20,US,adv_demo_001,AMAZON_DSP,,VIDEO,ONLINE_VIDEO,,IMPRESSION,CPM,AMAZON_DSP:ONLINE_VIDEO:UNSPECIFIED:VIDEO:IMPRESSION,USD,39082,0,781.64,0,0
2026-06-20,US,adv_demo_001,AMAZON_DSP,,VIDEO,STREAMING_TV,,IMPRESSION,CPM,AMAZON_DSP:STREAMING_TV:UNSPECIFIED:VIDEO:IMPRESSION,USD,47623,0,1333.44,0,0
2026-06-20,US,adv_demo_001,SPONSORED_BRANDS,COMPONENT,IMAGE,,TOP_OF_SEARCH,IMPRESSION,CPM,SPONSORED_BRANDS:COMPONENT:TOP_OF_SEARCH:IMAGE:IMPRESSION,USD,20164,0,0,0,0
2026-06-20,US,adv_demo_001,SPONSORED_BRANDS,COMPONENT,IMAGE,,TOP_OF_SEARCH,CLICK,CPC,SPONSORED_BRANDS:COMPONENT:TOP_OF_SEARCH:IMAGE:CLICK,USD,0,161,193.2,8,669.12
2026-06-20,US,adv_demo_001,SPONSORED_BRANDS,DISPLAY,IMAGE,,REST_OF_SEARCH,IMPRESSION,CPM,SPONSORED_BRANDS:DISPLAY:REST_OF_SEARCH:IMAGE:IMPRESSION,USD,23705,0,0,0,0
2026-06-20,US,adv_demo_001,SPONSORED_BRANDS,VIDEO,VIDEO,,TOP_OF_SEARCH,IMPRESSION,CPM,SPONSORED_BRANDS:VIDEO:TOP_OF_SEARCH:VIDEO:IMPRESSION,USD,19246,0,0,0,0
2026-06-20,US,adv_demo_001,SPONSORED_BRANDS,VIDEO,VIDEO,,TOP_OF_SEARCH,CLICK,CPC,SPONSORED_BRANDS:VIDEO:TOP_OF_SEARCH:VIDEO:CLICK,USD,0,139,191.82,7,662.48
2026-06-20,US,adv_demo_001,SPONSORED_DISPLAY,DISPLAY,IMAGE,,PRODUCT_PAGE,IMPRESSION,CPM,SPONSORED_DISPLAY:DISPLAY:PRODUCT_PAGE:IMAGE:IMPRESSION,USD,27787,0,0,0,0
2026-06-20,US,adv_demo_001,SPONSORED_DISPLAY,DISPLAY,IMAGE,,PRODUCT_PAGE,CLICK,CPC,SPONSORED_DISPLAY:DISPLAY:PRODUCT_PAGE:IMAGE:CLICK,USD,0,151,138.92,7,558.6
2026-06-20,US,adv_demo_001,SPONSORED_DISPLAY,DISPLAY,VIDEO,,PRODUCT_PAGE,IMPRESSION,CPM,SPONSORED_DISPLAY:DISPLAY:PRODUCT_PAGE:VIDEO:IMPRESSION,USD,23328,0,0,0,0
2026-06-20,US,adv_demo_001,SPONSORED_DISPLAY,VIDEO,VIDEO,,PRODUCT_PAGE,CLICK,CPC,SPONSORED_DISPLAY:VIDEO:PRODUCT_PAGE:VIDEO:CLICK,USD,0,145,171.1,7,597.52
2026-06-20,US,adv_demo_001,SPONSORED_PRODUCTS,PRODUCT_AD,,,PRODUCT_PAGE,CLICK,CPC,SPONSORED_PRODUCTS:PRODUCT_AD:PRODUCT_PAGE:UNSPECIFIED:CLICK,USD,0,391,344.08,29,1932.56
2026-06-20,US,adv_demo_001,SPONSORED_PRODUCTS,PRODUCT_AD,,,REST_OF_SEARCH,CLICK,CPC,SPONSORED_PRODUCTS:PRODUCT_AD:REST_OF_SEARCH:UNSPECIFIED:CLICK,USD,0,386,316.52,27,1737.45
2026-06-20,US,adv_demo_001,SPONSORED_PRODUCTS,PRODUCT_AD,,,TOP_OF_SEARCH,IMPRESSION,CPM,SPONSORED_PRODUCTS:PRODUCT_AD:TOP_OF_SEARCH:UNSPECIFIED:IMPRESSION,USD,46492,0,0,0,0
2026-06-20,US,adv_demo_001,SPONSORED_PRODUCTS,PRODUCT_AD,,,TOP_OF_SEARCH,CLICK,CPC,SPONSORED_PRODUCTS:PRODUCT_AD:TOP_OF_SEARCH:UNSPECIFIED:CLICK,USD,0,552,563.04,46,3312.0
2026-06-21,US,adv_demo_001,AMAZON_DSP,,,AUDIO,,IMPRESSION,CPM,AMAZON_DSP:AUDIO:UNSPECIFIED:UNSPECIFIED:IMPRESSION,USD,42977,0,773.59,0,0
2026-06-21,US,adv_demo_001,AMAZON_DSP,,IMAGE,DISPLAY,,IMPRESSION,CPM,AMAZON_DSP:DISPLAY:UNSPECIFIED:IMAGE:IMPRESSION,USD,52518,0,656.48,0,0
2026-06-21,US,adv_demo_001,AMAZON_DSP,,VIDEO,ONLINE_VIDEO,,IMPRESSION,CPM,AMAZON_DSP:ONLINE_VIDEO:UNSPECIFIED:VIDEO:IMPRESSION,USD,40059,0,801.18,0,0
2026-06-21,US,adv_demo_001,AMAZON_DSP,,VIDEO,STREAMING_TV,,IMPRESSION,CPM,AMAZON_DSP:STREAMING_TV:UNSPECIFIED:VIDEO:IMPRESSION,USD,48600,0,1360.8,0,0
2026-06-21,US,adv_demo_001,SPONSORED_BRANDS,COMPONENT,IMAGE,,TOP_OF_SEARCH,IMPRESSION,CPM,SPONSORED_BRANDS:COMPONENT:TOP_OF_SEARCH:IMAGE:IMPRESSION,USD,21141,0,0,0,0
2026-06-21,US,adv_demo_001,SPONSORED_BRANDS,COMPONENT,IMAGE,,TOP_OF_SEARCH,CLICK,CPC,SPONSORED_BRANDS:COMPONENT:TOP_OF_SEARCH:IMAGE:CLICK,USD,0,171,205.2,9,774.9
2026-06-21,US,adv_demo_001,SPONSORED_BRANDS,DISPLAY,IMAGE,,REST_OF_SEARCH,IMPRESSION,CPM,SPONSORED_BRANDS:DISPLAY:REST_OF_SEARCH:IMAGE:IMPRESSION,USD,24682,0,0,0,0
2026-06-21,US,adv_demo_001,SPONSORED_BRANDS,VIDEO,VIDEO,,TOP_OF_SEARCH,IMPRESSION,CPM,SPONSORED_BRANDS:VIDEO:TOP_OF_SEARCH:VIDEO:IMPRESSION,USD,20223,0,0,0,0
2026-06-21,US,adv_demo_001,SPONSORED_BRANDS,VIDEO,VIDEO,,TOP_OF_SEARCH,CLICK,CPC,SPONSORED_BRANDS:VIDEO:TOP_OF_SEARCH:VIDEO:CLICK,USD,0,135,186.3,7,617.89
2026-06-21,US,adv_demo_001,SPONSORED_DISPLAY,DISPLAY,IMAGE,,PRODUCT_PAGE,IMPRESSION,CPM,SPONSORED_DISPLAY:DISPLAY:PRODUCT_PAGE:IMAGE:IMPRESSION,USD,28764,0,0,0,0
2026-06-21,US,adv_demo_001,SPONSORED_DISPLAY,DISPLAY,IMAGE,,PRODUCT_PAGE,CLICK,CPC,SPONSORED_DISPLAY:DISPLAY:PRODUCT_PAGE:IMAGE:CLICK,USD,0,158,145.36,7,521.36
2026-06-21,US,adv_demo_001,SPONSORED_DISPLAY,DISPLAY,VIDEO,,PRODUCT_PAGE,IMPRESSION,CPM,SPONSORED_DISPLAY:DISPLAY:PRODUCT_PAGE:VIDEO:IMPRESSION,USD,24305,0,0,0,0
2026-06-21,US,adv_demo_001,SPONSORED_DISPLAY,VIDEO,VIDEO,,PRODUCT_PAGE,CLICK,CPC,SPONSORED_DISPLAY:VIDEO:PRODUCT_PAGE:VIDEO:CLICK,USD,0,153,180.54,7,616.0
2026-06-21,US,adv_demo_001,SPONSORED_PRODUCTS,PRODUCT_AD,,,PRODUCT_PAGE,CLICK,CPC,SPONSORED_PRODUCTS:PRODUCT_AD:PRODUCT_PAGE:UNSPECIFIED:CLICK,USD,0,405,356.4,31,2129.08
2026-06-21,US,adv_demo_001,SPONSORED_PRODUCTS,PRODUCT_AD,,,REST_OF_SEARCH,CLICK,CPC,SPONSORED_PRODUCTS:PRODUCT_AD:REST_OF_SEARCH:UNSPECIFIED:CLICK,USD,0,336,275.52,24,1591.2
2026-06-21,US,adv_demo_001,SPONSORED_PRODUCTS,PRODUCT_AD,,,TOP_OF_SEARCH,IMPRESSION,CPM,SPONSORED_PRODUCTS:PRODUCT_AD:TOP_OF_SEARCH:UNSPECIFIED:IMPRESSION,USD,40669,0,0,0,0
2026-06-21,US,adv_demo_001,SPONSORED_PRODUCTS,PRODUCT_AD,,,TOP_OF_SEARCH,CLICK,CPC,SPONSORED_PRODUCTS:PRODUCT_AD:TOP_OF_SEARCH:UNSPECIFIED:CLICK,USD,0,488,497.76,37,2743.92
2026-06-22,US,adv_demo_001,AMAZON_DSP,,,AUDIO,,IMPRESSION,CPM,AMAZON_DSP:AUDIO:UNSPECIFIED:UNSPECIFIED:IMPRESSION,USD,43954,0,791.17,0,0
2026-06-22,US,adv_demo_001,AMAZON_DSP,,IMAGE,DISPLAY,,IMPRESSION,CPM,AMAZON_DSP:DISPLAY:UNSPECIFIED:IMAGE:IMPRESSION,USD,53495,0,668.69,0,0
2026-06-22,US,adv_demo_001,AMAZON_DSP,,VIDEO,ONLINE_VIDEO,,IMPRESSION,CPM,AMAZON_DSP:ONLINE_VIDEO:UNSPECIFIED:VIDEO:IMPRESSION,USD,41036,0,820.72,0,0
2026-06-22,US,adv_demo_001,AMAZON_DSP,,VIDEO,STREAMING_TV,,IMPRESSION,CPM,AMAZON_DSP:STREAMING_TV:UNSPECIFIED:VIDEO:IMPRESSION,USD,49577,0,1388.16,0,0
2026-06-22,US,adv_demo_001,SPONSORED_BRANDS,COMPONENT,IMAGE,,TOP_OF_SEARCH,IMPRESSION,CPM,SPONSORED_BRANDS:COMPONENT:TOP_OF_SEARCH:IMAGE:IMPRESSION,USD,22118,0,0,0,0
2026-06-22,US,adv_demo_001,SPONSORED_BRANDS,COMPONENT,IMAGE,,TOP_OF_SEARCH,CLICK,CPC,SPONSORED_BRANDS:COMPONENT:TOP_OF_SEARCH:IMAGE:CLICK,USD,0,180,216.0,10,803.6
2026-06-22,US,adv_demo_001,SPONSORED_BRANDS,DISPLAY,IMAGE,,REST_OF_SEARCH,IMPRESSION,CPM,SPONSORED_BRANDS:DISPLAY:REST_OF_SEARCH:IMAGE:IMPRESSION,USD,25659,0,0,0,0
2026-06-22,US,adv_demo_001,SPONSORED_BRANDS,VIDEO,VIDEO,,TOP_OF_SEARCH,IMPRESSION,CPM,SPONSORED_BRANDS:VIDEO:TOP_OF_SEARCH:VIDEO:IMPRESSION,USD,21200,0,0,0,0
2026-06-22,US,adv_demo_001,SPONSORED_BRANDS,VIDEO,VIDEO,,TOP_OF_SEARCH,CLICK,CPC,SPONSORED_BRANDS:VIDEO:TOP_OF_SEARCH:VIDEO:CLICK,USD,0,143,197.34,7,637.0
2026-06-22,US,adv_demo_001,SPONSORED_DISPLAY,DISPLAY,IMAGE,,PRODUCT_PAGE,IMPRESSION,CPM,SPONSORED_DISPLAY:DISPLAY:PRODUCT_PAGE:IMAGE:IMPRESSION,USD,29741,0,0,0,0
2026-06-22,US,adv_demo_001,SPONSORED_DISPLAY,DISPLAY,IMAGE,,PRODUCT_PAGE,CLICK,CPC,SPONSORED_DISPLAY:DISPLAY:PRODUCT_PAGE:IMAGE:CLICK,USD,0,166,152.72,7,537.32
2026-06-22,US,adv_demo_001,SPONSORED_DISPLAY,DISPLAY,VIDEO,,PRODUCT_PAGE,IMPRESSION,CPM,SPONSORED_DISPLAY:DISPLAY:PRODUCT_PAGE:VIDEO:IMPRESSION,USD,25282,0,0,0,0
2026-06-22,US,adv_demo_001,SPONSORED_DISPLAY,VIDEO,VIDEO,,PRODUCT_PAGE,CLICK,CPC,SPONSORED_DISPLAY:VIDEO:PRODUCT_PAGE:VIDEO:CLICK,USD,0,115,135.7,6,543.84
2026-06-22,US,adv_demo_001,SPONSORED_PRODUCTS,PRODUCT_AD,,,PRODUCT_PAGE,CLICK,CPC,SPONSORED_PRODUCTS:PRODUCT_AD:PRODUCT_PAGE:UNSPECIFIED:CLICK,USD,0,349,307.12,24,1697.28
2026-06-22,US,adv_demo_001,SPONSORED_PRODUCTS,PRODUCT_AD,,,REST_OF_SEARCH,CLICK,CPC,SPONSORED_PRODUCTS:PRODUCT_AD:REST_OF_SEARCH:UNSPECIFIED:CLICK,USD,0,349,286.18,22,1501.5
2026-06-22,US,adv_demo_001,SPONSORED_PRODUCTS,PRODUCT_AD,,,TOP_OF_SEARCH,IMPRESSION,CPM,SPONSORED_PRODUCTS:PRODUCT_AD:TOP_OF_SEARCH:UNSPECIFIED:IMPRESSION,USD,41646,0,0,0,0
2026-06-22,US,adv_demo_001,SPONSORED_PRODUCTS,PRODUCT_AD,,,TOP_OF_SEARCH,CLICK,CPC,SPONSORED_PRODUCTS:PRODUCT_AD:TOP_OF_SEARCH:UNSPECIFIED:CLICK,USD,0,505,515.1,39,2695.68
2026-06-23,US,adv_demo_001,AMAZON_DSP,,,AUDIO,,IMPRESSION,CPM,AMAZON_DSP:AUDIO:UNSPECIFIED:UNSPECIFIED:IMPRESSION,USD,44931,0,808.76,0,0
2026-06-23,US,adv_demo_001,AMAZON_DSP,,IMAGE,DISPLAY,,IMPRESSION,CPM,AMAZON_DSP:DISPLAY:UNSPECIFIED:IMAGE:IMPRESSION,USD,54472,0,680.9,0,0
2026-06-23,US,adv_demo_001,AMAZON_DSP,,VIDEO,ONLINE_VIDEO,,IMPRESSION,CPM,AMAZON_DSP:ONLINE_VIDEO:UNSPECIFIED:VIDEO:IMPRESSION,USD,42013,0,840.26,0,0
2026-06-23,US,adv_demo_001,AMAZON_DSP,,VIDEO,STREAMING_TV,,IMPRESSION,CPM,AMAZON_DSP:STREAMING_TV:UNSPECIFIED:VIDEO:IMPRESSION,USD,50554,0,1415.51,0,0
2026-06-23,US,adv_demo_001,SPONSORED_BRANDS,COMPONENT,IMAGE,,TOP_OF_SEARCH,IMPRESSION,CPM,SPONSORED_BRANDS:COMPONENT:TOP_OF_SEARCH:IMAGE:IMPRESSION,USD,23095,0,0,0,0
2026-06-23,US,adv_demo_001,SPONSORED_BRANDS,COMPONENT,IMAGE,,TOP_OF_SEARCH,CLICK,CPC,SPONSORED_BRANDS:COMPONENT:TOP_OF_SEARCH:IMAGE:CLICK,USD,0,174,208.8,9,745.38
2026-06-23,US,adv_demo_001,SPONSORED_BRANDS,DISPLAY,IMAGE,,REST_OF_SEARCH,IMPRESSION,CPM,SPONSORED_BRANDS:DISPLAY:REST_OF_SEARCH:IMAGE:IMPRESSION,USD,26636,0,0,0,0
2026-06-23,US,adv_demo_001,SPONSORED_BRANDS,VIDEO,VIDEO,,TOP_OF_SEARCH,IMPRESSION,CPM,SPONSORED_BRANDS:VIDEO:TOP_OF_SEARCH:VIDEO:IMPRESSION,USD,22177,0,0,0,0
2026-06-23,US,adv_demo_001,SPONSORED_BRANDS,VIDEO,VIDEO,,TOP_OF_SEARCH,CLICK,CPC,SPONSORED_BRANDS:VIDEO:TOP_OF_SEARCH:VIDEO:CLICK,USD,0,151,208.38,8,749.84
2026-06-23,US,adv_demo_001,SPONSORED_DISPLAY,DISPLAY,IMAGE,,PRODUCT_PAGE,IMPRESSION,CPM,SPONSORED_DISPLAY:DISPLAY:PRODUCT_PAGE:IMAGE:IMPRESSION,USD,30718,0,0,0,0
2026-06-23,US,adv_demo_001,SPONSORED_DISPLAY,DISPLAY,IMAGE,,PRODUCT_PAGE,CLICK,CPC,SPONSORED_DISPLAY:DISPLAY:PRODUCT_PAGE:IMAGE:CLICK,USD,0,173,159.16,8,632.32
2026-06-23,US,adv_demo_001,SPONSORED_DISPLAY,DISPLAY,VIDEO,,PRODUCT_PAGE,IMPRESSION,CPM,SPONSORED_DISPLAY:DISPLAY:PRODUCT_PAGE:VIDEO:IMPRESSION,USD,19459,0,0,0,0
2026-06-23,US,adv_demo_001,SPONSORED_DISPLAY,VIDEO,VIDEO,,PRODUCT_PAGE,CLICK,CPC,SPONSORED_DISPLAY:VIDEO:PRODUCT_PAGE:VIDEO:CLICK,USD,0,123,145.14,6,506.88
2026-06-23,US,adv_demo_001,SPONSORED_PRODUCTS,PRODUCT_AD,,,PRODUCT_PAGE,CLICK,CPC,SPONSORED_PRODUCTS:PRODUCT_AD:PRODUCT_PAGE:UNSPECIFIED:CLICK,USD,0,363,319.44,26,1714.96
2026-06-23,US,adv_demo_001,SPONSORED_PRODUCTS,PRODUCT_AD,,,REST_OF_SEARCH,CLICK,CPC,SPONSORED_PRODUCTS:PRODUCT_AD:REST_OF_SEARCH:UNSPECIFIED:CLICK,USD,0,362,296.84,24,1528.8
2026-06-23,US,adv_demo_001,SPONSORED_PRODUCTS,PRODUCT_AD,,,TOP_OF_SEARCH,IMPRESSION,CPM,SPONSORED_PRODUCTS:PRODUCT_AD:TOP_OF_SEARCH:UNSPECIFIED:IMPRESSION,USD,42623,0,0,0,0
2026-06-23,US,adv_demo_001,SPONSORED_PRODUCTS,PRODUCT_AD,,,TOP_OF_SEARCH,CLICK,CPC,SPONSORED_PRODUCTS:PRODUCT_AD:TOP_OF_SEARCH:UNSPECIFIED:CLICK,USD,0,522,532.44,41,2922.48
2026-06-24,US,adv_demo_001,AMAZON_DSP,,,AUDIO,,IMPRESSION,CPM,AMAZON_DSP:AUDIO:UNSPECIFIED:UNSPECIFIED:IMPRESSION,USD,45908,0,826.34,0,0
2026-06-24,US,adv_demo_001,AMAZON_DSP,,IMAGE,DISPLAY,,IMPRESSION,CPM,AMAZON_DSP:DISPLAY:UNSPECIFIED:IMAGE:IMPRESSION,USD,55449,0,693.11,0,0
2026-06-24,US,adv_demo_001,AMAZON_DSP,,VIDEO,ONLINE_VIDEO,,IMPRESSION,CPM,AMAZON_DSP:ONLINE_VIDEO:UNSPECIFIED:VIDEO:IMPRESSION,USD,42990,0,859.8,0,0
2026-06-24,US,adv_demo_001,AMAZON_DSP,,VIDEO,STREAMING_TV,,IMPRESSION,CPM,AMAZON_DSP:STREAMING_TV:UNSPECIFIED:VIDEO:IMPRESSION,USD,51531,0,1442.87,0,0
2026-06-24,US,adv_demo_001,SPONSORED_BRANDS,COMPONENT,IMAGE,,TOP_OF_SEARCH,IMPRESSION,CPM,SPONSORED_BRANDS:COMPONENT:TOP_OF_SEARCH:IMAGE:IMPRESSION,USD,24072,0,0,0,0
2026-06-24,US,adv_demo_001,SPONSORED_BRANDS,COMPONENT,IMAGE,,TOP_OF_SEARCH,CLICK,CPC,SPONSORED_BRANDS:COMPONENT:TOP_OF_SEARCH:IMAGE:CLICK,USD,0,183,219.6,10,852.8
2026-06-24,US,adv_demo_001,SPONSORED_BRANDS,DISPLAY,IMAGE,,REST_OF_SEARCH,IMPRESSION,CPM,SPONSORED_BRANDS:DISPLAY:REST_OF_SEARCH:IMAGE:IMPRESSION,USD,27613,0,0,0,0
2026-06-24,US,adv_demo_001,SPONSORED_BRANDS,VIDEO,VIDEO,,TOP_OF_SEARCH,IMPRESSION,CPM,SPONSORED_BRANDS:VIDEO:TOP_OF_SEARCH:VIDEO:IMPRESSION,USD,16354,0,0,0,0
2026-06-24,US,adv_demo_001,SPONSORED_BRANDS,VIDEO,VIDEO,,TOP_OF_SEARCH,CLICK,CPC,SPONSORED_BRANDS:VIDEO:TOP_OF_SEARCH:VIDEO:CLICK,USD,0,113,155.94,5,436.8
2026-06-24,US,adv_demo_001,SPONSORED_DISPLAY,DISPLAY,IMAGE,,PRODUCT_PAGE,IMPRESSION,CPM,SPONSORED_DISPLAY:DISPLAY:PRODUCT_PAGE:IMAGE:IMPRESSION,USD,24895,0,0,0,0
2026-06-24,US,adv_demo_001,SPONSORED_DISPLAY,DISPLAY,IMAGE,,PRODUCT_PAGE,CLICK,CPC,SPONSORED_DISPLAY:DISPLAY:PRODUCT_PAGE:IMAGE:CLICK,USD,0,142,130.64,6,442.32
2026-06-24,US,adv_demo_001,SPONSORED_DISPLAY,DISPLAY,VIDEO,,PRODUCT_PAGE,IMPRESSION,CPM,SPONSORED_DISPLAY:DISPLAY:PRODUCT_PAGE:VIDEO:IMPRESSION,USD,20436,0,0,0,0
2026-06-24,US,adv_demo_001,SPONSORED_DISPLAY,VIDEO,VIDEO,,PRODUCT_PAGE,CLICK,CPC,SPONSORED_DISPLAY:VIDEO:PRODUCT_PAGE:VIDEO:CLICK,USD,0,131,154.58,6,522.72
2026-06-24,US,adv_demo_001,SPONSORED_PRODUCTS,PRODUCT_AD,,,PRODUCT_PAGE,CLICK,CPC,SPONSORED_PRODUCTS:PRODUCT_AD:PRODUCT_PAGE:UNSPECIFIED:CLICK,USD,0,377,331.76,27,1836.0
2026-06-24,US,adv_demo_001,SPONSORED_PRODUCTS,PRODUCT_AD,,,REST_OF_SEARCH,CLICK,CPC,SPONSORED_PRODUCTS:PRODUCT_AD:REST_OF_SEARCH:UNSPECIFIED:CLICK,USD,0,374,306.68,25,1641.25
2026-06-24,US,adv_demo_001,SPONSORED_PRODUCTS,PRODUCT_AD,,,TOP_OF_SEARCH,IMPRESSION,CPM,SPONSORED_PRODUCTS:PRODUCT_AD:TOP_OF_SEARCH:UNSPECIFIED:IMPRESSION,USD,43600,0,0,0,0
2026-06-24,US,adv_demo_001,SPONSORED_PRODUCTS,PRODUCT_AD,,,TOP_OF_SEARCH,CLICK,CPC,SPONSORED_PRODUCTS:PRODUCT_AD:TOP_OF_SEARCH:UNSPECIFIED:CLICK,USD,0,492,501.84,40,2937.6
2026-06-25,US,adv_demo_001,AMAZON_DSP,,,AUDIO,,IMPRESSION,CPM,AMAZON_DSP:AUDIO:UNSPECIFIED:UNSPECIFIED:IMPRESSION,USD,46885,0,843.93,0,0
2026-06-25,US,adv_demo_001,AMAZON_DSP,,IMAGE,DISPLAY,,IMPRESSION,CPM,AMAZON_DSP:DISPLAY:UNSPECIFIED:IMAGE:IMPRESSION,USD,56426,0,705.33,0,0
2026-06-25,US,adv_demo_001,AMAZON_DSP,,VIDEO,ONLINE_VIDEO,,IMPRESSION,CPM,AMAZON_DSP:ONLINE_VIDEO:UNSPECIFIED:VIDEO:IMPRESSION,USD,43967,0,879.34,0,0
2026-06-25,US,adv_demo_001,AMAZON_DSP,,VIDEO,STREAMING_TV,,IMPRESSION,CPM,AMAZON_DSP:STREAMING_TV:UNSPECIFIED:VIDEO:IMPRESSION,USD,52508,0,1470.22,0,0
2026-06-25,US,adv_demo_001,SPONSORED_BRANDS,COMPONENT,IMAGE,,TOP_OF_SEARCH,IMPRESSION,CPM,SPONSORED_BRANDS:COMPONENT:TOP_OF_SEARCH:IMAGE:IMPRESSION,USD,18249,0,0,0,0
2026-06-25,US,adv_demo_001,SPONSORED_BRANDS,COMPONENT,IMAGE,,TOP_OF_SEARCH,CLICK,CPC,SPONSORED_BRANDS:COMPONENT:TOP_OF_SEARCH:IMAGE:CLICK,USD,0,140,168.0,7,556.78
2026-06-25,US,adv_demo_001,SPONSORED_BRANDS,DISPLAY,IMAGE,,REST_OF_SEARCH,IMPRESSION,CPM,SPONSORED_BRANDS:DISPLAY:REST_OF_SEARCH:IMAGE:IMPRESSION,USD,21790,0,0,0,0
2026-06-25,US,adv_demo_001,SPONSORED_BRANDS,VIDEO,VIDEO,,TOP_OF_SEARCH,IMPRESSION,CPM,SPONSORED_BRANDS:VIDEO:TOP_OF_SEARCH:VIDEO:IMPRESSION,USD,17331,0,0,0,0
2026-06-25,US,adv_demo_001,SPONSORED_BRANDS,VIDEO,VIDEO,,TOP_OF_SEARCH,CLICK,CPC,SPONSORED_BRANDS:VIDEO:TOP_OF_SEARCH:VIDEO:CLICK,USD,0,121,166.98,6,540.54
2026-06-25,US,adv_demo_001,SPONSORED_DISPLAY,DISPLAY,IMAGE,,PRODUCT_PAGE,IMPRESSION,CPM,SPONSORED_DISPLAY:DISPLAY:PRODUCT_PAGE:IMAGE:IMPRESSION,USD,25872,0,0,0,0
2026-06-25,US,adv_demo_001,SPONSORED_DISPLAY,DISPLAY,IMAGE,,PRODUCT_PAGE,CLICK,CPC,SPONSORED_DISPLAY:DISPLAY:PRODUCT_PAGE:IMAGE:CLICK,USD,0,149,137.08,6,456.0
2026-06-25,US,adv_demo_001,SPONSORED_DISPLAY,DISPLAY,VIDEO,,PRODUCT_PAGE,IMPRESSION,CPM,SPONSORED_DISPLAY:DISPLAY:PRODUCT_PAGE:VIDEO:IMPRESSION,USD,21413,0,0,0,0
2026-06-25,US,adv_demo_001,SPONSORED_DISPLAY,VIDEO,VIDEO,,PRODUCT_PAGE,CLICK,CPC,SPONSORED_DISPLAY:VIDEO:PRODUCT_PAGE:VIDEO:CLICK,USD,0,139,164.02,7,628.32
2026-06-25,US,adv_demo_001,SPONSORED_PRODUCTS,PRODUCT_AD,,,PRODUCT_PAGE,CLICK,CPC,SPONSORED_PRODUCTS:PRODUCT_AD:PRODUCT_PAGE:UNSPECIFIED:CLICK,USD,0,391,344.08,29,2031.16
2026-06-25,US,adv_demo_001,SPONSORED_PRODUCTS,PRODUCT_AD,,,REST_OF_SEARCH,CLICK,CPC,SPONSORED_PRODUCTS:PRODUCT_AD:REST_OF_SEARCH:UNSPECIFIED:CLICK,USD,0,354,290.28,24,1622.4
2026-06-25,US,adv_demo_001,SPONSORED_PRODUCTS,PRODUCT_AD,,,TOP_OF_SEARCH,IMPRESSION,CPM,SPONSORED_PRODUCTS:PRODUCT_AD:TOP_OF_SEARCH:UNSPECIFIED:IMPRESSION,USD,44577,0,0,0,0
2026-06-25,US,adv_demo_001,SPONSORED_PRODUCTS,PRODUCT_AD,,,TOP_OF_SEARCH,CLICK,CPC,SPONSORED_PRODUCTS:PRODUCT_AD:TOP_OF_SEARCH:UNSPECIFIED:CLICK,USD,0,508,518.16,42,3175.2
2026-06-26,US,adv_demo_001,AMAZON_DSP,,,AUDIO,,IMPRESSION,CPM,AMAZON_DSP:AUDIO:UNSPECIFIED:UNSPECIFIED:IMPRESSION,USD,47862,0,861.52,0,0
2026-06-26,US,adv_demo_001,AMAZON_DSP,,IMAGE,DISPLAY,,IMPRESSION,CPM,AMAZON_DSP:DISPLAY:UNSPECIFIED:IMAGE:IMPRESSION,USD,57403,0,717.54,0,0
2026-06-26,US,adv_demo_001,AMAZON_DSP,,VIDEO,ONLINE_VIDEO,,IMPRESSION,CPM,AMAZON_DSP:ONLINE_VIDEO:UNSPECIFIED:VIDEO:IMPRESSION,USD,38144,0,762.88,0,0
2026-06-26,US,adv_demo_001,AMAZON_DSP,,VIDEO,STREAMING_TV,,IMPRESSION,CPM,AMAZON_DSP:STREAMING_TV:UNSPECIFIED:VIDEO:IMPRESSION,USD,46685,0,1307.18,0,0
2026-06-26,US,adv_demo_001,SPONSORED_BRANDS,COMPONENT,IMAGE,,TOP_OF_SEARCH,IMPRESSION,CPM,SPONSORED_BRANDS:COMPONENT:TOP_OF_SEARCH:IMAGE:IMPRESSION,USD,19226,0,0,0,0
2026-06-26,US,adv_demo_001,SPONSORED_BRANDS,COMPONENT,IMAGE,,TOP_OF_SEARCH,CLICK,CPC,SPONSORED_BRANDS:COMPONENT:TOP_OF_SEARCH:IMAGE:CLICK,USD,0,149,178.8,8,656.0
2026-06-26,US,adv_demo_001,SPONSORED_BRANDS,DISPLAY,IMAGE,,REST_OF_SEARCH,IMPRESSION,CPM,SPONSORED_BRANDS:DISPLAY:REST_OF_SEARCH:IMAGE:IMPRESSION,USD,22767,0,0,0,0
2026-06-26,US,adv_demo_001,SPONSORED_BRANDS,VIDEO,VIDEO,,TOP_OF_SEARCH,IMPRESSION,CPM,SPONSORED_BRANDS:VIDEO:TOP_OF_SEARCH:VIDEO:IMPRESSION,USD,18308,0,0,0,0
2026-06-26,US,adv_demo_001,SPONSORED_BRANDS,VIDEO,VIDEO,,TOP_OF_SEARCH,CLICK,CPC,SPONSORED_BRANDS:VIDEO:TOP_OF_SEARCH:VIDEO:CLICK,USD,0,129,178.02,6,556.92
2026-06-26,US,adv_demo_001,SPONSORED_DISPLAY,DISPLAY,IMAGE,,PRODUCT_PAGE,IMPRESSION,CPM,SPONSORED_DISPLAY:DISPLAY:PRODUCT_PAGE:IMAGE:IMPRESSION,USD,26849,0,0,0,0
2026-06-26,US,adv_demo_001,SPONSORED_DISPLAY,DISPLAY,IMAGE,,PRODUCT_PAGE,CLICK,CPC,SPONSORED_DISPLAY:DISPLAY:PRODUCT_PAGE:IMAGE:CLICK,USD,0,156,143.52,7,547.96
2026-06-26,US,adv_demo_001,SPONSORED_DISPLAY,DISPLAY,VIDEO,,PRODUCT_PAGE,IMPRESSION,CPM,SPONSORED_DISPLAY:DISPLAY:PRODUCT_PAGE:VIDEO:IMPRESSION,USD,22390,0,0,0,0
2026-06-26,US,adv_demo_001,SPONSORED_DISPLAY,VIDEO,VIDEO,,PRODUCT_PAGE,CLICK,CPC,SPONSORED_DISPLAY:VIDEO:PRODUCT_PAGE:VIDEO:CLICK,USD,0,147,173.46,7,646.8
2026-06-26,US,adv_demo_001,SPONSORED_PRODUCTS,PRODUCT_AD,,,PRODUCT_PAGE,CLICK,CPC,SPONSORED_PRODUCTS:PRODUCT_AD:PRODUCT_PAGE:UNSPECIFIED:CLICK,USD,0,370,325.6,28,1827.84
2026-06-26,US,adv_demo_001,SPONSORED_PRODUCTS,PRODUCT_AD,,,REST_OF_SEARCH,CLICK,CPC,SPONSORED_PRODUCTS:PRODUCT_AD:REST_OF_SEARCH:UNSPECIFIED:CLICK,USD,0,366,300.12,26,1639.3
2026-06-26,US,adv_demo_001,SPONSORED_PRODUCTS,PRODUCT_AD,,,TOP_OF_SEARCH,IMPRESSION,CPM,SPONSORED_PRODUCTS:PRODUCT_AD:TOP_OF_SEARCH:UNSPECIFIED:IMPRESSION,USD,45554,0,0,0,0
2026-06-26,US,adv_demo_001,SPONSORED_PRODUCTS,PRODUCT_AD,,,TOP_OF_SEARCH,CLICK,CPC,SPONSORED_PRODUCTS:PRODUCT_AD:TOP_OF_SEARCH:UNSPECIFIED:CLICK,USD,0,525,535.5,44,3104.64
2026-06-27,US,adv_demo_001,AMAZON_DSP,,,AUDIO,,IMPRESSION,CPM,AMAZON_DSP:AUDIO:UNSPECIFIED:UNSPECIFIED:IMPRESSION,USD,42039,0,756.7,0,0
2026-06-27,US,adv_demo_001,AMAZON_DSP,,IMAGE,DISPLAY,,IMPRESSION,CPM,AMAZON_DSP:DISPLAY:UNSPECIFIED:IMAGE:IMPRESSION,USD,51580,0,644.75,0,0
2026-06-27,US,adv_demo_001,AMAZON_DSP,,VIDEO,ONLINE_VIDEO,,IMPRESSION,CPM,AMAZON_DSP:ONLINE_VIDEO:UNSPECIFIED:VIDEO:IMPRESSION,USD,39121,0,782.42,0,0
2026-06-27,US,adv_demo_001,AMAZON_DSP,,VIDEO,STREAMING_TV,,IMPRESSION,CPM,AMAZON_DSP:STREAMING_TV:UNSPECIFIED:VIDEO:IMPRESSION,USD,47662,0,1334.54,0,0
2026-06-27,US,adv_demo_001,SPONSORED_BRANDS,COMPONENT,IMAGE,,TOP_OF_SEARCH,IMPRESSION,CPM,SPONSORED_BRANDS:COMPONENT:TOP_OF_SEARCH:IMAGE:IMPRESSION,USD,20203,0,0,0,0
2026-06-27,US,adv_demo_001,SPONSORED_BRANDS,COMPONENT,IMAGE,,TOP_OF_SEARCH,CLICK,CPC,SPONSORED_BRANDS:COMPONENT:TOP_OF_SEARCH:IMAGE:CLICK,USD,0,158,189.6,8,675.68
2026-06-27,US,adv_demo_001,SPONSORED_BRANDS,DISPLAY,IMAGE,,REST_OF_SEARCH,IMPRESSION,CPM,SPONSORED_BRANDS:DISPLAY:REST_OF_SEARCH:IMAGE:IMPRESSION,USD,23744,0,0,0,0
2026-06-27,US,adv_demo_001,SPONSORED_BRANDS,VIDEO,VIDEO,,TOP_OF_SEARCH,IMPRESSION,CPM,SPONSORED_BRANDS:VIDEO:TOP_OF_SEARCH:VIDEO:IMPRESSION,USD,19285,0,0,0,0
2026-06-27,US,adv_demo_001,SPONSORED_BRANDS,VIDEO,VIDEO,,TOP_OF_SEARCH,CLICK,CPC,SPONSORED_BRANDS:VIDEO:TOP_OF_SEARCH:VIDEO:CLICK,USD,0,137,189.06,7,668.85
2026-06-27,US,adv_demo_001,SPONSORED_DISPLAY,DISPLAY,IMAGE,,PRODUCT_PAGE,IMPRESSION,CPM,SPONSORED_DISPLAY:DISPLAY:PRODUCT_PAGE:IMAGE:IMPRESSION,USD,27826,0,0,0,0
2026-06-27,US,adv_demo_001,SPONSORED_DISPLAY,DISPLAY,IMAGE,,PRODUCT_PAGE,CLICK,CPC,SPONSORED_DISPLAY:DISPLAY:PRODUCT_PAGE:IMAGE:CLICK,USD,0,163,149.96,7,510.72
2026-06-27,US,adv_demo_001,SPONSORED_DISPLAY,DISPLAY,VIDEO,,PRODUCT_PAGE,IMPRESSION,CPM,SPONSORED_DISPLAY:DISPLAY:PRODUCT_PAGE:VIDEO:IMPRESSION,USD,23367,0,0,0,0
2026-06-27,US,adv_demo_001,SPONSORED_DISPLAY,VIDEO,VIDEO,,PRODUCT_PAGE,CLICK,CPC,SPONSORED_DISPLAY:VIDEO:PRODUCT_PAGE:VIDEO:CLICK,USD,0,142,167.56,7,603.68
2026-06-27,US,adv_demo_001,SPONSORED_PRODUCTS,PRODUCT_AD,,,PRODUCT_PAGE,CLICK,CPC,SPONSORED_PRODUCTS:PRODUCT_AD:PRODUCT_PAGE:UNSPECIFIED:CLICK,USD,0,384,337.92,29,1952.28
2026-06-27,US,adv_demo_001,SPONSORED_PRODUCTS,PRODUCT_AD,,,REST_OF_SEARCH,CLICK,CPC,SPONSORED_PRODUCTS:PRODUCT_AD:REST_OF_SEARCH:UNSPECIFIED:CLICK,USD,0,379,310.78,24,1560.0
2026-06-27,US,adv_demo_001,SPONSORED_PRODUCTS,PRODUCT_AD,,,TOP_OF_SEARCH,IMPRESSION,CPM,SPONSORED_PRODUCTS:PRODUCT_AD:TOP_OF_SEARCH:UNSPECIFIED:IMPRESSION,USD,46531,0,0,0,0
2026-06-27,US,adv_demo_001,SPONSORED_PRODUCTS,PRODUCT_AD,,,TOP_OF_SEARCH,CLICK,CPC,SPONSORED_PRODUCTS:PRODUCT_AD:TOP_OF_SEARCH:UNSPECIFIED:CLICK,USD,0,542,552.84,41,2981.52
2026-06-28,US,adv_demo_001,AMAZON_DSP,,,AUDIO,,IMPRESSION,CPM,AMAZON_DSP:AUDIO:UNSPECIFIED:UNSPECIFIED:IMPRESSION,USD,43016,0,774.29,0,0
2026-06-28,US,adv_demo_001,AMAZON_DSP,,IMAGE,DISPLAY,,IMPRESSION,CPM,AMAZON_DSP:DISPLAY:UNSPECIFIED:IMAGE:IMPRESSION,USD,52557,0,656.96,0,0
2026-06-28,US,adv_demo_001,AMAZON_DSP,,VIDEO,ONLINE_VIDEO,,IMPRESSION,CPM,AMAZON_DSP:ONLINE_VIDEO:UNSPECIFIED:VIDEO:IMPRESSION,USD,40098,0,801.96,0,0
2026-06-28,US,adv_demo_001,AMAZON_DSP,,VIDEO,STREAMING_TV,,IMPRESSION,CPM,AMAZON_DSP:STREAMING_TV:UNSPECIFIED:VIDEO:IMPRESSION,USD,48639,0,1361.89,0,0
2026-06-28,US,adv_demo_001,SPONSORED_BRANDS,COMPONENT,IMAGE,,TOP_OF_SEARCH,IMPRESSION,CPM,SPONSORED_BRANDS:COMPONENT:TOP_OF_SEARCH:IMAGE:IMPRESSION,USD,21180,0,0,0,0
2026-06-28,US,adv_demo_001,SPONSORED_BRANDS,COMPONENT,IMAGE,,TOP_OF_SEARCH,CLICK,CPC,SPONSORED_BRANDS:COMPONENT:TOP_OF_SEARCH:IMAGE:CLICK,USD,0,168,201.6,9,708.48
2026-06-28,US,adv_demo_001,SPONSORED_BRANDS,DISPLAY,IMAGE,,REST_OF_SEARCH,IMPRESSION,CPM,SPONSORED_BRANDS:DISPLAY:REST_OF_SEARCH:IMAGE:IMPRESSION,USD,24721,0,0,0,0
2026-06-28,US,adv_demo_001,SPONSORED_BRANDS,VIDEO,VIDEO,,TOP_OF_SEARCH,IMPRESSION,CPM,SPONSORED_BRANDS:VIDEO:TOP_OF_SEARCH:VIDEO:IMPRESSION,USD,20262,0,0,0,0
2026-06-28,US,adv_demo_001,SPONSORED_BRANDS,VIDEO,VIDEO,,TOP_OF_SEARCH,CLICK,CPC,SPONSORED_BRANDS:VIDEO:TOP_OF_SEARCH:VIDEO:CLICK,USD,0,145,200.1,7,624.26
2026-06-28,US,adv_demo_001,SPONSORED_DISPLAY,DISPLAY,IMAGE,,PRODUCT_PAGE,IMPRESSION,CPM,SPONSORED_DISPLAY:DISPLAY:PRODUCT_PAGE:IMAGE:IMPRESSION,USD,28803,0,0,0,0
2026-06-28,US,adv_demo_001,SPONSORED_DISPLAY,DISPLAY,IMAGE,,PRODUCT_PAGE,CLICK,CPC,SPONSORED_DISPLAY:DISPLAY:PRODUCT_PAGE:IMAGE:CLICK,USD,0,170,156.4,8,601.92
2026-06-28,US,adv_demo_001,SPONSORED_DISPLAY,DISPLAY,VIDEO,,PRODUCT_PAGE,IMPRESSION,CPM,SPONSORED_DISPLAY:DISPLAY:PRODUCT_PAGE:VIDEO:IMPRESSION,USD,24344,0,0,0,0
2026-06-28,US,adv_demo_001,SPONSORED_DISPLAY,VIDEO,VIDEO,,PRODUCT_PAGE,CLICK,CPC,SPONSORED_DISPLAY:VIDEO:PRODUCT_PAGE:VIDEO:CLICK,USD,0,150,177.0,7,622.16
2026-06-28,US,adv_demo_001,SPONSORED_PRODUCTS,PRODUCT_AD,,,PRODUCT_PAGE,CLICK,CPC,SPONSORED_PRODUCTS:PRODUCT_AD:PRODUCT_PAGE:UNSPECIFIED:CLICK,USD,0,397,349.36,28,1942.08
2026-06-28,US,adv_demo_001,SPONSORED_PRODUCTS,PRODUCT_AD,,,REST_OF_SEARCH,CLICK,CPC,SPONSORED_PRODUCTS:PRODUCT_AD:REST_OF_SEARCH:UNSPECIFIED:CLICK,USD,0,330,270.6,21,1405.95
2026-06-28,US,adv_demo_001,SPONSORED_PRODUCTS,PRODUCT_AD,,,TOP_OF_SEARCH,IMPRESSION,CPM,SPONSORED_PRODUCTS:PRODUCT_AD:TOP_OF_SEARCH:UNSPECIFIED:IMPRESSION,USD,40708,0,0,0,0
2026-06-28,US,adv_demo_001,SPONSORED_PRODUCTS,PRODUCT_AD,,,TOP_OF_SEARCH,CLICK,CPC,SPONSORED_PRODUCTS:PRODUCT_AD:TOP_OF_SEARCH:UNSPECIFIED:CLICK,USD,0,479,488.58,37,2770.56
2026-06-29,US,adv_demo_001,AMAZON_DSP,,,AUDIO,,IMPRESSION,CPM,AMAZON_DSP:AUDIO:UNSPECIFIED:UNSPECIFIED:IMPRESSION,USD,43993,0,791.87,0,0
2026-06-29,US,adv_demo_001,AMAZON_DSP,,IMAGE,DISPLAY,,IMPRESSION,CPM,AMAZON_DSP:DISPLAY:UNSPECIFIED:IMAGE:IMPRESSION,USD,53534,0,669.17,0,0
2026-06-29,US,adv_demo_001,AMAZON_DSP,,VIDEO,ONLINE_VIDEO,,IMPRESSION,CPM,AMAZON_DSP:ONLINE_VIDEO:UNSPECIFIED:VIDEO:IMPRESSION,USD,41075,0,821.5,0,0
2026-06-29,US,adv_demo_001,AMAZON_DSP,,VIDEO,STREAMING_TV,,IMPRESSION,CPM,AMAZON_DSP:STREAMING_TV:UNSPECIFIED:VIDEO:IMPRESSION,USD,49616,0,1389.25,0,0
2026-06-29,US,adv_demo_001,SPONSORED_BRANDS,COMPONENT,IMAGE,,TOP_OF_SEARCH,IMPRESSION,CPM,SPONSORED_BRANDS:COMPONENT:TOP_OF_SEARCH:IMAGE:IMPRESSION,USD,22157,0,0,0,0
2026-06-29,US,adv_demo_001,SPONSORED_BRANDS,COMPONENT,IMAGE,,TOP_OF_SEARCH,CLICK,CPC,SPONSORED_BRANDS:COMPONENT:TOP_OF_SEARCH:IMAGE:CLICK,USD,0,177,212.4,10,811.8
2026-06-29,US,adv_demo_001,SPONSORED_BRANDS,DISPLAY,IMAGE,,REST_OF_SEARCH,IMPRESSION,CPM,SPONSORED_BRANDS:DISPLAY:REST_OF_SEARCH:IMAGE:IMPRESSION,USD,25698,0,0,0,0
2026-06-29,US,adv_demo_001,SPONSORED_BRANDS,VIDEO,VIDEO,,TOP_OF_SEARCH,IMPRESSION,CPM,SPONSORED_BRANDS:VIDEO:TOP_OF_SEARCH:VIDEO:IMPRESSION,USD,21239,0,0,0,0
2026-06-29,US,adv_demo_001,SPONSORED_BRANDS,VIDEO,VIDEO,,TOP_OF_SEARCH,CLICK,CPC,SPONSORED_BRANDS:VIDEO:TOP_OF_SEARCH:VIDEO:CLICK,USD,0,154,212.52,8,735.28
2026-06-29,US,adv_demo_001,SPONSORED_DISPLAY,DISPLAY,IMAGE,,PRODUCT_PAGE,IMPRESSION,CPM,SPONSORED_DISPLAY:DISPLAY:PRODUCT_PAGE:IMAGE:IMPRESSION,USD,29780,0,0,0,0
2026-06-29,US,adv_demo_001,SPONSORED_DISPLAY,DISPLAY,IMAGE,,PRODUCT_PAGE,CLICK,CPC,SPONSORED_DISPLAY:DISPLAY:PRODUCT_PAGE:IMAGE:CLICK,USD,0,162,149.04,7,542.64
2026-06-29,US,adv_demo_001,SPONSORED_DISPLAY,DISPLAY,VIDEO,,PRODUCT_PAGE,IMPRESSION,CPM,SPONSORED_DISPLAY:DISPLAY:PRODUCT_PAGE:VIDEO:IMPRESSION,USD,25321,0,0,0,0
2026-06-29,US,adv_demo_001,SPONSORED_DISPLAY,VIDEO,VIDEO,,PRODUCT_PAGE,CLICK,CPC,SPONSORED_DISPLAY:VIDEO:PRODUCT_PAGE:VIDEO:CLICK,USD,0,113,133.34,5,457.6
2026-06-29,US,adv_demo_001,SPONSORED_PRODUCTS,PRODUCT_AD,,,PRODUCT_PAGE,CLICK,CPC,SPONSORED_PRODUCTS:PRODUCT_AD:PRODUCT_PAGE:UNSPECIFIED:CLICK,USD,0,342,300.96,24,1713.6
2026-06-29,US,adv_demo_001,SPONSORED_PRODUCTS,PRODUCT_AD,,,REST_OF_SEARCH,CLICK,CPC,SPONSORED_PRODUCTS:PRODUCT_AD:REST_OF_SEARCH:UNSPECIFIED:CLICK,USD,0,342,280.44,23,1435.2
2026-06-29,US,adv_demo_001,SPONSORED_PRODUCTS,PRODUCT_AD,,,TOP_OF_SEARCH,IMPRESSION,CPM,SPONSORED_PRODUCTS:PRODUCT_AD:TOP_OF_SEARCH:UNSPECIFIED:IMPRESSION,USD,41685,0,0,0,0
2026-06-29,US,adv_demo_001,SPONSORED_PRODUCTS,PRODUCT_AD,,,TOP_OF_SEARCH,CLICK,CPC,SPONSORED_PRODUCTS:PRODUCT_AD:TOP_OF_SEARCH:UNSPECIFIED:CLICK,USD,0,495,504.9,39,2723.76
2026-06-30,US,adv_demo_001,AMAZON_DSP,,,AUDIO,,IMPRESSION,CPM,AMAZON_DSP:AUDIO:UNSPECIFIED:UNSPECIFIED:IMPRESSION,USD,44970,0,809.46,0,0
2026-06-30,US,adv_demo_001,AMAZON_DSP,,IMAGE,DISPLAY,,IMPRESSION,CPM,AMAZON_DSP:DISPLAY:UNSPECIFIED:IMAGE:IMPRESSION,USD,54511,0,681.39,0,0
2026-06-30,US,adv_demo_001,AMAZON_DSP,,VIDEO,ONLINE_VIDEO,,IMPRESSION,CPM,AMAZON_DSP:ONLINE_VIDEO:UNSPECIFIED:VIDEO:IMPRESSION,USD,42052,0,841.04,0,0
2026-06-30,US,adv_demo_001,AMAZON_DSP,,VIDEO,STREAMING_TV,,IMPRESSION,CPM,AMAZON_DSP:STREAMING_TV:UNSPECIFIED:VIDEO:IMPRESSION,USD,50593,0,1416.6,0,0
2026-06-30,US,adv_demo_001,SPONSORED_BRANDS,COMPONENT,IMAGE,,TOP_OF_SEARCH,IMPRESSION,CPM,SPONSORED_BRANDS:COMPONENT:TOP_OF_SEARCH:IMAGE:IMPRESSION,USD,23134,0,0,0,0
2026-06-30,US,adv_demo_001,SPONSORED_BRANDS,COMPONENT,IMAGE,,TOP_OF_SEARCH,CLICK,CPC,SPONSORED_BRANDS:COMPONENT:TOP_OF_SEARCH:IMAGE:CLICK,USD,0,187,224.4,10,836.4
2026-06-30,US,adv_demo_001,SPONSORED_BRANDS,DISPLAY,IMAGE,,REST_OF_SEARCH,IMPRESSION,CPM,SPONSORED_BRANDS:DISPLAY:REST_OF_SEARCH:IMAGE:IMPRESSION,USD,26675,0,0,0,0
2026-06-30,US,adv_demo_001,SPONSORED_BRANDS,VIDEO,VIDEO,,TOP_OF_SEARCH,IMPRESSION,CPM,SPONSORED_BRANDS:VIDEO:TOP_OF_SEARCH:VIDEO:IMPRESSION,USD,22216,0,0,0,0
2026-06-30,US,adv_demo_001,SPONSORED_BRANDS,VIDEO,VIDEO,,TOP_OF_SEARCH,CLICK,CPC,SPONSORED_BRANDS:VIDEO:TOP_OF_SEARCH:VIDEO:CLICK,USD,0,148,204.24,7,662.48
2026-06-30,US,adv_demo_001,SPONSORED_DISPLAY,DISPLAY,IMAGE,,PRODUCT_PAGE,IMPRESSION,CPM,SPONSORED_DISPLAY:DISPLAY:PRODUCT_PAGE:IMAGE:IMPRESSION,USD,30757,0,0,0,0
2026-06-30,US,adv_demo_001,SPONSORED_DISPLAY,DISPLAY,IMAGE,,PRODUCT_PAGE,CLICK,CPC,SPONSORED_DISPLAY:DISPLAY:PRODUCT_PAGE:IMAGE:CLICK,USD,0,169,155.48,7,558.6
2026-06-30,US,adv_demo_001,SPONSORED_DISPLAY,DISPLAY,VIDEO,,PRODUCT_PAGE,IMPRESSION,CPM,SPONSORED_DISPLAY:DISPLAY:PRODUCT_PAGE:VIDEO:IMPRESSION,USD,19498,0,0,0,0
2026-06-30,US,adv_demo_001,SPONSORED_DISPLAY,VIDEO,VIDEO,,PRODUCT_PAGE,CLICK,CPC,SPONSORED_DISPLAY:VIDEO:PRODUCT_PAGE:VIDEO:CLICK,USD,0,121,142.78,6,512.16
2026-06-30,US,adv_demo_001,SPONSORED_PRODUCTS,PRODUCT_AD,,,PRODUCT_PAGE,CLICK,CPC,SPONSORED_PRODUCTS:PRODUCT_AD:PRODUCT_PAGE:UNSPECIFIED:CLICK,USD,0,356,313.28,26,1732.64
2026-06-30,US,adv_demo_001,SPONSORED_PRODUCTS,PRODUCT_AD,,,REST_OF_SEARCH,CLICK,CPC,SPONSORED_PRODUCTS:PRODUCT_AD:REST_OF_SEARCH:UNSPECIFIED:CLICK,USD,0,355,291.1,24,1544.4
2026-06-30,US,adv_demo_001,SPONSORED_PRODUCTS,PRODUCT_AD,,,TOP_OF_SEARCH,IMPRESSION,CPM,SPONSORED_PRODUCTS:PRODUCT_AD:TOP_OF_SEARCH:UNSPECIFIED:IMPRESSION,USD,42662,0,0,0,0
2026-06-30,US,adv_demo_001,SPONSORED_PRODUCTS,PRODUCT_AD,,,TOP_OF_SEARCH,CLICK,CPC,SPONSORED_PRODUCTS:PRODUCT_AD:TOP_OF_SEARCH:UNSPECIFIED:CLICK,USD,0,512,522.24,42,3024.0
2026-07-01,US,adv_demo_001,AMAZON_DSP,,,AUDIO,,IMPRESSION,CPM,AMAZON_DSP:AUDIO:UNSPECIFIED:UNSPECIFIED:IMPRESSION,USD,45947,0,827.05,0,0
2026-07-01,US,adv_demo_001,AMAZON_DSP,,IMAGE,DISPLAY,,IMPRESSION,CPM,AMAZON_DSP:DISPLAY:UNSPECIFIED:IMAGE:IMPRESSION,USD,55488,0,693.6,0,0
2026-07-01,US,adv_demo_001,AMAZON_DSP,,VIDEO,ONLINE_VIDEO,,IMPRESSION,CPM,AMAZON_DSP:ONLINE_VIDEO:UNSPECIFIED:VIDEO:IMPRESSION,USD,43029,0,860.58,0,0
2026-07-01,US,adv_demo_001,AMAZON_DSP,,VIDEO,STREAMING_TV,,IMPRESSION,CPM,AMAZON_DSP:STREAMING_TV:UNSPECIFIED:VIDEO:IMPRESSION,USD,51570,0,1443.96,0,0
2026-07-01,US,adv_demo_001,SPONSORED_BRANDS,COMPONENT,IMAGE,,TOP_OF_SEARCH,IMPRESSION,CPM,SPONSORED_BRANDS:COMPONENT:TOP_OF_SEARCH:IMAGE:IMPRESSION,USD,24111,0,0,0,0
2026-07-01,US,adv_demo_001,SPONSORED_BRANDS,COMPONENT,IMAGE,,TOP_OF_SEARCH,CLICK,CPC,SPONSORED_BRANDS:COMPONENT:TOP_OF_SEARCH:IMAGE:CLICK,USD,0,197,236.4,10,861.0
2026-07-01,US,adv_demo_001,SPONSORED_BRANDS,DISPLAY,IMAGE,,REST_OF_SEARCH,IMPRESSION,CPM,SPONSORED_BRANDS:DISPLAY:REST_OF_SEARCH:IMAGE:IMPRESSION,USD,27652,0,0,0,0
2026-07-01,US,adv_demo_001,SPONSORED_BRANDS,VIDEO,VIDEO,,TOP_OF_SEARCH,IMPRESSION,CPM,SPONSORED_BRANDS:VIDEO:TOP_OF_SEARCH:VIDEO:IMPRESSION,USD,16393,0,0,0,0
2026-07-01,US,adv_demo_001,SPONSORED_BRANDS,VIDEO,VIDEO,,TOP_OF_SEARCH,CLICK,CPC,SPONSORED_BRANDS:VIDEO:TOP_OF_SEARCH:VIDEO:CLICK,USD,0,111,153.18,5,441.35
2026-07-01,US,adv_demo_001,SPONSORED_DISPLAY,DISPLAY,IMAGE,,PRODUCT_PAGE,IMPRESSION,CPM,SPONSORED_DISPLAY:DISPLAY:PRODUCT_PAGE:IMAGE:IMPRESSION,USD,24934,0,0,0,0
2026-07-01,US,adv_demo_001,SPONSORED_DISPLAY,DISPLAY,IMAGE,,PRODUCT_PAGE,CLICK,CPC,SPONSORED_DISPLAY:DISPLAY:PRODUCT_PAGE:IMAGE:CLICK,USD,0,139,127.88,6,446.88
2026-07-01,US,adv_demo_001,SPONSORED_DISPLAY,DISPLAY,VIDEO,,PRODUCT_PAGE,IMPRESSION,CPM,SPONSORED_DISPLAY:DISPLAY:PRODUCT_PAGE:VIDEO:IMPRESSION,USD,20475,0,0,0,0
2026-07-01,US,adv_demo_001,SPONSORED_DISPLAY,VIDEO,VIDEO,,PRODUCT_PAGE,CLICK,CPC,SPONSORED_DISPLAY:VIDEO:PRODUCT_PAGE:VIDEO:CLICK,USD,0,129,152.22,6,528.0
2026-07-01,US,adv_demo_001,SPONSORED_PRODUCTS,PRODUCT_AD,,,PRODUCT_PAGE,CLICK,CPC,SPONSORED_PRODUCTS:PRODUCT_AD:PRODUCT_PAGE:UNSPECIFIED:CLICK,USD,0,370,325.6,27,1854.36
2026-07-01,US,adv_demo_001,SPONSORED_PRODUCTS,PRODUCT_AD,,,REST_OF_SEARCH,CLICK,CPC,SPONSORED_PRODUCTS:PRODUCT_AD:REST_OF_SEARCH:UNSPECIFIED:CLICK,USD,0,368,301.76,25,1657.5
2026-07-01,US,adv_demo_001,SPONSORED_PRODUCTS,PRODUCT_AD,,,TOP_OF_SEARCH,IMPRESSION,CPM,SPONSORED_PRODUCTS:PRODUCT_AD:TOP_OF_SEARCH:UNSPECIFIED:IMPRESSION,USD,43639,0,0,0,0
2026-07-01,US,adv_demo_001,SPONSORED_PRODUCTS,PRODUCT_AD,,,TOP_OF_SEARCH,CLICK,CPC,SPONSORED_PRODUCTS:PRODUCT_AD:TOP_OF_SEARCH:UNSPECIFIED:CLICK,USD,0,529,539.58,44,3263.04
2026-07-02,US,adv_demo_001,AMAZON_DSP,,,AUDIO,,IMPRESSION,CPM,AMAZON_DSP:AUDIO:UNSPECIFIED:UNSPECIFIED:IMPRESSION,USD,46924,0,844.63,0,0
2026-07-02,US,adv_demo_001,AMAZON_DSP,,IMAGE,DISPLAY,,IMPRESSION,CPM,AMAZON_DSP:DISPLAY:UNSPECIFIED:IMAGE:IMPRESSION,USD,56465,0,705.81,0,0
2026-07-02,US,adv_demo_001,AMAZON_DSP,,VIDEO,ONLINE_VIDEO,,IMPRESSION,CPM,AMAZON_DSP:ONLINE_VIDEO:UNSPECIFIED:VIDEO:IMPRESSION,USD,44006,0,880.12,0,0
2026-07-02,US,adv_demo_001,AMAZON_DSP,,VIDEO,STREAMING_TV,,IMPRESSION,CPM,AMAZON_DSP:STREAMING_TV:UNSPECIFIED:VIDEO:IMPRESSION,USD,52547,0,1471.32,0,0
2026-07-02,US,adv_demo_001,SPONSORED_BRANDS,COMPONENT,IMAGE,,TOP_OF_SEARCH,IMPRESSION,CPM,SPONSORED_BRANDS:COMPONENT:TOP_OF_SEARCH:IMAGE:IMPRESSION,USD,18288,0,0,0,0
2026-07-02,US,adv_demo_001,SPONSORED_BRANDS,COMPONENT,IMAGE,,TOP_OF_SEARCH,CLICK,CPC,SPONSORED_BRANDS:COMPONENT:TOP_OF_SEARCH:IMAGE:CLICK,USD,0,138,165.6,7,562.52
2026-07-02,US,adv_demo_001,SPONSORED_BRANDS,DISPLAY,IMAGE,,REST_OF_SEARCH,IMPRESSION,CPM,SPONSORED_BRANDS:DISPLAY:REST_OF_SEARCH:IMAGE:IMPRESSION,USD,21829,0,0,0,0
2026-07-02,US,adv_demo_001,SPONSORED_BRANDS,VIDEO,VIDEO,,TOP_OF_SEARCH,IMPRESSION,CPM,SPONSORED_BRANDS:VIDEO:TOP_OF_SEARCH:VIDEO:IMPRESSION,USD,17370,0,0,0,0
2026-07-02,US,adv_demo_001,SPONSORED_BRANDS,VIDEO,VIDEO,,TOP_OF_SEARCH,CLICK,CPC,SPONSORED_BRANDS:VIDEO:TOP_OF_SEARCH:VIDEO:CLICK,USD,0,118,162.84,6,546.0
2026-07-02,US,adv_demo_001,SPONSORED_DISPLAY,DISPLAY,IMAGE,,PRODUCT_PAGE,IMPRESSION,CPM,SPONSORED_DISPLAY:DISPLAY:PRODUCT_PAGE:IMAGE:IMPRESSION,USD,25911,0,0,0,0
2026-07-02,US,adv_demo_001,SPONSORED_DISPLAY,DISPLAY,IMAGE,,PRODUCT_PAGE,CLICK,CPC,SPONSORED_DISPLAY:DISPLAY:PRODUCT_PAGE:IMAGE:CLICK,USD,0,146,134.32,6,460.56
2026-07-02,US,adv_demo_001,SPONSORED_DISPLAY,DISPLAY,VIDEO,,PRODUCT_PAGE,IMPRESSION,CPM,SPONSORED_DISPLAY:DISPLAY:PRODUCT_PAGE:VIDEO:IMPRESSION,USD,21452,0,0,0,0
2026-07-02,US,adv_demo_001,SPONSORED_DISPLAY,VIDEO,VIDEO,,PRODUCT_PAGE,CLICK,CPC,SPONSORED_DISPLAY:VIDEO:PRODUCT_PAGE:VIDEO:CLICK,USD,0,137,161.66,7,634.48
2026-07-02,US,adv_demo_001,SPONSORED_PRODUCTS,PRODUCT_AD,,,PRODUCT_PAGE,CLICK,CPC,SPONSORED_PRODUCTS:PRODUCT_AD:PRODUCT_PAGE:UNSPECIFIED:CLICK,USD,0,384,337.92,29,2050.88
2026-07-02,US,adv_demo_001,SPONSORED_PRODUCTS,PRODUCT_AD,,,REST_OF_SEARCH,CLICK,CPC,SPONSORED_PRODUCTS:PRODUCT_AD:REST_OF_SEARCH:UNSPECIFIED:CLICK,USD,0,380,311.6,27,1842.75
2026-07-02,US,adv_demo_001,SPONSORED_PRODUCTS,PRODUCT_AD,,,TOP_OF_SEARCH,IMPRESSION,CPM,SPONSORED_PRODUCTS:PRODUCT_AD:TOP_OF_SEARCH:UNSPECIFIED:IMPRESSION,USD,44616,0,0,0,0
2026-07-02,US,adv_demo_001,SPONSORED_PRODUCTS,PRODUCT_AD,,,TOP_OF_SEARCH,CLICK,CPC,SPONSORED_PRODUCTS:PRODUCT_AD:TOP_OF_SEARCH:UNSPECIFIED:CLICK,USD,0,546,556.92,41,2833.92
2026-07-03,US,adv_demo_001,AMAZON_DSP,,,AUDIO,,IMPRESSION,CPM,AMAZON_DSP:AUDIO:UNSPECIFIED:UNSPECIFIED:IMPRESSION,USD,47901,0,862.22,0,0
2026-07-03,US,adv_demo_001,AMAZON_DSP,,IMAGE,DISPLAY,,IMPRESSION,CPM,AMAZON_DSP:DISPLAY:UNSPECIFIED:IMAGE:IMPRESSION,USD,57442,0,718.02,0,0
2026-07-03,US,adv_demo_001,AMAZON_DSP,,VIDEO,ONLINE_VIDEO,,IMPRESSION,CPM,AMAZON_DSP:ONLINE_VIDEO:UNSPECIFIED:VIDEO:IMPRESSION,USD,38183,0,763.66,0,0
2026-07-03,US,adv_demo_001,AMAZON_DSP,,VIDEO,STREAMING_TV,,IMPRESSION,CPM,AMAZON_DSP:STREAMING_TV:UNSPECIFIED:VIDEO:IMPRESSION,USD,46724,0,1308.27,0,0
2026-07-03,US,adv_demo_001,SPONSORED_BRANDS,COMPONENT,IMAGE,,TOP_OF_SEARCH,IMPRESSION,CPM,SPONSORED_BRANDS:COMPONENT:TOP_OF_SEARCH:IMAGE:IMPRESSION,USD,19265,0,0,0,0
2026-07-03,US,adv_demo_001,SPONSORED_BRANDS,COMPONENT,IMAGE,,TOP_OF_SEARCH,CLICK,CPC,SPONSORED_BRANDS:COMPONENT:TOP_OF_SEARCH:IMAGE:CLICK,USD,0,146,175.2,8,662.56
2026-07-03,US,adv_demo_001,SPONSORED_BRANDS,DISPLAY,IMAGE,,REST_OF_SEARCH,IMPRESSION,CPM,SPONSORED_BRANDS:DISPLAY:REST_OF_SEARCH:IMAGE:IMPRESSION,USD,22806,0,0,0,0
2026-07-03,US,adv_demo_001,SPONSORED_BRANDS,VIDEO,VIDEO,,TOP_OF_SEARCH,IMPRESSION,CPM,SPONSORED_BRANDS:VIDEO:TOP_OF_SEARCH:VIDEO:IMPRESSION,USD,18347,0,0,0,0
2026-07-03,US,adv_demo_001,SPONSORED_BRANDS,VIDEO,VIDEO,,TOP_OF_SEARCH,CLICK,CPC,SPONSORED_BRANDS:VIDEO:TOP_OF_SEARCH:VIDEO:CLICK,USD,0,126,173.88,6,562.38
2026-07-03,US,adv_demo_001,SPONSORED_DISPLAY,DISPLAY,IMAGE,,PRODUCT_PAGE,IMPRESSION,CPM,SPONSORED_DISPLAY:DISPLAY:PRODUCT_PAGE:IMAGE:IMPRESSION,USD,26888,0,0,0,0
2026-07-03,US,adv_demo_001,SPONSORED_DISPLAY,DISPLAY,IMAGE,,PRODUCT_PAGE,CLICK,CPC,SPONSORED_DISPLAY:DISPLAY:PRODUCT_PAGE:IMAGE:CLICK,USD,0,153,140.76,7,553.28
2026-07-03,US,adv_demo_001,SPONSORED_DISPLAY,DISPLAY,VIDEO,,PRODUCT_PAGE,IMPRESSION,CPM,SPONSORED_DISPLAY:DISPLAY:PRODUCT_PAGE:VIDEO:IMPRESSION,USD,22429,0,0,0,0
2026-07-03,US,adv_demo_001,SPONSORED_DISPLAY,VIDEO,VIDEO,,PRODUCT_PAGE,CLICK,CPC,SPONSORED_DISPLAY:VIDEO:PRODUCT_PAGE:VIDEO:CLICK,USD,0,145,171.1,7,591.36
2026-07-03,US,adv_demo_001,SPONSORED_PRODUCTS,PRODUCT_AD,,,PRODUCT_PAGE,CLICK,CPC,SPONSORED_PRODUCTS:PRODUCT_AD:PRODUCT_PAGE:UNSPECIFIED:CLICK,USD,0,398,350.24,27,1780.92
2026-07-03,US,adv_demo_001,SPONSORED_PRODUCTS,PRODUCT_AD,,,REST_OF_SEARCH,CLICK,CPC,SPONSORED_PRODUCTS:PRODUCT_AD:REST_OF_SEARCH:UNSPECIFIED:CLICK,USD,0,394,323.08,25,1592.5
2026-07-03,US,adv_demo_001,SPONSORED_PRODUCTS,PRODUCT_AD,,,TOP_OF_SEARCH,IMPRESSION,CPM,SPONSORED_PRODUCTS:PRODUCT_AD:TOP_OF_SEARCH:UNSPECIFIED:IMPRESSION,USD,45593,0,0,0,0
2026-07-03,US,adv_demo_001,SPONSORED_PRODUCTS,PRODUCT_AD,,,TOP_OF_SEARCH,CLICK,CPC,SPONSORED_PRODUCTS:PRODUCT_AD:TOP_OF_SEARCH:UNSPECIFIED:CLICK,USD,0,514,524.28,40,2851.2
2026-07-04,US,adv_demo_001,AMAZON_DSP,,,AUDIO,,IMPRESSION,CPM,AMAZON_DSP:AUDIO:UNSPECIFIED:UNSPECIFIED:IMPRESSION,USD,42078,0,757.4,0,0
2026-07-04,US,adv_demo_001,AMAZON_DSP,,IMAGE,DISPLAY,,IMPRESSION,CPM,AMAZON_DSP:DISPLAY:UNSPECIFIED:IMAGE:IMPRESSION,USD,51619,0,645.24,0,0
2026-07-04,US,adv_demo_001,AMAZON_DSP,,VIDEO,ONLINE_VIDEO,,IMPRESSION,CPM,AMAZON_DSP:ONLINE_VIDEO:UNSPECIFIED:VIDEO:IMPRESSION,USD,39160,0,783.2,0,0
2026-07-04,US,adv_demo_001,AMAZON_DSP,,VIDEO,STREAMING_TV,,IMPRESSION,CPM,AMAZON_DSP:STREAMING_TV:UNSPECIFIED:VIDEO:IMPRESSION,USD,47701,0,1335.63,0,0
2026-07-04,US,adv_demo_001,SPONSORED_BRANDS,COMPONENT,IMAGE,,TOP_OF_SEARCH,IMPRESSION,CPM,SPONSORED_BRANDS:COMPONENT:TOP_OF_SEARCH:IMAGE:IMPRESSION,USD,20242,0,0,0,0
2026-07-04,US,adv_demo_001,SPONSORED_BRANDS,COMPONENT,IMAGE,,TOP_OF_SEARCH,CLICK,CPC,SPONSORED_BRANDS:COMPONENT:TOP_OF_SEARCH:IMAGE:CLICK,USD,0,155,186.0,8,682.24
2026-07-04,US,adv_demo_001,SPONSORED_BRANDS,DISPLAY,IMAGE,,REST_OF_SEARCH,IMPRESSION,CPM,SPONSORED_BRANDS:DISPLAY:REST_OF_SEARCH:IMAGE:IMPRESSION,USD,23783,0,0,0,0
2026-07-04,US,adv_demo_001,SPONSORED_BRANDS,VIDEO,VIDEO,,TOP_OF_SEARCH,IMPRESSION,CPM,SPONSORED_BRANDS:VIDEO:TOP_OF_SEARCH:VIDEO:IMPRESSION,USD,19324,0,0,0,0
2026-07-04,US,adv_demo_001,SPONSORED_BRANDS,VIDEO,VIDEO,,TOP_OF_SEARCH,CLICK,CPC,SPONSORED_BRANDS:VIDEO:TOP_OF_SEARCH:VIDEO:CLICK,USD,0,134,184.92,7,611.52
2026-07-04,US,adv_demo_001,SPONSORED_DISPLAY,DISPLAY,IMAGE,,PRODUCT_PAGE,IMPRESSION,CPM,SPONSORED_DISPLAY:DISPLAY:PRODUCT_PAGE:IMAGE:IMPRESSION,USD,27865,0,0,0,0
2026-07-04,US,adv_demo_001,SPONSORED_DISPLAY,DISPLAY,IMAGE,,PRODUCT_PAGE,CLICK,CPC,SPONSORED_DISPLAY:DISPLAY:PRODUCT_PAGE:IMAGE:CLICK,USD,0,160,147.2,7,516.04
2026-07-04,US,adv_demo_001,SPONSORED_DISPLAY,DISPLAY,VIDEO,,PRODUCT_PAGE,IMPRESSION,CPM,SPONSORED_DISPLAY:DISPLAY:PRODUCT_PAGE:VIDEO:IMPRESSION,USD,23406,0,0,0,0
2026-07-04,US,adv_demo_001,SPONSORED_DISPLAY,VIDEO,VIDEO,,PRODUCT_PAGE,CLICK,CPC,SPONSORED_DISPLAY:VIDEO:PRODUCT_PAGE:VIDEO:CLICK,USD,0,153,180.54,7,609.84
2026-07-04,US,adv_demo_001,SPONSORED_PRODUCTS,PRODUCT_AD,,,PRODUCT_PAGE,CLICK,CPC,SPONSORED_PRODUCTS:PRODUCT_AD:PRODUCT_PAGE:UNSPECIFIED:CLICK,USD,0,412,362.56,29,1972.0
2026-07-04,US,adv_demo_001,SPONSORED_PRODUCTS,PRODUCT_AD,,,REST_OF_SEARCH,CLICK,CPC,SPONSORED_PRODUCTS:PRODUCT_AD:REST_OF_SEARCH:UNSPECIFIED:CLICK,USD,0,371,304.22,24,1575.6
2026-07-04,US,adv_demo_001,SPONSORED_PRODUCTS,PRODUCT_AD,,,TOP_OF_SEARCH,IMPRESSION,CPM,SPONSORED_PRODUCTS:PRODUCT_AD:TOP_OF_SEARCH:UNSPECIFIED:IMPRESSION,USD,46570,0,0,0,0
2026-07-04,US,adv_demo_001,SPONSORED_PRODUCTS,PRODUCT_AD,,,TOP_OF_SEARCH,CLICK,CPC,SPONSORED_PRODUCTS:PRODUCT_AD:TOP_OF_SEARCH:UNSPECIFIED:CLICK,USD,0,531,541.62,42,3084.48
2026-07-05,US,adv_demo_001,AMAZON_DSP,,,AUDIO,,IMPRESSION,CPM,AMAZON_DSP:AUDIO:UNSPECIFIED:UNSPECIFIED:IMPRESSION,USD,43055,0,774.99,0,0
2026-07-05,US,adv_demo_001,AMAZON_DSP,,IMAGE,DISPLAY,,IMPRESSION,CPM,AMAZON_DSP:DISPLAY:UNSPECIFIED:IMAGE:IMPRESSION,USD,52596,0,657.45,0,0
2026-07-05,US,adv_demo_001,AMAZON_DSP,,VIDEO,ONLINE_VIDEO,,IMPRESSION,CPM,AMAZON_DSP:ONLINE_VIDEO:UNSPECIFIED:VIDEO:IMPRESSION,USD,40137,0,802.74,0,0
2026-07-05,US,adv_demo_001,AMAZON_DSP,,VIDEO,STREAMING_TV,,IMPRESSION,CPM,AMAZON_DSP:STREAMING_TV:UNSPECIFIED:VIDEO:IMPRESSION,USD,48678,0,1362.98,0,0
2026-07-05,US,adv_demo_001,SPONSORED_BRANDS,COMPONENT,IMAGE,,TOP_OF_SEARCH,IMPRESSION,CPM,SPONSORED_BRANDS:COMPONENT:TOP_OF_SEARCH:IMAGE:IMPRESSION,USD,21219,0,0,0,0
2026-07-05,US,adv_demo_001,SPONSORED_BRANDS,COMPONENT,IMAGE,,TOP_OF_SEARCH,CLICK,CPC,SPONSORED_BRANDS:COMPONENT:TOP_OF_SEARCH:IMAGE:CLICK,USD,0,165,198.0,9,715.86
2026-07-05,US,adv_demo_001,SPONSORED_BRANDS,DISPLAY,IMAGE,,REST_OF_SEARCH,IMPRESSION,CPM,SPONSORED_BRANDS:DISPLAY:REST_OF_SEARCH:IMAGE:IMPRESSION,USD,24760,0,0,0,0
2026-07-05,US,adv_demo_001,SPONSORED_BRANDS,VIDEO,VIDEO,,TOP_OF_SEARCH,IMPRESSION,CPM,SPONSORED_BRANDS:VIDEO:TOP_OF_SEARCH:VIDEO:IMPRESSION,USD,20301,0,0,0,0
2026-07-05,US,adv_demo_001,SPONSORED_BRANDS,VIDEO,VIDEO,,TOP_OF_SEARCH,CLICK,CPC,SPONSORED_BRANDS:VIDEO:TOP_OF_SEARCH:VIDEO:CLICK,USD,0,143,197.34,7,630.63
2026-07-05,US,adv_demo_001,SPONSORED_DISPLAY,DISPLAY,IMAGE,,PRODUCT_PAGE,IMPRESSION,CPM,SPONSORED_DISPLAY:DISPLAY:PRODUCT_PAGE:IMAGE:IMPRESSION,USD,28842,0,0,0,0
2026-07-05,US,adv_demo_001,SPONSORED_DISPLAY,DISPLAY,IMAGE,,PRODUCT_PAGE,CLICK,CPC,SPONSORED_DISPLAY:DISPLAY:PRODUCT_PAGE:IMAGE:CLICK,USD,0,167,153.64,7,532.0
2026-07-05,US,adv_demo_001,SPONSORED_DISPLAY,DISPLAY,VIDEO,,PRODUCT_PAGE,IMPRESSION,CPM,SPONSORED_DISPLAY:DISPLAY:PRODUCT_PAGE:VIDEO:IMPRESSION,USD,24383,0,0,0,0
2026-07-05,US,adv_demo_001,SPONSORED_DISPLAY,VIDEO,VIDEO,,PRODUCT_PAGE,CLICK,CPC,SPONSORED_DISPLAY:VIDEO:PRODUCT_PAGE:VIDEO:CLICK,USD,0,161,189.98,7,628.32
2026-07-05,US,adv_demo_001,SPONSORED_PRODUCTS,PRODUCT_AD,,,PRODUCT_PAGE,CLICK,CPC,SPONSORED_PRODUCTS:PRODUCT_AD:PRODUCT_PAGE:UNSPECIFIED:CLICK,USD,0,390,343.2,28,1961.12
2026-07-05,US,adv_demo_001,SPONSORED_PRODUCTS,PRODUCT_AD,,,REST_OF_SEARCH,CLICK,CPC,SPONSORED_PRODUCTS:PRODUCT_AD:REST_OF_SEARCH:UNSPECIFIED:CLICK,USD,0,323,264.86,22,1487.2
2026-07-05,US,adv_demo_001,SPONSORED_PRODUCTS,PRODUCT_AD,,,TOP_OF_SEARCH,IMPRESSION,CPM,SPONSORED_PRODUCTS:PRODUCT_AD:TOP_OF_SEARCH:UNSPECIFIED:IMPRESSION,USD,40747,0,0,0,0
2026-07-05,US,adv_demo_001,SPONSORED_PRODUCTS,PRODUCT_AD,,,TOP_OF_SEARCH,CLICK,CPC,SPONSORED_PRODUCTS:PRODUCT_AD:TOP_OF_SEARCH:UNSPECIFIED:CLICK,USD,0,469,478.38,38,2872.8
2026-07-06,US,adv_demo_001,AMAZON_DSP,,,AUDIO,,IMPRESSION,CPM,AMAZON_DSP:AUDIO:UNSPECIFIED:UNSPECIFIED:IMPRESSION,USD,44032,0,792.58,0,0
2026-07-06,US,adv_demo_001,AMAZON_DSP,,IMAGE,DISPLAY,,IMPRESSION,CPM,AMAZON_DSP:DISPLAY:UNSPECIFIED:IMAGE:IMPRESSION,USD,53573,0,669.66,0,0
2026-07-06,US,adv_demo_001,AMAZON_DSP,,VIDEO,ONLINE_VIDEO,,IMPRESSION,CPM,AMAZON_DSP:ONLINE_VIDEO:UNSPECIFIED:VIDEO:IMPRESSION,USD,41114,0,822.28,0,0
2026-07-06,US,adv_demo_001,AMAZON_DSP,,VIDEO,STREAMING_TV,,IMPRESSION,CPM,AMAZON_DSP:STREAMING_TV:UNSPECIFIED:VIDEO:IMPRESSION,USD,49655,0,1390.34,0,0
2026-07-06,US,adv_demo_001,SPONSORED_BRANDS,COMPONENT,IMAGE,,TOP_OF_SEARCH,IMPRESSION,CPM,SPONSORED_BRANDS:COMPONENT:TOP_OF_SEARCH:IMAGE:IMPRESSION,USD,22196,0,0,0,0
2026-07-06,US,adv_demo_001,SPONSORED_BRANDS,COMPONENT,IMAGE,,TOP_OF_SEARCH,CLICK,CPC,SPONSORED_BRANDS:COMPONENT:TOP_OF_SEARCH:IMAGE:CLICK,USD,0,174,208.8,9,738.0
2026-07-06,US,adv_demo_001,SPONSORED_BRANDS,DISPLAY,IMAGE,,REST_OF_SEARCH,IMPRESSION,CPM,SPONSORED_BRANDS:DISPLAY:REST_OF_SEARCH:IMAGE:IMPRESSION,USD,25737,0,0,0,0
2026-07-06,US,adv_demo_001,SPONSORED_BRANDS,VIDEO,VIDEO,,TOP_OF_SEARCH,IMPRESSION,CPM,SPONSORED_BRANDS:VIDEO:TOP_OF_SEARCH:VIDEO:IMPRESSION,USD,21278,0,0,0,0
2026-07-06,US,adv_demo_001,SPONSORED_BRANDS,VIDEO,VIDEO,,TOP_OF_SEARCH,CLICK,CPC,SPONSORED_BRANDS:VIDEO:TOP_OF_SEARCH:VIDEO:CLICK,USD,0,151,208.38,7,649.74
2026-07-06,US,adv_demo_001,SPONSORED_DISPLAY,DISPLAY,IMAGE,,PRODUCT_PAGE,IMPRESSION,CPM,SPONSORED_DISPLAY:DISPLAY:PRODUCT_PAGE:IMAGE:IMPRESSION,USD,29819,0,0,0,0
2026-07-06,US,adv_demo_001,SPONSORED_DISPLAY,DISPLAY,IMAGE,,PRODUCT_PAGE,CLICK,CPC,SPONSORED_DISPLAY:DISPLAY:PRODUCT_PAGE:IMAGE:CLICK,USD,0,175,161.0,7,547.96
2026-07-06,US,adv_demo_001,SPONSORED_DISPLAY,DISPLAY,VIDEO,,PRODUCT_PAGE,IMPRESSION,CPM,SPONSORED_DISPLAY:DISPLAY:PRODUCT_PAGE:VIDEO:IMPRESSION,USD,25360,0,0,0,0
2026-07-06,US,adv_demo_001,SPONSORED_DISPLAY,VIDEO,VIDEO,,PRODUCT_PAGE,CLICK,CPC,SPONSORED_DISPLAY:VIDEO:PRODUCT_PAGE:VIDEO:CLICK,USD,0,111,130.98,5,462.0
2026-07-06,US,adv_demo_001,SPONSORED_PRODUCTS,PRODUCT_AD,,,PRODUCT_PAGE,CLICK,CPC,SPONSORED_PRODUCTS:PRODUCT_AD:PRODUCT_PAGE:UNSPECIFIED:CLICK,USD,0,336,295.68,25,1632.0
2026-07-06,US,adv_demo_001,SPONSORED_PRODUCTS,PRODUCT_AD,,,REST_OF_SEARCH,CLICK,CPC,SPONSORED_PRODUCTS:PRODUCT_AD:REST_OF_SEARCH:UNSPECIFIED:CLICK,USD,0,336,275.52,23,1450.15
2026-07-06,US,adv_demo_001,SPONSORED_PRODUCTS,PRODUCT_AD,,,TOP_OF_SEARCH,IMPRESSION,CPM,SPONSORED_PRODUCTS:PRODUCT_AD:TOP_OF_SEARCH:UNSPECIFIED:IMPRESSION,USD,41724,0,0,0,0
2026-07-06,US,adv_demo_001,SPONSORED_PRODUCTS,PRODUCT_AD,,,TOP_OF_SEARCH,CLICK,CPC,SPONSORED_PRODUCTS:PRODUCT_AD:TOP_OF_SEARCH:UNSPECIFIED:CLICK,USD,0,486,495.72,40,2822.4
2026-07-07,US,adv_demo_001,AMAZON_DSP,,,AUDIO,,IMPRESSION,CPM,AMAZON_DSP:AUDIO:UNSPECIFIED:UNSPECIFIED:IMPRESSION,USD,45009,0,810.16,0,0
2026-07-07,US,adv_demo_001,AMAZON_DSP,,IMAGE,DISPLAY,,IMPRESSION,CPM,AMAZON_DSP:DISPLAY:UNSPECIFIED:IMAGE:IMPRESSION,USD,54550,0,681.88,0,0
2026-07-07,US,adv_demo_001,AMAZON_DSP,,VIDEO,ONLINE_VIDEO,,IMPRESSION,CPM,AMAZON_DSP:ONLINE_VIDEO:UNSPECIFIED:VIDEO:IMPRESSION,USD,42091,0,841.82,0,0
2026-07-07,US,adv_demo_001,AMAZON_DSP,,VIDEO,STREAMING_TV,,IMPRESSION,CPM,AMAZON_DSP:STREAMING_TV:UNSPECIFIED:VIDEO:IMPRESSION,USD,50632,0,1417.7,0,0
2026-07-07,US,adv_demo_001,SPONSORED_BRANDS,COMPONENT,IMAGE,,TOP_OF_SEARCH,IMPRESSION,CPM,SPONSORED_BRANDS:COMPONENT:TOP_OF_SEARCH:IMAGE:IMPRESSION,USD,23173,0,0,0,0
2026-07-07,US,adv_demo_001,SPONSORED_BRANDS,COMPONENT,IMAGE,,TOP_OF_SEARCH,CLICK,CPC,SPONSORED_BRANDS:COMPONENT:TOP_OF_SEARCH:IMAGE:CLICK,USD,0,184,220.8,10,844.6
2026-07-07,US,adv_demo_001,SPONSORED_BRANDS,DISPLAY,IMAGE,,REST_OF_SEARCH,IMPRESSION,CPM,SPONSORED_BRANDS:DISPLAY:REST_OF_SEARCH:IMAGE:IMPRESSION,USD,26714,0,0,0,0
2026-07-07,US,adv_demo_001,SPONSORED_BRANDS,VIDEO,VIDEO,,TOP_OF_SEARCH,IMPRESSION,CPM,SPONSORED_BRANDS:VIDEO:TOP_OF_SEARCH:VIDEO:IMPRESSION,USD,22255,0,0,0,0
2026-07-07,US,adv_demo_001,SPONSORED_BRANDS,VIDEO,VIDEO,,TOP_OF_SEARCH,CLICK,CPC,SPONSORED_BRANDS:VIDEO:TOP_OF_SEARCH:VIDEO:CLICK,USD,0,160,220.8,8,764.4
2026-07-07,US,adv_demo_001,SPONSORED_DISPLAY,DISPLAY,IMAGE,,PRODUCT_PAGE,IMPRESSION,CPM,SPONSORED_DISPLAY:DISPLAY:PRODUCT_PAGE:IMAGE:IMPRESSION,USD,30796,0,0,0,0
2026-07-07,US,adv_demo_001,SPONSORED_DISPLAY,DISPLAY,IMAGE,,PRODUCT_PAGE,CLICK,CPC,SPONSORED_DISPLAY:DISPLAY:PRODUCT_PAGE:IMAGE:CLICK,USD,0,182,167.44,8,583.68
2026-07-07,US,adv_demo_001,SPONSORED_DISPLAY,DISPLAY,VIDEO,,PRODUCT_PAGE,IMPRESSION,CPM,SPONSORED_DISPLAY:DISPLAY:PRODUCT_PAGE:VIDEO:IMPRESSION,USD,19537,0,0,0,0
2026-07-07,US,adv_demo_001,SPONSORED_DISPLAY,VIDEO,VIDEO,,PRODUCT_PAGE,CLICK,CPC,SPONSORED_DISPLAY:VIDEO:PRODUCT_PAGE:VIDEO:CLICK,USD,0,119,140.42,6,517.44
2026-07-07,US,adv_demo_001,SPONSORED_PRODUCTS,PRODUCT_AD,,,PRODUCT_PAGE,CLICK,CPC,SPONSORED_PRODUCTS:PRODUCT_AD:PRODUCT_PAGE:UNSPECIFIED:CLICK,USD,0,349,307.12,26,1750.32
2026-07-07,US,adv_demo_001,SPONSORED_PRODUCTS,PRODUCT_AD,,,REST_OF_SEARCH,CLICK,CPC,SPONSORED_PRODUCTS:PRODUCT_AD:REST_OF_SEARCH:UNSPECIFIED:CLICK,USD,0,348,285.36,24,1560.0
2026-07-07,US,adv_demo_001,SPONSORED_PRODUCTS,PRODUCT_AD,,,TOP_OF_SEARCH,IMPRESSION,CPM,SPONSORED_PRODUCTS:PRODUCT_AD:TOP_OF_SEARCH:UNSPECIFIED:IMPRESSION,USD,42701,0,0,0,0
2026-07-07,US,adv_demo_001,SPONSORED_PRODUCTS,PRODUCT_AD,,,TOP_OF_SEARCH,CLICK,CPC,SPONSORED_PRODUCTS:PRODUCT_AD:TOP_OF_SEARCH:UNSPECIFIED:CLICK,USD,0,502,512.04,42,3054.24
2026-07-08,US,adv_demo_001,AMAZON_DSP,,,AUDIO,,IMPRESSION,CPM,AMAZON_DSP:AUDIO:UNSPECIFIED:UNSPECIFIED:IMPRESSION,USD,45986,0,827.75,0,0
2026-07-08,US,adv_demo_001,AMAZON_DSP,,IMAGE,DISPLAY,,IMPRESSION,CPM,AMAZON_DSP:DISPLAY:UNSPECIFIED:IMAGE:IMPRESSION,USD,55527,0,694.09,0,0
2026-07-08,US,adv_demo_001,AMAZON_DSP,,VIDEO,ONLINE_VIDEO,,IMPRESSION,CPM,AMAZON_DSP:ONLINE_VIDEO:UNSPECIFIED:VIDEO:IMPRESSION,USD,43068,0,861.36,0,0
2026-07-08,US,adv_demo_001,AMAZON_DSP,,VIDEO,STREAMING_TV,,IMPRESSION,CPM,AMAZON_DSP:STREAMING_TV:UNSPECIFIED:VIDEO:IMPRESSION,USD,51609,0,1445.05,0,0
2026-07-08,US,adv_demo_001,SPONSORED_BRANDS,COMPONENT,IMAGE,,TOP_OF_SEARCH,IMPRESSION,CPM,SPONSORED_BRANDS:COMPONENT:TOP_OF_SEARCH:IMAGE:IMPRESSION,USD,24150,0,0,0,0
2026-07-08,US,adv_demo_001,SPONSORED_BRANDS,COMPONENT,IMAGE,,TOP_OF_SEARCH,CLICK,CPC,SPONSORED_BRANDS:COMPONENT:TOP_OF_SEARCH:IMAGE:CLICK,USD,0,193,231.6,10,787.2
2026-07-08,US,adv_demo_001,SPONSORED_BRANDS,DISPLAY,IMAGE,,REST_OF_SEARCH,IMPRESSION,CPM,SPONSORED_BRANDS:DISPLAY:REST_OF_SEARCH:IMAGE:IMPRESSION,USD,27691,0,0,0,0
2026-07-08,US,adv_demo_001,SPONSORED_BRANDS,VIDEO,VIDEO,,TOP_OF_SEARCH,IMPRESSION,CPM,SPONSORED_BRANDS:VIDEO:TOP_OF_SEARCH:VIDEO:IMPRESSION,USD,16432,0,0,0,0
2026-07-08,US,adv_demo_001,SPONSORED_BRANDS,VIDEO,VIDEO,,TOP_OF_SEARCH,CLICK,CPC,SPONSORED_BRANDS:VIDEO:TOP_OF_SEARCH:VIDEO:CLICK,USD,0,119,164.22,6,535.08
2026-07-08,US,adv_demo_001,SPONSORED_DISPLAY,DISPLAY,IMAGE,,PRODUCT_PAGE,IMPRESSION,CPM,SPONSORED_DISPLAY:DISPLAY:PRODUCT_PAGE:IMAGE:IMPRESSION,USD,24973,0,0,0,0
2026-07-08,US,adv_demo_001,SPONSORED_DISPLAY,DISPLAY,IMAGE,,PRODUCT_PAGE,CLICK,CPC,SPONSORED_DISPLAY:DISPLAY:PRODUCT_PAGE:IMAGE:CLICK,USD,0,136,125.12,6,451.44
2026-07-08,US,adv_demo_001,SPONSORED_DISPLAY,DISPLAY,VIDEO,,PRODUCT_PAGE,IMPRESSION,CPM,SPONSORED_DISPLAY:DISPLAY:PRODUCT_PAGE:VIDEO:IMPRESSION,USD,20514,0,0,0,0
2026-07-08,US,adv_demo_001,SPONSORED_DISPLAY,VIDEO,VIDEO,,PRODUCT_PAGE,CLICK,CPC,SPONSORED_DISPLAY:VIDEO:PRODUCT_PAGE:VIDEO:CLICK,USD,0,126,148.68,6,533.28
2026-07-08,US,adv_demo_001,SPONSORED_PRODUCTS,PRODUCT_AD,,,PRODUCT_PAGE,CLICK,CPC,SPONSORED_PRODUCTS:PRODUCT_AD:PRODUCT_PAGE:UNSPECIFIED:CLICK,USD,0,363,319.44,28,1942.08
2026-07-08,US,adv_demo_001,SPONSORED_PRODUCTS,PRODUCT_AD,,,REST_OF_SEARCH,CLICK,CPC,SPONSORED_PRODUCTS:PRODUCT_AD:REST_OF_SEARCH:UNSPECIFIED:CLICK,USD,0,361,296.02,23,1539.85
2026-07-08,US,adv_demo_001,SPONSORED_PRODUCTS,PRODUCT_AD,,,TOP_OF_SEARCH,IMPRESSION,CPM,SPONSORED_PRODUCTS:PRODUCT_AD:TOP_OF_SEARCH:UNSPECIFIED:IMPRESSION,USD,43678,0,0,0,0
2026-07-08,US,adv_demo_001,SPONSORED_PRODUCTS,PRODUCT_AD,,,TOP_OF_SEARCH,CLICK,CPC,SPONSORED_PRODUCTS:PRODUCT_AD:TOP_OF_SEARCH:UNSPECIFIED:CLICK,USD,0,519,529.38,40,2995.2
2026-07-09,US,adv_demo_001,AMAZON_DSP,,,AUDIO,,IMPRESSION,CPM,AMAZON_DSP:AUDIO:UNSPECIFIED:UNSPECIFIED:IMPRESSION,USD,46963,0,845.33,0,0
2026-07-09,US,adv_demo_001,AMAZON_DSP,,IMAGE,DISPLAY,,IMPRESSION,CPM,AMAZON_DSP:DISPLAY:UNSPECIFIED:IMAGE:IMPRESSION,USD,56504,0,706.3,0,0
2026-07-09,US,adv_demo_001,AMAZON_DSP,,VIDEO,ONLINE_VIDEO,,IMPRESSION,CPM,AMAZON_DSP:ONLINE_VIDEO:UNSPECIFIED:VIDEO:IMPRESSION,USD,44045,0,880.9,0,0
2026-07-09,US,adv_demo_001,AMAZON_DSP,,VIDEO,STREAMING_TV,,IMPRESSION,CPM,AMAZON_DSP:STREAMING_TV:UNSPECIFIED:VIDEO:IMPRESSION,USD,52586,0,1472.41,0,0
2026-07-09,US,adv_demo_001,SPONSORED_BRANDS,COMPONENT,IMAGE,,TOP_OF_SEARCH,IMPRESSION,CPM,SPONSORED_BRANDS:COMPONENT:TOP_OF_SEARCH:IMAGE:IMPRESSION,USD,18327,0,0,0,0
2026-07-09,US,adv_demo_001,SPONSORED_BRANDS,COMPONENT,IMAGE,,TOP_OF_SEARCH,CLICK,CPC,SPONSORED_BRANDS:COMPONENT:TOP_OF_SEARCH:IMAGE:CLICK,USD,0,148,177.6,8,649.44
2026-07-09,US,adv_demo_001,SPONSORED_BRANDS,DISPLAY,IMAGE,,REST_OF_SEARCH,IMPRESSION,CPM,SPONSORED_BRANDS:DISPLAY:REST_OF_SEARCH:IMAGE:IMPRESSION,USD,21868,0,0,0,0
2026-07-09,US,adv_demo_001,SPONSORED_BRANDS,VIDEO,VIDEO,,TOP_OF_SEARCH,IMPRESSION,CPM,SPONSORED_BRANDS:VIDEO:TOP_OF_SEARCH:VIDEO:IMPRESSION,USD,17409,0,0,0,0
2026-07-09,US,adv_demo_001,SPONSORED_BRANDS,VIDEO,VIDEO,,TOP_OF_SEARCH,CLICK,CPC,SPONSORED_BRANDS:VIDEO:TOP_OF_SEARCH:VIDEO:CLICK,USD,0,116,160.08,6,551.46
2026-07-09,US,adv_demo_001,SPONSORED_DISPLAY,DISPLAY,IMAGE,,PRODUCT_PAGE,IMPRESSION,CPM,SPONSORED_DISPLAY:DISPLAY:PRODUCT_PAGE:IMAGE:IMPRESSION,USD,25950,0,0,0,0
2026-07-09,US,adv_demo_001,SPONSORED_DISPLAY,DISPLAY,IMAGE,,PRODUCT_PAGE,CLICK,CPC,SPONSORED_DISPLAY:DISPLAY:PRODUCT_PAGE:IMAGE:CLICK,USD,0,143,131.56,6,465.12
2026-07-09,US,adv_demo_001,SPONSORED_DISPLAY,DISPLAY,VIDEO,,PRODUCT_PAGE,IMPRESSION,CPM,SPONSORED_DISPLAY:DISPLAY:PRODUCT_PAGE:VIDEO:IMPRESSION,USD,21491,0,0,0,0
2026-07-09,US,adv_demo_001,SPONSORED_DISPLAY,VIDEO,VIDEO,,PRODUCT_PAGE,CLICK,CPC,SPONSORED_DISPLAY:VIDEO:PRODUCT_PAGE:VIDEO:CLICK,USD,0,134,158.12,6,549.12
2026-07-09,US,adv_demo_001,SPONSORED_PRODUCTS,PRODUCT_AD,,,PRODUCT_PAGE,CLICK,CPC,SPONSORED_PRODUCTS:PRODUCT_AD:PRODUCT_PAGE:UNSPECIFIED:CLICK,USD,0,376,330.88,26,1856.4
2026-07-09,US,adv_demo_001,SPONSORED_PRODUCTS,PRODUCT_AD,,,REST_OF_SEARCH,CLICK,CPC,SPONSORED_PRODUCTS:PRODUCT_AD:REST_OF_SEARCH:UNSPECIFIED:CLICK,USD,0,373,305.86,24,1497.6
2026-07-09,US,adv_demo_001,SPONSORED_PRODUCTS,PRODUCT_AD,,,TOP_OF_SEARCH,IMPRESSION,CPM,SPONSORED_PRODUCTS:PRODUCT_AD:TOP_OF_SEARCH:UNSPECIFIED:IMPRESSION,USD,44655,0,0,0,0
2026-07-09,US,adv_demo_001,SPONSORED_PRODUCTS,PRODUCT_AD,,,TOP_OF_SEARCH,CLICK,CPC,SPONSORED_PRODUCTS:PRODUCT_AD:TOP_OF_SEARCH:UNSPECIFIED:CLICK,USD,0,536,546.72,42,2933.28
2026-07-10,US,adv_demo_001,AMAZON_DSP,,,AUDIO,,IMPRESSION,CPM,AMAZON_DSP:AUDIO:UNSPECIFIED:UNSPECIFIED:IMPRESSION,USD,47940,0,862.92,0,0
2026-07-10,US,adv_demo_001,AMAZON_DSP,,IMAGE,DISPLAY,,IMPRESSION,CPM,AMAZON_DSP:DISPLAY:UNSPECIFIED:IMAGE:IMPRESSION,USD,57481,0,718.51,0,0
2026-07-10,US,adv_demo_001,AMAZON_DSP,,VIDEO,ONLINE_VIDEO,,IMPRESSION,CPM,AMAZON_DSP:ONLINE_VIDEO:UNSPECIFIED:VIDEO:IMPRESSION,USD,38222,0,764.44,0,0
2026-07-10,US,adv_demo_001,AMAZON_DSP,,VIDEO,STREAMING_TV,,IMPRESSION,CPM,AMAZON_DSP:STREAMING_TV:UNSPECIFIED:VIDEO:IMPRESSION,USD,46763,0,1309.36,0,0
2026-07-10,US,adv_demo_001,SPONSORED_BRANDS,COMPONENT,IMAGE,,TOP_OF_SEARCH,IMPRESSION,CPM,SPONSORED_BRANDS:COMPONENT:TOP_OF_SEARCH:IMAGE:IMPRESSION,USD,19304,0,0,0,0
2026-07-10,US,adv_demo_001,SPONSORED_BRANDS,COMPONENT,IMAGE,,TOP_OF_SEARCH,CLICK,CPC,SPONSORED_BRANDS:COMPONENT:TOP_OF_SEARCH:IMAGE:CLICK,USD,0,158,189.6,9,752.76
2026-07-10,US,adv_demo_001,SPONSORED_BRANDS,DISPLAY,IMAGE,,REST_OF_SEARCH,IMPRESSION,CPM,SPONSORED_BRANDS:DISPLAY:REST_OF_SEARCH:IMAGE:IMPRESSION,USD,22845,0,0,0,0
2026-07-10,US,adv_demo_001,SPONSORED_BRANDS,VIDEO,VIDEO,,TOP_OF_SEARCH,IMPRESSION,CPM,SPONSORED_BRANDS:VIDEO:TOP_OF_SEARCH:VIDEO:IMPRESSION,USD,18386,0,0,0,0
2026-07-10,US,adv_demo_001,SPONSORED_BRANDS,VIDEO,VIDEO,,TOP_OF_SEARCH,CLICK,CPC,SPONSORED_BRANDS:VIDEO:TOP_OF_SEARCH:VIDEO:CLICK,USD,0,124,171.12,6,567.84
2026-07-10,US,adv_demo_001,SPONSORED_DISPLAY,DISPLAY,IMAGE,,PRODUCT_PAGE,IMPRESSION,CPM,SPONSORED_DISPLAY:DISPLAY:PRODUCT_PAGE:IMAGE:IMPRESSION,USD,26927,0,0,0,0
2026-07-10,US,adv_demo_001,SPONSORED_DISPLAY,DISPLAY,IMAGE,,PRODUCT_PAGE,CLICK,CPC,SPONSORED_DISPLAY:DISPLAY:PRODUCT_PAGE:IMAGE:CLICK,USD,0,150,138.0,6,478.8
2026-07-10,US,adv_demo_001,SPONSORED_DISPLAY,DISPLAY,VIDEO,,PRODUCT_PAGE,IMPRESSION,CPM,SPONSORED_DISPLAY:DISPLAY:PRODUCT_PAGE:VIDEO:IMPRESSION,USD,22468,0,0,0,0
2026-07-10,US,adv_demo_001,SPONSORED_DISPLAY,VIDEO,VIDEO,,PRODUCT_PAGE,CLICK,CPC,SPONSORED_DISPLAY:VIDEO:PRODUCT_PAGE:VIDEO:CLICK,USD,0,142,167.56,7,597.52
2026-07-10,US,adv_demo_001,SPONSORED_PRODUCTS,PRODUCT_AD,,,PRODUCT_PAGE,CLICK,CPC,SPONSORED_PRODUCTS:PRODUCT_AD:PRODUCT_PAGE:UNSPECIFIED:CLICK,USD,0,390,343.2,28,1865.92
2026-07-10,US,adv_demo_001,SPONSORED_PRODUCTS,PRODUCT_AD,,,REST_OF_SEARCH,CLICK,CPC,SPONSORED_PRODUCTS:PRODUCT_AD:REST_OF_SEARCH:UNSPECIFIED:CLICK,USD,0,386,316.52,26,1673.1
2026-07-10,US,adv_demo_001,SPONSORED_PRODUCTS,PRODUCT_AD,,,TOP_OF_SEARCH,IMPRESSION,CPM,SPONSORED_PRODUCTS:PRODUCT_AD:TOP_OF_SEARCH:UNSPECIFIED:IMPRESSION,USD,45632,0,0,0,0
2026-07-10,US,adv_demo_001,SPONSORED_PRODUCTS,PRODUCT_AD,,,TOP_OF_SEARCH,CLICK,CPC,SPONSORED_PRODUCTS:PRODUCT_AD:TOP_OF_SEARCH:UNSPECIFIED:CLICK,USD,0,553,564.06,44,3168.0
2026-07-11,US,adv_demo_001,AMAZON_DSP,,,AUDIO,,IMPRESSION,CPM,AMAZON_DSP:AUDIO:UNSPECIFIED:UNSPECIFIED:IMPRESSION,USD,42117,0,758.11,0,0
2026-07-11,US,adv_demo_001,AMAZON_DSP,,IMAGE,DISPLAY,,IMPRESSION,CPM,AMAZON_DSP:DISPLAY:UNSPECIFIED:IMAGE:IMPRESSION,USD,51658,0,645.73,0,0
2026-07-11,US,adv_demo_001,AMAZON_DSP,,VIDEO,ONLINE_VIDEO,,IMPRESSION,CPM,AMAZON_DSP:ONLINE_VIDEO:UNSPECIFIED:VIDEO:IMPRESSION,USD,39199,0,783.98,0,0
2026-07-11,US,adv_demo_001,AMAZON_DSP,,VIDEO,STREAMING_TV,,IMPRESSION,CPM,AMAZON_DSP:STREAMING_TV:UNSPECIFIED:VIDEO:IMPRESSION,USD,47740,0,1336.72,0,0
2026-07-11,US,adv_demo_001,SPONSORED_BRANDS,COMPONENT,IMAGE,,TOP_OF_SEARCH,IMPRESSION,CPM,SPONSORED_BRANDS:COMPONENT:TOP_OF_SEARCH:IMAGE:IMPRESSION,USD,20281,0,0,0,0
2026-07-11,US,adv_demo_001,SPONSORED_BRANDS,COMPONENT,IMAGE,,TOP_OF_SEARCH,CLICK,CPC,SPONSORED_BRANDS:COMPONENT:TOP_OF_SEARCH:IMAGE:CLICK,USD,0,153,183.6,9,774.9
2026-07-11,US,adv_demo_001,SPONSORED_BRANDS,DISPLAY,IMAGE,,REST_OF_SEARCH,IMPRESSION,CPM,SPONSORED_BRANDS:DISPLAY:REST_OF_SEARCH:IMAGE:IMPRESSION,USD,23822,0,0,0,0
2026-07-11,US,adv_demo_001,SPONSORED_BRANDS,VIDEO,VIDEO,,TOP_OF_SEARCH,IMPRESSION,CPM,SPONSORED_BRANDS:VIDEO:TOP_OF_SEARCH:VIDEO:IMPRESSION,USD,19363,0,0,0,0
2026-07-11,US,adv_demo_001,SPONSORED_BRANDS,VIDEO,VIDEO,,TOP_OF_SEARCH,CLICK,CPC,SPONSORED_BRANDS:VIDEO:TOP_OF_SEARCH:VIDEO:CLICK,USD,0,132,182.16,6,529.62
2026-07-11,US,adv_demo_001,SPONSORED_DISPLAY,DISPLAY,IMAGE,,PRODUCT_PAGE,IMPRESSION,CPM,SPONSORED_DISPLAY:DISPLAY:PRODUCT_PAGE:IMAGE:IMPRESSION,USD,27904,0,0,0,0
2026-07-11,US,adv_demo_001,SPONSORED_DISPLAY,DISPLAY,IMAGE,,PRODUCT_PAGE,CLICK,CPC,SPONSORED_DISPLAY:DISPLAY:PRODUCT_PAGE:IMAGE:CLICK,USD,0,157,144.44,7,521.36
2026-07-11,US,adv_demo_001,SPONSORED_DISPLAY,DISPLAY,VIDEO,,PRODUCT_PAGE,IMPRESSION,CPM,SPONSORED_DISPLAY:DISPLAY:PRODUCT_PAGE:VIDEO:IMPRESSION,USD,23445,0,0,0,0
2026-07-11,US,adv_demo_001,SPONSORED_DISPLAY,VIDEO,VIDEO,,PRODUCT_PAGE,CLICK,CPC,SPONSORED_DISPLAY:VIDEO:PRODUCT_PAGE:VIDEO:CLICK,USD,0,150,177.0,7,616.0
2026-07-11,US,adv_demo_001,SPONSORED_PRODUCTS,PRODUCT_AD,,,PRODUCT_PAGE,CLICK,CPC,SPONSORED_PRODUCTS:PRODUCT_AD:PRODUCT_PAGE:UNSPECIFIED:CLICK,USD,0,405,356.4,29,1991.72
2026-07-11,US,adv_demo_001,SPONSORED_PRODUCTS,PRODUCT_AD,,,REST_OF_SEARCH,CLICK,CPC,SPONSORED_PRODUCTS:PRODUCT_AD:REST_OF_SEARCH:UNSPECIFIED:CLICK,USD,0,399,327.18,27,1790.1
2026-07-11,US,adv_demo_001,SPONSORED_PRODUCTS,PRODUCT_AD,,,TOP_OF_SEARCH,IMPRESSION,CPM,SPONSORED_PRODUCTS:PRODUCT_AD:TOP_OF_SEARCH:UNSPECIFIED:IMPRESSION,USD,46609,0,0,0,0
2026-07-11,US,adv_demo_001,SPONSORED_PRODUCTS,PRODUCT_AD,,,TOP_OF_SEARCH,CLICK,CPC,SPONSORED_PRODUCTS:PRODUCT_AD:TOP_OF_SEARCH:UNSPECIFIED:CLICK,USD,0,570,581.4,46,3411.36
2026-07-12,US,adv_demo_001,AMAZON_DSP,,,AUDIO,,IMPRESSION,CPM,AMAZON_DSP:AUDIO:UNSPECIFIED:UNSPECIFIED:IMPRESSION,USD,43094,0,775.69,0,0
2026-07-12,US,adv_demo_001,AMAZON_DSP,,IMAGE,DISPLAY,,IMPRESSION,CPM,AMAZON_DSP:DISPLAY:UNSPECIFIED:IMAGE:IMPRESSION,USD,52635,0,657.94,0,0
2026-07-12,US,adv_demo_001,AMAZON_DSP,,VIDEO,ONLINE_VIDEO,,IMPRESSION,CPM,AMAZON_DSP:ONLINE_VIDEO:UNSPECIFIED:VIDEO:IMPRESSION,USD,40176,0,803.52,0,0
2026-07-12,US,adv_demo_001,AMAZON_DSP,,VIDEO,STREAMING_TV,,IMPRESSION,CPM,AMAZON_DSP:STREAMING_TV:UNSPECIFIED:VIDEO:IMPRESSION,USD,48717,0,1364.08,0,0
2026-07-12,US,adv_demo_001,SPONSORED_BRANDS,COMPONENT,IMAGE,,TOP_OF_SEARCH,IMPRESSION,CPM,SPONSORED_BRANDS:COMPONENT:TOP_OF_SEARCH:IMAGE:IMPRESSION,USD,21258,0,0,0,0
2026-07-12,US,adv_demo_001,SPONSORED_BRANDS,COMPONENT,IMAGE,,TOP_OF_SEARCH,CLICK,CPC,SPONSORED_BRANDS:COMPONENT:TOP_OF_SEARCH:IMAGE:CLICK,USD,0,162,194.4,8,642.88
2026-07-12,US,adv_demo_001,SPONSORED_BRANDS,DISPLAY,IMAGE,,REST_OF_SEARCH,IMPRESSION,CPM,SPONSORED_BRANDS:DISPLAY:REST_OF_SEARCH:IMAGE:IMPRESSION,USD,24799,0,0,0,0
2026-07-12,US,adv_demo_001,SPONSORED_BRANDS,VIDEO,VIDEO,,TOP_OF_SEARCH,IMPRESSION,CPM,SPONSORED_BRANDS:VIDEO:TOP_OF_SEARCH:VIDEO:IMPRESSION,USD,20340,0,0,0,0
2026-07-12,US,adv_demo_001,SPONSORED_BRANDS,VIDEO,VIDEO,,TOP_OF_SEARCH,CLICK,CPC,SPONSORED_BRANDS:VIDEO:TOP_OF_SEARCH:VIDEO:CLICK,USD,0,140,193.2,7,637.0
2026-07-12,US,adv_demo_001,SPONSORED_DISPLAY,DISPLAY,IMAGE,,PRODUCT_PAGE,IMPRESSION,CPM,SPONSORED_DISPLAY:DISPLAY:PRODUCT_PAGE:IMAGE:IMPRESSION,USD,28881,0,0,0,0
2026-07-12,US,adv_demo_001,SPONSORED_DISPLAY,DISPLAY,IMAGE,,PRODUCT_PAGE,CLICK,CPC,SPONSORED_DISPLAY:DISPLAY:PRODUCT_PAGE:IMAGE:CLICK,USD,0,164,150.88,7,537.32
2026-07-12,US,adv_demo_001,SPONSORED_DISPLAY,DISPLAY,VIDEO,,PRODUCT_PAGE,IMPRESSION,CPM,SPONSORED_DISPLAY:DISPLAY:PRODUCT_PAGE:VIDEO:IMPRESSION,USD,24422,0,0,0,0
2026-07-12,US,adv_demo_001,SPONSORED_DISPLAY,VIDEO,VIDEO,,PRODUCT_PAGE,CLICK,CPC,SPONSORED_DISPLAY:VIDEO:PRODUCT_PAGE:VIDEO:CLICK,USD,0,158,186.44,8,725.12
2026-07-12,US,adv_demo_001,SPONSORED_PRODUCTS,PRODUCT_AD,,,PRODUCT_PAGE,CLICK,CPC,SPONSORED_PRODUCTS:PRODUCT_AD:PRODUCT_PAGE:UNSPECIFIED:CLICK,USD,0,419,368.72,31,2192.32
2026-07-12,US,adv_demo_001,SPONSORED_PRODUCTS,PRODUCT_AD,,,REST_OF_SEARCH,CLICK,CPC,SPONSORED_PRODUCTS:PRODUCT_AD:REST_OF_SEARCH:UNSPECIFIED:CLICK,USD,0,348,285.36,24,1638.0
2026-07-12,US,adv_demo_001,SPONSORED_PRODUCTS,PRODUCT_AD,,,TOP_OF_SEARCH,IMPRESSION,CPM,SPONSORED_PRODUCTS:PRODUCT_AD:TOP_OF_SEARCH:UNSPECIFIED:IMPRESSION,USD,40786,0,0,0,0
2026-07-12,US,adv_demo_001,SPONSORED_PRODUCTS,PRODUCT_AD,,,TOP_OF_SEARCH,CLICK,CPC,SPONSORED_PRODUCTS:PRODUCT_AD:TOP_OF_SEARCH:UNSPECIFIED:CLICK,USD,0,460,469.2,38,2626.56
2026-07-13,US,adv_demo_001,AMAZON_DSP,,,AUDIO,,IMPRESSION,CPM,AMAZON_DSP:AUDIO:UNSPECIFIED:UNSPECIFIED:IMPRESSION,USD,44071,0,793.28,0,0
2026-07-13,US,adv_demo_001,AMAZON_DSP,,IMAGE,DISPLAY,,IMPRESSION,CPM,AMAZON_DSP:DISPLAY:UNSPECIFIED:IMAGE:IMPRESSION,USD,53612,0,670.15,0,0
2026-07-13,US,adv_demo_001,AMAZON_DSP,,VIDEO,ONLINE_VIDEO,,IMPRESSION,CPM,AMAZON_DSP:ONLINE_VIDEO:UNSPECIFIED:VIDEO:IMPRESSION,USD,41153,0,823.06,0,0
2026-07-13,US,adv_demo_001,AMAZON_DSP,,VIDEO,STREAMING_TV,,IMPRESSION,CPM,AMAZON_DSP:STREAMING_TV:UNSPECIFIED:VIDEO:IMPRESSION,USD,49694,0,1391.43,0,0
2026-07-13,US,adv_demo_001,SPONSORED_BRANDS,COMPONENT,IMAGE,,TOP_OF_SEARCH,IMPRESSION,CPM,SPONSORED_BRANDS:COMPONENT:TOP_OF_SEARCH:IMAGE:IMPRESSION,USD,22235,0,0,0,0
2026-07-13,US,adv_demo_001,SPONSORED_BRANDS,COMPONENT,IMAGE,,TOP_OF_SEARCH,CLICK,CPC,SPONSORED_BRANDS:COMPONENT:TOP_OF_SEARCH:IMAGE:CLICK,USD,0,171,205.2,9,745.38
2026-07-13,US,adv_demo_001,SPONSORED_BRANDS,DISPLAY,IMAGE,,REST_OF_SEARCH,IMPRESSION,CPM,SPONSORED_BRANDS:DISPLAY:REST_OF_SEARCH:IMAGE:IMPRESSION,USD,25776,0,0,0,0
2026-07-13,US,adv_demo_001,SPONSORED_BRANDS,VIDEO,VIDEO,,TOP_OF_SEARCH,IMPRESSION,CPM,SPONSORED_BRANDS:VIDEO:TOP_OF_SEARCH:VIDEO:IMPRESSION,USD,21317,0,0,0,0
2026-07-13,US,adv_demo_001,SPONSORED_BRANDS,VIDEO,VIDEO,,TOP_OF_SEARCH,CLICK,CPC,SPONSORED_BRANDS:VIDEO:TOP_OF_SEARCH:VIDEO:CLICK,USD,0,148,204.24,7,656.11
2026-07-13,US,adv_demo_001,SPONSORED_DISPLAY,DISPLAY,IMAGE,,PRODUCT_PAGE,IMPRESSION,CPM,SPONSORED_DISPLAY:DISPLAY:PRODUCT_PAGE:IMAGE:IMPRESSION,USD,29858,0,0,0,0
2026-07-13,US,adv_demo_001,SPONSORED_DISPLAY,DISPLAY,IMAGE,,PRODUCT_PAGE,CLICK,CPC,SPONSORED_DISPLAY:DISPLAY:PRODUCT_PAGE:IMAGE:CLICK,USD,0,171,157.32,8,632.32
2026-07-13,US,adv_demo_001,SPONSORED_DISPLAY,DISPLAY,VIDEO,,PRODUCT_PAGE,IMPRESSION,CPM,SPONSORED_DISPLAY:DISPLAY:PRODUCT_PAGE:VIDEO:IMPRESSION,USD,25399,0,0,0,0
2026-07-13,US,adv_demo_001,SPONSORED_DISPLAY,VIDEO,VIDEO,,PRODUCT_PAGE,CLICK,CPC,SPONSORED_DISPLAY:VIDEO:PRODUCT_PAGE:VIDEO:CLICK,USD,0,119,140.42,6,506.88
2026-07-13,US,adv_demo_001,SPONSORED_PRODUCTS,PRODUCT_AD,,,PRODUCT_PAGE,CLICK,CPC,SPONSORED_PRODUCTS:PRODUCT_AD:PRODUCT_PAGE:UNSPECIFIED:CLICK,USD,0,361,317.68,27,1780.92
2026-07-13,US,adv_demo_001,SPONSORED_PRODUCTS,PRODUCT_AD,,,REST_OF_SEARCH,CLICK,CPC,SPONSORED_PRODUCTS:PRODUCT_AD:REST_OF_SEARCH:UNSPECIFIED:CLICK,USD,0,329,269.78,23,1465.1
2026-07-13,US,adv_demo_001,SPONSORED_PRODUCTS,PRODUCT_AD,,,TOP_OF_SEARCH,IMPRESSION,CPM,SPONSORED_PRODUCTS:PRODUCT_AD:TOP_OF_SEARCH:UNSPECIFIED:IMPRESSION,USD,41763,0,0,0,0
2026-07-13,US,adv_demo_001,SPONSORED_PRODUCTS,PRODUCT_AD,,,TOP_OF_SEARCH,CLICK,CPC,SPONSORED_PRODUCTS:PRODUCT_AD:TOP_OF_SEARCH:UNSPECIFIED:CLICK,USD,0,476,485.52,36,2566.08
2026-07-14,US,adv_demo_001,AMAZON_DSP,,,AUDIO,,IMPRESSION,CPM,AMAZON_DSP:AUDIO:UNSPECIFIED:UNSPECIFIED:IMPRESSION,USD,45048,0,810.86,0,0
2026-07-14,US,adv_demo_001,AMAZON_DSP,,IMAGE,DISPLAY,,IMPRESSION,CPM,AMAZON_DSP:DISPLAY:UNSPECIFIED:IMAGE:IMPRESSION,USD,54589,0,682.36,0,0
2026-07-14,US,adv_demo_001,AMAZON_DSP,,VIDEO,ONLINE_VIDEO,,IMPRESSION,CPM,AMAZON_DSP:ONLINE_VIDEO:UNSPECIFIED:VIDEO:IMPRESSION,USD,42130,0,842.6,0,0
2026-07-14,US,adv_demo_001,AMAZON_DSP,,VIDEO,STREAMING_TV,,IMPRESSION,CPM,AMAZON_DSP:STREAMING_TV:UNSPECIFIED:VIDEO:IMPRESSION,USD,50671,0,1418.79,0,0
2026-07-14,US,adv_demo_001,SPONSORED_BRANDS,COMPONENT,IMAGE,,TOP_OF_SEARCH,IMPRESSION,CPM,SPONSORED_BRANDS:COMPONENT:TOP_OF_SEARCH:IMAGE:IMPRESSION,USD,23212,0,0,0,0
2026-07-14,US,adv_demo_001,SPONSORED_BRANDS,COMPONENT,IMAGE,,TOP_OF_SEARCH,CLICK,CPC,SPONSORED_BRANDS:COMPONENT:TOP_OF_SEARCH:IMAGE:CLICK,USD,0,180,216.0,10,852.8
2026-07-14,US,adv_demo_001,SPONSORED_BRANDS,DISPLAY,IMAGE,,REST_OF_SEARCH,IMPRESSION,CPM,SPONSORED_BRANDS:DISPLAY:REST_OF_SEARCH:IMAGE:IMPRESSION,USD,26753,0,0,0,0
2026-07-14,US,adv_demo_001,SPONSORED_BRANDS,VIDEO,VIDEO,,TOP_OF_SEARCH,IMPRESSION,CPM,SPONSORED_BRANDS:VIDEO:TOP_OF_SEARCH:VIDEO:IMPRESSION,USD,22294,0,0,0,0
2026-07-14,US,adv_demo_001,SPONSORED_BRANDS,VIDEO,VIDEO,,TOP_OF_SEARCH,CLICK,CPC,SPONSORED_BRANDS:VIDEO:TOP_OF_SEARCH:VIDEO:CLICK,USD,0,157,216.66,8,698.88
2026-07-14,US,adv_demo_001,SPONSORED_DISPLAY,DISPLAY,IMAGE,,PRODUCT_PAGE,IMPRESSION,CPM,SPONSORED_DISPLAY:DISPLAY:PRODUCT_PAGE:IMAGE:IMPRESSION,USD,24035,0,0,0,0
2026-07-14,US,adv_demo_001,SPONSORED_DISPLAY,DISPLAY,IMAGE,,PRODUCT_PAGE,CLICK,CPC,SPONSORED_DISPLAY:DISPLAY:PRODUCT_PAGE:IMAGE:CLICK,USD,0,139,127.88,6,442.32
2026-07-14,US,adv_demo_001,SPONSORED_DISPLAY,DISPLAY,VIDEO,,PRODUCT_PAGE,IMPRESSION,CPM,SPONSORED_DISPLAY:DISPLAY:PRODUCT_PAGE:VIDEO:IMPRESSION,USD,19576,0,0,0,0
2026-07-14,US,adv_demo_001,SPONSORED_DISPLAY,VIDEO,VIDEO,,PRODUCT_PAGE,CLICK,CPC,SPONSORED_DISPLAY:VIDEO:PRODUCT_PAGE:VIDEO:CLICK,USD,0,128,151.04,6,522.72
2026-07-14,US,adv_demo_001,SPONSORED_PRODUCTS,PRODUCT_AD,,,PRODUCT_PAGE,CLICK,CPC,SPONSORED_PRODUCTS:PRODUCT_AD:PRODUCT_PAGE:UNSPECIFIED:CLICK,USD,0,342,300.96,24,1632.0
2026-07-14,US,adv_demo_001,SPONSORED_PRODUCTS,PRODUCT_AD,,,REST_OF_SEARCH,CLICK,CPC,SPONSORED_PRODUCTS:PRODUCT_AD:REST_OF_SEARCH:UNSPECIFIED:CLICK,USD,0,341,279.62,22,1444.3
2026-07-14,US,adv_demo_001,SPONSORED_PRODUCTS,PRODUCT_AD,,,TOP_OF_SEARCH,IMPRESSION,CPM,SPONSORED_PRODUCTS:PRODUCT_AD:TOP_OF_SEARCH:UNSPECIFIED:IMPRESSION,USD,42740,0,0,0,0
2026-07-14,US,adv_demo_001,SPONSORED_PRODUCTS,PRODUCT_AD,,,TOP_OF_SEARCH,CLICK,CPC,SPONSORED_PRODUCTS:PRODUCT_AD:TOP_OF_SEARCH:UNSPECIFIED:CLICK,USD,0,492,501.84,38,2790.72
2026-07-15,US,adv_demo_001,AMAZON_DSP,,,AUDIO,,IMPRESSION,CPM,AMAZON_DSP:AUDIO:UNSPECIFIED:UNSPECIFIED:IMPRESSION,USD,46025,0,828.45,0,0
2026-07-15,US,adv_demo_001,AMAZON_DSP,,IMAGE,DISPLAY,,IMPRESSION,CPM,AMAZON_DSP:DISPLAY:UNSPECIFIED:IMAGE:IMPRESSION,USD,55566,0,694.58,0,0
2026-07-15,US,adv_demo_001,AMAZON_DSP,,VIDEO,ONLINE_VIDEO,,IMPRESSION,CPM,AMAZON_DSP:ONLINE_VIDEO:UNSPECIFIED:VIDEO:IMPRESSION,USD,43107,0,862.14,0,0
2026-07-15,US,adv_demo_001,AMAZON_DSP,,VIDEO,STREAMING_TV,,IMPRESSION,CPM,AMAZON_DSP:STREAMING_TV:UNSPECIFIED:VIDEO:IMPRESSION,USD,51648,0,1446.14,0,0
2026-07-15,US,adv_demo_001,SPONSORED_BRANDS,COMPONENT,IMAGE,,TOP_OF_SEARCH,IMPRESSION,CPM,SPONSORED_BRANDS:COMPONENT:TOP_OF_SEARCH:IMAGE:IMPRESSION,USD,24189,0,0,0,0
2026-07-15,US,adv_demo_001,SPONSORED_BRANDS,COMPONENT,IMAGE,,TOP_OF_SEARCH,CLICK,CPC,SPONSORED_BRANDS:COMPONENT:TOP_OF_SEARCH:IMAGE:CLICK,USD,0,190,228.0,10,795.4
2026-07-15,US,adv_demo_001,SPONSORED_BRANDS,DISPLAY,IMAGE,,REST_OF_SEARCH,IMPRESSION,CPM,SPONSORED_BRANDS:DISPLAY:REST_OF_SEARCH:IMAGE:IMPRESSION,USD,27730,0,0,0,0
2026-07-15,US,adv_demo_001,SPONSORED_BRANDS,VIDEO,VIDEO,,TOP_OF_SEARCH,IMPRESSION,CPM,SPONSORED_BRANDS:VIDEO:TOP_OF_SEARCH:VIDEO:IMPRESSION,USD,16471,0,0,0,0
2026-07-15,US,adv_demo_001,SPONSORED_BRANDS,VIDEO,VIDEO,,TOP_OF_SEARCH,CLICK,CPC,SPONSORED_BRANDS:VIDEO:TOP_OF_SEARCH:VIDEO:CLICK,USD,0,117,161.46,6,540.54
2026-07-15,US,adv_demo_001,SPONSORED_DISPLAY,DISPLAY,IMAGE,,PRODUCT_PAGE,IMPRESSION,CPM,SPONSORED_DISPLAY:DISPLAY:PRODUCT_PAGE:IMAGE:IMPRESSION,USD,25012,0,0,0,0
2026-07-15,US,adv_demo_001,SPONSORED_DISPLAY,DISPLAY,IMAGE,,PRODUCT_PAGE,CLICK,CPC,SPONSORED_DISPLAY:DISPLAY:PRODUCT_PAGE:IMAGE:CLICK,USD,0,147,135.24,7,532.0
2026-07-15,US,adv_demo_001,SPONSORED_DISPLAY,DISPLAY,VIDEO,,PRODUCT_PAGE,IMPRESSION,CPM,SPONSORED_DISPLAY:DISPLAY:PRODUCT_PAGE:VIDEO:IMPRESSION,USD,20553,0,0,0,0
2026-07-15,US,adv_demo_001,SPONSORED_DISPLAY,VIDEO,VIDEO,,PRODUCT_PAGE,CLICK,CPC,SPONSORED_DISPLAY:VIDEO:PRODUCT_PAGE:VIDEO:CLICK,USD,0,124,146.32,6,538.56
2026-07-15,US,adv_demo_001,SPONSORED_PRODUCTS,PRODUCT_AD,,,PRODUCT_PAGE,CLICK,CPC,SPONSORED_PRODUCTS:PRODUCT_AD:PRODUCT_PAGE:UNSPECIFIED:CLICK,USD,0,355,312.4,25,1751.0
2026-07-15,US,adv_demo_001,SPONSORED_PRODUCTS,PRODUCT_AD,,,REST_OF_SEARCH,CLICK,CPC,SPONSORED_PRODUCTS:PRODUCT_AD:REST_OF_SEARCH:UNSPECIFIED:CLICK,USD,0,354,290.28,23,1554.8
2026-07-15,US,adv_demo_001,SPONSORED_PRODUCTS,PRODUCT_AD,,,TOP_OF_SEARCH,IMPRESSION,CPM,SPONSORED_PRODUCTS:PRODUCT_AD:TOP_OF_SEARCH:UNSPECIFIED:IMPRESSION,USD,43717,0,0,0,0
2026-07-15,US,adv_demo_001,SPONSORED_PRODUCTS,PRODUCT_AD,,,TOP_OF_SEARCH,CLICK,CPC,SPONSORED_PRODUCTS:PRODUCT_AD:TOP_OF_SEARCH:UNSPECIFIED:CLICK,USD,0,509,519.18,40,3024.0
2026-07-16,US,adv_demo_001,AMAZON_DSP,,,AUDIO,,IMPRESSION,CPM,AMAZON_DSP:AUDIO:UNSPECIFIED:UNSPECIFIED:IMPRESSION,USD,47002,0,846.04,0,0
2026-07-16,US,adv_demo_001,AMAZON_DSP,,IMAGE,DISPLAY,,IMPRESSION,CPM,AMAZON_DSP:DISPLAY:UNSPECIFIED:IMAGE:IMPRESSION,USD,56543,0,706.79,0,0
2026-07-16,US,adv_demo_001,AMAZON_DSP,,VIDEO,ONLINE_VIDEO,,IMPRESSION,CPM,AMAZON_DSP:ONLINE_VIDEO:UNSPECIFIED:VIDEO:IMPRESSION,USD,44084,0,881.68,0,0
2026-07-16,US,adv_demo_001,AMAZON_DSP,,VIDEO,STREAMING_TV,,IMPRESSION,CPM,AMAZON_DSP:STREAMING_TV:UNSPECIFIED:VIDEO:IMPRESSION,USD,52625,0,1473.5,0,0
2026-07-16,US,adv_demo_001,SPONSORED_BRANDS,COMPONENT,IMAGE,,TOP_OF_SEARCH,IMPRESSION,CPM,SPONSORED_BRANDS:COMPONENT:TOP_OF_SEARCH:IMAGE:IMPRESSION,USD,18366,0,0,0,0
2026-07-16,US,adv_demo_001,SPONSORED_BRANDS,COMPONENT,IMAGE,,TOP_OF_SEARCH,CLICK,CPC,SPONSORED_BRANDS:COMPONENT:TOP_OF_SEARCH:IMAGE:CLICK,USD,0,145,174.0,8,656.0
2026-07-16,US,adv_demo_001,SPONSORED_BRANDS,DISPLAY,IMAGE,,REST_OF_SEARCH,IMPRESSION,CPM,SPONSORED_BRANDS:DISPLAY:REST_OF_SEARCH:IMAGE:IMPRESSION,USD,21907,0,0,0,0
2026-07-16,US,adv_demo_001,SPONSORED_BRANDS,VIDEO,VIDEO,,TOP_OF_SEARCH,IMPRESSION,CPM,SPONSORED_BRANDS:VIDEO:TOP_OF_SEARCH:VIDEO:IMPRESSION,USD,17448,0,0,0,0
2026-07-16,US,adv_demo_001,SPONSORED_BRANDS,VIDEO,VIDEO,,TOP_OF_SEARCH,CLICK,CPC,SPONSORED_BRANDS:VIDEO:TOP_OF_SEARCH:VIDEO:CLICK,USD,0,125,172.5,6,556.92
2026-07-16,US,adv_demo_001,SPONSORED_DISPLAY,DISPLAY,IMAGE,,PRODUCT_PAGE,IMPRESSION,CPM,SPONSORED_DISPLAY:DISPLAY:PRODUCT_PAGE:IMAGE:IMPRESSION,USD,25989,0,0,0,0
2026-07-16,US,adv_demo_001,SPONSORED_DISPLAY,DISPLAY,IMAGE,,PRODUCT_PAGE,CLICK,CPC,SPONSORED_DISPLAY:DISPLAY:PRODUCT_PAGE:IMAGE:CLICK,USD,0,154,141.68,6,469.68
2026-07-16,US,adv_demo_001,SPONSORED_DISPLAY,DISPLAY,VIDEO,,PRODUCT_PAGE,IMPRESSION,CPM,SPONSORED_DISPLAY:DISPLAY:PRODUCT_PAGE:VIDEO:IMPRESSION,USD,21530,0,0,0,0
2026-07-16,US,adv_demo_001,SPONSORED_DISPLAY,VIDEO,VIDEO,,PRODUCT_PAGE,CLICK,CPC,SPONSORED_DISPLAY:VIDEO:PRODUCT_PAGE:VIDEO:CLICK,USD,0,132,155.76,6,554.4
2026-07-16,US,adv_demo_001,SPONSORED_PRODUCTS,PRODUCT_AD,,,PRODUCT_PAGE,CLICK,CPC,SPONSORED_PRODUCTS:PRODUCT_AD:PRODUCT_PAGE:UNSPECIFIED:CLICK,USD,0,369,324.72,27,1762.56
2026-07-16,US,adv_demo_001,SPONSORED_PRODUCTS,PRODUCT_AD,,,REST_OF_SEARCH,CLICK,CPC,SPONSORED_PRODUCTS:PRODUCT_AD:REST_OF_SEARCH:UNSPECIFIED:CLICK,USD,0,366,300.12,24,1513.2
2026-07-16,US,adv_demo_001,SPONSORED_PRODUCTS,PRODUCT_AD,,,TOP_OF_SEARCH,IMPRESSION,CPM,SPONSORED_PRODUCTS:PRODUCT_AD:TOP_OF_SEARCH:UNSPECIFIED:IMPRESSION,USD,44694,0,0,0,0
2026-07-16,US,adv_demo_001,SPONSORED_PRODUCTS,PRODUCT_AD,,,TOP_OF_SEARCH,CLICK,CPC,SPONSORED_PRODUCTS:PRODUCT_AD:TOP_OF_SEARCH:UNSPECIFIED:CLICK,USD,0,526,536.52,42,2963.52
2026-07-17,US,adv_demo_001,AMAZON_DSP,,,AUDIO,,IMPRESSION,CPM,AMAZON_DSP:AUDIO:UNSPECIFIED:UNSPECIFIED:IMPRESSION,USD,47979,0,863.62,0,0
2026-07-17,US,adv_demo_001,AMAZON_DSP,,IMAGE,DISPLAY,,IMPRESSION,CPM,AMAZON_DSP:DISPLAY:UNSPECIFIED:IMAGE:IMPRESSION,USD,57520,0,719.0,0,0
2026-07-17,US,adv_demo_001,AMAZON_DSP,,VIDEO,ONLINE_VIDEO,,IMPRESSION,CPM,AMAZON_DSP:ONLINE_VIDEO:UNSPECIFIED:VIDEO:IMPRESSION,USD,38261,0,765.22,0,0
2026-07-17,US,adv_demo_001,AMAZON_DSP,,VIDEO,STREAMING_TV,,IMPRESSION,CPM,AMAZON_DSP:STREAMING_TV:UNSPECIFIED:VIDEO:IMPRESSION,USD,46802,0,1310.46,0,0
2026-07-17,US,adv_demo_001,SPONSORED_BRANDS,COMPONENT,IMAGE,,TOP_OF_SEARCH,IMPRESSION,CPM,SPONSORED_BRANDS:COMPONENT:TOP_OF_SEARCH:IMAGE:IMPRESSION,USD,19343,0,0,0,0
2026-07-17,US,adv_demo_001,SPONSORED_BRANDS,COMPONENT,IMAGE,,TOP_OF_SEARCH,CLICK,CPC,SPONSORED_BRANDS:COMPONENT:TOP_OF_SEARCH:IMAGE:CLICK,USD,0,155,186.0,8,675.68
2026-07-17,US,adv_demo_001,SPONSORED_BRANDS,DISPLAY,IMAGE,,REST_OF_SEARCH,IMPRESSION,CPM,SPONSORED_BRANDS:DISPLAY:REST_OF_SEARCH:IMAGE:IMPRESSION,USD,22884,0,0,0,0
2026-07-17,US,adv_demo_001,SPONSORED_BRANDS,VIDEO,VIDEO,,TOP_OF_SEARCH,IMPRESSION,CPM,SPONSORED_BRANDS:VIDEO:TOP_OF_SEARCH:VIDEO:IMPRESSION,USD,18425,0,0,0,0
2026-07-17,US,adv_demo_001,SPONSORED_BRANDS,VIDEO,VIDEO,,TOP_OF_SEARCH,CLICK,CPC,SPONSORED_BRANDS:VIDEO:TOP_OF_SEARCH:VIDEO:CLICK,USD,0,133,183.54,6,573.3
2026-07-17,US,adv_demo_001,SPONSORED_DISPLAY,DISPLAY,IMAGE,,PRODUCT_PAGE,IMPRESSION,CPM,SPONSORED_DISPLAY:DISPLAY:PRODUCT_PAGE:IMAGE:IMPRESSION,USD,26966,0,0,0,0
2026-07-17,US,adv_demo_001,SPONSORED_DISPLAY,DISPLAY,IMAGE,,PRODUCT_PAGE,CLICK,CPC,SPONSORED_DISPLAY:DISPLAY:PRODUCT_PAGE:IMAGE:CLICK,USD,0,147,135.24,6,437.76
2026-07-17,US,adv_demo_001,SPONSORED_DISPLAY,DISPLAY,VIDEO,,PRODUCT_PAGE,IMPRESSION,CPM,SPONSORED_DISPLAY:DISPLAY:PRODUCT_PAGE:VIDEO:IMPRESSION,USD,22507,0,0,0,0
2026-07-17,US,adv_demo_001,SPONSORED_DISPLAY,VIDEO,VIDEO,,PRODUCT_PAGE,CLICK,CPC,SPONSORED_DISPLAY:VIDEO:PRODUCT_PAGE:VIDEO:CLICK,USD,0,139,164.02,7,603.68
2026-07-17,US,adv_demo_001,SPONSORED_PRODUCTS,PRODUCT_AD,,,PRODUCT_PAGE,CLICK,CPC,SPONSORED_PRODUCTS:PRODUCT_AD:PRODUCT_PAGE:UNSPECIFIED:CLICK,USD,0,383,337.04,28,1884.96
2026-07-17,US,adv_demo_001,SPONSORED_PRODUCTS,PRODUCT_AD,,,REST_OF_SEARCH,CLICK,CPC,SPONSORED_PRODUCTS:PRODUCT_AD:REST_OF_SEARCH:UNSPECIFIED:CLICK,USD,0,379,310.78,26,1690.0
2026-07-17,US,adv_demo_001,SPONSORED_PRODUCTS,PRODUCT_AD,,,TOP_OF_SEARCH,IMPRESSION,CPM,SPONSORED_PRODUCTS:PRODUCT_AD:TOP_OF_SEARCH:UNSPECIFIED:IMPRESSION,USD,45671,0,0,0,0
2026-07-17,US,adv_demo_001,SPONSORED_PRODUCTS,PRODUCT_AD,,,TOP_OF_SEARCH,CLICK,CPC,SPONSORED_PRODUCTS:PRODUCT_AD:TOP_OF_SEARCH:UNSPECIFIED:CLICK,USD,0,543,553.86,45,3272.4
2026-07-18,US,adv_demo_001,AMAZON_DSP,,,AUDIO,,IMPRESSION,CPM,AMAZON_DSP:AUDIO:UNSPECIFIED:UNSPECIFIED:IMPRESSION,USD,42156,0,758.81,0,0
2026-07-18,US,adv_demo_001,AMAZON_DSP,,IMAGE,DISPLAY,,IMPRESSION,CPM,AMAZON_DSP:DISPLAY:UNSPECIFIED:IMAGE:IMPRESSION,USD,51697,0,646.21,0,0
2026-07-18,US,adv_demo_001,AMAZON_DSP,,VIDEO,ONLINE_VIDEO,,IMPRESSION,CPM,AMAZON_DSP:ONLINE_VIDEO:UNSPECIFIED:VIDEO:IMPRESSION,USD,39238,0,784.76,0,0
2026-07-18,US,adv_demo_001,AMAZON_DSP,,VIDEO,STREAMING_TV,,IMPRESSION,CPM,AMAZON_DSP:STREAMING_TV:UNSPECIFIED:VIDEO:IMPRESSION,USD,47779,0,1337.81,0,0
2026-07-18,US,adv_demo_001,SPONSORED_BRANDS,COMPONENT,IMAGE,,TOP_OF_SEARCH,IMPRESSION,CPM,SPONSORED_BRANDS:COMPONENT:TOP_OF_SEARCH:IMAGE:IMPRESSION,USD,20320,0,0,0,0
2026-07-18,US,adv_demo_001,SPONSORED_BRANDS,COMPONENT,IMAGE,,TOP_OF_SEARCH,CLICK,CPC,SPONSORED_BRANDS:COMPONENT:TOP_OF_SEARCH:IMAGE:CLICK,USD,0,164,196.8,8,629.76
2026-07-18,US,adv_demo_001,SPONSORED_BRANDS,DISPLAY,IMAGE,,REST_OF_SEARCH,IMPRESSION,CPM,SPONSORED_BRANDS:DISPLAY:REST_OF_SEARCH:IMAGE:IMPRESSION,USD,23861,0,0,0,0
2026-07-18,US,adv_demo_001,SPONSORED_BRANDS,VIDEO,VIDEO,,TOP_OF_SEARCH,IMPRESSION,CPM,SPONSORED_BRANDS:VIDEO:TOP_OF_SEARCH:VIDEO:IMPRESSION,USD,19402,0,0,0,0
2026-07-18,US,adv_demo_001,SPONSORED_BRANDS,VIDEO,VIDEO,,TOP_OF_SEARCH,CLICK,CPC,SPONSORED_BRANDS:VIDEO:TOP_OF_SEARCH:VIDEO:CLICK,USD,0,129,178.02,6,535.08
2026-07-18,US,adv_demo_001,SPONSORED_DISPLAY,DISPLAY,IMAGE,,PRODUCT_PAGE,IMPRESSION,CPM,SPONSORED_DISPLAY:DISPLAY:PRODUCT_PAGE:IMAGE:IMPRESSION,USD,27943,0,0,0,0
2026-07-18,US,adv_demo_001,SPONSORED_DISPLAY,DISPLAY,IMAGE,,PRODUCT_PAGE,CLICK,CPC,SPONSORED_DISPLAY:DISPLAY:PRODUCT_PAGE:IMAGE:CLICK,USD,0,154,141.68,7,526.68
2026-07-18,US,adv_demo_001,SPONSORED_DISPLAY,DISPLAY,VIDEO,,PRODUCT_PAGE,IMPRESSION,CPM,SPONSORED_DISPLAY:DISPLAY:PRODUCT_PAGE:VIDEO:IMPRESSION,USD,23484,0,0,0,0
2026-07-18,US,adv_demo_001,SPONSORED_DISPLAY,VIDEO,VIDEO,,PRODUCT_PAGE,CLICK,CPC,SPONSORED_DISPLAY:VIDEO:PRODUCT_PAGE:VIDEO:CLICK,USD,0,147,173.46,7,622.16
2026-07-18,US,adv_demo_001,SPONSORED_PRODUCTS,PRODUCT_AD,,,PRODUCT_PAGE,CLICK,CPC,SPONSORED_PRODUCTS:PRODUCT_AD:PRODUCT_PAGE:UNSPECIFIED:CLICK,USD,0,397,349.36,30,2080.8
2026-07-18,US,adv_demo_001,SPONSORED_PRODUCTS,PRODUCT_AD,,,REST_OF_SEARCH,CLICK,CPC,SPONSORED_PRODUCTS:PRODUCT_AD:REST_OF_SEARCH:UNSPECIFIED:CLICK,USD,0,392,321.44,27,1807.65
2026-07-18,US,adv_demo_001,SPONSORED_PRODUCTS,PRODUCT_AD,,,TOP_OF_SEARCH,IMPRESSION,CPM,SPONSORED_PRODUCTS:PRODUCT_AD:TOP_OF_SEARCH:UNSPECIFIED:IMPRESSION,USD,46648,0,0,0,0
2026-07-18,US,adv_demo_001,SPONSORED_PRODUCTS,PRODUCT_AD,,,TOP_OF_SEARCH,CLICK,CPC,SPONSORED_PRODUCTS:PRODUCT_AD:TOP_OF_SEARCH:UNSPECIFIED:CLICK,USD,0,560,571.2,47,3519.36
2026-07-19,US,adv_demo_001,AMAZON_DSP,,,AUDIO,,IMPRESSION,CPM,AMAZON_DSP:AUDIO:UNSPECIFIED:UNSPECIFIED:IMPRESSION,USD,43133,0,776.39,0,0
2026-07-19,US,adv_demo_001,AMAZON_DSP,,IMAGE,DISPLAY,,IMPRESSION,CPM,AMAZON_DSP:DISPLAY:UNSPECIFIED:IMAGE:IMPRESSION,USD,52674,0,658.42,0,0
2026-07-19,US,adv_demo_001,AMAZON_DSP,,VIDEO,ONLINE_VIDEO,,IMPRESSION,CPM,AMAZON_DSP:ONLINE_VIDEO:UNSPECIFIED:VIDEO:IMPRESSION,USD,40215,0,804.3,0,0
2026-07-19,US,adv_demo_001,AMAZON_DSP,,VIDEO,STREAMING_TV,,IMPRESSION,CPM,AMAZON_DSP:STREAMING_TV:UNSPECIFIED:VIDEO:IMPRESSION,USD,48756,0,1365.17,0,0
2026-07-19,US,adv_demo_001,SPONSORED_BRANDS,COMPONENT,IMAGE,,TOP_OF_SEARCH,IMPRESSION,CPM,SPONSORED_BRANDS:COMPONENT:TOP_OF_SEARCH:IMAGE:IMPRESSION,USD,21297,0,0,0,0
2026-07-19,US,adv_demo_001,SPONSORED_BRANDS,COMPONENT,IMAGE,,TOP_OF_SEARCH,CLICK,CPC,SPONSORED_BRANDS:COMPONENT:TOP_OF_SEARCH:IMAGE:CLICK,USD,0,174,208.8,9,730.62
2026-07-19,US,adv_demo_001,SPONSORED_BRANDS,DISPLAY,IMAGE,,REST_OF_SEARCH,IMPRESSION,CPM,SPONSORED_BRANDS:DISPLAY:REST_OF_SEARCH:IMAGE:IMPRESSION,USD,24838,0,0,0,0
2026-07-19,US,adv_demo_001,SPONSORED_BRANDS,VIDEO,VIDEO,,TOP_OF_SEARCH,IMPRESSION,CPM,SPONSORED_BRANDS:VIDEO:TOP_OF_SEARCH:VIDEO:IMPRESSION,USD,20379,0,0,0,0
2026-07-19,US,adv_demo_001,SPONSORED_BRANDS,VIDEO,VIDEO,,TOP_OF_SEARCH,CLICK,CPC,SPONSORED_BRANDS:VIDEO:TOP_OF_SEARCH:VIDEO:CLICK,USD,0,137,189.06,7,643.37
2026-07-19,US,adv_demo_001,SPONSORED_DISPLAY,DISPLAY,IMAGE,,PRODUCT_PAGE,IMPRESSION,CPM,SPONSORED_DISPLAY:DISPLAY:PRODUCT_PAGE:IMAGE:IMPRESSION,USD,28920,0,0,0,0
2026-07-19,US,adv_demo_001,SPONSORED_DISPLAY,DISPLAY,IMAGE,,PRODUCT_PAGE,CLICK,CPC,SPONSORED_DISPLAY:DISPLAY:PRODUCT_PAGE:IMAGE:CLICK,USD,0,161,148.12,7,542.64
2026-07-19,US,adv_demo_001,SPONSORED_DISPLAY,DISPLAY,VIDEO,,PRODUCT_PAGE,IMPRESSION,CPM,SPONSORED_DISPLAY:DISPLAY:PRODUCT_PAGE:VIDEO:IMPRESSION,USD,24461,0,0,0,0
2026-07-19,US,adv_demo_001,SPONSORED_DISPLAY,VIDEO,VIDEO,,PRODUCT_PAGE,CLICK,CPC,SPONSORED_DISPLAY:VIDEO:PRODUCT_PAGE:VIDEO:CLICK,USD,0,156,184.08,8,732.16
2026-07-19,US,adv_demo_001,SPONSORED_PRODUCTS,PRODUCT_AD,,,PRODUCT_PAGE,CLICK,CPC,SPONSORED_PRODUCTS:PRODUCT_AD:PRODUCT_PAGE:UNSPECIFIED:CLICK,USD,0,411,361.68,31,2213.4
2026-07-19,US,adv_demo_001,SPONSORED_PRODUCTS,PRODUCT_AD,,,REST_OF_SEARCH,CLICK,CPC,SPONSORED_PRODUCTS:PRODUCT_AD:REST_OF_SEARCH:UNSPECIFIED:CLICK,USD,0,341,279.62,22,1372.8
2026-07-19,US,adv_demo_001,SPONSORED_PRODUCTS,PRODUCT_AD,,,TOP_OF_SEARCH,IMPRESSION,CPM,SPONSORED_PRODUCTS:PRODUCT_AD:TOP_OF_SEARCH:UNSPECIFIED:IMPRESSION,USD,40825,0,0,0,0
2026-07-19,US,adv_demo_001,SPONSORED_PRODUCTS,PRODUCT_AD,,,TOP_OF_SEARCH,CLICK,CPC,SPONSORED_PRODUCTS:PRODUCT_AD:TOP_OF_SEARCH:UNSPECIFIED:CLICK,USD,0,495,504.9,38,2653.92
2026-07-20,US,adv_demo_001,AMAZON_DSP,,,AUDIO,,IMPRESSION,CPM,AMAZON_DSP:AUDIO:UNSPECIFIED:UNSPECIFIED:IMPRESSION,USD,44110,0,793.98,0,0
2026-07-20,US,adv_demo_001,AMAZON_DSP,,IMAGE,DISPLAY,,IMPRESSION,CPM,AMAZON_DSP:DISPLAY:UNSPECIFIED:IMAGE:IMPRESSION,USD,53651,0,670.64,0,0
2026-07-20,US,adv_demo_001,AMAZON_DSP,,VIDEO,ONLINE_VIDEO,,IMPRESSION,CPM,AMAZON_DSP:ONLINE_VIDEO:UNSPECIFIED:VIDEO:IMPRESSION,USD,41192,0,823.84,0,0
2026-07-20,US,adv_demo_001,AMAZON_DSP,,VIDEO,STREAMING_TV,,IMPRESSION,CPM,AMAZON_DSP:STREAMING_TV:UNSPECIFIED:VIDEO:IMPRESSION,USD,49733,0,1392.52,0,0
2026-07-20,US,adv_demo_001,SPONSORED_BRANDS,COMPONENT,IMAGE,,TOP_OF_SEARCH,IMPRESSION,CPM,SPONSORED_BRANDS:COMPONENT:TOP_OF_SEARCH:IMAGE:IMPRESSION,USD,22274,0,0,0,0
2026-07-20,US,adv_demo_001,SPONSORED_BRANDS,COMPONENT,IMAGE,,TOP_OF_SEARCH,CLICK,CPC,SPONSORED_BRANDS:COMPONENT:TOP_OF_SEARCH:IMAGE:CLICK,USD,0,168,201.6,9,752.76
2026-07-20,US,adv_demo_001,SPONSORED_BRANDS,DISPLAY,IMAGE,,REST_OF_SEARCH,IMPRESSION,CPM,SPONSORED_BRANDS:DISPLAY:REST_OF_SEARCH:IMAGE:IMPRESSION,USD,25815,0,0,0,0
2026-07-20,US,adv_demo_001,SPONSORED_BRANDS,VIDEO,VIDEO,,TOP_OF_SEARCH,IMPRESSION,CPM,SPONSORED_BRANDS:VIDEO:TOP_OF_SEARCH:VIDEO:IMPRESSION,USD,21356,0,0,0,0
2026-07-20,US,adv_demo_001,SPONSORED_BRANDS,VIDEO,VIDEO,,TOP_OF_SEARCH,CLICK,CPC,SPONSORED_BRANDS:VIDEO:TOP_OF_SEARCH:VIDEO:CLICK,USD,0,146,201.48,7,662.48
2026-07-20,US,adv_demo_001,SPONSORED_DISPLAY,DISPLAY,IMAGE,,PRODUCT_PAGE,IMPRESSION,CPM,SPONSORED_DISPLAY:DISPLAY:PRODUCT_PAGE:IMAGE:IMPRESSION,USD,29897,0,0,0,0
2026-07-20,US,adv_demo_001,SPONSORED_DISPLAY,DISPLAY,IMAGE,,PRODUCT_PAGE,CLICK,CPC,SPONSORED_DISPLAY:DISPLAY:PRODUCT_PAGE:IMAGE:CLICK,USD,0,168,154.56,8,638.4
2026-07-20,US,adv_demo_001,SPONSORED_DISPLAY,DISPLAY,VIDEO,,PRODUCT_PAGE,IMPRESSION,CPM,SPONSORED_DISPLAY:DISPLAY:PRODUCT_PAGE:VIDEO:IMPRESSION,USD,25438,0,0,0,0
2026-07-20,US,adv_demo_001,SPONSORED_DISPLAY,VIDEO,VIDEO,,PRODUCT_PAGE,CLICK,CPC,SPONSORED_DISPLAY:VIDEO:PRODUCT_PAGE:VIDEO:CLICK,USD,0,117,138.06,5,426.8
2026-07-20,US,adv_demo_001,SPONSORED_PRODUCTS,PRODUCT_AD,,,PRODUCT_PAGE,CLICK,CPC,SPONSORED_PRODUCTS:PRODUCT_AD:PRODUCT_PAGE:UNSPECIFIED:CLICK,USD,0,354,311.52,25,1666.0
2026-07-20,US,adv_demo_001,SPONSORED_PRODUCTS,PRODUCT_AD,,,REST_OF_SEARCH,CLICK,CPC,SPONSORED_PRODUCTS:PRODUCT_AD:REST_OF_SEARCH:UNSPECIFIED:CLICK,USD,0,354,290.28,23,1480.05
2026-07-20,US,adv_demo_001,SPONSORED_PRODUCTS,PRODUCT_AD,,,TOP_OF_SEARCH,IMPRESSION,CPM,SPONSORED_PRODUCTS:PRODUCT_AD:TOP_OF_SEARCH:UNSPECIFIED:IMPRESSION,USD,41802,0,0,0,0
2026-07-20,US,adv_demo_001,SPONSORED_PRODUCTS,PRODUCT_AD,,,TOP_OF_SEARCH,CLICK,CPC,SPONSORED_PRODUCTS:PRODUCT_AD:TOP_OF_SEARCH:UNSPECIFIED:CLICK,USD,0,512,522.24,40,2880.0
2026-07-21,US,adv_demo_001,AMAZON_DSP,,,AUDIO,,IMPRESSION,CPM,AMAZON_DSP:AUDIO:UNSPECIFIED:UNSPECIFIED:IMPRESSION,USD,45087,0,811.57,0,0
2026-07-21,US,adv_demo_001,AMAZON_DSP,,IMAGE,DISPLAY,,IMPRESSION,CPM,AMAZON_DSP:DISPLAY:UNSPECIFIED:IMAGE:IMPRESSION,USD,54628,0,682.85,0,0
2026-07-21,US,adv_demo_001,AMAZON_DSP,,VIDEO,ONLINE_VIDEO,,IMPRESSION,CPM,AMAZON_DSP:ONLINE_VIDEO:UNSPECIFIED:VIDEO:IMPRESSION,USD,42169,0,843.38,0,0
2026-07-21,US,adv_demo_001,AMAZON_DSP,,VIDEO,STREAMING_TV,,IMPRESSION,CPM,AMAZON_DSP:STREAMING_TV:UNSPECIFIED:VIDEO:IMPRESSION,USD,50710,0,1419.88,0,0
2026-07-21,US,adv_demo_001,SPONSORED_BRANDS,COMPONENT,IMAGE,,TOP_OF_SEARCH,IMPRESSION,CPM,SPONSORED_BRANDS:COMPONENT:TOP_OF_SEARCH:IMAGE:IMPRESSION,USD,23251,0,0,0,0
2026-07-21,US,adv_demo_001,SPONSORED_BRANDS,COMPONENT,IMAGE,,TOP_OF_SEARCH,CLICK,CPC,SPONSORED_BRANDS:COMPONENT:TOP_OF_SEARCH:IMAGE:CLICK,USD,0,177,212.4,10,861.0
2026-07-21,US,adv_demo_001,SPONSORED_BRANDS,DISPLAY,IMAGE,,REST_OF_SEARCH,IMPRESSION,CPM,SPONSORED_BRANDS:DISPLAY:REST_OF_SEARCH:IMAGE:IMPRESSION,USD,26792,0,0,0,0
2026-07-21,US,adv_demo_001,SPONSORED_BRANDS,VIDEO,VIDEO,,TOP_OF_SEARCH,IMPRESSION,CPM,SPONSORED_BRANDS:VIDEO:TOP_OF_SEARCH:VIDEO:IMPRESSION,USD,22333,0,0,0,0
2026-07-21,US,adv_demo_001,SPONSORED_BRANDS,VIDEO,VIDEO,,TOP_OF_SEARCH,CLICK,CPC,SPONSORED_BRANDS:VIDEO:TOP_OF_SEARCH:VIDEO:CLICK,USD,0,154,212.52,8,706.16
2026-07-21,US,adv_demo_001,SPONSORED_DISPLAY,DISPLAY,IMAGE,,PRODUCT_PAGE,IMPRESSION,CPM,SPONSORED_DISPLAY:DISPLAY:PRODUCT_PAGE:IMAGE:IMPRESSION,USD,24074,0,0,0,0
2026-07-21,US,adv_demo_001,SPONSORED_DISPLAY,DISPLAY,IMAGE,,PRODUCT_PAGE,CLICK,CPC,SPONSORED_DISPLAY:DISPLAY:PRODUCT_PAGE:IMAGE:CLICK,USD,0,137,126.04,6,446.88
2026-07-21,US,adv_demo_001,SPONSORED_DISPLAY,DISPLAY,VIDEO,,PRODUCT_PAGE,IMPRESSION,CPM,SPONSORED_DISPLAY:DISPLAY:PRODUCT_PAGE:VIDEO:IMPRESSION,USD,19615,0,0,0,0
2026-07-21,US,adv_demo_001,SPONSORED_DISPLAY,VIDEO,VIDEO,,PRODUCT_PAGE,CLICK,CPC,SPONSORED_DISPLAY:VIDEO:PRODUCT_PAGE:VIDEO:CLICK,USD,0,125,147.5,6,528.0
2026-07-21,US,adv_demo_001,SPONSORED_PRODUCTS,PRODUCT_AD,,,PRODUCT_PAGE,CLICK,CPC,SPONSORED_PRODUCTS:PRODUCT_AD:PRODUCT_PAGE:UNSPECIFIED:CLICK,USD,0,368,323.84,26,1785.68
2026-07-21,US,adv_demo_001,SPONSORED_PRODUCTS,PRODUCT_AD,,,REST_OF_SEARCH,CLICK,CPC,SPONSORED_PRODUCTS:PRODUCT_AD:REST_OF_SEARCH:UNSPECIFIED:CLICK,USD,0,367,300.94,24,1591.2
2026-07-21,US,adv_demo_001,SPONSORED_PRODUCTS,PRODUCT_AD,,,TOP_OF_SEARCH,IMPRESSION,CPM,SPONSORED_PRODUCTS:PRODUCT_AD:TOP_OF_SEARCH:UNSPECIFIED:IMPRESSION,USD,42779,0,0,0,0
2026-07-21,US,adv_demo_001,SPONSORED_PRODUCTS,PRODUCT_AD,,,TOP_OF_SEARCH,CLICK,CPC,SPONSORED_PRODUCTS:PRODUCT_AD:TOP_OF_SEARCH:UNSPECIFIED:CLICK,USD,0,483,492.66,38,2818.08
2026-07-22,US,adv_demo_001,AMAZON_DSP,,,AUDIO,,IMPRESSION,CPM,AMAZON_DSP:AUDIO:UNSPECIFIED:UNSPECIFIED:IMPRESSION,USD,46064,0,829.15,0,0
2026-07-22,US,adv_demo_001,AMAZON_DSP,,IMAGE,DISPLAY,,IMPRESSION,CPM,AMAZON_DSP:DISPLAY:UNSPECIFIED:IMAGE:IMPRESSION,USD,55605,0,695.06,0,0
2026-07-22,US,adv_demo_001,AMAZON_DSP,,VIDEO,ONLINE_VIDEO,,IMPRESSION,CPM,AMAZON_DSP:ONLINE_VIDEO:UNSPECIFIED:VIDEO:IMPRESSION,USD,43146,0,862.92,0,0
2026-07-22,US,adv_demo_001,AMAZON_DSP,,VIDEO,STREAMING_TV,,IMPRESSION,CPM,AMAZON_DSP:STREAMING_TV:UNSPECIFIED:VIDEO:IMPRESSION,USD,51687,0,1447.24,0,0
2026-07-22,US,adv_demo_001,SPONSORED_BRANDS,COMPONENT,IMAGE,,TOP_OF_SEARCH,IMPRESSION,CPM,SPONSORED_BRANDS:COMPONENT:TOP_OF_SEARCH:IMAGE:IMPRESSION,USD,24228,0,0,0,0
2026-07-22,US,adv_demo_001,SPONSORED_BRANDS,COMPONENT,IMAGE,,TOP_OF_SEARCH,CLICK,CPC,SPONSORED_BRANDS:COMPONENT:TOP_OF_SEARCH:IMAGE:CLICK,USD,0,186,223.2,10,803.6
2026-07-22,US,adv_demo_001,SPONSORED_BRANDS,DISPLAY,IMAGE,,REST_OF_SEARCH,IMPRESSION,CPM,SPONSORED_BRANDS:DISPLAY:REST_OF_SEARCH:IMAGE:IMPRESSION,USD,27769,0,0,0,0
2026-07-22,US,adv_demo_001,SPONSORED_BRANDS,VIDEO,VIDEO,,TOP_OF_SEARCH,IMPRESSION,CPM,SPONSORED_BRANDS:VIDEO:TOP_OF_SEARCH:VIDEO:IMPRESSION,USD,16510,0,0,0,0
2026-07-22,US,adv_demo_001,SPONSORED_BRANDS,VIDEO,VIDEO,,TOP_OF_SEARCH,CLICK,CPC,SPONSORED_BRANDS:VIDEO:TOP_OF_SEARCH:VIDEO:CLICK,USD,0,115,158.7,5,455.0
2026-07-22,US,adv_demo_001,SPONSORED_DISPLAY,DISPLAY,IMAGE,,PRODUCT_PAGE,IMPRESSION,CPM,SPONSORED_DISPLAY:DISPLAY:PRODUCT_PAGE:IMAGE:IMPRESSION,USD,25051,0,0,0,0
2026-07-22,US,adv_demo_001,SPONSORED_DISPLAY,DISPLAY,IMAGE,,PRODUCT_PAGE,CLICK,CPC,SPONSORED_DISPLAY:DISPLAY:PRODUCT_PAGE:IMAGE:CLICK,USD,0,144,132.48,6,460.56
2026-07-22,US,adv_demo_001,SPONSORED_DISPLAY,DISPLAY,VIDEO,,PRODUCT_PAGE,IMPRESSION,CPM,SPONSORED_DISPLAY:DISPLAY:PRODUCT_PAGE:VIDEO:IMPRESSION,USD,20592,0,0,0,0
2026-07-22,US,adv_demo_001,SPONSORED_DISPLAY,VIDEO,VIDEO,,PRODUCT_PAGE,CLICK,CPC,SPONSORED_DISPLAY:VIDEO:PRODUCT_PAGE:VIDEO:CLICK,USD,0,133,156.94,6,543.84
2026-07-22,US,adv_demo_001,SPONSORED_PRODUCTS,PRODUCT_AD,,,PRODUCT_PAGE,CLICK,CPC,SPONSORED_PRODUCTS:PRODUCT_AD:PRODUCT_PAGE:UNSPECIFIED:CLICK,USD,0,382,336.16,28,1980.16
2026-07-22,US,adv_demo_001,SPONSORED_PRODUCTS,PRODUCT_AD,,,REST_OF_SEARCH,CLICK,CPC,SPONSORED_PRODUCTS:PRODUCT_AD:REST_OF_SEARCH:UNSPECIFIED:CLICK,USD,0,347,284.54,23,1569.75
2026-07-22,US,adv_demo_001,SPONSORED_PRODUCTS,PRODUCT_AD,,,TOP_OF_SEARCH,IMPRESSION,CPM,SPONSORED_PRODUCTS:PRODUCT_AD:TOP_OF_SEARCH:UNSPECIFIED:IMPRESSION,USD,43756,0,0,0,0
2026-07-22,US,adv_demo_001,SPONSORED_PRODUCTS,PRODUCT_AD,,,TOP_OF_SEARCH,CLICK,CPC,SPONSORED_PRODUCTS:PRODUCT_AD:TOP_OF_SEARCH:UNSPECIFIED:CLICK,USD,0,499,508.98,41,2833.92
2026-07-23,US,adv_demo_001,AMAZON_DSP,,,AUDIO,,IMPRESSION,CPM,AMAZON_DSP:AUDIO:UNSPECIFIED:UNSPECIFIED:IMPRESSION,USD,47041,0,846.74,0,0
2026-07-23,US,adv_demo_001,AMAZON_DSP,,IMAGE,DISPLAY,,IMPRESSION,CPM,AMAZON_DSP:DISPLAY:UNSPECIFIED:IMAGE:IMPRESSION,USD,56582,0,707.27,0,0
2026-07-23,US,adv_demo_001,AMAZON_DSP,,VIDEO,ONLINE_VIDEO,,IMPRESSION,CPM,AMAZON_DSP:ONLINE_VIDEO:UNSPECIFIED:VIDEO:IMPRESSION,USD,44123,0,882.46,0,0
2026-07-23,US,adv_demo_001,AMAZON_DSP,,VIDEO,STREAMING_TV,,IMPRESSION,CPM,AMAZON_DSP:STREAMING_TV:UNSPECIFIED:VIDEO:IMPRESSION,USD,52664,0,1474.59,0,0
2026-07-23,US,adv_demo_001,SPONSORED_BRANDS,COMPONENT,IMAGE,,TOP_OF_SEARCH,IMPRESSION,CPM,SPONSORED_BRANDS:COMPONENT:TOP_OF_SEARCH:IMAGE:IMPRESSION,USD,18405,0,0,0,0
2026-07-23,US,adv_demo_001,SPONSORED_BRANDS,COMPONENT,IMAGE,,TOP_OF_SEARCH,CLICK,CPC,SPONSORED_BRANDS:COMPONENT:TOP_OF_SEARCH:IMAGE:CLICK,USD,0,143,171.6,7,579.74
2026-07-23,US,adv_demo_001,SPONSORED_BRANDS,DISPLAY,IMAGE,,REST_OF_SEARCH,IMPRESSION,CPM,SPONSORED_BRANDS:DISPLAY:REST_OF_SEARCH:IMAGE:IMPRESSION,USD,21946,0,0,0,0
2026-07-23,US,adv_demo_001,SPONSORED_BRANDS,VIDEO,VIDEO,,TOP_OF_SEARCH,IMPRESSION,CPM,SPONSORED_BRANDS:VIDEO:TOP_OF_SEARCH:VIDEO:IMPRESSION,USD,17487,0,0,0,0
2026-07-23,US,adv_demo_001,SPONSORED_BRANDS,VIDEO,VIDEO,,TOP_OF_SEARCH,CLICK,CPC,SPONSORED_BRANDS:VIDEO:TOP_OF_SEARCH:VIDEO:CLICK,USD,0,123,169.74,6,562.38
2026-07-23,US,adv_demo_001,SPONSORED_DISPLAY,DISPLAY,IMAGE,,PRODUCT_PAGE,IMPRESSION,CPM,SPONSORED_DISPLAY:DISPLAY:PRODUCT_PAGE:IMAGE:IMPRESSION,USD,26028,0,0,0,0
2026-07-23,US,adv_demo_001,SPONSORED_DISPLAY,DISPLAY,IMAGE,,PRODUCT_PAGE,CLICK,CPC,SPONSORED_DISPLAY:DISPLAY:PRODUCT_PAGE:IMAGE:CLICK,USD,0,151,138.92,7,553.28
2026-07-23,US,adv_demo_001,SPONSORED_DISPLAY,DISPLAY,VIDEO,,PRODUCT_PAGE,IMPRESSION,CPM,SPONSORED_DISPLAY:DISPLAY:PRODUCT_PAGE:VIDEO:IMPRESSION,USD,21569,0,0,0,0
2026-07-23,US,adv_demo_001,SPONSORED_DISPLAY,VIDEO,VIDEO,,PRODUCT_PAGE,CLICK,CPC,SPONSORED_DISPLAY:VIDEO:PRODUCT_PAGE:VIDEO:CLICK,USD,0,142,167.56,7,591.36
2026-07-23,US,adv_demo_001,SPONSORED_PRODUCTS,PRODUCT_AD,,,PRODUCT_PAGE,CLICK,CPC,SPONSORED_PRODUCTS:PRODUCT_AD:PRODUCT_PAGE:UNSPECIFIED:CLICK,USD,0,362,318.56,27,1780.92
2026-07-23,US,adv_demo_001,SPONSORED_PRODUCTS,PRODUCT_AD,,,REST_OF_SEARCH,CLICK,CPC,SPONSORED_PRODUCTS:PRODUCT_AD:REST_OF_SEARCH:UNSPECIFIED:CLICK,USD,0,359,294.38,25,1592.5
2026-07-23,US,adv_demo_001,SPONSORED_PRODUCTS,PRODUCT_AD,,,TOP_OF_SEARCH,IMPRESSION,CPM,SPONSORED_PRODUCTS:PRODUCT_AD:TOP_OF_SEARCH:UNSPECIFIED:IMPRESSION,USD,44733,0,0,0,0
2026-07-23,US,adv_demo_001,SPONSORED_PRODUCTS,PRODUCT_AD,,,TOP_OF_SEARCH,CLICK,CPC,SPONSORED_PRODUCTS:PRODUCT_AD:TOP_OF_SEARCH:UNSPECIFIED:CLICK,USD,0,515,525.3,43,3065.04
2026-07-24,US,adv_demo_001,AMAZON_DSP,,,AUDIO,,IMPRESSION,CPM,AMAZON_DSP:AUDIO:UNSPECIFIED:UNSPECIFIED:IMPRESSION,USD,48018,0,864.32,0,0
2026-07-24,US,adv_demo_001,AMAZON_DSP,,IMAGE,DISPLAY,,IMPRESSION,CPM,AMAZON_DSP:DISPLAY:UNSPECIFIED:IMAGE:IMPRESSION,USD,57559,0,719.49,0,0
2026-07-24,US,adv_demo_001,AMAZON_DSP,,VIDEO,ONLINE_VIDEO,,IMPRESSION,CPM,AMAZON_DSP:ONLINE_VIDEO:UNSPECIFIED:VIDEO:IMPRESSION,USD,38300,0,766.0,0,0
2026-07-24,US,adv_demo_001,AMAZON_DSP,,VIDEO,STREAMING_TV,,IMPRESSION,CPM,AMAZON_DSP:STREAMING_TV:UNSPECIFIED:VIDEO:IMPRESSION,USD,46841,0,1311.55,0,0
2026-07-24,US,adv_demo_001,SPONSORED_BRANDS,COMPONENT,IMAGE,,TOP_OF_SEARCH,IMPRESSION,CPM,SPONSORED_BRANDS:COMPONENT:TOP_OF_SEARCH:IMAGE:IMPRESSION,USD,19382,0,0,0,0
2026-07-24,US,adv_demo_001,SPONSORED_BRANDS,COMPONENT,IMAGE,,TOP_OF_SEARCH,CLICK,CPC,SPONSORED_BRANDS:COMPONENT:TOP_OF_SEARCH:IMAGE:CLICK,USD,0,152,182.4,8,682.24
2026-07-24,US,adv_demo_001,SPONSORED_BRANDS,DISPLAY,IMAGE,,REST_OF_SEARCH,IMPRESSION,CPM,SPONSORED_BRANDS:DISPLAY:REST_OF_SEARCH:IMAGE:IMPRESSION,USD,22923,0,0,0,0
2026-07-24,US,adv_demo_001,SPONSORED_BRANDS,VIDEO,VIDEO,,TOP_OF_SEARCH,IMPRESSION,CPM,SPONSORED_BRANDS:VIDEO:TOP_OF_SEARCH:VIDEO:IMPRESSION,USD,18464,0,0,0,0
2026-07-24,US,adv_demo_001,SPONSORED_BRANDS,VIDEO,VIDEO,,TOP_OF_SEARCH,CLICK,CPC,SPONSORED_BRANDS:VIDEO:TOP_OF_SEARCH:VIDEO:CLICK,USD,0,131,180.78,6,524.16
2026-07-24,US,adv_demo_001,SPONSORED_DISPLAY,DISPLAY,IMAGE,,PRODUCT_PAGE,IMPRESSION,CPM,SPONSORED_DISPLAY:DISPLAY:PRODUCT_PAGE:IMAGE:IMPRESSION,USD,27005,0,0,0,0
2026-07-24,US,adv_demo_001,SPONSORED_DISPLAY,DISPLAY,IMAGE,,PRODUCT_PAGE,CLICK,CPC,SPONSORED_DISPLAY:DISPLAY:PRODUCT_PAGE:IMAGE:CLICK,USD,0,158,145.36,7,516.04
2026-07-24,US,adv_demo_001,SPONSORED_DISPLAY,DISPLAY,VIDEO,,PRODUCT_PAGE,IMPRESSION,CPM,SPONSORED_DISPLAY:DISPLAY:PRODUCT_PAGE:VIDEO:IMPRESSION,USD,22546,0,0,0,0
2026-07-24,US,adv_demo_001,SPONSORED_DISPLAY,VIDEO,VIDEO,,PRODUCT_PAGE,CLICK,CPC,SPONSORED_DISPLAY:VIDEO:PRODUCT_PAGE:VIDEO:CLICK,USD,0,137,161.66,7,609.84
2026-07-24,US,adv_demo_001,SPONSORED_PRODUCTS,PRODUCT_AD,,,PRODUCT_PAGE,CLICK,CPC,SPONSORED_PRODUCTS:PRODUCT_AD:PRODUCT_PAGE:UNSPECIFIED:CLICK,USD,0,375,330.0,28,1904.0
2026-07-24,US,adv_demo_001,SPONSORED_PRODUCTS,PRODUCT_AD,,,REST_OF_SEARCH,CLICK,CPC,SPONSORED_PRODUCTS:PRODUCT_AD:REST_OF_SEARCH:UNSPECIFIED:CLICK,USD,0,372,305.04,26,1706.9
2026-07-24,US,adv_demo_001,SPONSORED_PRODUCTS,PRODUCT_AD,,,TOP_OF_SEARCH,IMPRESSION,CPM,SPONSORED_PRODUCTS:PRODUCT_AD:TOP_OF_SEARCH:UNSPECIFIED:IMPRESSION,USD,45710,0,0,0,0
2026-07-24,US,adv_demo_001,SPONSORED_PRODUCTS,PRODUCT_AD,,,TOP_OF_SEARCH,CLICK,CPC,SPONSORED_PRODUCTS:PRODUCT_AD:TOP_OF_SEARCH:UNSPECIFIED:CLICK,USD,0,532,542.64,40,2937.6
2026-07-25,US,adv_demo_001,AMAZON_DSP,,,AUDIO,,IMPRESSION,CPM,AMAZON_DSP:AUDIO:UNSPECIFIED:UNSPECIFIED:IMPRESSION,USD,42195,0,759.51,0,0
2026-07-25,US,adv_demo_001,AMAZON_DSP,,IMAGE,DISPLAY,,IMPRESSION,CPM,AMAZON_DSP:DISPLAY:UNSPECIFIED:IMAGE:IMPRESSION,USD,51736,0,646.7,0,0
2026-07-25,US,adv_demo_001,AMAZON_DSP,,VIDEO,ONLINE_VIDEO,,IMPRESSION,CPM,AMAZON_DSP:ONLINE_VIDEO:UNSPECIFIED:VIDEO:IMPRESSION,USD,39277,0,785.54,0,0
2026-07-25,US,adv_demo_001,AMAZON_DSP,,VIDEO,STREAMING_TV,,IMPRESSION,CPM,AMAZON_DSP:STREAMING_TV:UNSPECIFIED:VIDEO:IMPRESSION,USD,47818,0,1338.9,0,0
2026-07-25,US,adv_demo_001,SPONSORED_BRANDS,COMPONENT,IMAGE,,TOP_OF_SEARCH,IMPRESSION,CPM,SPONSORED_BRANDS:COMPONENT:TOP_OF_SEARCH:IMAGE:IMPRESSION,USD,20359,0,0,0,0
2026-07-25,US,adv_demo_001,SPONSORED_BRANDS,COMPONENT,IMAGE,,TOP_OF_SEARCH,CLICK,CPC,SPONSORED_BRANDS:COMPONENT:TOP_OF_SEARCH:IMAGE:CLICK,USD,0,161,193.2,9,715.86
2026-07-25,US,adv_demo_001,SPONSORED_BRANDS,DISPLAY,IMAGE,,REST_OF_SEARCH,IMPRESSION,CPM,SPONSORED_BRANDS:DISPLAY:REST_OF_SEARCH:IMAGE:IMPRESSION,USD,23900,0,0,0,0
2026-07-25,US,adv_demo_001,SPONSORED_BRANDS,VIDEO,VIDEO,,TOP_OF_SEARCH,IMPRESSION,CPM,SPONSORED_BRANDS:VIDEO:TOP_OF_SEARCH:VIDEO:IMPRESSION,USD,19441,0,0,0,0
2026-07-25,US,adv_demo_001,SPONSORED_BRANDS,VIDEO,VIDEO,,TOP_OF_SEARCH,CLICK,CPC,SPONSORED_BRANDS:VIDEO:TOP_OF_SEARCH:VIDEO:CLICK,USD,0,139,191.82,7,630.63
2026-07-25,US,adv_demo_001,SPONSORED_DISPLAY,DISPLAY,IMAGE,,PRODUCT_PAGE,IMPRESSION,CPM,SPONSORED_DISPLAY:DISPLAY:PRODUCT_PAGE:IMAGE:IMPRESSION,USD,27982,0,0,0,0
2026-07-25,US,adv_demo_001,SPONSORED_DISPLAY,DISPLAY,IMAGE,,PRODUCT_PAGE,CLICK,CPC,SPONSORED_DISPLAY:DISPLAY:PRODUCT_PAGE:IMAGE:CLICK,USD,0,166,152.72,7,532.0
2026-07-25,US,adv_demo_001,SPONSORED_DISPLAY,DISPLAY,VIDEO,,PRODUCT_PAGE,IMPRESSION,CPM,SPONSORED_DISPLAY:DISPLAY:PRODUCT_PAGE:VIDEO:IMPRESSION,USD,23523,0,0,0,0
2026-07-25,US,adv_demo_001,SPONSORED_DISPLAY,VIDEO,VIDEO,,PRODUCT_PAGE,CLICK,CPC,SPONSORED_DISPLAY:VIDEO:PRODUCT_PAGE:VIDEO:CLICK,USD,0,145,171.1,7,628.32
2026-07-25,US,adv_demo_001,SPONSORED_PRODUCTS,PRODUCT_AD,,,PRODUCT_PAGE,CLICK,CPC,SPONSORED_PRODUCTS:PRODUCT_AD:PRODUCT_PAGE:UNSPECIFIED:CLICK,USD,0,389,342.32,27,1891.08
2026-07-25,US,adv_demo_001,SPONSORED_PRODUCTS,PRODUCT_AD,,,REST_OF_SEARCH,CLICK,CPC,SPONSORED_PRODUCTS:PRODUCT_AD:REST_OF_SEARCH:UNSPECIFIED:CLICK,USD,0,384,314.88,25,1690.0
2026-07-25,US,adv_demo_001,SPONSORED_PRODUCTS,PRODUCT_AD,,,TOP_OF_SEARCH,IMPRESSION,CPM,SPONSORED_PRODUCTS:PRODUCT_AD:TOP_OF_SEARCH:UNSPECIFIED:IMPRESSION,USD,46687,0,0,0,0
2026-07-25,US,adv_demo_001,SPONSORED_PRODUCTS,PRODUCT_AD,,,TOP_OF_SEARCH,CLICK,CPC,SPONSORED_PRODUCTS:PRODUCT_AD:TOP_OF_SEARCH:UNSPECIFIED:CLICK,USD,0,549,559.98,42,3175.2
2026-07-26,US,adv_demo_001,AMAZON_DSP,,,AUDIO,,IMPRESSION,CPM,AMAZON_DSP:AUDIO:UNSPECIFIED:UNSPECIFIED:IMPRESSION,USD,43172,0,777.1,0,0
2026-07-26,US,adv_demo_001,AMAZON_DSP,,IMAGE,DISPLAY,,IMPRESSION,CPM,AMAZON_DSP:DISPLAY:UNSPECIFIED:IMAGE:IMPRESSION,USD,52713,0,658.91,0,0
2026-07-26,US,adv_demo_001,AMAZON_DSP,,VIDEO,ONLINE_VIDEO,,IMPRESSION,CPM,AMAZON_DSP:ONLINE_VIDEO:UNSPECIFIED:VIDEO:IMPRESSION,USD,40254,0,805.08,0,0
2026-07-26,US,adv_demo_001,AMAZON_DSP,,VIDEO,STREAMING_TV,,IMPRESSION,CPM,AMAZON_DSP:STREAMING_TV:UNSPECIFIED:VIDEO:IMPRESSION,USD,48795,0,1366.26,0,0
2026-07-26,US,adv_demo_001,SPONSORED_BRANDS,COMPONENT,IMAGE,,TOP_OF_SEARCH,IMPRESSION,CPM,SPONSORED_BRANDS:COMPONENT:TOP_OF_SEARCH:IMAGE:IMPRESSION,USD,21336,0,0,0,0
2026-07-26,US,adv_demo_001,SPONSORED_BRANDS,COMPONENT,IMAGE,,TOP_OF_SEARCH,CLICK,CPC,SPONSORED_BRANDS:COMPONENT:TOP_OF_SEARCH:IMAGE:CLICK,USD,0,171,205.2,9,738.0
2026-07-26,US,adv_demo_001,SPONSORED_BRANDS,DISPLAY,IMAGE,,REST_OF_SEARCH,IMPRESSION,CPM,SPONSORED_BRANDS:DISPLAY:REST_OF_SEARCH:IMAGE:IMPRESSION,USD,24877,0,0,0,0
2026-07-26,US,adv_demo_001,SPONSORED_BRANDS,VIDEO,VIDEO,,TOP_OF_SEARCH,IMPRESSION,CPM,SPONSORED_BRANDS:VIDEO:TOP_OF_SEARCH:VIDEO:IMPRESSION,USD,20418,0,0,0,0
2026-07-26,US,adv_demo_001,SPONSORED_BRANDS,VIDEO,VIDEO,,TOP_OF_SEARCH,CLICK,CPC,SPONSORED_BRANDS:VIDEO:TOP_OF_SEARCH:VIDEO:CLICK,USD,0,148,204.24,7,649.74
2026-07-26,US,adv_demo_001,SPONSORED_DISPLAY,DISPLAY,IMAGE,,PRODUCT_PAGE,IMPRESSION,CPM,SPONSORED_DISPLAY:DISPLAY:PRODUCT_PAGE:IMAGE:IMPRESSION,USD,28959,0,0,0,0
2026-07-26,US,adv_demo_001,SPONSORED_DISPLAY,DISPLAY,IMAGE,,PRODUCT_PAGE,CLICK,CPC,SPONSORED_DISPLAY:DISPLAY:PRODUCT_PAGE:IMAGE:CLICK,USD,0,158,145.36,7,547.96
2026-07-26,US,adv_demo_001,SPONSORED_DISPLAY,DISPLAY,VIDEO,,PRODUCT_PAGE,IMPRESSION,CPM,SPONSORED_DISPLAY:DISPLAY:PRODUCT_PAGE:VIDEO:IMPRESSION,USD,24500,0,0,0,0
2026-07-26,US,adv_demo_001,SPONSORED_DISPLAY,VIDEO,VIDEO,,PRODUCT_PAGE,CLICK,CPC,SPONSORED_DISPLAY:VIDEO:PRODUCT_PAGE:VIDEO:CLICK,USD,0,153,180.54,7,646.8
2026-07-26,US,adv_demo_001,SPONSORED_PRODUCTS,PRODUCT_AD,,,PRODUCT_PAGE,CLICK,CPC,SPONSORED_PRODUCTS:PRODUCT_AD:PRODUCT_PAGE:UNSPECIFIED:CLICK,USD,0,403,354.64,28,1827.84
2026-07-26,US,adv_demo_001,SPONSORED_PRODUCTS,PRODUCT_AD,,,REST_OF_SEARCH,CLICK,CPC,SPONSORED_PRODUCTS:PRODUCT_AD:REST_OF_SEARCH:UNSPECIFIED:CLICK,USD,0,335,274.7,22,1387.1
2026-07-26,US,adv_demo_001,SPONSORED_PRODUCTS,PRODUCT_AD,,,TOP_OF_SEARCH,IMPRESSION,CPM,SPONSORED_PRODUCTS:PRODUCT_AD:TOP_OF_SEARCH:UNSPECIFIED:IMPRESSION,USD,40864,0,0,0,0
2026-07-26,US,adv_demo_001,SPONSORED_PRODUCTS,PRODUCT_AD,,,TOP_OF_SEARCH,CLICK,CPC,SPONSORED_PRODUCTS:PRODUCT_AD:TOP_OF_SEARCH:UNSPECIFIED:CLICK,USD,0,485,494.7,38,2681.28
2026-07-27,US,adv_demo_001,AMAZON_DSP,,,AUDIO,,IMPRESSION,CPM,AMAZON_DSP:AUDIO:UNSPECIFIED:UNSPECIFIED:IMPRESSION,USD,44149,0,794.68,0,0
2026-07-27,US,adv_demo_001,AMAZON_DSP,,IMAGE,DISPLAY,,IMPRESSION,CPM,AMAZON_DSP:DISPLAY:UNSPECIFIED:IMAGE:IMPRESSION,USD,53690,0,671.12,0,0
2026-07-27,US,adv_demo_001,AMAZON_DSP,,VIDEO,ONLINE_VIDEO,,IMPRESSION,CPM,AMAZON_DSP:ONLINE_VIDEO:UNSPECIFIED:VIDEO:IMPRESSION,USD,41231,0,824.62,0,0
2026-07-27,US,adv_demo_001,AMAZON_DSP,,VIDEO,STREAMING_TV,,IMPRESSION,CPM,AMAZON_DSP:STREAMING_TV:UNSPECIFIED:VIDEO:IMPRESSION,USD,49772,0,1393.62,0,0
2026-07-27,US,adv_demo_001,SPONSORED_BRANDS,COMPONENT,IMAGE,,TOP_OF_SEARCH,IMPRESSION,CPM,SPONSORED_BRANDS:COMPONENT:TOP_OF_SEARCH:IMAGE:IMPRESSION,USD,22313,0,0,0,0
2026-07-27,US,adv_demo_001,SPONSORED_BRANDS,COMPONENT,IMAGE,,TOP_OF_SEARCH,CLICK,CPC,SPONSORED_BRANDS:COMPONENT:TOP_OF_SEARCH:IMAGE:CLICK,USD,0,180,216.0,10,844.6
2026-07-27,US,adv_demo_001,SPONSORED_BRANDS,DISPLAY,IMAGE,,REST_OF_SEARCH,IMPRESSION,CPM,SPONSORED_BRANDS:DISPLAY:REST_OF_SEARCH:IMAGE:IMPRESSION,USD,25854,0,0,0,0
2026-07-27,US,adv_demo_001,SPONSORED_BRANDS,VIDEO,VIDEO,,TOP_OF_SEARCH,IMPRESSION,CPM,SPONSORED_BRANDS:VIDEO:TOP_OF_SEARCH:VIDEO:IMPRESSION,USD,21395,0,0,0,0
2026-07-27,US,adv_demo_001,SPONSORED_BRANDS,VIDEO,VIDEO,,TOP_OF_SEARCH,CLICK,CPC,SPONSORED_BRANDS:VIDEO:TOP_OF_SEARCH:VIDEO:CLICK,USD,0,143,197.34,7,668.85
2026-07-27,US,adv_demo_001,SPONSORED_DISPLAY,DISPLAY,IMAGE,,PRODUCT_PAGE,IMPRESSION,CPM,SPONSORED_DISPLAY:DISPLAY:PRODUCT_PAGE:IMAGE:IMPRESSION,USD,29936,0,0,0,0
2026-07-27,US,adv_demo_001,SPONSORED_DISPLAY,DISPLAY,IMAGE,,PRODUCT_PAGE,CLICK,CPC,SPONSORED_DISPLAY:DISPLAY:PRODUCT_PAGE:IMAGE:CLICK,USD,0,165,151.8,7,510.72
2026-07-27,US,adv_demo_001,SPONSORED_DISPLAY,DISPLAY,VIDEO,,PRODUCT_PAGE,IMPRESSION,CPM,SPONSORED_DISPLAY:DISPLAY:PRODUCT_PAGE:VIDEO:IMPRESSION,USD,25477,0,0,0,0
2026-07-27,US,adv_demo_001,SPONSORED_DISPLAY,VIDEO,VIDEO,,PRODUCT_PAGE,CLICK,CPC,SPONSORED_DISPLAY:VIDEO:PRODUCT_PAGE:VIDEO:CLICK,USD,0,115,135.7,5,431.2
2026-07-27,US,adv_demo_001,SPONSORED_PRODUCTS,PRODUCT_AD,,,PRODUCT_PAGE,CLICK,CPC,SPONSORED_PRODUCTS:PRODUCT_AD:PRODUCT_PAGE:UNSPECIFIED:CLICK,USD,0,347,305.36,25,1683.0
2026-07-27,US,adv_demo_001,SPONSORED_PRODUCTS,PRODUCT_AD,,,REST_OF_SEARCH,CLICK,CPC,SPONSORED_PRODUCTS:PRODUCT_AD:REST_OF_SEARCH:UNSPECIFIED:CLICK,USD,0,347,284.54,23,1495.0
2026-07-27,US,adv_demo_001,SPONSORED_PRODUCTS,PRODUCT_AD,,,TOP_OF_SEARCH,IMPRESSION,CPM,SPONSORED_PRODUCTS:PRODUCT_AD:TOP_OF_SEARCH:UNSPECIFIED:IMPRESSION,USD,41841,0,0,0,0
2026-07-27,US,adv_demo_001,SPONSORED_PRODUCTS,PRODUCT_AD,,,TOP_OF_SEARCH,CLICK,CPC,SPONSORED_PRODUCTS:PRODUCT_AD:TOP_OF_SEARCH:UNSPECIFIED:CLICK,USD,0,502,512.04,40,2908.8
2026-07-28,US,adv_demo_001,AMAZON_DSP,,,AUDIO,,IMPRESSION,CPM,AMAZON_DSP:AUDIO:UNSPECIFIED:UNSPECIFIED:IMPRESSION,USD,45126,0,812.27,0,0
2026-07-28,US,adv_demo_001,AMAZON_DSP,,IMAGE,DISPLAY,,IMPRESSION,CPM,AMAZON_DSP:DISPLAY:UNSPECIFIED:IMAGE:IMPRESSION,USD,54667,0,683.34,0,0
2026-07-28,US,adv_demo_001,AMAZON_DSP,,VIDEO,ONLINE_VIDEO,,IMPRESSION,CPM,AMAZON_DSP:ONLINE_VIDEO:UNSPECIFIED:VIDEO:IMPRESSION,USD,42208,0,844.16,0,0
2026-07-28,US,adv_demo_001,AMAZON_DSP,,VIDEO,STREAMING_TV,,IMPRESSION,CPM,AMAZON_DSP:STREAMING_TV:UNSPECIFIED:VIDEO:IMPRESSION,USD,50749,0,1420.97,0,0
2026-07-28,US,adv_demo_001,SPONSORED_BRANDS,COMPONENT,IMAGE,,TOP_OF_SEARCH,IMPRESSION,CPM,SPONSORED_BRANDS:COMPONENT:TOP_OF_SEARCH:IMAGE:IMPRESSION,USD,23290,0,0,0,0
2026-07-28,US,adv_demo_001,SPONSORED_BRANDS,COMPONENT,IMAGE,,TOP_OF_SEARCH,CLICK,CPC,SPONSORED_BRANDS:COMPONENT:TOP_OF_SEARCH:IMAGE:CLICK,USD,0,190,228.0,10,787.2
2026-07-28,US,adv_demo_001,SPONSORED_BRANDS,DISPLAY,IMAGE,,REST_OF_SEARCH,IMPRESSION,CPM,SPONSORED_BRANDS:DISPLAY:REST_OF_SEARCH:IMAGE:IMPRESSION,USD,26831,0,0,0,0
2026-07-28,US,adv_demo_001,SPONSORED_BRANDS,VIDEO,VIDEO,,TOP_OF_SEARCH,IMPRESSION,CPM,SPONSORED_BRANDS:VIDEO:TOP_OF_SEARCH:VIDEO:IMPRESSION,USD,22372,0,0,0,0
2026-07-28,US,adv_demo_001,SPONSORED_BRANDS,VIDEO,VIDEO,,TOP_OF_SEARCH,CLICK,CPC,SPONSORED_BRANDS:VIDEO:TOP_OF_SEARCH:VIDEO:CLICK,USD,0,151,208.38,7,624.26
2026-07-28,US,adv_demo_001,SPONSORED_DISPLAY,DISPLAY,IMAGE,,PRODUCT_PAGE,IMPRESSION,CPM,SPONSORED_DISPLAY:DISPLAY:PRODUCT_PAGE:IMAGE:IMPRESSION,USD,24113,0,0,0,0
2026-07-28,US,adv_demo_001,SPONSORED_DISPLAY,DISPLAY,IMAGE,,PRODUCT_PAGE,CLICK,CPC,SPONSORED_DISPLAY:DISPLAY:PRODUCT_PAGE:IMAGE:CLICK,USD,0,134,123.28,6,451.44
2026-07-28,US,adv_demo_001,SPONSORED_DISPLAY,DISPLAY,VIDEO,,PRODUCT_PAGE,IMPRESSION,CPM,SPONSORED_DISPLAY:DISPLAY:PRODUCT_PAGE:VIDEO:IMPRESSION,USD,19654,0,0,0,0
2026-07-28,US,adv_demo_001,SPONSORED_DISPLAY,VIDEO,VIDEO,,PRODUCT_PAGE,CLICK,CPC,SPONSORED_DISPLAY:VIDEO:PRODUCT_PAGE:VIDEO:CLICK,USD,0,123,145.14,6,533.28
2026-07-28,US,adv_demo_001,SPONSORED_PRODUCTS,PRODUCT_AD,,,PRODUCT_PAGE,CLICK,CPC,SPONSORED_PRODUCTS:PRODUCT_AD:PRODUCT_PAGE:UNSPECIFIED:CLICK,USD,0,361,317.68,27,1872.72
2026-07-28,US,adv_demo_001,SPONSORED_PRODUCTS,PRODUCT_AD,,,REST_OF_SEARCH,CLICK,CPC,SPONSORED_PRODUCTS:PRODUCT_AD:REST_OF_SEARCH:UNSPECIFIED:CLICK,USD,0,360,295.2,25,1673.75
2026-07-28,US,adv_demo_001,SPONSORED_PRODUCTS,PRODUCT_AD,,,TOP_OF_SEARCH,IMPRESSION,CPM,SPONSORED_PRODUCTS:PRODUCT_AD:TOP_OF_SEARCH:UNSPECIFIED:IMPRESSION,USD,42818,0,0,0,0
2026-07-28,US,adv_demo_001,SPONSORED_PRODUCTS,PRODUCT_AD,,,TOP_OF_SEARCH,CLICK,CPC,SPONSORED_PRODUCTS:PRODUCT_AD:TOP_OF_SEARCH:UNSPECIFIED:CLICK,USD,0,519,529.38,43,3219.84
2026-07-29,US,adv_demo_001,AMAZON_DSP,,,AUDIO,,IMPRESSION,CPM,AMAZON_DSP:AUDIO:UNSPECIFIED:UNSPECIFIED:IMPRESSION,USD,46103,0,829.85,0,0
2026-07-29,US,adv_demo_001,AMAZON_DSP,,IMAGE,DISPLAY,,IMPRESSION,CPM,AMAZON_DSP:DISPLAY:UNSPECIFIED:IMAGE:IMPRESSION,USD,55644,0,695.55,0,0
2026-07-29,US,adv_demo_001,AMAZON_DSP,,VIDEO,ONLINE_VIDEO,,IMPRESSION,CPM,AMAZON_DSP:ONLINE_VIDEO:UNSPECIFIED:VIDEO:IMPRESSION,USD,43185,0,863.7,0,0
2026-07-29,US,adv_demo_001,AMAZON_DSP,,VIDEO,STREAMING_TV,,IMPRESSION,CPM,AMAZON_DSP:STREAMING_TV:UNSPECIFIED:VIDEO:IMPRESSION,USD,51726,0,1448.33,0,0
2026-07-29,US,adv_demo_001,SPONSORED_BRANDS,COMPONENT,IMAGE,,TOP_OF_SEARCH,IMPRESSION,CPM,SPONSORED_BRANDS:COMPONENT:TOP_OF_SEARCH:IMAGE:IMPRESSION,USD,24267,0,0,0,0
2026-07-29,US,adv_demo_001,SPONSORED_BRANDS,COMPONENT,IMAGE,,TOP_OF_SEARCH,CLICK,CPC,SPONSORED_BRANDS:COMPONENT:TOP_OF_SEARCH:IMAGE:CLICK,USD,0,182,218.4,9,730.62
2026-07-29,US,adv_demo_001,SPONSORED_BRANDS,DISPLAY,IMAGE,,REST_OF_SEARCH,IMPRESSION,CPM,SPONSORED_BRANDS:DISPLAY:REST_OF_SEARCH:IMAGE:IMPRESSION,USD,21008,0,0,0,0
2026-07-29,US,adv_demo_001,SPONSORED_BRANDS,VIDEO,VIDEO,,TOP_OF_SEARCH,IMPRESSION,CPM,SPONSORED_BRANDS:VIDEO:TOP_OF_SEARCH:VIDEO:IMPRESSION,USD,16549,0,0,0,0
2026-07-29,US,adv_demo_001,SPONSORED_BRANDS,VIDEO,VIDEO,,TOP_OF_SEARCH,CLICK,CPC,SPONSORED_BRANDS:VIDEO:TOP_OF_SEARCH:VIDEO:CLICK,USD,0,113,155.94,5,459.55
2026-07-29,US,adv_demo_001,SPONSORED_DISPLAY,DISPLAY,IMAGE,,PRODUCT_PAGE,IMPRESSION,CPM,SPONSORED_DISPLAY:DISPLAY:PRODUCT_PAGE:IMAGE:IMPRESSION,USD,25090,0,0,0,0
2026-07-29,US,adv_demo_001,SPONSORED_DISPLAY,DISPLAY,IMAGE,,PRODUCT_PAGE,CLICK,CPC,SPONSORED_DISPLAY:DISPLAY:PRODUCT_PAGE:IMAGE:CLICK,USD,0,141,129.72,6,465.12
2026-07-29,US,adv_demo_001,SPONSORED_DISPLAY,DISPLAY,VIDEO,,PRODUCT_PAGE,IMPRESSION,CPM,SPONSORED_DISPLAY:DISPLAY:PRODUCT_PAGE:VIDEO:IMPRESSION,USD,20631,0,0,0,0
2026-07-29,US,adv_demo_001,SPONSORED_DISPLAY,VIDEO,VIDEO,,PRODUCT_PAGE,CLICK,CPC,SPONSORED_DISPLAY:VIDEO:PRODUCT_PAGE:VIDEO:CLICK,USD,0,131,154.58,6,549.12
2026-07-29,US,adv_demo_001,SPONSORED_PRODUCTS,PRODUCT_AD,,,PRODUCT_PAGE,CLICK,CPC,SPONSORED_PRODUCTS:PRODUCT_AD:PRODUCT_PAGE:UNSPECIFIED:CLICK,USD,0,375,330.0,28,1999.2
2026-07-29,US,adv_demo_001,SPONSORED_PRODUCTS,PRODUCT_AD,,,REST_OF_SEARCH,CLICK,CPC,SPONSORED_PRODUCTS:PRODUCT_AD:REST_OF_SEARCH:UNSPECIFIED:CLICK,USD,0,373,305.86,26,1622.4
2026-07-29,US,adv_demo_001,SPONSORED_PRODUCTS,PRODUCT_AD,,,TOP_OF_SEARCH,IMPRESSION,CPM,SPONSORED_PRODUCTS:PRODUCT_AD:TOP_OF_SEARCH:UNSPECIFIED:IMPRESSION,USD,43795,0,0,0,0
2026-07-29,US,adv_demo_001,SPONSORED_PRODUCTS,PRODUCT_AD,,,TOP_OF_SEARCH,CLICK,CPC,SPONSORED_PRODUCTS:PRODUCT_AD:TOP_OF_SEARCH:UNSPECIFIED:CLICK,USD,0,536,546.72,45,3142.8
2026-07-30,US,adv_demo_001,AMAZON_DSP,,,AUDIO,,IMPRESSION,CPM,AMAZON_DSP:AUDIO:UNSPECIFIED:UNSPECIFIED:IMPRESSION,USD,47080,0,847.44,0,0
2026-07-30,US,adv_demo_001,AMAZON_DSP,,IMAGE,DISPLAY,,IMPRESSION,CPM,AMAZON_DSP:DISPLAY:UNSPECIFIED:IMAGE:IMPRESSION,USD,56621,0,707.76,0,0
2026-07-30,US,adv_demo_001,AMAZON_DSP,,VIDEO,ONLINE_VIDEO,,IMPRESSION,CPM,AMAZON_DSP:ONLINE_VIDEO:UNSPECIFIED:VIDEO:IMPRESSION,USD,44162,0,883.24,0,0
2026-07-30,US,adv_demo_001,AMAZON_DSP,,VIDEO,STREAMING_TV,,IMPRESSION,CPM,AMAZON_DSP:STREAMING_TV:UNSPECIFIED:VIDEO:IMPRESSION,USD,52703,0,1475.68,0,0
2026-07-30,US,adv_demo_001,SPONSORED_BRANDS,COMPONENT,IMAGE,,TOP_OF_SEARCH,IMPRESSION,CPM,SPONSORED_BRANDS:COMPONENT:TOP_OF_SEARCH:IMAGE:IMPRESSION,USD,18444,0,0,0,0
2026-07-30,US,adv_demo_001,SPONSORED_BRANDS,COMPONENT,IMAGE,,TOP_OF_SEARCH,CLICK,CPC,SPONSORED_BRANDS:COMPONENT:TOP_OF_SEARCH:IMAGE:CLICK,USD,0,140,168.0,7,585.48
2026-07-30,US,adv_demo_001,SPONSORED_BRANDS,DISPLAY,IMAGE,,REST_OF_SEARCH,IMPRESSION,CPM,SPONSORED_BRANDS:DISPLAY:REST_OF_SEARCH:IMAGE:IMPRESSION,USD,21985,0,0,0,0
2026-07-30,US,adv_demo_001,SPONSORED_BRANDS,VIDEO,VIDEO,,TOP_OF_SEARCH,IMPRESSION,CPM,SPONSORED_BRANDS:VIDEO:TOP_OF_SEARCH:VIDEO:IMPRESSION,USD,17526,0,0,0,0
2026-07-30,US,adv_demo_001,SPONSORED_BRANDS,VIDEO,VIDEO,,TOP_OF_SEARCH,CLICK,CPC,SPONSORED_BRANDS:VIDEO:TOP_OF_SEARCH:VIDEO:CLICK,USD,0,121,166.98,6,567.84
2026-07-30,US,adv_demo_001,SPONSORED_DISPLAY,DISPLAY,IMAGE,,PRODUCT_PAGE,IMPRESSION,CPM,SPONSORED_DISPLAY:DISPLAY:PRODUCT_PAGE:IMAGE:IMPRESSION,USD,26067,0,0,0,0
2026-07-30,US,adv_demo_001,SPONSORED_DISPLAY,DISPLAY,IMAGE,,PRODUCT_PAGE,CLICK,CPC,SPONSORED_DISPLAY:DISPLAY:PRODUCT_PAGE:IMAGE:CLICK,USD,0,148,136.16,7,558.6
2026-07-30,US,adv_demo_001,SPONSORED_DISPLAY,DISPLAY,VIDEO,,PRODUCT_PAGE,IMPRESSION,CPM,SPONSORED_DISPLAY:DISPLAY:PRODUCT_PAGE:VIDEO:IMPRESSION,USD,21608,0,0,0,0
2026-07-30,US,adv_demo_001,SPONSORED_DISPLAY,VIDEO,VIDEO,,PRODUCT_PAGE,CLICK,CPC,SPONSORED_DISPLAY:VIDEO:PRODUCT_PAGE:VIDEO:CLICK,USD,0,139,164.02,7,597.52
2026-07-30,US,adv_demo_001,SPONSORED_PRODUCTS,PRODUCT_AD,,,PRODUCT_PAGE,CLICK,CPC,SPONSORED_PRODUCTS:PRODUCT_AD:PRODUCT_PAGE:UNSPECIFIED:CLICK,USD,0,389,342.32,30,1999.2
2026-07-30,US,adv_demo_001,SPONSORED_PRODUCTS,PRODUCT_AD,,,REST_OF_SEARCH,CLICK,CPC,SPONSORED_PRODUCTS:PRODUCT_AD:REST_OF_SEARCH:UNSPECIFIED:CLICK,USD,0,386,316.52,25,1608.75
2026-07-30,US,adv_demo_001,SPONSORED_PRODUCTS,PRODUCT_AD,,,TOP_OF_SEARCH,IMPRESSION,CPM,SPONSORED_PRODUCTS:PRODUCT_AD:TOP_OF_SEARCH:UNSPECIFIED:IMPRESSION,USD,44772,0,0,0,0
2026-07-30,US,adv_demo_001,SPONSORED_PRODUCTS,PRODUCT_AD,,,TOP_OF_SEARCH,CLICK,CPC,SPONSORED_PRODUCTS:PRODUCT_AD:TOP_OF_SEARCH:UNSPECIFIED:CLICK,USD,0,505,515.1,39,2808.0
2026-07-31,US,adv_demo_001,AMAZON_DSP,,,AUDIO,,IMPRESSION,CPM,AMAZON_DSP:AUDIO:UNSPECIFIED:UNSPECIFIED:IMPRESSION,USD,48057,0,865.03,0,0
2026-07-31,US,adv_demo_001,AMAZON_DSP,,IMAGE,DISPLAY,,IMPRESSION,CPM,AMAZON_DSP:DISPLAY:UNSPECIFIED:IMAGE:IMPRESSION,USD,57598,0,719.98,0,0
2026-07-31,US,adv_demo_001,AMAZON_DSP,,VIDEO,ONLINE_VIDEO,,IMPRESSION,CPM,AMAZON_DSP:ONLINE_VIDEO:UNSPECIFIED:VIDEO:IMPRESSION,USD,38339,0,766.78,0,0
2026-07-31,US,adv_demo_001,AMAZON_DSP,,VIDEO,STREAMING_TV,,IMPRESSION,CPM,AMAZON_DSP:STREAMING_TV:UNSPECIFIED:VIDEO:IMPRESSION,USD,46880,0,1312.64,0,0
2026-07-31,US,adv_demo_001,SPONSORED_BRANDS,COMPONENT,IMAGE,,TOP_OF_SEARCH,IMPRESSION,CPM,SPONSORED_BRANDS:COMPONENT:TOP_OF_SEARCH:IMAGE:IMPRESSION,USD,19421,0,0,0,0
2026-07-31,US,adv_demo_001,SPONSORED_BRANDS,COMPONENT,IMAGE,,TOP_OF_SEARCH,CLICK,CPC,SPONSORED_BRANDS:COMPONENT:TOP_OF_SEARCH:IMAGE:CLICK,USD,0,149,178.8,8,688.8
2026-07-31,US,adv_demo_001,SPONSORED_BRANDS,DISPLAY,IMAGE,,REST_OF_SEARCH,IMPRESSION,CPM,SPONSORED_BRANDS:DISPLAY:REST_OF_SEARCH:IMAGE:IMPRESSION,USD,22962,0,0,0,0
2026-07-31,US,adv_demo_001,SPONSORED_BRANDS,VIDEO,VIDEO,,TOP_OF_SEARCH,IMPRESSION,CPM,SPONSORED_BRANDS:VIDEO:TOP_OF_SEARCH:VIDEO:IMPRESSION,USD,18503,0,0,0,0
2026-07-31,US,adv_demo_001,SPONSORED_BRANDS,VIDEO,VIDEO,,TOP_OF_SEARCH,CLICK,CPC,SPONSORED_BRANDS:VIDEO:TOP_OF_SEARCH:VIDEO:CLICK,USD,0,129,178.02,6,529.62
2026-07-31,US,adv_demo_001,SPONSORED_DISPLAY,DISPLAY,IMAGE,,PRODUCT_PAGE,IMPRESSION,CPM,SPONSORED_DISPLAY:DISPLAY:PRODUCT_PAGE:IMAGE:IMPRESSION,USD,27044,0,0,0,0
2026-07-31,US,adv_demo_001,SPONSORED_DISPLAY,DISPLAY,IMAGE,,PRODUCT_PAGE,CLICK,CPC,SPONSORED_DISPLAY:DISPLAY:PRODUCT_PAGE:IMAGE:CLICK,USD,0,155,142.6,7,521.36
2026-07-31,US,adv_demo_001,SPONSORED_DISPLAY,DISPLAY,VIDEO,,PRODUCT_PAGE,IMPRESSION,CPM,SPONSORED_DISPLAY:DISPLAY:PRODUCT_PAGE:VIDEO:IMPRESSION,USD,22585,0,0,0,0
2026-07-31,US,adv_demo_001,SPONSORED_DISPLAY,VIDEO,VIDEO,,PRODUCT_PAGE,CLICK,CPC,SPONSORED_DISPLAY:VIDEO:PRODUCT_PAGE:VIDEO:CLICK,USD,0,147,173.46,7,616.0
2026-07-31,US,adv_demo_001,SPONSORED_PRODUCTS,PRODUCT_AD,,,PRODUCT_PAGE,CLICK,CPC,SPONSORED_PRODUCTS:PRODUCT_AD:PRODUCT_PAGE:UNSPECIFIED:CLICK,USD,0,403,354.64,28,1923.04
2026-07-31,US,adv_demo_001,SPONSORED_PRODUCTS,PRODUCT_AD,,,REST_OF_SEARCH,CLICK,CPC,SPONSORED_PRODUCTS:PRODUCT_AD:REST_OF_SEARCH:UNSPECIFIED:CLICK,USD,0,364,298.48,24,1591.2
2026-07-31,US,adv_demo_001,SPONSORED_PRODUCTS,PRODUCT_AD,,,TOP_OF_SEARCH,IMPRESSION,CPM,SPONSORED_PRODUCTS:PRODUCT_AD:TOP_OF_SEARCH:UNSPECIFIED:IMPRESSION,USD,45749,0,0,0,0
2026-07-31,US,adv_demo_001,SPONSORED_PRODUCTS,PRODUCT_AD,,,TOP_OF_SEARCH,CLICK,CPC,SPONSORED_PRODUCTS:PRODUCT_AD:TOP_OF_SEARCH:UNSPECIFIED:CLICK,USD,0,522,532.44,41,3040.56
2026-08-01,US,adv_demo_001,AMAZON_DSP,,,AUDIO,,IMPRESSION,CPM,AMAZON_DSP:AUDIO:UNSPECIFIED:UNSPECIFIED:IMPRESSION,USD,42234,0,760.21,0,0
2026-08-01,US,adv_demo_001,AMAZON_DSP,,IMAGE,DISPLAY,,IMPRESSION,CPM,AMAZON_DSP:DISPLAY:UNSPECIFIED:IMAGE:IMPRESSION,USD,51775,0,647.19,0,0
2026-08-01,US,adv_demo_001,AMAZON_DSP,,VIDEO,ONLINE_VIDEO,,IMPRESSION,CPM,AMAZON_DSP:ONLINE_VIDEO:UNSPECIFIED:VIDEO:IMPRESSION,USD,39316,0,786.32,0,0
2026-08-01,US,adv_demo_001,AMAZON_DSP,,VIDEO,STREAMING_TV,,IMPRESSION,CPM,AMAZON_DSP:STREAMING_TV:UNSPECIFIED:VIDEO:IMPRESSION,USD,47857,0,1340.0,0,0
2026-08-01,US,adv_demo_001,SPONSORED_BRANDS,COMPONENT,IMAGE,,TOP_OF_SEARCH,IMPRESSION,CPM,SPONSORED_BRANDS:COMPONENT:TOP_OF_SEARCH:IMAGE:IMPRESSION,USD,20398,0,0,0,0
2026-08-01,US,adv_demo_001,SPONSORED_BRANDS,COMPONENT,IMAGE,,TOP_OF_SEARCH,CLICK,CPC,SPONSORED_BRANDS:COMPONENT:TOP_OF_SEARCH:IMAGE:CLICK,USD,0,158,189.6,9,723.24
2026-08-01,US,adv_demo_001,SPONSORED_BRANDS,DISPLAY,IMAGE,,REST_OF_SEARCH,IMPRESSION,CPM,SPONSORED_BRANDS:DISPLAY:REST_OF_SEARCH:IMAGE:IMPRESSION,USD,23939,0,0,0,0
2026-08-01,US,adv_demo_001,SPONSORED_BRANDS,VIDEO,VIDEO,,TOP_OF_SEARCH,IMPRESSION,CPM,SPONSORED_BRANDS:VIDEO:TOP_OF_SEARCH:VIDEO:IMPRESSION,USD,19480,0,0,0,0
2026-08-01,US,adv_demo_001,SPONSORED_BRANDS,VIDEO,VIDEO,,TOP_OF_SEARCH,CLICK,CPC,SPONSORED_BRANDS:VIDEO:TOP_OF_SEARCH:VIDEO:CLICK,USD,0,137,189.06,7,637.0
2026-08-01,US,adv_demo_001,SPONSORED_DISPLAY,DISPLAY,IMAGE,,PRODUCT_PAGE,IMPRESSION,CPM,SPONSORED_DISPLAY:DISPLAY:PRODUCT_PAGE:IMAGE:IMPRESSION,USD,28021,0,0,0,0
2026-08-01,US,adv_demo_001,SPONSORED_DISPLAY,DISPLAY,IMAGE,,PRODUCT_PAGE,CLICK,CPC,SPONSORED_DISPLAY:DISPLAY:PRODUCT_PAGE:IMAGE:CLICK,USD,0,163,149.96,7,537.32
2026-08-01,US,adv_demo_001,SPONSORED_DISPLAY,DISPLAY,VIDEO,,PRODUCT_PAGE,IMPRESSION,CPM,SPONSORED_DISPLAY:DISPLAY:PRODUCT_PAGE:VIDEO:IMPRESSION,USD,23562,0,0,0,0
2026-08-01,US,adv_demo_001,SPONSORED_DISPLAY,VIDEO,VIDEO,,PRODUCT_PAGE,CLICK,CPC,SPONSORED_DISPLAY:VIDEO:PRODUCT_PAGE:VIDEO:CLICK,USD,0,156,184.08,7,634.48
2026-08-01,US,adv_demo_001,SPONSORED_PRODUCTS,PRODUCT_AD,,,PRODUCT_PAGE,CLICK,CPC,SPONSORED_PRODUCTS:PRODUCT_AD:PRODUCT_PAGE:UNSPECIFIED:CLICK,USD,0,381,335.28,27,1909.44
2026-08-01,US,adv_demo_001,SPONSORED_PRODUCTS,PRODUCT_AD,,,REST_OF_SEARCH,CLICK,CPC,SPONSORED_PRODUCTS:PRODUCT_AD:REST_OF_SEARCH:UNSPECIFIED:CLICK,USD,0,377,309.14,25,1706.25
2026-08-01,US,adv_demo_001,SPONSORED_PRODUCTS,PRODUCT_AD,,,TOP_OF_SEARCH,IMPRESSION,CPM,SPONSORED_PRODUCTS:PRODUCT_AD:TOP_OF_SEARCH:UNSPECIFIED:IMPRESSION,USD,46726,0,0,0,0
2026-08-01,US,adv_demo_001,SPONSORED_PRODUCTS,PRODUCT_AD,,,TOP_OF_SEARCH,CLICK,CPC,SPONSORED_PRODUCTS:PRODUCT_AD:TOP_OF_SEARCH:UNSPECIFIED:CLICK,USD,0,538,548.76,43,2972.16
2026-08-02,US,adv_demo_001,AMAZON_DSP,,,AUDIO,,IMPRESSION,CPM,AMAZON_DSP:AUDIO:UNSPECIFIED:UNSPECIFIED:IMPRESSION,USD,43211,0,777.8,0,0
2026-08-02,US,adv_demo_001,AMAZON_DSP,,IMAGE,DISPLAY,,IMPRESSION,CPM,AMAZON_DSP:DISPLAY:UNSPECIFIED:IMAGE:IMPRESSION,USD,52752,0,659.4,0,0
2026-08-02,US,adv_demo_001,AMAZON_DSP,,VIDEO,ONLINE_VIDEO,,IMPRESSION,CPM,AMAZON_DSP:ONLINE_VIDEO:UNSPECIFIED:VIDEO:IMPRESSION,USD,40293,0,805.86,0,0
2026-08-02,US,adv_demo_001,AMAZON_DSP,,VIDEO,STREAMING_TV,,IMPRESSION,CPM,AMAZON_DSP:STREAMING_TV:UNSPECIFIED:VIDEO:IMPRESSION,USD,48834,0,1367.35,0,0
2026-08-02,US,adv_demo_001,SPONSORED_BRANDS,COMPONENT,IMAGE,,TOP_OF_SEARCH,IMPRESSION,CPM,SPONSORED_BRANDS:COMPONENT:TOP_OF_SEARCH:IMAGE:IMPRESSION,USD,21375,0,0,0,0
2026-08-02,US,adv_demo_001,SPONSORED_BRANDS,COMPONENT,IMAGE,,TOP_OF_SEARCH,CLICK,CPC,SPONSORED_BRANDS:COMPONENT:TOP_OF_SEARCH:IMAGE:CLICK,USD,0,168,201.6,9,745.38
2026-08-02,US,adv_demo_001,SPONSORED_BRANDS,DISPLAY,IMAGE,,REST_OF_SEARCH,IMPRESSION,CPM,SPONSORED_BRANDS:DISPLAY:REST_OF_SEARCH:IMAGE:IMPRESSION,USD,24916,0,0,0,0
2026-08-02,US,adv_demo_001,SPONSORED_BRANDS,VIDEO,VIDEO,,TOP_OF_SEARCH,IMPRESSION,CPM,SPONSORED_BRANDS:VIDEO:TOP_OF_SEARCH:VIDEO:IMPRESSION,USD,20457,0,0,0,0
2026-08-02,US,adv_demo_001,SPONSORED_BRANDS,VIDEO,VIDEO,,TOP_OF_SEARCH,CLICK,CPC,SPONSORED_BRANDS:VIDEO:TOP_OF_SEARCH:VIDEO:CLICK,USD,0,145,200.1,7,656.11
2026-08-02,US,adv_demo_001,SPONSORED_DISPLAY,DISPLAY,IMAGE,,PRODUCT_PAGE,IMPRESSION,CPM,SPONSORED_DISPLAY:DISPLAY:PRODUCT_PAGE:IMAGE:IMPRESSION,USD,28998,0,0,0,0
2026-08-02,US,adv_demo_001,SPONSORED_DISPLAY,DISPLAY,IMAGE,,PRODUCT_PAGE,CLICK,CPC,SPONSORED_DISPLAY:DISPLAY:PRODUCT_PAGE:IMAGE:CLICK,USD,0,170,156.4,7,553.28
2026-08-02,US,adv_demo_001,SPONSORED_DISPLAY,DISPLAY,VIDEO,,PRODUCT_PAGE,IMPRESSION,CPM,SPONSORED_DISPLAY:DISPLAY:PRODUCT_PAGE:VIDEO:IMPRESSION,USD,24539,0,0,0,0
2026-08-02,US,adv_demo_001,SPONSORED_DISPLAY,VIDEO,VIDEO,,PRODUCT_PAGE,CLICK,CPC,SPONSORED_DISPLAY:VIDEO:PRODUCT_PAGE:VIDEO:CLICK,USD,0,150,177.0,7,591.36
2026-08-02,US,adv_demo_001,SPONSORED_PRODUCTS,PRODUCT_AD,,,PRODUCT_PAGE,CLICK,CPC,SPONSORED_PRODUCTS:PRODUCT_AD:PRODUCT_PAGE:UNSPECIFIED:CLICK,USD,0,395,347.6,29,1912.84
2026-08-02,US,adv_demo_001,SPONSORED_PRODUCTS,PRODUCT_AD,,,REST_OF_SEARCH,CLICK,CPC,SPONSORED_PRODUCTS:PRODUCT_AD:REST_OF_SEARCH:UNSPECIFIED:CLICK,USD,0,328,268.96,22,1401.4
2026-08-02,US,adv_demo_001,SPONSORED_PRODUCTS,PRODUCT_AD,,,TOP_OF_SEARCH,IMPRESSION,CPM,SPONSORED_PRODUCTS:PRODUCT_AD:TOP_OF_SEARCH:UNSPECIFIED:IMPRESSION,USD,40903,0,0,0,0
2026-08-02,US,adv_demo_001,SPONSORED_PRODUCTS,PRODUCT_AD,,,TOP_OF_SEARCH,CLICK,CPC,SPONSORED_PRODUCTS:PRODUCT_AD:TOP_OF_SEARCH:UNSPECIFIED:CLICK,USD,0,476,485.52,39,2779.92
2026-08-03,US,adv_demo_001,AMAZON_DSP,,,AUDIO,,IMPRESSION,CPM,AMAZON_DSP:AUDIO:UNSPECIFIED:UNSPECIFIED:IMPRESSION,USD,44188,0,795.38,0,0
2026-08-03,US,adv_demo_001,AMAZON_DSP,,IMAGE,DISPLAY,,IMPRESSION,CPM,AMAZON_DSP:DISPLAY:UNSPECIFIED:IMAGE:IMPRESSION,USD,53729,0,671.61,0,0
2026-08-03,US,adv_demo_001,AMAZON_DSP,,VIDEO,ONLINE_VIDEO,,IMPRESSION,CPM,AMAZON_DSP:ONLINE_VIDEO:UNSPECIFIED:VIDEO:IMPRESSION,USD,41270,0,825.4,0,0
2026-08-03,US,adv_demo_001,AMAZON_DSP,,VIDEO,STREAMING_TV,,IMPRESSION,CPM,AMAZON_DSP:STREAMING_TV:UNSPECIFIED:VIDEO:IMPRESSION,USD,49811,0,1394.71,0,0
2026-08-03,US,adv_demo_001,SPONSORED_BRANDS,COMPONENT,IMAGE,,TOP_OF_SEARCH,IMPRESSION,CPM,SPONSORED_BRANDS:COMPONENT:TOP_OF_SEARCH:IMAGE:IMPRESSION,USD,22352,0,0,0,0
2026-08-03,US,adv_demo_001,SPONSORED_BRANDS,COMPONENT,IMAGE,,TOP_OF_SEARCH,CLICK,CPC,SPONSORED_BRANDS:COMPONENT:TOP_OF_SEARCH:IMAGE:CLICK,USD,0,177,212.4,9,767.52
2026-08-03,US,adv_demo_001,SPONSORED_BRANDS,DISPLAY,IMAGE,,REST_OF_SEARCH,IMPRESSION,CPM,SPONSORED_BRANDS:DISPLAY:REST_OF_SEARCH:IMAGE:IMPRESSION,USD,25893,0,0,0,0
2026-08-03,US,adv_demo_001,SPONSORED_BRANDS,VIDEO,VIDEO,,TOP_OF_SEARCH,IMPRESSION,CPM,SPONSORED_BRANDS:VIDEO:TOP_OF_SEARCH:VIDEO:IMPRESSION,USD,21434,0,0,0,0
2026-08-03,US,adv_demo_001,SPONSORED_BRANDS,VIDEO,VIDEO,,TOP_OF_SEARCH,CLICK,CPC,SPONSORED_BRANDS:VIDEO:TOP_OF_SEARCH:VIDEO:CLICK,USD,0,154,212.52,7,611.52
2026-08-03,US,adv_demo_001,SPONSORED_DISPLAY,DISPLAY,IMAGE,,PRODUCT_PAGE,IMPRESSION,CPM,SPONSORED_DISPLAY:DISPLAY:PRODUCT_PAGE:IMAGE:IMPRESSION,USD,29975,0,0,0,0
2026-08-03,US,adv_demo_001,SPONSORED_DISPLAY,DISPLAY,IMAGE,,PRODUCT_PAGE,CLICK,CPC,SPONSORED_DISPLAY:DISPLAY:PRODUCT_PAGE:IMAGE:CLICK,USD,0,177,162.84,8,589.76
2026-08-03,US,adv_demo_001,SPONSORED_DISPLAY,DISPLAY,VIDEO,,PRODUCT_PAGE,IMPRESSION,CPM,SPONSORED_DISPLAY:DISPLAY:PRODUCT_PAGE:VIDEO:IMPRESSION,USD,25516,0,0,0,0
2026-08-03,US,adv_demo_001,SPONSORED_DISPLAY,VIDEO,VIDEO,,PRODUCT_PAGE,CLICK,CPC,SPONSORED_DISPLAY:VIDEO:PRODUCT_PAGE:VIDEO:CLICK,USD,0,113,133.34,5,435.6
2026-08-03,US,adv_demo_001,SPONSORED_PRODUCTS,PRODUCT_AD,,,PRODUCT_PAGE,CLICK,CPC,SPONSORED_PRODUCTS:PRODUCT_AD:PRODUCT_PAGE:UNSPECIFIED:CLICK,USD,0,341,300.08,25,1700.0
2026-08-03,US,adv_demo_001,SPONSORED_PRODUCTS,PRODUCT_AD,,,REST_OF_SEARCH,CLICK,CPC,SPONSORED_PRODUCTS:PRODUCT_AD:REST_OF_SEARCH:UNSPECIFIED:CLICK,USD,0,340,278.8,23,1509.95
2026-08-03,US,adv_demo_001,SPONSORED_PRODUCTS,PRODUCT_AD,,,TOP_OF_SEARCH,IMPRESSION,CPM,SPONSORED_PRODUCTS:PRODUCT_AD:TOP_OF_SEARCH:UNSPECIFIED:IMPRESSION,USD,41880,0,0,0,0
2026-08-03,US,adv_demo_001,SPONSORED_PRODUCTS,PRODUCT_AD,,,TOP_OF_SEARCH,CLICK,CPC,SPONSORED_PRODUCTS:PRODUCT_AD:TOP_OF_SEARCH:UNSPECIFIED:CLICK,USD,0,493,502.86,41,3011.04
2026-08-04,US,adv_demo_001,AMAZON_DSP,,,AUDIO,,IMPRESSION,CPM,AMAZON_DSP:AUDIO:UNSPECIFIED:UNSPECIFIED:IMPRESSION,USD,45165,0,812.97,0,0
2026-08-04,US,adv_demo_001,AMAZON_DSP,,IMAGE,DISPLAY,,IMPRESSION,CPM,AMAZON_DSP:DISPLAY:UNSPECIFIED:IMAGE:IMPRESSION,USD,54706,0,683.83,0,0
2026-08-04,US,adv_demo_001,AMAZON_DSP,,VIDEO,ONLINE_VIDEO,,IMPRESSION,CPM,AMAZON_DSP:ONLINE_VIDEO:UNSPECIFIED:VIDEO:IMPRESSION,USD,42247,0,844.94,0,0
2026-08-04,US,adv_demo_001,AMAZON_DSP,,VIDEO,STREAMING_TV,,IMPRESSION,CPM,AMAZON_DSP:STREAMING_TV:UNSPECIFIED:VIDEO:IMPRESSION,USD,50788,0,1422.06,0,0
2026-08-04,US,adv_demo_001,SPONSORED_BRANDS,COMPONENT,IMAGE,,TOP_OF_SEARCH,IMPRESSION,CPM,SPONSORED_BRANDS:COMPONENT:TOP_OF_SEARCH:IMAGE:IMPRESSION,USD,23329,0,0,0,0
2026-08-04,US,adv_demo_001,SPONSORED_BRANDS,COMPONENT,IMAGE,,TOP_OF_SEARCH,CLICK,CPC,SPONSORED_BRANDS:COMPONENT:TOP_OF_SEARCH:IMAGE:CLICK,USD,0,187,224.4,10,795.4
2026-08-04,US,adv_demo_001,SPONSORED_BRANDS,DISPLAY,IMAGE,,REST_OF_SEARCH,IMPRESSION,CPM,SPONSORED_BRANDS:DISPLAY:REST_OF_SEARCH:IMAGE:IMPRESSION,USD,26870,0,0,0,0
2026-08-04,US,adv_demo_001,SPONSORED_BRANDS,VIDEO,VIDEO,,TOP_OF_SEARCH,IMPRESSION,CPM,SPONSORED_BRANDS:VIDEO:TOP_OF_SEARCH:VIDEO:IMPRESSION,USD,22411,0,0,0,0
2026-08-04,US,adv_demo_001,SPONSORED_BRANDS,VIDEO,VIDEO,,TOP_OF_SEARCH,CLICK,CPC,SPONSORED_BRANDS:VIDEO:TOP_OF_SEARCH:VIDEO:CLICK,USD,0,162,223.56,8,720.72
2026-08-04,US,adv_demo_001,SPONSORED_DISPLAY,DISPLAY,IMAGE,,PRODUCT_PAGE,IMPRESSION,CPM,SPONSORED_DISPLAY:DISPLAY:PRODUCT_PAGE:IMAGE:IMPRESSION,USD,24152,0,0,0,0
2026-08-04,US,adv_demo_001,SPONSORED_DISPLAY,DISPLAY,IMAGE,,PRODUCT_PAGE,CLICK,CPC,SPONSORED_DISPLAY:DISPLAY:PRODUCT_PAGE:IMAGE:CLICK,USD,0,132,121.44,6,456.0
2026-08-04,US,adv_demo_001,SPONSORED_DISPLAY,DISPLAY,VIDEO,,PRODUCT_PAGE,IMPRESSION,CPM,SPONSORED_DISPLAY:DISPLAY:PRODUCT_PAGE:VIDEO:IMPRESSION,USD,19693,0,0,0,0
2026-08-04,US,adv_demo_001,SPONSORED_DISPLAY,VIDEO,VIDEO,,PRODUCT_PAGE,CLICK,CPC,SPONSORED_DISPLAY:VIDEO:PRODUCT_PAGE:VIDEO:CLICK,USD,0,121,142.78,6,538.56
2026-08-04,US,adv_demo_001,SPONSORED_PRODUCTS,PRODUCT_AD,,,PRODUCT_PAGE,CLICK,CPC,SPONSORED_PRODUCTS:PRODUCT_AD:PRODUCT_PAGE:UNSPECIFIED:CLICK,USD,0,354,311.52,27,1891.08
2026-08-04,US,adv_demo_001,SPONSORED_PRODUCTS,PRODUCT_AD,,,REST_OF_SEARCH,CLICK,CPC,SPONSORED_PRODUCTS:PRODUCT_AD:REST_OF_SEARCH:UNSPECIFIED:CLICK,USD,0,353,289.46,25,1690.0
2026-08-04,US,adv_demo_001,SPONSORED_PRODUCTS,PRODUCT_AD,,,TOP_OF_SEARCH,IMPRESSION,CPM,SPONSORED_PRODUCTS:PRODUCT_AD:TOP_OF_SEARCH:UNSPECIFIED:IMPRESSION,USD,42857,0,0,0,0
2026-08-04,US,adv_demo_001,SPONSORED_PRODUCTS,PRODUCT_AD,,,TOP_OF_SEARCH,CLICK,CPC,SPONSORED_PRODUCTS:PRODUCT_AD:TOP_OF_SEARCH:UNSPECIFIED:CLICK,USD,0,509,519.18,38,2872.8
2026-08-05,US,adv_demo_001,AMAZON_DSP,,,AUDIO,,IMPRESSION,CPM,AMAZON_DSP:AUDIO:UNSPECIFIED:UNSPECIFIED:IMPRESSION,USD,46142,0,830.56,0,0
2026-08-05,US,adv_demo_001,AMAZON_DSP,,IMAGE,DISPLAY,,IMPRESSION,CPM,AMAZON_DSP:DISPLAY:UNSPECIFIED:IMAGE:IMPRESSION,USD,55683,0,696.04,0,0
2026-08-05,US,adv_demo_001,AMAZON_DSP,,VIDEO,ONLINE_VIDEO,,IMPRESSION,CPM,AMAZON_DSP:ONLINE_VIDEO:UNSPECIFIED:VIDEO:IMPRESSION,USD,43224,0,864.48,0,0
2026-08-05,US,adv_demo_001,AMAZON_DSP,,VIDEO,STREAMING_TV,,IMPRESSION,CPM,AMAZON_DSP:STREAMING_TV:UNSPECIFIED:VIDEO:IMPRESSION,USD,51765,0,1449.42,0,0
2026-08-05,US,adv_demo_001,SPONSORED_BRANDS,COMPONENT,IMAGE,,TOP_OF_SEARCH,IMPRESSION,CPM,SPONSORED_BRANDS:COMPONENT:TOP_OF_SEARCH:IMAGE:IMPRESSION,USD,24306,0,0,0,0
2026-08-05,US,adv_demo_001,SPONSORED_BRANDS,COMPONENT,IMAGE,,TOP_OF_SEARCH,CLICK,CPC,SPONSORED_BRANDS:COMPONENT:TOP_OF_SEARCH:IMAGE:CLICK,USD,0,196,235.2,10,820.0
2026-08-05,US,adv_demo_001,SPONSORED_BRANDS,DISPLAY,IMAGE,,REST_OF_SEARCH,IMPRESSION,CPM,SPONSORED_BRANDS:DISPLAY:REST_OF_SEARCH:IMAGE:IMPRESSION,USD,21047,0,0,0,0
2026-08-05,US,adv_demo_001,SPONSORED_BRANDS,VIDEO,VIDEO,,TOP_OF_SEARCH,IMPRESSION,CPM,SPONSORED_BRANDS:VIDEO:TOP_OF_SEARCH:VIDEO:IMPRESSION,USD,16588,0,0,0,0
2026-08-05,US,adv_demo_001,SPONSORED_BRANDS,VIDEO,VIDEO,,TOP_OF_SEARCH,CLICK,CPC,SPONSORED_BRANDS:VIDEO:TOP_OF_SEARCH:VIDEO:CLICK,USD,0,111,153.18,5,464.1
2026-08-05,US,adv_demo_001,SPONSORED_DISPLAY,DISPLAY,IMAGE,,PRODUCT_PAGE,IMPRESSION,CPM,SPONSORED_DISPLAY:DISPLAY:PRODUCT_PAGE:IMAGE:IMPRESSION,USD,25129,0,0,0,0
2026-08-05,US,adv_demo_001,SPONSORED_DISPLAY,DISPLAY,IMAGE,,PRODUCT_PAGE,CLICK,CPC,SPONSORED_DISPLAY:DISPLAY:PRODUCT_PAGE:IMAGE:CLICK,USD,0,138,126.96,6,469.68
2026-08-05,US,adv_demo_001,SPONSORED_DISPLAY,DISPLAY,VIDEO,,PRODUCT_PAGE,IMPRESSION,CPM,SPONSORED_DISPLAY:DISPLAY:PRODUCT_PAGE:VIDEO:IMPRESSION,USD,20670,0,0,0,0
2026-08-05,US,adv_demo_001,SPONSORED_DISPLAY,VIDEO,VIDEO,,PRODUCT_PAGE,CLICK,CPC,SPONSORED_DISPLAY:VIDEO:PRODUCT_PAGE:VIDEO:CLICK,USD,0,129,152.22,6,554.4
2026-08-05,US,adv_demo_001,SPONSORED_PRODUCTS,PRODUCT_AD,,,PRODUCT_PAGE,CLICK,CPC,SPONSORED_PRODUCTS:PRODUCT_AD:PRODUCT_PAGE:UNSPECIFIED:CLICK,USD,0,368,323.84,25,1632.0
2026-08-05,US,adv_demo_001,SPONSORED_PRODUCTS,PRODUCT_AD,,,REST_OF_SEARCH,CLICK,CPC,SPONSORED_PRODUCTS:PRODUCT_AD:REST_OF_SEARCH:UNSPECIFIED:CLICK,USD,0,366,300.12,23,1450.15
2026-08-05,US,adv_demo_001,SPONSORED_PRODUCTS,PRODUCT_AD,,,TOP_OF_SEARCH,IMPRESSION,CPM,SPONSORED_PRODUCTS:PRODUCT_AD:TOP_OF_SEARCH:UNSPECIFIED:IMPRESSION,USD,43834,0,0,0,0
2026-08-05,US,adv_demo_001,SPONSORED_PRODUCTS,PRODUCT_AD,,,TOP_OF_SEARCH,CLICK,CPC,SPONSORED_PRODUCTS:PRODUCT_AD:TOP_OF_SEARCH:UNSPECIFIED:CLICK,USD,0,526,536.52,41,2892.96
2026-08-06,US,adv_demo_001,AMAZON_DSP,,,AUDIO,,IMPRESSION,CPM,AMAZON_DSP:AUDIO:UNSPECIFIED:UNSPECIFIED:IMPRESSION,USD,47119,0,848.14,0,0
2026-08-06,US,adv_demo_001,AMAZON_DSP,,IMAGE,DISPLAY,,IMPRESSION,CPM,AMAZON_DSP:DISPLAY:UNSPECIFIED:IMAGE:IMPRESSION,USD,56660,0,708.25,0,0
2026-08-06,US,adv_demo_001,AMAZON_DSP,,VIDEO,ONLINE_VIDEO,,IMPRESSION,CPM,AMAZON_DSP:ONLINE_VIDEO:UNSPECIFIED:VIDEO:IMPRESSION,USD,44201,0,884.02,0,0
2026-08-06,US,adv_demo_001,AMAZON_DSP,,VIDEO,STREAMING_TV,,IMPRESSION,CPM,AMAZON_DSP:STREAMING_TV:UNSPECIFIED:VIDEO:IMPRESSION,USD,52742,0,1476.78,0,0
2026-08-06,US,adv_demo_001,SPONSORED_BRANDS,COMPONENT,IMAGE,,TOP_OF_SEARCH,IMPRESSION,CPM,SPONSORED_BRANDS:COMPONENT:TOP_OF_SEARCH:IMAGE:IMPRESSION,USD,18483,0,0,0,0
2026-08-06,US,adv_demo_001,SPONSORED_BRANDS,COMPONENT,IMAGE,,TOP_OF_SEARCH,CLICK,CPC,SPONSORED_BRANDS:COMPONENT:TOP_OF_SEARCH:IMAGE:CLICK,USD,0,151,181.2,8,675.68
2026-08-06,US,adv_demo_001,SPONSORED_BRANDS,DISPLAY,IMAGE,,REST_OF_SEARCH,IMPRESSION,CPM,SPONSORED_BRANDS:DISPLAY:REST_OF_SEARCH:IMAGE:IMPRESSION,USD,22024,0,0,0,0
2026-08-06,US,adv_demo_001,SPONSORED_BRANDS,VIDEO,VIDEO,,TOP_OF_SEARCH,IMPRESSION,CPM,SPONSORED_BRANDS:VIDEO:TOP_OF_SEARCH:VIDEO:IMPRESSION,USD,17565,0,0,0,0
2026-08-06,US,adv_demo_001,SPONSORED_BRANDS,VIDEO,VIDEO,,TOP_OF_SEARCH,CLICK,CPC,SPONSORED_BRANDS:VIDEO:TOP_OF_SEARCH:VIDEO:CLICK,USD,0,118,162.84,6,573.3
2026-08-06,US,adv_demo_001,SPONSORED_DISPLAY,DISPLAY,IMAGE,,PRODUCT_PAGE,IMPRESSION,CPM,SPONSORED_DISPLAY:DISPLAY:PRODUCT_PAGE:IMAGE:IMPRESSION,USD,26106,0,0,0,0
2026-08-06,US,adv_demo_001,SPONSORED_DISPLAY,DISPLAY,IMAGE,,PRODUCT_PAGE,CLICK,CPC,SPONSORED_DISPLAY:DISPLAY:PRODUCT_PAGE:IMAGE:CLICK,USD,0,145,133.4,7,510.72
2026-08-06,US,adv_demo_001,SPONSORED_DISPLAY,DISPLAY,VIDEO,,PRODUCT_PAGE,IMPRESSION,CPM,SPONSORED_DISPLAY:DISPLAY:PRODUCT_PAGE:VIDEO:IMPRESSION,USD,21647,0,0,0,0
2026-08-06,US,adv_demo_001,SPONSORED_DISPLAY,VIDEO,VIDEO,,PRODUCT_PAGE,CLICK,CPC,SPONSORED_DISPLAY:VIDEO:PRODUCT_PAGE:VIDEO:CLICK,USD,0,137,161.66,6,517.44
2026-08-06,US,adv_demo_001,SPONSORED_PRODUCTS,PRODUCT_AD,,,PRODUCT_PAGE,CLICK,CPC,SPONSORED_PRODUCTS:PRODUCT_AD:PRODUCT_PAGE:UNSPECIFIED:CLICK,USD,0,382,336.16,27,1817.64
2026-08-06,US,adv_demo_001,SPONSORED_PRODUCTS,PRODUCT_AD,,,REST_OF_SEARCH,CLICK,CPC,SPONSORED_PRODUCTS:PRODUCT_AD:REST_OF_SEARCH:UNSPECIFIED:CLICK,USD,0,379,310.78,25,1625.0
2026-08-06,US,adv_demo_001,SPONSORED_PRODUCTS,PRODUCT_AD,,,TOP_OF_SEARCH,IMPRESSION,CPM,SPONSORED_PRODUCTS:PRODUCT_AD:TOP_OF_SEARCH:UNSPECIFIED:IMPRESSION,USD,44811,0,0,0,0
2026-08-06,US,adv_demo_001,SPONSORED_PRODUCTS,PRODUCT_AD,,,TOP_OF_SEARCH,CLICK,CPC,SPONSORED_PRODUCTS:PRODUCT_AD:TOP_OF_SEARCH:UNSPECIFIED:CLICK,USD,0,543,553.86,43,3126.96
2026-08-07,US,adv_demo_001,AMAZON_DSP,,,AUDIO,,IMPRESSION,CPM,AMAZON_DSP:AUDIO:UNSPECIFIED:UNSPECIFIED:IMPRESSION,USD,48096,0,865.73,0,0
2026-08-07,US,adv_demo_001,AMAZON_DSP,,IMAGE,DISPLAY,,IMPRESSION,CPM,AMAZON_DSP:DISPLAY:UNSPECIFIED:IMAGE:IMPRESSION,USD,57637,0,720.46,0,0
2026-08-07,US,adv_demo_001,AMAZON_DSP,,VIDEO,ONLINE_VIDEO,,IMPRESSION,CPM,AMAZON_DSP:ONLINE_VIDEO:UNSPECIFIED:VIDEO:IMPRESSION,USD,38378,0,767.56,0,0
2026-08-07,US,adv_demo_001,AMAZON_DSP,,VIDEO,STREAMING_TV,,IMPRESSION,CPM,AMAZON_DSP:STREAMING_TV:UNSPECIFIED:VIDEO:IMPRESSION,USD,46919,0,1313.73,0,0
2026-08-07,US,adv_demo_001,SPONSORED_BRANDS,COMPONENT,IMAGE,,TOP_OF_SEARCH,IMPRESSION,CPM,SPONSORED_BRANDS:COMPONENT:TOP_OF_SEARCH:IMAGE:IMPRESSION,USD,19460,0,0,0,0
2026-08-07,US,adv_demo_001,SPONSORED_BRANDS,COMPONENT,IMAGE,,TOP_OF_SEARCH,CLICK,CPC,SPONSORED_BRANDS:COMPONENT:TOP_OF_SEARCH:IMAGE:CLICK,USD,0,146,175.2,8,629.76
2026-08-07,US,adv_demo_001,SPONSORED_BRANDS,DISPLAY,IMAGE,,REST_OF_SEARCH,IMPRESSION,CPM,SPONSORED_BRANDS:DISPLAY:REST_OF_SEARCH:IMAGE:IMPRESSION,USD,23001,0,0,0,0
2026-08-07,US,adv_demo_001,SPONSORED_BRANDS,VIDEO,VIDEO,,TOP_OF_SEARCH,IMPRESSION,CPM,SPONSORED_BRANDS:VIDEO:TOP_OF_SEARCH:VIDEO:IMPRESSION,USD,18542,0,0,0,0
2026-08-07,US,adv_demo_001,SPONSORED_BRANDS,VIDEO,VIDEO,,TOP_OF_SEARCH,CLICK,CPC,SPONSORED_BRANDS:VIDEO:TOP_OF_SEARCH:VIDEO:CLICK,USD,0,126,173.88,6,535.08
2026-08-07,US,adv_demo_001,SPONSORED_DISPLAY,DISPLAY,IMAGE,,PRODUCT_PAGE,IMPRESSION,CPM,SPONSORED_DISPLAY:DISPLAY:PRODUCT_PAGE:IMAGE:IMPRESSION,USD,27083,0,0,0,0
2026-08-07,US,adv_demo_001,SPONSORED_DISPLAY,DISPLAY,IMAGE,,PRODUCT_PAGE,CLICK,CPC,SPONSORED_DISPLAY:DISPLAY:PRODUCT_PAGE:IMAGE:CLICK,USD,0,152,139.84,6,451.44
2026-08-07,US,adv_demo_001,SPONSORED_DISPLAY,DISPLAY,VIDEO,,PRODUCT_PAGE,IMPRESSION,CPM,SPONSORED_DISPLAY:DISPLAY:PRODUCT_PAGE:VIDEO:IMPRESSION,USD,22624,0,0,0,0
2026-08-07,US,adv_demo_001,SPONSORED_DISPLAY,VIDEO,VIDEO,,PRODUCT_PAGE,CLICK,CPC,SPONSORED_DISPLAY:VIDEO:PRODUCT_PAGE:VIDEO:CLICK,USD,0,145,171.1,7,622.16
2026-08-07,US,adv_demo_001,SPONSORED_PRODUCTS,PRODUCT_AD,,,PRODUCT_PAGE,CLICK,CPC,SPONSORED_PRODUCTS:PRODUCT_AD:PRODUCT_PAGE:UNSPECIFIED:CLICK,USD,0,396,348.48,29,2011.44
2026-08-07,US,adv_demo_001,SPONSORED_PRODUCTS,PRODUCT_AD,,,REST_OF_SEARCH,CLICK,CPC,SPONSORED_PRODUCTS:PRODUCT_AD:REST_OF_SEARCH:UNSPECIFIED:CLICK,USD,0,392,321.44,26,1740.7
2026-08-07,US,adv_demo_001,SPONSORED_PRODUCTS,PRODUCT_AD,,,TOP_OF_SEARCH,IMPRESSION,CPM,SPONSORED_PRODUCTS:PRODUCT_AD:TOP_OF_SEARCH:UNSPECIFIED:IMPRESSION,USD,45788,0,0,0,0
2026-08-07,US,adv_demo_001,SPONSORED_PRODUCTS,PRODUCT_AD,,,TOP_OF_SEARCH,CLICK,CPC,SPONSORED_PRODUCTS:PRODUCT_AD:TOP_OF_SEARCH:UNSPECIFIED:CLICK,USD,0,560,571.2,45,3369.6
2026-08-08,US,adv_demo_001,AMAZON_DSP,,,AUDIO,,IMPRESSION,CPM,AMAZON_DSP:AUDIO:UNSPECIFIED:UNSPECIFIED:IMPRESSION,USD,42273,0,760.91,0,0
2026-08-08,US,adv_demo_001,AMAZON_DSP,,IMAGE,DISPLAY,,IMPRESSION,CPM,AMAZON_DSP:DISPLAY:UNSPECIFIED:IMAGE:IMPRESSION,USD,51814,0,647.67,0,0
2026-08-08,US,adv_demo_001,AMAZON_DSP,,VIDEO,ONLINE_VIDEO,,IMPRESSION,CPM,AMAZON_DSP:ONLINE_VIDEO:UNSPECIFIED:VIDEO:IMPRESSION,USD,39355,0,787.1,0,0
2026-08-08,US,adv_demo_001,AMAZON_DSP,,VIDEO,STREAMING_TV,,IMPRESSION,CPM,AMAZON_DSP:STREAMING_TV:UNSPECIFIED:VIDEO:IMPRESSION,USD,47896,0,1341.09,0,0
2026-08-08,US,adv_demo_001,SPONSORED_BRANDS,COMPONENT,IMAGE,,TOP_OF_SEARCH,IMPRESSION,CPM,SPONSORED_BRANDS:COMPONENT:TOP_OF_SEARCH:IMAGE:IMPRESSION,USD,20437,0,0,0,0
2026-08-08,US,adv_demo_001,SPONSORED_BRANDS,COMPONENT,IMAGE,,TOP_OF_SEARCH,CLICK,CPC,SPONSORED_BRANDS:COMPONENT:TOP_OF_SEARCH:IMAGE:CLICK,USD,0,155,186.0,8,649.44
2026-08-08,US,adv_demo_001,SPONSORED_BRANDS,DISPLAY,IMAGE,,REST_OF_SEARCH,IMPRESSION,CPM,SPONSORED_BRANDS:DISPLAY:REST_OF_SEARCH:IMAGE:IMPRESSION,USD,23978,0,0,0,0
2026-08-08,US,adv_demo_001,SPONSORED_BRANDS,VIDEO,VIDEO,,TOP_OF_SEARCH,IMPRESSION,CPM,SPONSORED_BRANDS:VIDEO:TOP_OF_SEARCH:VIDEO:IMPRESSION,USD,19519,0,0,0,0
2026-08-08,US,adv_demo_001,SPONSORED_BRANDS,VIDEO,VIDEO,,TOP_OF_SEARCH,CLICK,CPC,SPONSORED_BRANDS:VIDEO:TOP_OF_SEARCH:VIDEO:CLICK,USD,0,134,184.92,6,551.46
2026-08-08,US,adv_demo_001,SPONSORED_DISPLAY,DISPLAY,IMAGE,,PRODUCT_PAGE,IMPRESSION,CPM,SPONSORED_DISPLAY:DISPLAY:PRODUCT_PAGE:IMAGE:IMPRESSION,USD,28060,0,0,0,0
2026-08-08,US,adv_demo_001,SPONSORED_DISPLAY,DISPLAY,IMAGE,,PRODUCT_PAGE,CLICK,CPC,SPONSORED_DISPLAY:DISPLAY:PRODUCT_PAGE:IMAGE:CLICK,USD,0,159,146.28,7,542.64
2026-08-08,US,adv_demo_001,SPONSORED_DISPLAY,DISPLAY,VIDEO,,PRODUCT_PAGE,IMPRESSION,CPM,SPONSORED_DISPLAY:DISPLAY:PRODUCT_PAGE:VIDEO:IMPRESSION,USD,23601,0,0,0,0
2026-08-08,US,adv_demo_001,SPONSORED_DISPLAY,VIDEO,VIDEO,,PRODUCT_PAGE,CLICK,CPC,SPONSORED_DISPLAY:VIDEO:PRODUCT_PAGE:VIDEO:CLICK,USD,0,153,180.54,7,640.64
2026-08-08,US,adv_demo_001,SPONSORED_PRODUCTS,PRODUCT_AD,,,PRODUCT_PAGE,CLICK,CPC,SPONSORED_PRODUCTS:PRODUCT_AD:PRODUCT_PAGE:UNSPECIFIED:CLICK,USD,0,410,360.8,30,2142.0
2026-08-08,US,adv_demo_001,SPONSORED_PRODUCTS,PRODUCT_AD,,,REST_OF_SEARCH,CLICK,CPC,SPONSORED_PRODUCTS:PRODUCT_AD:REST_OF_SEARCH:UNSPECIFIED:CLICK,USD,0,405,332.1,28,1747.2
2026-08-08,US,adv_demo_001,SPONSORED_PRODUCTS,PRODUCT_AD,,,TOP_OF_SEARCH,IMPRESSION,CPM,SPONSORED_PRODUCTS:PRODUCT_AD:TOP_OF_SEARCH:UNSPECIFIED:IMPRESSION,USD,46765,0,0,0,0
2026-08-08,US,adv_demo_001,SPONSORED_PRODUCTS,PRODUCT_AD,,,TOP_OF_SEARCH,CLICK,CPC,SPONSORED_PRODUCTS:PRODUCT_AD:TOP_OF_SEARCH:UNSPECIFIED:CLICK,USD,0,528,538.56,43,3003.12
2026-08-09,US,adv_demo_001,AMAZON_DSP,,,AUDIO,,IMPRESSION,CPM,AMAZON_DSP:AUDIO:UNSPECIFIED:UNSPECIFIED:IMPRESSION,USD,43250,0,778.5,0,0
2026-08-09,US,adv_demo_001,AMAZON_DSP,,IMAGE,DISPLAY,,IMPRESSION,CPM,AMAZON_DSP:DISPLAY:UNSPECIFIED:IMAGE:IMPRESSION,USD,52791,0,659.89,0,0
2026-08-09,US,adv_demo_001,AMAZON_DSP,,VIDEO,ONLINE_VIDEO,,IMPRESSION,CPM,AMAZON_DSP:ONLINE_VIDEO:UNSPECIFIED:VIDEO:IMPRESSION,USD,40332,0,806.64,0,0
2026-08-09,US,adv_demo_001,AMAZON_DSP,,VIDEO,STREAMING_TV,,IMPRESSION,CPM,AMAZON_DSP:STREAMING_TV:UNSPECIFIED:VIDEO:IMPRESSION,USD,48873,0,1368.44,0,0
2026-08-09,US,adv_demo_001,SPONSORED_BRANDS,COMPONENT,IMAGE,,TOP_OF_SEARCH,IMPRESSION,CPM,SPONSORED_BRANDS:COMPONENT:TOP_OF_SEARCH:IMAGE:IMPRESSION,USD,21414,0,0,0,0
2026-08-09,US,adv_demo_001,SPONSORED_BRANDS,COMPONENT,IMAGE,,TOP_OF_SEARCH,CLICK,CPC,SPONSORED_BRANDS:COMPONENT:TOP_OF_SEARCH:IMAGE:CLICK,USD,0,164,196.8,8,669.12
2026-08-09,US,adv_demo_001,SPONSORED_BRANDS,DISPLAY,IMAGE,,REST_OF_SEARCH,IMPRESSION,CPM,SPONSORED_BRANDS:DISPLAY:REST_OF_SEARCH:IMAGE:IMPRESSION,USD,24955,0,0,0,0
2026-08-09,US,adv_demo_001,SPONSORED_BRANDS,VIDEO,VIDEO,,TOP_OF_SEARCH,IMPRESSION,CPM,SPONSORED_BRANDS:VIDEO:TOP_OF_SEARCH:VIDEO:IMPRESSION,USD,20496,0,0,0,0
2026-08-09,US,adv_demo_001,SPONSORED_BRANDS,VIDEO,VIDEO,,TOP_OF_SEARCH,CLICK,CPC,SPONSORED_BRANDS:VIDEO:TOP_OF_SEARCH:VIDEO:CLICK,USD,0,143,197.34,7,662.48
2026-08-09,US,adv_demo_001,SPONSORED_DISPLAY,DISPLAY,IMAGE,,PRODUCT_PAGE,IMPRESSION,CPM,SPONSORED_DISPLAY:DISPLAY:PRODUCT_PAGE:IMAGE:IMPRESSION,USD,29037,0,0,0,0
2026-08-09,US,adv_demo_001,SPONSORED_DISPLAY,DISPLAY,IMAGE,,PRODUCT_PAGE,CLICK,CPC,SPONSORED_DISPLAY:DISPLAY:PRODUCT_PAGE:IMAGE:CLICK,USD,0,167,153.64,7,558.6
2026-08-09,US,adv_demo_001,SPONSORED_DISPLAY,DISPLAY,VIDEO,,PRODUCT_PAGE,IMPRESSION,CPM,SPONSORED_DISPLAY:DISPLAY:PRODUCT_PAGE:VIDEO:IMPRESSION,USD,24578,0,0,0,0
2026-08-09,US,adv_demo_001,SPONSORED_DISPLAY,VIDEO,VIDEO,,PRODUCT_PAGE,CLICK,CPC,SPONSORED_DISPLAY:VIDEO:PRODUCT_PAGE:VIDEO:CLICK,USD,0,161,189.98,8,682.88
2026-08-09,US,adv_demo_001,SPONSORED_PRODUCTS,PRODUCT_AD,,,PRODUCT_PAGE,CLICK,CPC,SPONSORED_PRODUCTS:PRODUCT_AD:PRODUCT_PAGE:UNSPECIFIED:CLICK,USD,0,425,374.0,32,2132.48
2026-08-09,US,adv_demo_001,SPONSORED_PRODUCTS,PRODUCT_AD,,,REST_OF_SEARCH,CLICK,CPC,SPONSORED_PRODUCTS:PRODUCT_AD:REST_OF_SEARCH:UNSPECIFIED:CLICK,USD,0,322,264.04,22,1415.7
2026-08-09,US,adv_demo_001,SPONSORED_PRODUCTS,PRODUCT_AD,,,TOP_OF_SEARCH,IMPRESSION,CPM,SPONSORED_PRODUCTS:PRODUCT_AD:TOP_OF_SEARCH:UNSPECIFIED:IMPRESSION,USD,40942,0,0,0,0
2026-08-09,US,adv_demo_001,SPONSORED_PRODUCTS,PRODUCT_AD,,,TOP_OF_SEARCH,CLICK,CPC,SPONSORED_PRODUCTS:PRODUCT_AD:TOP_OF_SEARCH:UNSPECIFIED:CLICK,USD,0,467,476.34,39,2808.0
2026-08-10,US,adv_demo_001,AMAZON_DSP,,,AUDIO,,IMPRESSION,CPM,AMAZON_DSP:AUDIO:UNSPECIFIED:UNSPECIFIED:IMPRESSION,USD,44227,0,796.09,0,0
2026-08-10,US,adv_demo_001,AMAZON_DSP,,IMAGE,DISPLAY,,IMPRESSION,CPM,AMAZON_DSP:DISPLAY:UNSPECIFIED:IMAGE:IMPRESSION,USD,53768,0,672.1,0,0
2026-08-10,US,adv_demo_001,AMAZON_DSP,,VIDEO,ONLINE_VIDEO,,IMPRESSION,CPM,AMAZON_DSP:ONLINE_VIDEO:UNSPECIFIED:VIDEO:IMPRESSION,USD,41309,0,826.18,0,0
2026-08-10,US,adv_demo_001,AMAZON_DSP,,VIDEO,STREAMING_TV,,IMPRESSION,CPM,AMAZON_DSP:STREAMING_TV:UNSPECIFIED:VIDEO:IMPRESSION,USD,49850,0,1395.8,0,0
2026-08-10,US,adv_demo_001,SPONSORED_BRANDS,COMPONENT,IMAGE,,TOP_OF_SEARCH,IMPRESSION,CPM,SPONSORED_BRANDS:COMPONENT:TOP_OF_SEARCH:IMAGE:IMPRESSION,USD,22391,0,0,0,0
2026-08-10,US,adv_demo_001,SPONSORED_BRANDS,COMPONENT,IMAGE,,TOP_OF_SEARCH,CLICK,CPC,SPONSORED_BRANDS:COMPONENT:TOP_OF_SEARCH:IMAGE:CLICK,USD,0,174,208.8,9,774.9
2026-08-10,US,adv_demo_001,SPONSORED_BRANDS,DISPLAY,IMAGE,,REST_OF_SEARCH,IMPRESSION,CPM,SPONSORED_BRANDS:DISPLAY:REST_OF_SEARCH:IMAGE:IMPRESSION,USD,25932,0,0,0,0
2026-08-10,US,adv_demo_001,SPONSORED_BRANDS,VIDEO,VIDEO,,TOP_OF_SEARCH,IMPRESSION,CPM,SPONSORED_BRANDS:VIDEO:TOP_OF_SEARCH:VIDEO:IMPRESSION,USD,21473,0,0,0,0
2026-08-10,US,adv_demo_001,SPONSORED_BRANDS,VIDEO,VIDEO,,TOP_OF_SEARCH,CLICK,CPC,SPONSORED_BRANDS:VIDEO:TOP_OF_SEARCH:VIDEO:CLICK,USD,0,151,208.38,7,617.89
2026-08-10,US,adv_demo_001,SPONSORED_DISPLAY,DISPLAY,IMAGE,,PRODUCT_PAGE,IMPRESSION,CPM,SPONSORED_DISPLAY:DISPLAY:PRODUCT_PAGE:IMAGE:IMPRESSION,USD,30014,0,0,0,0
2026-08-10,US,adv_demo_001,SPONSORED_DISPLAY,DISPLAY,IMAGE,,PRODUCT_PAGE,CLICK,CPC,SPONSORED_DISPLAY:DISPLAY:PRODUCT_PAGE:IMAGE:CLICK,USD,0,174,160.08,8,595.84
2026-08-10,US,adv_demo_001,SPONSORED_DISPLAY,DISPLAY,VIDEO,,PRODUCT_PAGE,IMPRESSION,CPM,SPONSORED_DISPLAY:DISPLAY:PRODUCT_PAGE:VIDEO:IMPRESSION,USD,25555,0,0,0,0
2026-08-10,US,adv_demo_001,SPONSORED_DISPLAY,VIDEO,VIDEO,,PRODUCT_PAGE,CLICK,CPC,SPONSORED_DISPLAY:VIDEO:PRODUCT_PAGE:VIDEO:CLICK,USD,0,122,143.96,6,528.0
2026-08-10,US,adv_demo_001,SPONSORED_PRODUCTS,PRODUCT_AD,,,PRODUCT_PAGE,CLICK,CPC,SPONSORED_PRODUCTS:PRODUCT_AD:PRODUCT_PAGE:UNSPECIFIED:CLICK,USD,0,334,293.92,26,1785.68
2026-08-10,US,adv_demo_001,SPONSORED_PRODUCTS,PRODUCT_AD,,,REST_OF_SEARCH,CLICK,CPC,SPONSORED_PRODUCTS:PRODUCT_AD:REST_OF_SEARCH:UNSPECIFIED:CLICK,USD,0,334,273.88,21,1392.3
2026-08-10,US,adv_demo_001,SPONSORED_PRODUCTS,PRODUCT_AD,,,TOP_OF_SEARCH,IMPRESSION,CPM,SPONSORED_PRODUCTS:PRODUCT_AD:TOP_OF_SEARCH:UNSPECIFIED:IMPRESSION,USD,41919,0,0,0,0
2026-08-10,US,adv_demo_001,SPONSORED_PRODUCTS,PRODUCT_AD,,,TOP_OF_SEARCH,CLICK,CPC,SPONSORED_PRODUCTS:PRODUCT_AD:TOP_OF_SEARCH:UNSPECIFIED:CLICK,USD,0,483,492.66,37,2743.92
2026-08-11,US,adv_demo_001,AMAZON_DSP,,,AUDIO,,IMPRESSION,CPM,AMAZON_DSP:AUDIO:UNSPECIFIED:UNSPECIFIED:IMPRESSION,USD,45204,0,813.67,0,0
2026-08-11,US,adv_demo_001,AMAZON_DSP,,IMAGE,DISPLAY,,IMPRESSION,CPM,AMAZON_DSP:DISPLAY:UNSPECIFIED:IMAGE:IMPRESSION,USD,54745,0,684.31,0,0
2026-08-11,US,adv_demo_001,AMAZON_DSP,,VIDEO,ONLINE_VIDEO,,IMPRESSION,CPM,AMAZON_DSP:ONLINE_VIDEO:UNSPECIFIED:VIDEO:IMPRESSION,USD,42286,0,845.72,0,0
2026-08-11,US,adv_demo_001,AMAZON_DSP,,VIDEO,STREAMING_TV,,IMPRESSION,CPM,AMAZON_DSP:STREAMING_TV:UNSPECIFIED:VIDEO:IMPRESSION,USD,50827,0,1423.16,0,0
2026-08-11,US,adv_demo_001,SPONSORED_BRANDS,COMPONENT,IMAGE,,TOP_OF_SEARCH,IMPRESSION,CPM,SPONSORED_BRANDS:COMPONENT:TOP_OF_SEARCH:IMAGE:IMPRESSION,USD,23368,0,0,0,0
2026-08-11,US,adv_demo_001,SPONSORED_BRANDS,COMPONENT,IMAGE,,TOP_OF_SEARCH,CLICK,CPC,SPONSORED_BRANDS:COMPONENT:TOP_OF_SEARCH:IMAGE:CLICK,USD,0,183,219.6,10,803.6
2026-08-11,US,adv_demo_001,SPONSORED_BRANDS,DISPLAY,IMAGE,,REST_OF_SEARCH,IMPRESSION,CPM,SPONSORED_BRANDS:DISPLAY:REST_OF_SEARCH:IMAGE:IMPRESSION,USD,26909,0,0,0,0
2026-08-11,US,adv_demo_001,SPONSORED_BRANDS,VIDEO,VIDEO,,TOP_OF_SEARCH,IMPRESSION,CPM,SPONSORED_BRANDS:VIDEO:TOP_OF_SEARCH:VIDEO:IMPRESSION,USD,22450,0,0,0,0
2026-08-11,US,adv_demo_001,SPONSORED_BRANDS,VIDEO,VIDEO,,TOP_OF_SEARCH,CLICK,CPC,SPONSORED_BRANDS:VIDEO:TOP_OF_SEARCH:VIDEO:CLICK,USD,0,159,219.42,8,728.0
2026-08-11,US,adv_demo_001,SPONSORED_DISPLAY,DISPLAY,IMAGE,,PRODUCT_PAGE,IMPRESSION,CPM,SPONSORED_DISPLAY:DISPLAY:PRODUCT_PAGE:IMAGE:IMPRESSION,USD,24191,0,0,0,0
2026-08-11,US,adv_demo_001,SPONSORED_DISPLAY,DISPLAY,IMAGE,,PRODUCT_PAGE,CLICK,CPC,SPONSORED_DISPLAY:DISPLAY:PRODUCT_PAGE:IMAGE:CLICK,USD,0,142,130.64,6,460.56
2026-08-11,US,adv_demo_001,SPONSORED_DISPLAY,DISPLAY,VIDEO,,PRODUCT_PAGE,IMPRESSION,CPM,SPONSORED_DISPLAY:DISPLAY:PRODUCT_PAGE:VIDEO:IMPRESSION,USD,19732,0,0,0,0
2026-08-11,US,adv_demo_001,SPONSORED_DISPLAY,VIDEO,VIDEO,,PRODUCT_PAGE,CLICK,CPC,SPONSORED_DISPLAY:VIDEO:PRODUCT_PAGE:VIDEO:CLICK,USD,0,119,140.42,5,453.2
2026-08-11,US,adv_demo_001,SPONSORED_PRODUCTS,PRODUCT_AD,,,PRODUCT_PAGE,CLICK,CPC,SPONSORED_PRODUCTS:PRODUCT_AD:PRODUCT_PAGE:UNSPECIFIED:CLICK,USD,0,347,305.36,24,1697.28
2026-08-11,US,adv_demo_001,SPONSORED_PRODUCTS,PRODUCT_AD,,,REST_OF_SEARCH,CLICK,CPC,SPONSORED_PRODUCTS:PRODUCT_AD:REST_OF_SEARCH:UNSPECIFIED:CLICK,USD,0,346,283.72,22,1501.5
2026-08-11,US,adv_demo_001,SPONSORED_PRODUCTS,PRODUCT_AD,,,TOP_OF_SEARCH,IMPRESSION,CPM,SPONSORED_PRODUCTS:PRODUCT_AD:TOP_OF_SEARCH:UNSPECIFIED:IMPRESSION,USD,42896,0,0,0,0
2026-08-11,US,adv_demo_001,SPONSORED_PRODUCTS,PRODUCT_AD,,,TOP_OF_SEARCH,CLICK,CPC,SPONSORED_PRODUCTS:PRODUCT_AD:TOP_OF_SEARCH:UNSPECIFIED:CLICK,USD,0,499,508.98,39,2695.68
2026-08-12,US,adv_demo_001,AMAZON_DSP,,,AUDIO,,IMPRESSION,CPM,AMAZON_DSP:AUDIO:UNSPECIFIED:UNSPECIFIED:IMPRESSION,USD,46181,0,831.26,0,0
2026-08-12,US,adv_demo_001,AMAZON_DSP,,IMAGE,DISPLAY,,IMPRESSION,CPM,AMAZON_DSP:DISPLAY:UNSPECIFIED:IMAGE:IMPRESSION,USD,55722,0,696.52,0,0
2026-08-12,US,adv_demo_001,AMAZON_DSP,,VIDEO,ONLINE_VIDEO,,IMPRESSION,CPM,AMAZON_DSP:ONLINE_VIDEO:UNSPECIFIED:VIDEO:IMPRESSION,USD,43263,0,865.26,0,0
2026-08-12,US,adv_demo_001,AMAZON_DSP,,VIDEO,STREAMING_TV,,IMPRESSION,CPM,AMAZON_DSP:STREAMING_TV:UNSPECIFIED:VIDEO:IMPRESSION,USD,51804,0,1450.51,0,0
2026-08-12,US,adv_demo_001,SPONSORED_BRANDS,COMPONENT,IMAGE,,TOP_OF_SEARCH,IMPRESSION,CPM,SPONSORED_BRANDS:COMPONENT:TOP_OF_SEARCH:IMAGE:IMPRESSION,USD,24345,0,0,0,0
2026-08-12,US,adv_demo_001,SPONSORED_BRANDS,COMPONENT,IMAGE,,TOP_OF_SEARCH,CLICK,CPC,SPONSORED_BRANDS:COMPONENT:TOP_OF_SEARCH:IMAGE:CLICK,USD,0,193,231.6,11,911.02
2026-08-12,US,adv_demo_001,SPONSORED_BRANDS,DISPLAY,IMAGE,,REST_OF_SEARCH,IMPRESSION,CPM,SPONSORED_BRANDS:DISPLAY:REST_OF_SEARCH:IMAGE:IMPRESSION,USD,21086,0,0,0,0
2026-08-12,US,adv_demo_001,SPONSORED_BRANDS,VIDEO,VIDEO,,TOP_OF_SEARCH,IMPRESSION,CPM,SPONSORED_BRANDS:VIDEO:TOP_OF_SEARCH:VIDEO:IMPRESSION,USD,16627,0,0,0,0
2026-08-12,US,adv_demo_001,SPONSORED_BRANDS,VIDEO,VIDEO,,TOP_OF_SEARCH,CLICK,CPC,SPONSORED_BRANDS:VIDEO:TOP_OF_SEARCH:VIDEO:CLICK,USD,0,119,164.22,6,562.38
2026-08-12,US,adv_demo_001,SPONSORED_DISPLAY,DISPLAY,IMAGE,,PRODUCT_PAGE,IMPRESSION,CPM,SPONSORED_DISPLAY:DISPLAY:PRODUCT_PAGE:IMAGE:IMPRESSION,USD,25168,0,0,0,0
2026-08-12,US,adv_demo_001,SPONSORED_DISPLAY,DISPLAY,IMAGE,,PRODUCT_PAGE,CLICK,CPC,SPONSORED_DISPLAY:DISPLAY:PRODUCT_PAGE:IMAGE:CLICK,USD,0,149,137.08,6,474.24
2026-08-12,US,adv_demo_001,SPONSORED_DISPLAY,DISPLAY,VIDEO,,PRODUCT_PAGE,IMPRESSION,CPM,SPONSORED_DISPLAY:DISPLAY:PRODUCT_PAGE:VIDEO:IMPRESSION,USD,20709,0,0,0,0
2026-08-12,US,adv_demo_001,SPONSORED_DISPLAY,VIDEO,VIDEO,,PRODUCT_PAGE,CLICK,CPC,SPONSORED_DISPLAY:VIDEO:PRODUCT_PAGE:VIDEO:CLICK,USD,0,126,148.68,6,506.88
2026-08-12,US,adv_demo_001,SPONSORED_PRODUCTS,PRODUCT_AD,,,PRODUCT_PAGE,CLICK,CPC,SPONSORED_PRODUCTS:PRODUCT_AD:PRODUCT_PAGE:UNSPECIFIED:CLICK,USD,0,361,317.68,26,1714.96
2026-08-12,US,adv_demo_001,SPONSORED_PRODUCTS,PRODUCT_AD,,,REST_OF_SEARCH,CLICK,CPC,SPONSORED_PRODUCTS:PRODUCT_AD:REST_OF_SEARCH:UNSPECIFIED:CLICK,USD,0,359,294.38,24,1528.8
2026-08-12,US,adv_demo_001,SPONSORED_PRODUCTS,PRODUCT_AD,,,TOP_OF_SEARCH,IMPRESSION,CPM,SPONSORED_PRODUCTS:PRODUCT_AD:TOP_OF_SEARCH:UNSPECIFIED:IMPRESSION,USD,43873,0,0,0,0
2026-08-12,US,adv_demo_001,SPONSORED_PRODUCTS,PRODUCT_AD,,,TOP_OF_SEARCH,CLICK,CPC,SPONSORED_PRODUCTS:PRODUCT_AD:TOP_OF_SEARCH:UNSPECIFIED:CLICK,USD,0,516,526.32,41,2922.48
2026-08-13,US,adv_demo_001,AMAZON_DSP,,,AUDIO,,IMPRESSION,CPM,AMAZON_DSP:AUDIO:UNSPECIFIED:UNSPECIFIED:IMPRESSION,USD,47158,0,848.84,0,0
2026-08-13,US,adv_demo_001,AMAZON_DSP,,IMAGE,DISPLAY,,IMPRESSION,CPM,AMAZON_DSP:DISPLAY:UNSPECIFIED:IMAGE:IMPRESSION,USD,56699,0,708.74,0,0
2026-08-13,US,adv_demo_001,AMAZON_DSP,,VIDEO,ONLINE_VIDEO,,IMPRESSION,CPM,AMAZON_DSP:ONLINE_VIDEO:UNSPECIFIED:VIDEO:IMPRESSION,USD,44240,0,884.8,0,0
2026-08-13,US,adv_demo_001,AMAZON_DSP,,VIDEO,STREAMING_TV,,IMPRESSION,CPM,AMAZON_DSP:STREAMING_TV:UNSPECIFIED:VIDEO:IMPRESSION,USD,52781,0,1477.87,0,0
2026-08-13,US,adv_demo_001,SPONSORED_BRANDS,COMPONENT,IMAGE,,TOP_OF_SEARCH,IMPRESSION,CPM,SPONSORED_BRANDS:COMPONENT:TOP_OF_SEARCH:IMAGE:IMPRESSION,USD,18522,0,0,0,0
2026-08-13,US,adv_demo_001,SPONSORED_BRANDS,COMPONENT,IMAGE,,TOP_OF_SEARCH,CLICK,CPC,SPONSORED_BRANDS:COMPONENT:TOP_OF_SEARCH:IMAGE:CLICK,USD,0,148,177.6,8,682.24
2026-08-13,US,adv_demo_001,SPONSORED_BRANDS,DISPLAY,IMAGE,,REST_OF_SEARCH,IMPRESSION,CPM,SPONSORED_BRANDS:DISPLAY:REST_OF_SEARCH:IMAGE:IMPRESSION,USD,22063,0,0,0,0
2026-08-13,US,adv_demo_001,SPONSORED_BRANDS,VIDEO,VIDEO,,TOP_OF_SEARCH,IMPRESSION,CPM,SPONSORED_BRANDS:VIDEO:TOP_OF_SEARCH:VIDEO:IMPRESSION,USD,17604,0,0,0,0
2026-08-13,US,adv_demo_001,SPONSORED_BRANDS,VIDEO,VIDEO,,TOP_OF_SEARCH,CLICK,CPC,SPONSORED_BRANDS:VIDEO:TOP_OF_SEARCH:VIDEO:CLICK,USD,0,127,175.26,6,524.16
2026-08-13,US,adv_demo_001,SPONSORED_DISPLAY,DISPLAY,IMAGE,,PRODUCT_PAGE,IMPRESSION,CPM,SPONSORED_DISPLAY:DISPLAY:PRODUCT_PAGE:IMAGE:IMPRESSION,USD,26145,0,0,0,0
2026-08-13,US,adv_demo_001,SPONSORED_DISPLAY,DISPLAY,IMAGE,,PRODUCT_PAGE,CLICK,CPC,SPONSORED_DISPLAY:DISPLAY:PRODUCT_PAGE:IMAGE:CLICK,USD,0,143,131.56,6,442.32
2026-08-13,US,adv_demo_001,SPONSORED_DISPLAY,DISPLAY,VIDEO,,PRODUCT_PAGE,IMPRESSION,CPM,SPONSORED_DISPLAY:DISPLAY:PRODUCT_PAGE:VIDEO:IMPRESSION,USD,21686,0,0,0,0
2026-08-13,US,adv_demo_001,SPONSORED_DISPLAY,VIDEO,VIDEO,,PRODUCT_PAGE,CLICK,CPC,SPONSORED_DISPLAY:VIDEO:PRODUCT_PAGE:VIDEO:CLICK,USD,0,134,158.12,6,522.72
2026-08-13,US,adv_demo_001,SPONSORED_PRODUCTS,PRODUCT_AD,,,PRODUCT_PAGE,CLICK,CPC,SPONSORED_PRODUCTS:PRODUCT_AD:PRODUCT_PAGE:UNSPECIFIED:CLICK,USD,0,374,329.12,27,1836.0
2026-08-13,US,adv_demo_001,SPONSORED_PRODUCTS,PRODUCT_AD,,,REST_OF_SEARCH,CLICK,CPC,SPONSORED_PRODUCTS:PRODUCT_AD:REST_OF_SEARCH:UNSPECIFIED:CLICK,USD,0,371,304.22,25,1641.25
2026-08-13,US,adv_demo_001,SPONSORED_PRODUCTS,PRODUCT_AD,,,TOP_OF_SEARCH,IMPRESSION,CPM,SPONSORED_PRODUCTS:PRODUCT_AD:TOP_OF_SEARCH:UNSPECIFIED:IMPRESSION,USD,44850,0,0,0,0
2026-08-13,US,adv_demo_001,SPONSORED_PRODUCTS,PRODUCT_AD,,,TOP_OF_SEARCH,CLICK,CPC,SPONSORED_PRODUCTS:PRODUCT_AD:TOP_OF_SEARCH:UNSPECIFIED:CLICK,USD,0,533,543.66,43,3157.92
2026-08-14,US,adv_demo_001,AMAZON_DSP,,,AUDIO,,IMPRESSION,CPM,AMAZON_DSP:AUDIO:UNSPECIFIED:UNSPECIFIED:IMPRESSION,USD,48135,0,866.43,0,0
2026-08-14,US,adv_demo_001,AMAZON_DSP,,IMAGE,DISPLAY,,IMPRESSION,CPM,AMAZON_DSP:DISPLAY:UNSPECIFIED:IMAGE:IMPRESSION,USD,57676,0,720.95,0,0
2026-08-14,US,adv_demo_001,AMAZON_DSP,,VIDEO,ONLINE_VIDEO,,IMPRESSION,CPM,AMAZON_DSP:ONLINE_VIDEO:UNSPECIFIED:VIDEO:IMPRESSION,USD,38417,0,768.34,0,0
2026-08-14,US,adv_demo_001,AMAZON_DSP,,VIDEO,STREAMING_TV,,IMPRESSION,CPM,AMAZON_DSP:STREAMING_TV:UNSPECIFIED:VIDEO:IMPRESSION,USD,46958,0,1314.82,0,0
2026-08-14,US,adv_demo_001,SPONSORED_BRANDS,COMPONENT,IMAGE,,TOP_OF_SEARCH,IMPRESSION,CPM,SPONSORED_BRANDS:COMPONENT:TOP_OF_SEARCH:IMAGE:IMPRESSION,USD,19499,0,0,0,0
2026-08-14,US,adv_demo_001,SPONSORED_BRANDS,COMPONENT,IMAGE,,TOP_OF_SEARCH,CLICK,CPC,SPONSORED_BRANDS:COMPONENT:TOP_OF_SEARCH:IMAGE:CLICK,USD,0,158,189.6,8,636.32
2026-08-14,US,adv_demo_001,SPONSORED_BRANDS,DISPLAY,IMAGE,,REST_OF_SEARCH,IMPRESSION,CPM,SPONSORED_BRANDS:DISPLAY:REST_OF_SEARCH:IMAGE:IMPRESSION,USD,23040,0,0,0,0
2026-08-14,US,adv_demo_001,SPONSORED_BRANDS,VIDEO,VIDEO,,TOP_OF_SEARCH,IMPRESSION,CPM,SPONSORED_BRANDS:VIDEO:TOP_OF_SEARCH:VIDEO:IMPRESSION,USD,18581,0,0,0,0
2026-08-14,US,adv_demo_001,SPONSORED_BRANDS,VIDEO,VIDEO,,TOP_OF_SEARCH,CLICK,CPC,SPONSORED_BRANDS:VIDEO:TOP_OF_SEARCH:VIDEO:CLICK,USD,0,124,171.12,6,540.54
2026-08-14,US,adv_demo_001,SPONSORED_DISPLAY,DISPLAY,IMAGE,,PRODUCT_PAGE,IMPRESSION,CPM,SPONSORED_DISPLAY:DISPLAY:PRODUCT_PAGE:IMAGE:IMPRESSION,USD,27122,0,0,0,0
2026-08-14,US,adv_demo_001,SPONSORED_DISPLAY,DISPLAY,IMAGE,,PRODUCT_PAGE,CLICK,CPC,SPONSORED_DISPLAY:DISPLAY:PRODUCT_PAGE:IMAGE:CLICK,USD,0,149,137.08,6,456.0
2026-08-14,US,adv_demo_001,SPONSORED_DISPLAY,DISPLAY,VIDEO,,PRODUCT_PAGE,IMPRESSION,CPM,SPONSORED_DISPLAY:DISPLAY:PRODUCT_PAGE:VIDEO:IMPRESSION,USD,22663,0,0,0,0
2026-08-14,US,adv_demo_001,SPONSORED_DISPLAY,VIDEO,VIDEO,,PRODUCT_PAGE,CLICK,CPC,SPONSORED_DISPLAY:VIDEO:PRODUCT_PAGE:VIDEO:CLICK,USD,0,142,167.56,7,628.32
2026-08-14,US,adv_demo_001,SPONSORED_PRODUCTS,PRODUCT_AD,,,PRODUCT_PAGE,CLICK,CPC,SPONSORED_PRODUCTS:PRODUCT_AD:PRODUCT_PAGE:UNSPECIFIED:CLICK,USD,0,388,341.44,29,2031.16
2026-08-14,US,adv_demo_001,SPONSORED_PRODUCTS,PRODUCT_AD,,,REST_OF_SEARCH,CLICK,CPC,SPONSORED_PRODUCTS:PRODUCT_AD:REST_OF_SEARCH:UNSPECIFIED:CLICK,USD,0,384,314.88,26,1757.6
2026-08-14,US,adv_demo_001,SPONSORED_PRODUCTS,PRODUCT_AD,,,TOP_OF_SEARCH,IMPRESSION,CPM,SPONSORED_PRODUCTS:PRODUCT_AD:TOP_OF_SEARCH:UNSPECIFIED:IMPRESSION,USD,45827,0,0,0,0
2026-08-14,US,adv_demo_001,SPONSORED_PRODUCTS,PRODUCT_AD,,,TOP_OF_SEARCH,CLICK,CPC,SPONSORED_PRODUCTS:PRODUCT_AD:TOP_OF_SEARCH:UNSPECIFIED:CLICK,USD,0,550,561.0,46,3477.6
2026-08-15,US,adv_demo_001,AMAZON_DSP,,,AUDIO,,IMPRESSION,CPM,AMAZON_DSP:AUDIO:UNSPECIFIED:UNSPECIFIED:IMPRESSION,USD,42312,0,761.62,0,0
2026-08-15,US,adv_demo_001,AMAZON_DSP,,IMAGE,DISPLAY,,IMPRESSION,CPM,AMAZON_DSP:DISPLAY:UNSPECIFIED:IMAGE:IMPRESSION,USD,51853,0,648.16,0,0
2026-08-15,US,adv_demo_001,AMAZON_DSP,,VIDEO,ONLINE_VIDEO,,IMPRESSION,CPM,AMAZON_DSP:ONLINE_VIDEO:UNSPECIFIED:VIDEO:IMPRESSION,USD,39394,0,787.88,0,0
2026-08-15,US,adv_demo_001,AMAZON_DSP,,VIDEO,STREAMING_TV,,IMPRESSION,CPM,AMAZON_DSP:STREAMING_TV:UNSPECIFIED:VIDEO:IMPRESSION,USD,47935,0,1342.18,0,0
2026-08-15,US,adv_demo_001,SPONSORED_BRANDS,COMPONENT,IMAGE,,TOP_OF_SEARCH,IMPRESSION,CPM,SPONSORED_BRANDS:COMPONENT:TOP_OF_SEARCH:IMAGE:IMPRESSION,USD,20476,0,0,0,0
2026-08-15,US,adv_demo_001,SPONSORED_BRANDS,COMPONENT,IMAGE,,TOP_OF_SEARCH,CLICK,CPC,SPONSORED_BRANDS:COMPONENT:TOP_OF_SEARCH:IMAGE:CLICK,USD,0,167,200.4,9,738.0
2026-08-15,US,adv_demo_001,SPONSORED_BRANDS,DISPLAY,IMAGE,,REST_OF_SEARCH,IMPRESSION,CPM,SPONSORED_BRANDS:DISPLAY:REST_OF_SEARCH:IMAGE:IMPRESSION,USD,24017,0,0,0,0
2026-08-15,US,adv_demo_001,SPONSORED_BRANDS,VIDEO,VIDEO,,TOP_OF_SEARCH,IMPRESSION,CPM,SPONSORED_BRANDS:VIDEO:TOP_OF_SEARCH:VIDEO:IMPRESSION,USD,19558,0,0,0,0
2026-08-15,US,adv_demo_001,SPONSORED_BRANDS,VIDEO,VIDEO,,TOP_OF_SEARCH,CLICK,CPC,SPONSORED_BRANDS:VIDEO:TOP_OF_SEARCH:VIDEO:CLICK,USD,0,132,182.16,6,556.92
2026-08-15,US,adv_demo_001,SPONSORED_DISPLAY,DISPLAY,IMAGE,,PRODUCT_PAGE,IMPRESSION,CPM,SPONSORED_DISPLAY:DISPLAY:PRODUCT_PAGE:IMAGE:IMPRESSION,USD,28099,0,0,0,0
2026-08-15,US,adv_demo_001,SPONSORED_DISPLAY,DISPLAY,IMAGE,,PRODUCT_PAGE,CLICK,CPC,SPONSORED_DISPLAY:DISPLAY:PRODUCT_PAGE:IMAGE:CLICK,USD,0,156,143.52,7,547.96
2026-08-15,US,adv_demo_001,SPONSORED_DISPLAY,DISPLAY,VIDEO,,PRODUCT_PAGE,IMPRESSION,CPM,SPONSORED_DISPLAY:DISPLAY:PRODUCT_PAGE:VIDEO:IMPRESSION,USD,23640,0,0,0,0
2026-08-15,US,adv_demo_001,SPONSORED_DISPLAY,VIDEO,VIDEO,,PRODUCT_PAGE,CLICK,CPC,SPONSORED_DISPLAY:VIDEO:PRODUCT_PAGE:VIDEO:CLICK,USD,0,150,177.0,7,646.8
2026-08-15,US,adv_demo_001,SPONSORED_PRODUCTS,PRODUCT_AD,,,PRODUCT_PAGE,CLICK,CPC,SPONSORED_PRODUCTS:PRODUCT_AD:PRODUCT_PAGE:UNSPECIFIED:CLICK,USD,0,403,354.64,31,2023.68
2026-08-15,US,adv_demo_001,SPONSORED_PRODUCTS,PRODUCT_AD,,,REST_OF_SEARCH,CLICK,CPC,SPONSORED_PRODUCTS:PRODUCT_AD:REST_OF_SEARCH:UNSPECIFIED:CLICK,USD,0,397,325.54,28,1765.4
2026-08-15,US,adv_demo_001,SPONSORED_PRODUCTS,PRODUCT_AD,,,TOP_OF_SEARCH,IMPRESSION,CPM,SPONSORED_PRODUCTS:PRODUCT_AD:TOP_OF_SEARCH:UNSPECIFIED:IMPRESSION,USD,40004,0,0,0,0
2026-08-15,US,adv_demo_001,SPONSORED_PRODUCTS,PRODUCT_AD,,,TOP_OF_SEARCH,CLICK,CPC,SPONSORED_PRODUCTS:PRODUCT_AD:TOP_OF_SEARCH:UNSPECIFIED:CLICK,USD,0,485,494.7,37,2610.72
2026-08-16,US,adv_demo_001,AMAZON_DSP,,,AUDIO,,IMPRESSION,CPM,AMAZON_DSP:AUDIO:UNSPECIFIED:UNSPECIFIED:IMPRESSION,USD,43289,0,779.2,0,0
2026-08-16,US,adv_demo_001,AMAZON_DSP,,IMAGE,DISPLAY,,IMPRESSION,CPM,AMAZON_DSP:DISPLAY:UNSPECIFIED:IMAGE:IMPRESSION,USD,52830,0,660.38,0,0
2026-08-16,US,adv_demo_001,AMAZON_DSP,,VIDEO,ONLINE_VIDEO,,IMPRESSION,CPM,AMAZON_DSP:ONLINE_VIDEO:UNSPECIFIED:VIDEO:IMPRESSION,USD,40371,0,807.42,0,0
2026-08-16,US,adv_demo_001,AMAZON_DSP,,VIDEO,STREAMING_TV,,IMPRESSION,CPM,AMAZON_DSP:STREAMING_TV:UNSPECIFIED:VIDEO:IMPRESSION,USD,48912,0,1369.54,0,0
2026-08-16,US,adv_demo_001,SPONSORED_BRANDS,COMPONENT,IMAGE,,TOP_OF_SEARCH,IMPRESSION,CPM,SPONSORED_BRANDS:COMPONENT:TOP_OF_SEARCH:IMAGE:IMPRESSION,USD,21453,0,0,0,0
2026-08-16,US,adv_demo_001,SPONSORED_BRANDS,COMPONENT,IMAGE,,TOP_OF_SEARCH,CLICK,CPC,SPONSORED_BRANDS:COMPONENT:TOP_OF_SEARCH:IMAGE:CLICK,USD,0,161,193.2,9,760.14
2026-08-16,US,adv_demo_001,SPONSORED_BRANDS,DISPLAY,IMAGE,,REST_OF_SEARCH,IMPRESSION,CPM,SPONSORED_BRANDS:DISPLAY:REST_OF_SEARCH:IMAGE:IMPRESSION,USD,24994,0,0,0,0
2026-08-16,US,adv_demo_001,SPONSORED_BRANDS,VIDEO,VIDEO,,TOP_OF_SEARCH,IMPRESSION,CPM,SPONSORED_BRANDS:VIDEO:TOP_OF_SEARCH:VIDEO:IMPRESSION,USD,20535,0,0,0,0
2026-08-16,US,adv_demo_001,SPONSORED_BRANDS,VIDEO,VIDEO,,TOP_OF_SEARCH,CLICK,CPC,SPONSORED_BRANDS:VIDEO:TOP_OF_SEARCH:VIDEO:CLICK,USD,0,140,193.2,7,668.85
2026-08-16,US,adv_demo_001,SPONSORED_DISPLAY,DISPLAY,IMAGE,,PRODUCT_PAGE,IMPRESSION,CPM,SPONSORED_DISPLAY:DISPLAY:PRODUCT_PAGE:IMAGE:IMPRESSION,USD,29076,0,0,0,0
2026-08-16,US,adv_demo_001,SPONSORED_DISPLAY,DISPLAY,IMAGE,,PRODUCT_PAGE,CLICK,CPC,SPONSORED_DISPLAY:DISPLAY:PRODUCT_PAGE:IMAGE:CLICK,USD,0,164,150.88,7,510.72
2026-08-16,US,adv_demo_001,SPONSORED_DISPLAY,DISPLAY,VIDEO,,PRODUCT_PAGE,IMPRESSION,CPM,SPONSORED_DISPLAY:DISPLAY:PRODUCT_PAGE:VIDEO:IMPRESSION,USD,24617,0,0,0,0
2026-08-16,US,adv_demo_001,SPONSORED_DISPLAY,VIDEO,VIDEO,,PRODUCT_PAGE,CLICK,CPC,SPONSORED_DISPLAY:VIDEO:PRODUCT_PAGE:VIDEO:CLICK,USD,0,158,186.44,8,689.92
2026-08-16,US,adv_demo_001,SPONSORED_PRODUCTS,PRODUCT_AD,,,PRODUCT_PAGE,CLICK,CPC,SPONSORED_PRODUCTS:PRODUCT_AD:PRODUCT_PAGE:UNSPECIFIED:CLICK,USD,0,417,366.96,29,1952.28
2026-08-16,US,adv_demo_001,SPONSORED_PRODUCTS,PRODUCT_AD,,,REST_OF_SEARCH,CLICK,CPC,SPONSORED_PRODUCTS:PRODUCT_AD:REST_OF_SEARCH:UNSPECIFIED:CLICK,USD,0,346,283.72,22,1430.0
2026-08-16,US,adv_demo_001,SPONSORED_PRODUCTS,PRODUCT_AD,,,TOP_OF_SEARCH,IMPRESSION,CPM,SPONSORED_PRODUCTS:PRODUCT_AD:TOP_OF_SEARCH:UNSPECIFIED:IMPRESSION,USD,40981,0,0,0,0
2026-08-16,US,adv_demo_001,SPONSORED_PRODUCTS,PRODUCT_AD,,,TOP_OF_SEARCH,CLICK,CPC,SPONSORED_PRODUCTS:PRODUCT_AD:TOP_OF_SEARCH:UNSPECIFIED:CLICK,USD,0,502,512.04,39,2836.08
2026-08-17,US,adv_demo_001,AMAZON_DSP,,,AUDIO,,IMPRESSION,CPM,AMAZON_DSP:AUDIO:UNSPECIFIED:UNSPECIFIED:IMPRESSION,USD,44266,0,796.79,0,0
2026-08-17,US,adv_demo_001,AMAZON_DSP,,IMAGE,DISPLAY,,IMPRESSION,CPM,AMAZON_DSP:DISPLAY:UNSPECIFIED:IMAGE:IMPRESSION,USD,53807,0,672.59,0,0
2026-08-17,US,adv_demo_001,AMAZON_DSP,,VIDEO,ONLINE_VIDEO,,IMPRESSION,CPM,AMAZON_DSP:ONLINE_VIDEO:UNSPECIFIED:VIDEO:IMPRESSION,USD,41348,0,826.96,0,0
2026-08-17,US,adv_demo_001,AMAZON_DSP,,VIDEO,STREAMING_TV,,IMPRESSION,CPM,AMAZON_DSP:STREAMING_TV:UNSPECIFIED:VIDEO:IMPRESSION,USD,49889,0,1396.89,0,0
2026-08-17,US,adv_demo_001,SPONSORED_BRANDS,COMPONENT,IMAGE,,TOP_OF_SEARCH,IMPRESSION,CPM,SPONSORED_BRANDS:COMPONENT:TOP_OF_SEARCH:IMAGE:IMPRESSION,USD,22430,0,0,0,0
2026-08-17,US,adv_demo_001,SPONSORED_BRANDS,COMPONENT,IMAGE,,TOP_OF_SEARCH,CLICK,CPC,SPONSORED_BRANDS:COMPONENT:TOP_OF_SEARCH:IMAGE:CLICK,USD,0,170,204.0,9,708.48
2026-08-17,US,adv_demo_001,SPONSORED_BRANDS,DISPLAY,IMAGE,,REST_OF_SEARCH,IMPRESSION,CPM,SPONSORED_BRANDS:DISPLAY:REST_OF_SEARCH:IMAGE:IMPRESSION,USD,25971,0,0,0,0
2026-08-17,US,adv_demo_001,SPONSORED_BRANDS,VIDEO,VIDEO,,TOP_OF_SEARCH,IMPRESSION,CPM,SPONSORED_BRANDS:VIDEO:TOP_OF_SEARCH:VIDEO:IMPRESSION,USD,21512,0,0,0,0
2026-08-17,US,adv_demo_001,SPONSORED_BRANDS,VIDEO,VIDEO,,TOP_OF_SEARCH,CLICK,CPC,SPONSORED_BRANDS:VIDEO:TOP_OF_SEARCH:VIDEO:CLICK,USD,0,148,204.24,7,624.26
2026-08-17,US,adv_demo_001,SPONSORED_DISPLAY,DISPLAY,IMAGE,,PRODUCT_PAGE,IMPRESSION,CPM,SPONSORED_DISPLAY:DISPLAY:PRODUCT_PAGE:IMAGE:IMPRESSION,USD,30053,0,0,0,0
2026-08-17,US,adv_demo_001,SPONSORED_DISPLAY,DISPLAY,IMAGE,,PRODUCT_PAGE,CLICK,CPC,SPONSORED_DISPLAY:DISPLAY:PRODUCT_PAGE:IMAGE:CLICK,USD,0,171,157.32,8,601.92
2026-08-17,US,adv_demo_001,SPONSORED_DISPLAY,DISPLAY,VIDEO,,PRODUCT_PAGE,IMPRESSION,CPM,SPONSORED_DISPLAY:DISPLAY:PRODUCT_PAGE:VIDEO:IMPRESSION,USD,25594,0,0,0,0
2026-08-17,US,adv_demo_001,SPONSORED_DISPLAY,VIDEO,VIDEO,,PRODUCT_PAGE,CLICK,CPC,SPONSORED_DISPLAY:VIDEO:PRODUCT_PAGE:VIDEO:CLICK,USD,0,120,141.6,5,444.4
2026-08-17,US,adv_demo_001,SPONSORED_PRODUCTS,PRODUCT_AD,,,PRODUCT_PAGE,CLICK,CPC,SPONSORED_PRODUCTS:PRODUCT_AD:PRODUCT_PAGE:UNSPECIFIED:CLICK,USD,0,359,315.92,25,1734.0
2026-08-17,US,adv_demo_001,SPONSORED_PRODUCTS,PRODUCT_AD,,,REST_OF_SEARCH,CLICK,CPC,SPONSORED_PRODUCTS:PRODUCT_AD:REST_OF_SEARCH:UNSPECIFIED:CLICK,USD,0,359,294.38,24,1606.8
2026-08-17,US,adv_demo_001,SPONSORED_PRODUCTS,PRODUCT_AD,,,TOP_OF_SEARCH,IMPRESSION,CPM,SPONSORED_PRODUCTS:PRODUCT_AD:TOP_OF_SEARCH:UNSPECIFIED:IMPRESSION,USD,41958,0,0,0,0
2026-08-17,US,adv_demo_001,SPONSORED_PRODUCTS,PRODUCT_AD,,,TOP_OF_SEARCH,CLICK,CPC,SPONSORED_PRODUCTS:PRODUCT_AD:TOP_OF_SEARCH:UNSPECIFIED:CLICK,USD,0,473,482.46,37,2770.56
2026-08-18,US,adv_demo_001,AMAZON_DSP,,,AUDIO,,IMPRESSION,CPM,AMAZON_DSP:AUDIO:UNSPECIFIED:UNSPECIFIED:IMPRESSION,USD,45243,0,814.37,0,0
2026-08-18,US,adv_demo_001,AMAZON_DSP,,IMAGE,DISPLAY,,IMPRESSION,CPM,AMAZON_DSP:DISPLAY:UNSPECIFIED:IMAGE:IMPRESSION,USD,54784,0,684.8,0,0
2026-08-18,US,adv_demo_001,AMAZON_DSP,,VIDEO,ONLINE_VIDEO,,IMPRESSION,CPM,AMAZON_DSP:ONLINE_VIDEO:UNSPECIFIED:VIDEO:IMPRESSION,USD,42325,0,846.5,0,0
2026-08-18,US,adv_demo_001,AMAZON_DSP,,VIDEO,STREAMING_TV,,IMPRESSION,CPM,AMAZON_DSP:STREAMING_TV:UNSPECIFIED:VIDEO:IMPRESSION,USD,50866,0,1424.25,0,0
2026-08-18,US,adv_demo_001,SPONSORED_BRANDS,COMPONENT,IMAGE,,TOP_OF_SEARCH,IMPRESSION,CPM,SPONSORED_BRANDS:COMPONENT:TOP_OF_SEARCH:IMAGE:IMPRESSION,USD,23407,0,0,0,0
2026-08-18,US,adv_demo_001,SPONSORED_BRANDS,COMPONENT,IMAGE,,TOP_OF_SEARCH,CLICK,CPC,SPONSORED_BRANDS:COMPONENT:TOP_OF_SEARCH:IMAGE:CLICK,USD,0,180,216.0,10,811.8
2026-08-18,US,adv_demo_001,SPONSORED_BRANDS,DISPLAY,IMAGE,,REST_OF_SEARCH,IMPRESSION,CPM,SPONSORED_BRANDS:DISPLAY:REST_OF_SEARCH:IMAGE:IMPRESSION,USD,26948,0,0,0,0
2026-08-18,US,adv_demo_001,SPONSORED_BRANDS,VIDEO,VIDEO,,TOP_OF_SEARCH,IMPRESSION,CPM,SPONSORED_BRANDS:VIDEO:TOP_OF_SEARCH:VIDEO:IMPRESSION,USD,22489,0,0,0,0
2026-08-18,US,adv_demo_001,SPONSORED_BRANDS,VIDEO,VIDEO,,TOP_OF_SEARCH,CLICK,CPC,SPONSORED_BRANDS:VIDEO:TOP_OF_SEARCH:VIDEO:CLICK,USD,0,156,215.28,7,643.37
2026-08-18,US,adv_demo_001,SPONSORED_DISPLAY,DISPLAY,IMAGE,,PRODUCT_PAGE,IMPRESSION,CPM,SPONSORED_DISPLAY:DISPLAY:PRODUCT_PAGE:IMAGE:IMPRESSION,USD,24230,0,0,0,0
2026-08-18,US,adv_demo_001,SPONSORED_DISPLAY,DISPLAY,IMAGE,,PRODUCT_PAGE,CLICK,CPC,SPONSORED_DISPLAY:DISPLAY:PRODUCT_PAGE:IMAGE:CLICK,USD,0,139,127.88,6,465.12
2026-08-18,US,adv_demo_001,SPONSORED_DISPLAY,DISPLAY,VIDEO,,PRODUCT_PAGE,IMPRESSION,CPM,SPONSORED_DISPLAY:DISPLAY:PRODUCT_PAGE:VIDEO:IMPRESSION,USD,19771,0,0,0,0
2026-08-18,US,adv_demo_001,SPONSORED_DISPLAY,VIDEO,VIDEO,,PRODUCT_PAGE,CLICK,CPC,SPONSORED_DISPLAY:VIDEO:PRODUCT_PAGE:VIDEO:CLICK,USD,0,128,151.04,6,549.12
2026-08-18,US,adv_demo_001,SPONSORED_PRODUCTS,PRODUCT_AD,,,PRODUCT_PAGE,CLICK,CPC,SPONSORED_PRODUCTS:PRODUCT_AD:PRODUCT_PAGE:UNSPECIFIED:CLICK,USD,0,373,328.24,27,1927.8
2026-08-18,US,adv_demo_001,SPONSORED_PRODUCTS,PRODUCT_AD,,,REST_OF_SEARCH,CLICK,CPC,SPONSORED_PRODUCTS:PRODUCT_AD:REST_OF_SEARCH:UNSPECIFIED:CLICK,USD,0,339,277.98,23,1435.2
2026-08-18,US,adv_demo_001,SPONSORED_PRODUCTS,PRODUCT_AD,,,TOP_OF_SEARCH,IMPRESSION,CPM,SPONSORED_PRODUCTS:PRODUCT_AD:TOP_OF_SEARCH:UNSPECIFIED:IMPRESSION,USD,42935,0,0,0,0
2026-08-18,US,adv_demo_001,SPONSORED_PRODUCTS,PRODUCT_AD,,,TOP_OF_SEARCH,CLICK,CPC,SPONSORED_PRODUCTS:PRODUCT_AD:TOP_OF_SEARCH:UNSPECIFIED:CLICK,USD,0,489,498.78,39,2723.76
2026-08-19,US,adv_demo_001,AMAZON_DSP,,,AUDIO,,IMPRESSION,CPM,AMAZON_DSP:AUDIO:UNSPECIFIED:UNSPECIFIED:IMPRESSION,USD,46220,0,831.96,0,0
2026-08-19,US,adv_demo_001,AMAZON_DSP,,IMAGE,DISPLAY,,IMPRESSION,CPM,AMAZON_DSP:DISPLAY:UNSPECIFIED:IMAGE:IMPRESSION,USD,55761,0,697.01,0,0
2026-08-19,US,adv_demo_001,AMAZON_DSP,,VIDEO,ONLINE_VIDEO,,IMPRESSION,CPM,AMAZON_DSP:ONLINE_VIDEO:UNSPECIFIED:VIDEO:IMPRESSION,USD,43302,0,866.04,0,0
2026-08-19,US,adv_demo_001,AMAZON_DSP,,VIDEO,STREAMING_TV,,IMPRESSION,CPM,AMAZON_DSP:STREAMING_TV:UNSPECIFIED:VIDEO:IMPRESSION,USD,51843,0,1451.6,0,0
2026-08-19,US,adv_demo_001,SPONSORED_BRANDS,COMPONENT,IMAGE,,TOP_OF_SEARCH,IMPRESSION,CPM,SPONSORED_BRANDS:COMPONENT:TOP_OF_SEARCH:IMAGE:IMPRESSION,USD,24384,0,0,0,0
2026-08-19,US,adv_demo_001,SPONSORED_BRANDS,COMPONENT,IMAGE,,TOP_OF_SEARCH,CLICK,CPC,SPONSORED_BRANDS:COMPONENT:TOP_OF_SEARCH:IMAGE:CLICK,USD,0,189,226.8,10,836.4
2026-08-19,US,adv_demo_001,SPONSORED_BRANDS,DISPLAY,IMAGE,,REST_OF_SEARCH,IMPRESSION,CPM,SPONSORED_BRANDS:DISPLAY:REST_OF_SEARCH:IMAGE:IMPRESSION,USD,21125,0,0,0,0
2026-08-19,US,adv_demo_001,SPONSORED_BRANDS,VIDEO,VIDEO,,TOP_OF_SEARCH,IMPRESSION,CPM,SPONSORED_BRANDS:VIDEO:TOP_OF_SEARCH:VIDEO:IMPRESSION,USD,16666,0,0,0,0
2026-08-19,US,adv_demo_001,SPONSORED_BRANDS,VIDEO,VIDEO,,TOP_OF_SEARCH,CLICK,CPC,SPONSORED_BRANDS:VIDEO:TOP_OF_SEARCH:VIDEO:CLICK,USD,0,117,161.46,5,473.2
2026-08-19,US,adv_demo_001,SPONSORED_DISPLAY,DISPLAY,IMAGE,,PRODUCT_PAGE,IMPRESSION,CPM,SPONSORED_DISPLAY:DISPLAY:PRODUCT_PAGE:IMAGE:IMPRESSION,USD,25207,0,0,0,0
2026-08-19,US,adv_demo_001,SPONSORED_DISPLAY,DISPLAY,IMAGE,,PRODUCT_PAGE,CLICK,CPC,SPONSORED_DISPLAY:DISPLAY:PRODUCT_PAGE:IMAGE:CLICK,USD,0,146,134.32,6,478.8
2026-08-19,US,adv_demo_001,SPONSORED_DISPLAY,DISPLAY,VIDEO,,PRODUCT_PAGE,IMPRESSION,CPM,SPONSORED_DISPLAY:DISPLAY:PRODUCT_PAGE:VIDEO:IMPRESSION,USD,20748,0,0,0,0
2026-08-19,US,adv_demo_001,SPONSORED_DISPLAY,VIDEO,VIDEO,,PRODUCT_PAGE,CLICK,CPC,SPONSORED_DISPLAY:VIDEO:PRODUCT_PAGE:VIDEO:CLICK,USD,0,136,160.48,6,512.16
2026-08-19,US,adv_demo_001,SPONSORED_PRODUCTS,PRODUCT_AD,,,PRODUCT_PAGE,CLICK,CPC,SPONSORED_PRODUCTS:PRODUCT_AD:PRODUCT_PAGE:UNSPECIFIED:CLICK,USD,0,354,311.52,26,1732.64
2026-08-19,US,adv_demo_001,SPONSORED_PRODUCTS,PRODUCT_AD,,,REST_OF_SEARCH,CLICK,CPC,SPONSORED_PRODUCTS:PRODUCT_AD:REST_OF_SEARCH:UNSPECIFIED:CLICK,USD,0,352,288.64,24,1544.4
2026-08-19,US,adv_demo_001,SPONSORED_PRODUCTS,PRODUCT_AD,,,TOP_OF_SEARCH,IMPRESSION,CPM,SPONSORED_PRODUCTS:PRODUCT_AD:TOP_OF_SEARCH:UNSPECIFIED:IMPRESSION,USD,43912,0,0,0,0
2026-08-19,US,adv_demo_001,SPONSORED_PRODUCTS,PRODUCT_AD,,,TOP_OF_SEARCH,CLICK,CPC,SPONSORED_PRODUCTS:PRODUCT_AD:TOP_OF_SEARCH:UNSPECIFIED:CLICK,USD,0,506,516.12,41,2952.0
2026-08-20,US,adv_demo_001,AMAZON_DSP,,,AUDIO,,IMPRESSION,CPM,AMAZON_DSP:AUDIO:UNSPECIFIED:UNSPECIFIED:IMPRESSION,USD,47197,0,849.55,0,0
2026-08-20,US,adv_demo_001,AMAZON_DSP,,IMAGE,DISPLAY,,IMPRESSION,CPM,AMAZON_DSP:DISPLAY:UNSPECIFIED:IMAGE:IMPRESSION,USD,56738,0,709.23,0,0
2026-08-20,US,adv_demo_001,AMAZON_DSP,,VIDEO,ONLINE_VIDEO,,IMPRESSION,CPM,AMAZON_DSP:ONLINE_VIDEO:UNSPECIFIED:VIDEO:IMPRESSION,USD,44279,0,885.58,0,0
2026-08-20,US,adv_demo_001,AMAZON_DSP,,VIDEO,STREAMING_TV,,IMPRESSION,CPM,AMAZON_DSP:STREAMING_TV:UNSPECIFIED:VIDEO:IMPRESSION,USD,46020,0,1288.56,0,0
2026-08-20,US,adv_demo_001,SPONSORED_BRANDS,COMPONENT,IMAGE,,TOP_OF_SEARCH,IMPRESSION,CPM,SPONSORED_BRANDS:COMPONENT:TOP_OF_SEARCH:IMAGE:IMPRESSION,USD,18561,0,0,0,0
2026-08-20,US,adv_demo_001,SPONSORED_BRANDS,COMPONENT,IMAGE,,TOP_OF_SEARCH,CLICK,CPC,SPONSORED_BRANDS:COMPONENT:TOP_OF_SEARCH:IMAGE:CLICK,USD,0,146,175.2,8,688.8
2026-08-20,US,adv_demo_001,SPONSORED_BRANDS,DISPLAY,IMAGE,,REST_OF_SEARCH,IMPRESSION,CPM,SPONSORED_BRANDS:DISPLAY:REST_OF_SEARCH:IMAGE:IMPRESSION,USD,22102,0,0,0,0
2026-08-20,US,adv_demo_001,SPONSORED_BRANDS,VIDEO,VIDEO,,TOP_OF_SEARCH,IMPRESSION,CPM,SPONSORED_BRANDS:VIDEO:TOP_OF_SEARCH:VIDEO:IMPRESSION,USD,17643,0,0,0,0
2026-08-20,US,adv_demo_001,SPONSORED_BRANDS,VIDEO,VIDEO,,TOP_OF_SEARCH,CLICK,CPC,SPONSORED_BRANDS:VIDEO:TOP_OF_SEARCH:VIDEO:CLICK,USD,0,125,172.5,6,529.62
2026-08-20,US,adv_demo_001,SPONSORED_DISPLAY,DISPLAY,IMAGE,,PRODUCT_PAGE,IMPRESSION,CPM,SPONSORED_DISPLAY:DISPLAY:PRODUCT_PAGE:IMAGE:IMPRESSION,USD,26184,0,0,0,0
2026-08-20,US,adv_demo_001,SPONSORED_DISPLAY,DISPLAY,IMAGE,,PRODUCT_PAGE,CLICK,CPC,SPONSORED_DISPLAY:DISPLAY:PRODUCT_PAGE:IMAGE:CLICK,USD,0,153,140.76,7,521.36
2026-08-20,US,adv_demo_001,SPONSORED_DISPLAY,DISPLAY,VIDEO,,PRODUCT_PAGE,IMPRESSION,CPM,SPONSORED_DISPLAY:DISPLAY:PRODUCT_PAGE:VIDEO:IMPRESSION,USD,21725,0,0,0,0
2026-08-20,US,adv_demo_001,SPONSORED_DISPLAY,VIDEO,VIDEO,,PRODUCT_PAGE,CLICK,CPC,SPONSORED_DISPLAY:VIDEO:PRODUCT_PAGE:VIDEO:CLICK,USD,0,131,154.58,6,528.0
2026-08-20,US,adv_demo_001,SPONSORED_PRODUCTS,PRODUCT_AD,,,PRODUCT_PAGE,CLICK,CPC,SPONSORED_PRODUCTS:PRODUCT_AD:PRODUCT_PAGE:UNSPECIFIED:CLICK,USD,0,367,322.96,28,1923.04
2026-08-20,US,adv_demo_001,SPONSORED_PRODUCTS,PRODUCT_AD,,,REST_OF_SEARCH,CLICK,CPC,SPONSORED_PRODUCTS:PRODUCT_AD:REST_OF_SEARCH:UNSPECIFIED:CLICK,USD,0,364,298.48,25,1657.5
2026-08-20,US,adv_demo_001,SPONSORED_PRODUCTS,PRODUCT_AD,,,TOP_OF_SEARCH,IMPRESSION,CPM,SPONSORED_PRODUCTS:PRODUCT_AD:TOP_OF_SEARCH:UNSPECIFIED:IMPRESSION,USD,44889,0,0,0,0
2026-08-20,US,adv_demo_001,SPONSORED_PRODUCTS,PRODUCT_AD,,,TOP_OF_SEARCH,CLICK,CPC,SPONSORED_PRODUCTS:PRODUCT_AD:TOP_OF_SEARCH:UNSPECIFIED:CLICK,USD,0,523,533.46,44,3263.04
2026-08-21,US,adv_demo_001,AMAZON_DSP,,,AUDIO,,IMPRESSION,CPM,AMAZON_DSP:AUDIO:UNSPECIFIED:UNSPECIFIED:IMPRESSION,USD,48174,0,867.13,0,0
2026-08-21,US,adv_demo_001,AMAZON_DSP,,IMAGE,DISPLAY,,IMPRESSION,CPM,AMAZON_DSP:DISPLAY:UNSPECIFIED:IMAGE:IMPRESSION,USD,57715,0,721.44,0,0
2026-08-21,US,adv_demo_001,AMAZON_DSP,,VIDEO,ONLINE_VIDEO,,IMPRESSION,CPM,AMAZON_DSP:ONLINE_VIDEO:UNSPECIFIED:VIDEO:IMPRESSION,USD,38456,0,769.12,0,0
2026-08-21,US,adv_demo_001,AMAZON_DSP,,VIDEO,STREAMING_TV,,IMPRESSION,CPM,AMAZON_DSP:STREAMING_TV:UNSPECIFIED:VIDEO:IMPRESSION,USD,46997,0,1315.92,0,0
2026-08-21,US,adv_demo_001,SPONSORED_BRANDS,COMPONENT,IMAGE,,TOP_OF_SEARCH,IMPRESSION,CPM,SPONSORED_BRANDS:COMPONENT:TOP_OF_SEARCH:IMAGE:IMPRESSION,USD,19538,0,0,0,0
2026-08-21,US,adv_demo_001,SPONSORED_BRANDS,COMPONENT,IMAGE,,TOP_OF_SEARCH,CLICK,CPC,SPONSORED_BRANDS:COMPONENT:TOP_OF_SEARCH:IMAGE:CLICK,USD,0,155,186.0,8,642.88
2026-08-21,US,adv_demo_001,SPONSORED_BRANDS,DISPLAY,IMAGE,,REST_OF_SEARCH,IMPRESSION,CPM,SPONSORED_BRANDS:DISPLAY:REST_OF_SEARCH:IMAGE:IMPRESSION,USD,23079,0,0,0,0
2026-08-21,US,adv_demo_001,SPONSORED_BRANDS,VIDEO,VIDEO,,TOP_OF_SEARCH,IMPRESSION,CPM,SPONSORED_BRANDS:VIDEO:TOP_OF_SEARCH:VIDEO:IMPRESSION,USD,18620,0,0,0,0
2026-08-21,US,adv_demo_001,SPONSORED_BRANDS,VIDEO,VIDEO,,TOP_OF_SEARCH,CLICK,CPC,SPONSORED_BRANDS:VIDEO:TOP_OF_SEARCH:VIDEO:CLICK,USD,0,134,184.92,7,637.0
2026-08-21,US,adv_demo_001,SPONSORED_DISPLAY,DISPLAY,IMAGE,,PRODUCT_PAGE,IMPRESSION,CPM,SPONSORED_DISPLAY:DISPLAY:PRODUCT_PAGE:IMAGE:IMPRESSION,USD,27161,0,0,0,0
2026-08-21,US,adv_demo_001,SPONSORED_DISPLAY,DISPLAY,IMAGE,,PRODUCT_PAGE,CLICK,CPC,SPONSORED_DISPLAY:DISPLAY:PRODUCT_PAGE:IMAGE:CLICK,USD,0,161,148.12,7,537.32
2026-08-21,US,adv_demo_001,SPONSORED_DISPLAY,DISPLAY,VIDEO,,PRODUCT_PAGE,IMPRESSION,CPM,SPONSORED_DISPLAY:DISPLAY:PRODUCT_PAGE:VIDEO:IMPRESSION,USD,22702,0,0,0,0
2026-08-21,US,adv_demo_001,SPONSORED_DISPLAY,VIDEO,VIDEO,,PRODUCT_PAGE,CLICK,CPC,SPONSORED_DISPLAY:VIDEO:PRODUCT_PAGE:VIDEO:CLICK,USD,0,139,164.02,7,634.48
2026-08-21,US,adv_demo_001,SPONSORED_PRODUCTS,PRODUCT_AD,,,PRODUCT_PAGE,CLICK,CPC,SPONSORED_PRODUCTS:PRODUCT_AD:PRODUCT_PAGE:UNSPECIFIED:CLICK,USD,0,381,335.28,29,2050.88
2026-08-21,US,adv_demo_001,SPONSORED_PRODUCTS,PRODUCT_AD,,,REST_OF_SEARCH,CLICK,CPC,SPONSORED_PRODUCTS:PRODUCT_AD:REST_OF_SEARCH:UNSPECIFIED:CLICK,USD,0,377,309.14,24,1638.0
2026-08-21,US,adv_demo_001,SPONSORED_PRODUCTS,PRODUCT_AD,,,TOP_OF_SEARCH,IMPRESSION,CPM,SPONSORED_PRODUCTS:PRODUCT_AD:TOP_OF_SEARCH:UNSPECIFIED:IMPRESSION,USD,45866,0,0,0,0
2026-08-21,US,adv_demo_001,SPONSORED_PRODUCTS,PRODUCT_AD,,,TOP_OF_SEARCH,CLICK,CPC,SPONSORED_PRODUCTS:PRODUCT_AD:TOP_OF_SEARCH:UNSPECIFIED:CLICK,USD,0,539,549.78,41,2833.92
2026-08-22,US,adv_demo_001,AMAZON_DSP,,,AUDIO,,IMPRESSION,CPM,AMAZON_DSP:AUDIO:UNSPECIFIED:UNSPECIFIED:IMPRESSION,USD,42351,0,762.32,0,0
2026-08-22,US,adv_demo_001,AMAZON_DSP,,IMAGE,DISPLAY,,IMPRESSION,CPM,AMAZON_DSP:DISPLAY:UNSPECIFIED:IMAGE:IMPRESSION,USD,51892,0,648.65,0,0
2026-08-22,US,adv_demo_001,AMAZON_DSP,,VIDEO,ONLINE_VIDEO,,IMPRESSION,CPM,AMAZON_DSP:ONLINE_VIDEO:UNSPECIFIED:VIDEO:IMPRESSION,USD,39433,0,788.66,0,0
2026-08-22,US,adv_demo_001,AMAZON_DSP,,VIDEO,STREAMING_TV,,IMPRESSION,CPM,AMAZON_DSP:STREAMING_TV:UNSPECIFIED:VIDEO:IMPRESSION,USD,47974,0,1343.27,0,0
2026-08-22,US,adv_demo_001,SPONSORED_BRANDS,COMPONENT,IMAGE,,TOP_OF_SEARCH,IMPRESSION,CPM,SPONSORED_BRANDS:COMPONENT:TOP_OF_SEARCH:IMAGE:IMPRESSION,USD,20515,0,0,0,0
2026-08-22,US,adv_demo_001,SPONSORED_BRANDS,COMPONENT,IMAGE,,TOP_OF_SEARCH,CLICK,CPC,SPONSORED_BRANDS:COMPONENT:TOP_OF_SEARCH:IMAGE:CLICK,USD,0,164,196.8,9,745.38
2026-08-22,US,adv_demo_001,SPONSORED_BRANDS,DISPLAY,IMAGE,,REST_OF_SEARCH,IMPRESSION,CPM,SPONSORED_BRANDS:DISPLAY:REST_OF_SEARCH:IMAGE:IMPRESSION,USD,24056,0,0,0,0
2026-08-22,US,adv_demo_001,SPONSORED_BRANDS,VIDEO,VIDEO,,TOP_OF_SEARCH,IMPRESSION,CPM,SPONSORED_BRANDS:VIDEO:TOP_OF_SEARCH:VIDEO:IMPRESSION,USD,19597,0,0,0,0
2026-08-22,US,adv_demo_001,SPONSORED_BRANDS,VIDEO,VIDEO,,TOP_OF_SEARCH,CLICK,CPC,SPONSORED_BRANDS:VIDEO:TOP_OF_SEARCH:VIDEO:CLICK,USD,0,142,195.96,7,656.11
2026-08-22,US,adv_demo_001,SPONSORED_DISPLAY,DISPLAY,IMAGE,,PRODUCT_PAGE,IMPRESSION,CPM,SPONSORED_DISPLAY:DISPLAY:PRODUCT_PAGE:IMAGE:IMPRESSION,USD,28138,0,0,0,0
2026-08-22,US,adv_demo_001,SPONSORED_DISPLAY,DISPLAY,IMAGE,,PRODUCT_PAGE,CLICK,CPC,SPONSORED_DISPLAY:DISPLAY:PRODUCT_PAGE:IMAGE:CLICK,USD,0,153,140.76,7,553.28
2026-08-22,US,adv_demo_001,SPONSORED_DISPLAY,DISPLAY,VIDEO,,PRODUCT_PAGE,IMPRESSION,CPM,SPONSORED_DISPLAY:DISPLAY:PRODUCT_PAGE:VIDEO:IMPRESSION,USD,23679,0,0,0,0
2026-08-22,US,adv_demo_001,SPONSORED_DISPLAY,VIDEO,VIDEO,,PRODUCT_PAGE,CLICK,CPC,SPONSORED_DISPLAY:VIDEO:PRODUCT_PAGE:VIDEO:CLICK,USD,0,147,173.46,7,591.36
2026-08-22,US,adv_demo_001,SPONSORED_PRODUCTS,PRODUCT_AD,,,PRODUCT_PAGE,CLICK,CPC,SPONSORED_PRODUCTS:PRODUCT_AD:PRODUCT_PAGE:UNSPECIFIED:CLICK,USD,0,395,347.6,28,1846.88
2026-08-22,US,adv_demo_001,SPONSORED_PRODUCTS,PRODUCT_AD,,,REST_OF_SEARCH,CLICK,CPC,SPONSORED_PRODUCTS:PRODUCT_AD:REST_OF_SEARCH:UNSPECIFIED:CLICK,USD,0,390,319.8,25,1592.5
2026-08-22,US,adv_demo_001,SPONSORED_PRODUCTS,PRODUCT_AD,,,TOP_OF_SEARCH,IMPRESSION,CPM,SPONSORED_PRODUCTS:PRODUCT_AD:TOP_OF_SEARCH:UNSPECIFIED:IMPRESSION,USD,40043,0,0,0,0
2026-08-22,US,adv_demo_001,SPONSORED_PRODUCTS,PRODUCT_AD,,,TOP_OF_SEARCH,CLICK,CPC,SPONSORED_PRODUCTS:PRODUCT_AD:TOP_OF_SEARCH:UNSPECIFIED:CLICK,USD,0,476,485.52,37,2637.36
2026-08-23,US,adv_demo_001,AMAZON_DSP,,,AUDIO,,IMPRESSION,CPM,AMAZON_DSP:AUDIO:UNSPECIFIED:UNSPECIFIED:IMPRESSION,USD,43328,0,779.9,0,0
2026-08-23,US,adv_demo_001,AMAZON_DSP,,IMAGE,DISPLAY,,IMPRESSION,CPM,AMAZON_DSP:DISPLAY:UNSPECIFIED:IMAGE:IMPRESSION,USD,52869,0,660.86,0,0
2026-08-23,US,adv_demo_001,AMAZON_DSP,,VIDEO,ONLINE_VIDEO,,IMPRESSION,CPM,AMAZON_DSP:ONLINE_VIDEO:UNSPECIFIED:VIDEO:IMPRESSION,USD,40410,0,808.2,0,0
2026-08-23,US,adv_demo_001,AMAZON_DSP,,VIDEO,STREAMING_TV,,IMPRESSION,CPM,AMAZON_DSP:STREAMING_TV:UNSPECIFIED:VIDEO:IMPRESSION,USD,48951,0,1370.63,0,0
2026-08-23,US,adv_demo_001,SPONSORED_BRANDS,COMPONENT,IMAGE,,TOP_OF_SEARCH,IMPRESSION,CPM,SPONSORED_BRANDS:COMPONENT:TOP_OF_SEARCH:IMAGE:IMPRESSION,USD,21492,0,0,0,0
2026-08-23,US,adv_demo_001,SPONSORED_BRANDS,COMPONENT,IMAGE,,TOP_OF_SEARCH,CLICK,CPC,SPONSORED_BRANDS:COMPONENT:TOP_OF_SEARCH:IMAGE:CLICK,USD,0,174,208.8,10,852.8
2026-08-23,US,adv_demo_001,SPONSORED_BRANDS,DISPLAY,IMAGE,,REST_OF_SEARCH,IMPRESSION,CPM,SPONSORED_BRANDS:DISPLAY:REST_OF_SEARCH:IMAGE:IMPRESSION,USD,25033,0,0,0,0
2026-08-23,US,adv_demo_001,SPONSORED_BRANDS,VIDEO,VIDEO,,TOP_OF_SEARCH,IMPRESSION,CPM,SPONSORED_BRANDS:VIDEO:TOP_OF_SEARCH:VIDEO:IMPRESSION,USD,20574,0,0,0,0
2026-08-23,US,adv_demo_001,SPONSORED_BRANDS,VIDEO,VIDEO,,TOP_OF_SEARCH,CLICK,CPC,SPONSORED_BRANDS:VIDEO:TOP_OF_SEARCH:VIDEO:CLICK,USD,0,137,189.06,7,611.52
2026-08-23,US,adv_demo_001,SPONSORED_DISPLAY,DISPLAY,IMAGE,,PRODUCT_PAGE,IMPRESSION,CPM,SPONSORED_DISPLAY:DISPLAY:PRODUCT_PAGE:IMAGE:IMPRESSION,USD,29115,0,0,0,0
2026-08-23,US,adv_demo_001,SPONSORED_DISPLAY,DISPLAY,IMAGE,,PRODUCT_PAGE,CLICK,CPC,SPONSORED_DISPLAY:DISPLAY:PRODUCT_PAGE:IMAGE:CLICK,USD,0,160,147.2,7,516.04
2026-08-23,US,adv_demo_001,SPONSORED_DISPLAY,DISPLAY,VIDEO,,PRODUCT_PAGE,IMPRESSION,CPM,SPONSORED_DISPLAY:DISPLAY:PRODUCT_PAGE:VIDEO:IMPRESSION,USD,24656,0,0,0,0
2026-08-23,US,adv_demo_001,SPONSORED_DISPLAY,VIDEO,VIDEO,,PRODUCT_PAGE,CLICK,CPC,SPONSORED_DISPLAY:VIDEO:PRODUCT_PAGE:VIDEO:CLICK,USD,0,155,182.9,7,609.84
2026-08-23,US,adv_demo_001,SPONSORED_PRODUCTS,PRODUCT_AD,,,PRODUCT_PAGE,CLICK,CPC,SPONSORED_PRODUCTS:PRODUCT_AD:PRODUCT_PAGE:UNSPECIFIED:CLICK,USD,0,409,359.92,29,1972.0
2026-08-23,US,adv_demo_001,SPONSORED_PRODUCTS,PRODUCT_AD,,,REST_OF_SEARCH,CLICK,CPC,SPONSORED_PRODUCTS:PRODUCT_AD:REST_OF_SEARCH:UNSPECIFIED:CLICK,USD,0,339,277.98,22,1444.3
2026-08-23,US,adv_demo_001,SPONSORED_PRODUCTS,PRODUCT_AD,,,TOP_OF_SEARCH,IMPRESSION,CPM,SPONSORED_PRODUCTS:PRODUCT_AD:TOP_OF_SEARCH:UNSPECIFIED:IMPRESSION,USD,41020,0,0,0,0
2026-08-23,US,adv_demo_001,SPONSORED_PRODUCTS,PRODUCT_AD,,,TOP_OF_SEARCH,CLICK,CPC,SPONSORED_PRODUCTS:PRODUCT_AD:TOP_OF_SEARCH:UNSPECIFIED:CLICK,USD,0,492,501.84,39,2864.16
2026-08-24,US,adv_demo_001,AMAZON_DSP,,,AUDIO,,IMPRESSION,CPM,AMAZON_DSP:AUDIO:UNSPECIFIED:UNSPECIFIED:IMPRESSION,USD,44305,0,797.49,0,0
2026-08-24,US,adv_demo_001,AMAZON_DSP,,IMAGE,DISPLAY,,IMPRESSION,CPM,AMAZON_DSP:DISPLAY:UNSPECIFIED:IMAGE:IMPRESSION,USD,53846,0,673.07,0,0
2026-08-24,US,adv_demo_001,AMAZON_DSP,,VIDEO,ONLINE_VIDEO,,IMPRESSION,CPM,AMAZON_DSP:ONLINE_VIDEO:UNSPECIFIED:VIDEO:IMPRESSION,USD,41387,0,827.74,0,0
2026-08-24,US,adv_demo_001,AMAZON_DSP,,VIDEO,STREAMING_TV,,IMPRESSION,CPM,AMAZON_DSP:STREAMING_TV:UNSPECIFIED:VIDEO:IMPRESSION,USD,49928,0,1397.98,0,0
2026-08-24,US,adv_demo_001,SPONSORED_BRANDS,COMPONENT,IMAGE,,TOP_OF_SEARCH,IMPRESSION,CPM,SPONSORED_BRANDS:COMPONENT:TOP_OF_SEARCH:IMAGE:IMPRESSION,USD,22469,0,0,0,0
2026-08-24,US,adv_demo_001,SPONSORED_BRANDS,COMPONENT,IMAGE,,TOP_OF_SEARCH,CLICK,CPC,SPONSORED_BRANDS:COMPONENT:TOP_OF_SEARCH:IMAGE:CLICK,USD,0,183,219.6,10,795.4
2026-08-24,US,adv_demo_001,SPONSORED_BRANDS,DISPLAY,IMAGE,,REST_OF_SEARCH,IMPRESSION,CPM,SPONSORED_BRANDS:DISPLAY:REST_OF_SEARCH:IMAGE:IMPRESSION,USD,26010,0,0,0,0
2026-08-24,US,adv_demo_001,SPONSORED_BRANDS,VIDEO,VIDEO,,TOP_OF_SEARCH,IMPRESSION,CPM,SPONSORED_BRANDS:VIDEO:TOP_OF_SEARCH:VIDEO:IMPRESSION,USD,21551,0,0,0,0
2026-08-24,US,adv_demo_001,SPONSORED_BRANDS,VIDEO,VIDEO,,TOP_OF_SEARCH,CLICK,CPC,SPONSORED_BRANDS:VIDEO:TOP_OF_SEARCH:VIDEO:CLICK,USD,0,145,200.1,7,630.63
2026-08-24,US,adv_demo_001,SPONSORED_DISPLAY,DISPLAY,IMAGE,,PRODUCT_PAGE,IMPRESSION,CPM,SPONSORED_DISPLAY:DISPLAY:PRODUCT_PAGE:IMAGE:IMPRESSION,USD,30092,0,0,0,0
2026-08-24,US,adv_demo_001,SPONSORED_DISPLAY,DISPLAY,IMAGE,,PRODUCT_PAGE,CLICK,CPC,SPONSORED_DISPLAY:DISPLAY:PRODUCT_PAGE:IMAGE:CLICK,USD,0,168,154.56,7,532.0
2026-08-24,US,adv_demo_001,SPONSORED_DISPLAY,DISPLAY,VIDEO,,PRODUCT_PAGE,IMPRESSION,CPM,SPONSORED_DISPLAY:DISPLAY:PRODUCT_PAGE:VIDEO:IMPRESSION,USD,25633,0,0,0,0
2026-08-24,US,adv_demo_001,SPONSORED_DISPLAY,VIDEO,VIDEO,,PRODUCT_PAGE,CLICK,CPC,SPONSORED_DISPLAY:VIDEO:PRODUCT_PAGE:VIDEO:CLICK,USD,0,117,138.06,6,538.56
2026-08-24,US,adv_demo_001,SPONSORED_PRODUCTS,PRODUCT_AD,,,PRODUCT_PAGE,CLICK,CPC,SPONSORED_PRODUCTS:PRODUCT_AD:PRODUCT_PAGE:UNSPECIFIED:CLICK,USD,0,353,310.64,26,1821.04
2026-08-24,US,adv_demo_001,SPONSORED_PRODUCTS,PRODUCT_AD,,,REST_OF_SEARCH,CLICK,CPC,SPONSORED_PRODUCTS:PRODUCT_AD:REST_OF_SEARCH:UNSPECIFIED:CLICK,USD,0,352,288.64,24,1622.4
2026-08-24,US,adv_demo_001,SPONSORED_PRODUCTS,PRODUCT_AD,,,TOP_OF_SEARCH,IMPRESSION,CPM,SPONSORED_PRODUCTS:PRODUCT_AD:TOP_OF_SEARCH:UNSPECIFIED:IMPRESSION,USD,41997,0,0,0,0
2026-08-24,US,adv_demo_001,SPONSORED_PRODUCTS,PRODUCT_AD,,,TOP_OF_SEARCH,CLICK,CPC,SPONSORED_PRODUCTS:PRODUCT_AD:TOP_OF_SEARCH:UNSPECIFIED:CLICK,USD,0,509,519.18,41,3099.6
2026-08-25,US,adv_demo_001,AMAZON_DSP,,,AUDIO,,IMPRESSION,CPM,AMAZON_DSP:AUDIO:UNSPECIFIED:UNSPECIFIED:IMPRESSION,USD,45282,0,815.08,0,0
2026-08-25,US,adv_demo_001,AMAZON_DSP,,IMAGE,DISPLAY,,IMPRESSION,CPM,AMAZON_DSP:DISPLAY:UNSPECIFIED:IMAGE:IMPRESSION,USD,54823,0,685.29,0,0
2026-08-25,US,adv_demo_001,AMAZON_DSP,,VIDEO,ONLINE_VIDEO,,IMPRESSION,CPM,AMAZON_DSP:ONLINE_VIDEO:UNSPECIFIED:VIDEO:IMPRESSION,USD,42364,0,847.28,0,0
2026-08-25,US,adv_demo_001,AMAZON_DSP,,VIDEO,STREAMING_TV,,IMPRESSION,CPM,AMAZON_DSP:STREAMING_TV:UNSPECIFIED:VIDEO:IMPRESSION,USD,50905,0,1425.34,0,0
2026-08-25,US,adv_demo_001,SPONSORED_BRANDS,COMPONENT,IMAGE,,TOP_OF_SEARCH,IMPRESSION,CPM,SPONSORED_BRANDS:COMPONENT:TOP_OF_SEARCH:IMAGE:IMPRESSION,USD,23446,0,0,0,0
2026-08-25,US,adv_demo_001,SPONSORED_BRANDS,COMPONENT,IMAGE,,TOP_OF_SEARCH,CLICK,CPC,SPONSORED_BRANDS:COMPONENT:TOP_OF_SEARCH:IMAGE:CLICK,USD,0,176,211.2,9,738.0
2026-08-25,US,adv_demo_001,SPONSORED_BRANDS,DISPLAY,IMAGE,,REST_OF_SEARCH,IMPRESSION,CPM,SPONSORED_BRANDS:DISPLAY:REST_OF_SEARCH:IMAGE:IMPRESSION,USD,26987,0,0,0,0
2026-08-25,US,adv_demo_001,SPONSORED_BRANDS,VIDEO,VIDEO,,TOP_OF_SEARCH,IMPRESSION,CPM,SPONSORED_BRANDS:VIDEO:TOP_OF_SEARCH:VIDEO:IMPRESSION,USD,22528,0,0,0,0
2026-08-25,US,adv_demo_001,SPONSORED_BRANDS,VIDEO,VIDEO,,TOP_OF_SEARCH,CLICK,CPC,SPONSORED_BRANDS:VIDEO:TOP_OF_SEARCH:VIDEO:CLICK,USD,0,154,212.52,7,649.74
2026-08-25,US,adv_demo_001,SPONSORED_DISPLAY,DISPLAY,IMAGE,,PRODUCT_PAGE,IMPRESSION,CPM,SPONSORED_DISPLAY:DISPLAY:PRODUCT_PAGE:IMAGE:IMPRESSION,USD,24269,0,0,0,0
2026-08-25,US,adv_demo_001,SPONSORED_DISPLAY,DISPLAY,IMAGE,,PRODUCT_PAGE,CLICK,CPC,SPONSORED_DISPLAY:DISPLAY:PRODUCT_PAGE:IMAGE:CLICK,USD,0,137,126.04,6,469.68
2026-08-25,US,adv_demo_001,SPONSORED_DISPLAY,DISPLAY,VIDEO,,PRODUCT_PAGE,IMPRESSION,CPM,SPONSORED_DISPLAY:DISPLAY:PRODUCT_PAGE:VIDEO:IMPRESSION,USD,19810,0,0,0,0
2026-08-25,US,adv_demo_001,SPONSORED_DISPLAY,VIDEO,VIDEO,,PRODUCT_PAGE,CLICK,CPC,SPONSORED_DISPLAY:VIDEO:PRODUCT_PAGE:VIDEO:CLICK,USD,0,125,147.5,6,554.4
2026-08-25,US,adv_demo_001,SPONSORED_PRODUCTS,PRODUCT_AD,,,PRODUCT_PAGE,CLICK,CPC,SPONSORED_PRODUCTS:PRODUCT_AD:PRODUCT_PAGE:UNSPECIFIED:CLICK,USD,0,366,322.08,27,1762.56
2026-08-25,US,adv_demo_001,SPONSORED_PRODUCTS,PRODUCT_AD,,,REST_OF_SEARCH,CLICK,CPC,SPONSORED_PRODUCTS:PRODUCT_AD:REST_OF_SEARCH:UNSPECIFIED:CLICK,USD,0,365,299.3,25,1576.25
2026-08-25,US,adv_demo_001,SPONSORED_PRODUCTS,PRODUCT_AD,,,TOP_OF_SEARCH,IMPRESSION,CPM,SPONSORED_PRODUCTS:PRODUCT_AD:TOP_OF_SEARCH:UNSPECIFIED:IMPRESSION,USD,42974,0,0,0,0
2026-08-25,US,adv_demo_001,SPONSORED_PRODUCTS,PRODUCT_AD,,,TOP_OF_SEARCH,CLICK,CPC,SPONSORED_PRODUCTS:PRODUCT_AD:TOP_OF_SEARCH:UNSPECIFIED:CLICK,USD,0,526,536.52,44,3104.64
2026-08-26,US,adv_demo_001,AMAZON_DSP,,,AUDIO,,IMPRESSION,CPM,AMAZON_DSP:AUDIO:UNSPECIFIED:UNSPECIFIED:IMPRESSION,USD,46259,0,832.66,0,0
2026-08-26,US,adv_demo_001,AMAZON_DSP,,IMAGE,DISPLAY,,IMPRESSION,CPM,AMAZON_DSP:DISPLAY:UNSPECIFIED:IMAGE:IMPRESSION,USD,55800,0,697.5,0,0
2026-08-26,US,adv_demo_001,AMAZON_DSP,,VIDEO,ONLINE_VIDEO,,IMPRESSION,CPM,AMAZON_DSP:ONLINE_VIDEO:UNSPECIFIED:VIDEO:IMPRESSION,USD,43341,0,866.82,0,0
2026-08-26,US,adv_demo_001,AMAZON_DSP,,VIDEO,STREAMING_TV,,IMPRESSION,CPM,AMAZON_DSP:STREAMING_TV:UNSPECIFIED:VIDEO:IMPRESSION,USD,51882,0,1452.7,0,0
2026-08-26,US,adv_demo_001,SPONSORED_BRANDS,COMPONENT,IMAGE,,TOP_OF_SEARCH,IMPRESSION,CPM,SPONSORED_BRANDS:COMPONENT:TOP_OF_SEARCH:IMAGE:IMPRESSION,USD,24423,0,0,0,0
2026-08-26,US,adv_demo_001,SPONSORED_BRANDS,COMPONENT,IMAGE,,TOP_OF_SEARCH,CLICK,CPC,SPONSORED_BRANDS:COMPONENT:TOP_OF_SEARCH:IMAGE:CLICK,USD,0,186,223.2,10,844.6
2026-08-26,US,adv_demo_001,SPONSORED_BRANDS,DISPLAY,IMAGE,,REST_OF_SEARCH,IMPRESSION,CPM,SPONSORED_BRANDS:DISPLAY:REST_OF_SEARCH:IMAGE:IMPRESSION,USD,21164,0,0,0,0
2026-08-26,US,adv_demo_001,SPONSORED_BRANDS,VIDEO,VIDEO,,TOP_OF_SEARCH,IMPRESSION,CPM,SPONSORED_BRANDS:VIDEO:TOP_OF_SEARCH:VIDEO:IMPRESSION,USD,16705,0,0,0,0
2026-08-26,US,adv_demo_001,SPONSORED_BRANDS,VIDEO,VIDEO,,TOP_OF_SEARCH,CLICK,CPC,SPONSORED_BRANDS:VIDEO:TOP_OF_SEARCH:VIDEO:CLICK,USD,0,115,158.7,6,573.3
2026-08-26,US,adv_demo_001,SPONSORED_DISPLAY,DISPLAY,IMAGE,,PRODUCT_PAGE,IMPRESSION,CPM,SPONSORED_DISPLAY:DISPLAY:PRODUCT_PAGE:IMAGE:IMPRESSION,USD,25246,0,0,0,0
2026-08-26,US,adv_demo_001,SPONSORED_DISPLAY,DISPLAY,IMAGE,,PRODUCT_PAGE,CLICK,CPC,SPONSORED_DISPLAY:DISPLAY:PRODUCT_PAGE:IMAGE:CLICK,USD,0,143,131.56,6,437.76
2026-08-26,US,adv_demo_001,SPONSORED_DISPLAY,DISPLAY,VIDEO,,PRODUCT_PAGE,IMPRESSION,CPM,SPONSORED_DISPLAY:DISPLAY:PRODUCT_PAGE:VIDEO:IMPRESSION,USD,20787,0,0,0,0
2026-08-26,US,adv_demo_001,SPONSORED_DISPLAY,VIDEO,VIDEO,,PRODUCT_PAGE,CLICK,CPC,SPONSORED_DISPLAY:VIDEO:PRODUCT_PAGE:VIDEO:CLICK,USD,0,133,156.94,7,603.68
2026-08-26,US,adv_demo_001,SPONSORED_PRODUCTS,PRODUCT_AD,,,PRODUCT_PAGE,CLICK,CPC,SPONSORED_PRODUCTS:PRODUCT_AD:PRODUCT_PAGE:UNSPECIFIED:CLICK,USD,0,380,334.4,29,1952.28
2026-08-26,US,adv_demo_001,SPONSORED_PRODUCTS,PRODUCT_AD,,,REST_OF_SEARCH,CLICK,CPC,SPONSORED_PRODUCTS:PRODUCT_AD:REST_OF_SEARCH:UNSPECIFIED:CLICK,USD,0,378,309.96,27,1755.0
2026-08-26,US,adv_demo_001,SPONSORED_PRODUCTS,PRODUCT_AD,,,TOP_OF_SEARCH,IMPRESSION,CPM,SPONSORED_PRODUCTS:PRODUCT_AD:TOP_OF_SEARCH:UNSPECIFIED:IMPRESSION,USD,43951,0,0,0,0
2026-08-26,US,adv_demo_001,SPONSORED_PRODUCTS,PRODUCT_AD,,,TOP_OF_SEARCH,CLICK,CPC,SPONSORED_PRODUCTS:PRODUCT_AD:TOP_OF_SEARCH:UNSPECIFIED:CLICK,USD,0,496,505.92,37,2690.64
2026-08-27,US,adv_demo_001,AMAZON_DSP,,,AUDIO,,IMPRESSION,CPM,AMAZON_DSP:AUDIO:UNSPECIFIED:UNSPECIFIED:IMPRESSION,USD,47236,0,850.25,0,0
2026-08-27,US,adv_demo_001,AMAZON_DSP,,IMAGE,DISPLAY,,IMPRESSION,CPM,AMAZON_DSP:DISPLAY:UNSPECIFIED:IMAGE:IMPRESSION,USD,56777,0,709.71,0,0
2026-08-27,US,adv_demo_001,AMAZON_DSP,,VIDEO,ONLINE_VIDEO,,IMPRESSION,CPM,AMAZON_DSP:ONLINE_VIDEO:UNSPECIFIED:VIDEO:IMPRESSION,USD,44318,0,886.36,0,0
2026-08-27,US,adv_demo_001,AMAZON_DSP,,VIDEO,STREAMING_TV,,IMPRESSION,CPM,AMAZON_DSP:STREAMING_TV:UNSPECIFIED:VIDEO:IMPRESSION,USD,46059,0,1289.65,0,0
2026-08-27,US,adv_demo_001,SPONSORED_BRANDS,COMPONENT,IMAGE,,TOP_OF_SEARCH,IMPRESSION,CPM,SPONSORED_BRANDS:COMPONENT:TOP_OF_SEARCH:IMAGE:IMPRESSION,USD,18600,0,0,0,0
2026-08-27,US,adv_demo_001,SPONSORED_BRANDS,COMPONENT,IMAGE,,TOP_OF_SEARCH,CLICK,CPC,SPONSORED_BRANDS:COMPONENT:TOP_OF_SEARCH:IMAGE:CLICK,USD,0,143,171.6,8,629.76
2026-08-27,US,adv_demo_001,SPONSORED_BRANDS,DISPLAY,IMAGE,,REST_OF_SEARCH,IMPRESSION,CPM,SPONSORED_BRANDS:DISPLAY:REST_OF_SEARCH:IMAGE:IMPRESSION,USD,22141,0,0,0,0
2026-08-27,US,adv_demo_001,SPONSORED_BRANDS,VIDEO,VIDEO,,TOP_OF_SEARCH,IMPRESSION,CPM,SPONSORED_BRANDS:VIDEO:TOP_OF_SEARCH:VIDEO:IMPRESSION,USD,17682,0,0,0,0
2026-08-27,US,adv_demo_001,SPONSORED_BRANDS,VIDEO,VIDEO,,TOP_OF_SEARCH,CLICK,CPC,SPONSORED_BRANDS:VIDEO:TOP_OF_SEARCH:VIDEO:CLICK,USD,0,123,169.74,6,535.08
2026-08-27,US,adv_demo_001,SPONSORED_DISPLAY,DISPLAY,IMAGE,,PRODUCT_PAGE,IMPRESSION,CPM,SPONSORED_DISPLAY:DISPLAY:PRODUCT_PAGE:IMAGE:IMPRESSION,USD,26223,0,0,0,0
2026-08-27,US,adv_demo_001,SPONSORED_DISPLAY,DISPLAY,IMAGE,,PRODUCT_PAGE,CLICK,CPC,SPONSORED_DISPLAY:DISPLAY:PRODUCT_PAGE:IMAGE:CLICK,USD,0,151,138.92,7,526.68
2026-08-27,US,adv_demo_001,SPONSORED_DISPLAY,DISPLAY,VIDEO,,PRODUCT_PAGE,IMPRESSION,CPM,SPONSORED_DISPLAY:DISPLAY:PRODUCT_PAGE:VIDEO:IMPRESSION,USD,21764,0,0,0,0
2026-08-27,US,adv_demo_001,SPONSORED_DISPLAY,VIDEO,VIDEO,,PRODUCT_PAGE,CLICK,CPC,SPONSORED_DISPLAY:VIDEO:PRODUCT_PAGE:VIDEO:CLICK,USD,0,142,167.56,7,622.16
2026-08-27,US,adv_demo_001,SPONSORED_PRODUCTS,PRODUCT_AD,,,PRODUCT_PAGE,CLICK,CPC,SPONSORED_PRODUCTS:PRODUCT_AD:PRODUCT_PAGE:UNSPECIFIED:CLICK,USD,0,395,347.6,27,1872.72
2026-08-27,US,adv_demo_001,SPONSORED_PRODUCTS,PRODUCT_AD,,,REST_OF_SEARCH,CLICK,CPC,SPONSORED_PRODUCTS:PRODUCT_AD:REST_OF_SEARCH:UNSPECIFIED:CLICK,USD,0,357,292.74,23,1539.85
2026-08-27,US,adv_demo_001,SPONSORED_PRODUCTS,PRODUCT_AD,,,TOP_OF_SEARCH,IMPRESSION,CPM,SPONSORED_PRODUCTS:PRODUCT_AD:TOP_OF_SEARCH:UNSPECIFIED:IMPRESSION,USD,44928,0,0,0,0
2026-08-27,US,adv_demo_001,SPONSORED_PRODUCTS,PRODUCT_AD,,,TOP_OF_SEARCH,CLICK,CPC,SPONSORED_PRODUCTS:PRODUCT_AD:TOP_OF_SEARCH:UNSPECIFIED:CLICK,USD,0,512,522.24,39,2920.32
2026-08-28,US,adv_demo_001,AMAZON_DSP,,,AUDIO,,IMPRESSION,CPM,AMAZON_DSP:AUDIO:UNSPECIFIED:UNSPECIFIED:IMPRESSION,USD,48213,0,867.83,0,0
2026-08-28,US,adv_demo_001,AMAZON_DSP,,IMAGE,DISPLAY,,IMPRESSION,CPM,AMAZON_DSP:DISPLAY:UNSPECIFIED:IMAGE:IMPRESSION,USD,57754,0,721.92,0,0
2026-08-28,US,adv_demo_001,AMAZON_DSP,,VIDEO,ONLINE_VIDEO,,IMPRESSION,CPM,AMAZON_DSP:ONLINE_VIDEO:UNSPECIFIED:VIDEO:IMPRESSION,USD,38495,0,769.9,0,0
2026-08-28,US,adv_demo_001,AMAZON_DSP,,VIDEO,STREAMING_TV,,IMPRESSION,CPM,AMAZON_DSP:STREAMING_TV:UNSPECIFIED:VIDEO:IMPRESSION,USD,47036,0,1317.01,0,0
2026-08-28,US,adv_demo_001,SPONSORED_BRANDS,COMPONENT,IMAGE,,TOP_OF_SEARCH,IMPRESSION,CPM,SPONSORED_BRANDS:COMPONENT:TOP_OF_SEARCH:IMAGE:IMPRESSION,USD,19577,0,0,0,0
2026-08-28,US,adv_demo_001,SPONSORED_BRANDS,COMPONENT,IMAGE,,TOP_OF_SEARCH,CLICK,CPC,SPONSORED_BRANDS:COMPONENT:TOP_OF_SEARCH:IMAGE:CLICK,USD,0,152,182.4,8,649.44
2026-08-28,US,adv_demo_001,SPONSORED_BRANDS,DISPLAY,IMAGE,,REST_OF_SEARCH,IMPRESSION,CPM,SPONSORED_BRANDS:DISPLAY:REST_OF_SEARCH:IMAGE:IMPRESSION,USD,23118,0,0,0,0
2026-08-28,US,adv_demo_001,SPONSORED_BRANDS,VIDEO,VIDEO,,TOP_OF_SEARCH,IMPRESSION,CPM,SPONSORED_BRANDS:VIDEO:TOP_OF_SEARCH:VIDEO:IMPRESSION,USD,18659,0,0,0,0
2026-08-28,US,adv_demo_001,SPONSORED_BRANDS,VIDEO,VIDEO,,TOP_OF_SEARCH,CLICK,CPC,SPONSORED_BRANDS:VIDEO:TOP_OF_SEARCH:VIDEO:CLICK,USD,0,131,180.78,7,643.37
2026-08-28,US,adv_demo_001,SPONSORED_DISPLAY,DISPLAY,IMAGE,,PRODUCT_PAGE,IMPRESSION,CPM,SPONSORED_DISPLAY:DISPLAY:PRODUCT_PAGE:IMAGE:IMPRESSION,USD,27200,0,0,0,0
2026-08-28,US,adv_demo_001,SPONSORED_DISPLAY,DISPLAY,IMAGE,,PRODUCT_PAGE,CLICK,CPC,SPONSORED_DISPLAY:DISPLAY:PRODUCT_PAGE:IMAGE:CLICK,USD,0,158,145.36,7,542.64
2026-08-28,US,adv_demo_001,SPONSORED_DISPLAY,DISPLAY,VIDEO,,PRODUCT_PAGE,IMPRESSION,CPM,SPONSORED_DISPLAY:DISPLAY:PRODUCT_PAGE:VIDEO:IMPRESSION,USD,22741,0,0,0,0
2026-08-28,US,adv_demo_001,SPONSORED_DISPLAY,VIDEO,VIDEO,,PRODUCT_PAGE,CLICK,CPC,SPONSORED_DISPLAY:VIDEO:PRODUCT_PAGE:VIDEO:CLICK,USD,0,150,177.0,7,640.64
2026-08-28,US,adv_demo_001,SPONSORED_PRODUCTS,PRODUCT_AD,,,PRODUCT_PAGE,CLICK,CPC,SPONSORED_PRODUCTS:PRODUCT_AD:PRODUCT_PAGE:UNSPECIFIED:CLICK,USD,0,373,328.24,26,1856.4
2026-08-28,US,adv_demo_001,SPONSORED_PRODUCTS,PRODUCT_AD,,,REST_OF_SEARCH,CLICK,CPC,SPONSORED_PRODUCTS:PRODUCT_AD:REST_OF_SEARCH:UNSPECIFIED:CLICK,USD,0,369,302.58,24,1497.6
2026-08-28,US,adv_demo_001,SPONSORED_PRODUCTS,PRODUCT_AD,,,TOP_OF_SEARCH,IMPRESSION,CPM,SPONSORED_PRODUCTS:PRODUCT_AD:TOP_OF_SEARCH:UNSPECIFIED:IMPRESSION,USD,45905,0,0,0,0
2026-08-28,US,adv_demo_001,SPONSORED_PRODUCTS,PRODUCT_AD,,,TOP_OF_SEARCH,CLICK,CPC,SPONSORED_PRODUCTS:PRODUCT_AD:TOP_OF_SEARCH:UNSPECIFIED:CLICK,USD,0,529,539.58,42,2933.28
2026-08-29,US,adv_demo_001,AMAZON_DSP,,,AUDIO,,IMPRESSION,CPM,AMAZON_DSP:AUDIO:UNSPECIFIED:UNSPECIFIED:IMPRESSION,USD,42390,0,763.02,0,0
2026-08-29,US,adv_demo_001,AMAZON_DSP,,IMAGE,DISPLAY,,IMPRESSION,CPM,AMAZON_DSP:DISPLAY:UNSPECIFIED:IMAGE:IMPRESSION,USD,51931,0,649.14,0,0
2026-08-29,US,adv_demo_001,AMAZON_DSP,,VIDEO,ONLINE_VIDEO,,IMPRESSION,CPM,AMAZON_DSP:ONLINE_VIDEO:UNSPECIFIED:VIDEO:IMPRESSION,USD,39472,0,789.44,0,0
2026-08-29,US,adv_demo_001,AMAZON_DSP,,VIDEO,STREAMING_TV,,IMPRESSION,CPM,AMAZON_DSP:STREAMING_TV:UNSPECIFIED:VIDEO:IMPRESSION,USD,48013,0,1344.36,0,0
2026-08-29,US,adv_demo_001,SPONSORED_BRANDS,COMPONENT,IMAGE,,TOP_OF_SEARCH,IMPRESSION,CPM,SPONSORED_BRANDS:COMPONENT:TOP_OF_SEARCH:IMAGE:IMPRESSION,USD,20554,0,0,0,0
2026-08-29,US,adv_demo_001,SPONSORED_BRANDS,COMPONENT,IMAGE,,TOP_OF_SEARCH,CLICK,CPC,SPONSORED_BRANDS:COMPONENT:TOP_OF_SEARCH:IMAGE:CLICK,USD,0,161,193.2,9,752.76
2026-08-29,US,adv_demo_001,SPONSORED_BRANDS,DISPLAY,IMAGE,,REST_OF_SEARCH,IMPRESSION,CPM,SPONSORED_BRANDS:DISPLAY:REST_OF_SEARCH:IMAGE:IMPRESSION,USD,24095,0,0,0,0
2026-08-29,US,adv_demo_001,SPONSORED_BRANDS,VIDEO,VIDEO,,TOP_OF_SEARCH,IMPRESSION,CPM,SPONSORED_BRANDS:VIDEO:TOP_OF_SEARCH:VIDEO:IMPRESSION,USD,19636,0,0,0,0
2026-08-29,US,adv_demo_001,SPONSORED_BRANDS,VIDEO,VIDEO,,TOP_OF_SEARCH,CLICK,CPC,SPONSORED_BRANDS:VIDEO:TOP_OF_SEARCH:VIDEO:CLICK,USD,0,139,191.82,6,567.84
2026-08-29,US,adv_demo_001,SPONSORED_DISPLAY,DISPLAY,IMAGE,,PRODUCT_PAGE,IMPRESSION,CPM,SPONSORED_DISPLAY:DISPLAY:PRODUCT_PAGE:IMAGE:IMPRESSION,USD,28177,0,0,0,0
2026-08-29,US,adv_demo_001,SPONSORED_DISPLAY,DISPLAY,IMAGE,,PRODUCT_PAGE,CLICK,CPC,SPONSORED_DISPLAY:DISPLAY:PRODUCT_PAGE:IMAGE:CLICK,USD,0,165,151.8,7,558.6
2026-08-29,US,adv_demo_001,SPONSORED_DISPLAY,DISPLAY,VIDEO,,PRODUCT_PAGE,IMPRESSION,CPM,SPONSORED_DISPLAY:DISPLAY:PRODUCT_PAGE:VIDEO:IMPRESSION,USD,23718,0,0,0,0
2026-08-29,US,adv_demo_001,SPONSORED_DISPLAY,VIDEO,VIDEO,,PRODUCT_PAGE,CLICK,CPC,SPONSORED_DISPLAY:VIDEO:PRODUCT_PAGE:VIDEO:CLICK,USD,0,144,169.92,7,597.52
2026-08-29,US,adv_demo_001,SPONSORED_PRODUCTS,PRODUCT_AD,,,PRODUCT_PAGE,CLICK,CPC,SPONSORED_PRODUCTS:PRODUCT_AD:PRODUCT_PAGE:UNSPECIFIED:CLICK,USD,0,387,340.56,28,1865.92
2026-08-29,US,adv_demo_001,SPONSORED_PRODUCTS,PRODUCT_AD,,,REST_OF_SEARCH,CLICK,CPC,SPONSORED_PRODUCTS:PRODUCT_AD:REST_OF_SEARCH:UNSPECIFIED:CLICK,USD,0,382,313.24,26,1673.1
2026-08-29,US,adv_demo_001,SPONSORED_PRODUCTS,PRODUCT_AD,,,TOP_OF_SEARCH,IMPRESSION,CPM,SPONSORED_PRODUCTS:PRODUCT_AD:TOP_OF_SEARCH:UNSPECIFIED:IMPRESSION,USD,40082,0,0,0,0
2026-08-29,US,adv_demo_001,SPONSORED_PRODUCTS,PRODUCT_AD,,,TOP_OF_SEARCH,CLICK,CPC,SPONSORED_PRODUCTS:PRODUCT_AD:TOP_OF_SEARCH:UNSPECIFIED:CLICK,USD,0,467,476.34,38,2736.0
2026-08-30,US,adv_demo_001,AMAZON_DSP,,,AUDIO,,IMPRESSION,CPM,AMAZON_DSP:AUDIO:UNSPECIFIED:UNSPECIFIED:IMPRESSION,USD,43367,0,780.61,0,0
2026-08-30,US,adv_demo_001,AMAZON_DSP,,IMAGE,DISPLAY,,IMPRESSION,CPM,AMAZON_DSP:DISPLAY:UNSPECIFIED:IMAGE:IMPRESSION,USD,52908,0,661.35,0,0
2026-08-30,US,adv_demo_001,AMAZON_DSP,,VIDEO,ONLINE_VIDEO,,IMPRESSION,CPM,AMAZON_DSP:ONLINE_VIDEO:UNSPECIFIED:VIDEO:IMPRESSION,USD,40449,0,808.98,0,0
2026-08-30,US,adv_demo_001,AMAZON_DSP,,VIDEO,STREAMING_TV,,IMPRESSION,CPM,AMAZON_DSP:STREAMING_TV:UNSPECIFIED:VIDEO:IMPRESSION,USD,48990,0,1371.72,0,0
2026-08-30,US,adv_demo_001,SPONSORED_BRANDS,COMPONENT,IMAGE,,TOP_OF_SEARCH,IMPRESSION,CPM,SPONSORED_BRANDS:COMPONENT:TOP_OF_SEARCH:IMAGE:IMPRESSION,USD,21531,0,0,0,0
2026-08-30,US,adv_demo_001,SPONSORED_BRANDS,COMPONENT,IMAGE,,TOP_OF_SEARCH,CLICK,CPC,SPONSORED_BRANDS:COMPONENT:TOP_OF_SEARCH:IMAGE:CLICK,USD,0,171,205.2,9,774.9
2026-08-30,US,adv_demo_001,SPONSORED_BRANDS,DISPLAY,IMAGE,,REST_OF_SEARCH,IMPRESSION,CPM,SPONSORED_BRANDS:DISPLAY:REST_OF_SEARCH:IMAGE:IMPRESSION,USD,25072,0,0,0,0
2026-08-30,US,adv_demo_001,SPONSORED_BRANDS,VIDEO,VIDEO,,TOP_OF_SEARCH,IMPRESSION,CPM,SPONSORED_BRANDS:VIDEO:TOP_OF_SEARCH:VIDEO:IMPRESSION,USD,20613,0,0,0,0
2026-08-30,US,adv_demo_001,SPONSORED_BRANDS,VIDEO,VIDEO,,TOP_OF_SEARCH,CLICK,CPC,SPONSORED_BRANDS:VIDEO:TOP_OF_SEARCH:VIDEO:CLICK,USD,0,148,204.24,7,617.89
2026-08-30,US,adv_demo_001,SPONSORED_DISPLAY,DISPLAY,IMAGE,,PRODUCT_PAGE,IMPRESSION,CPM,SPONSORED_DISPLAY:DISPLAY:PRODUCT_PAGE:IMAGE:IMPRESSION,USD,29154,0,0,0,0
2026-08-30,US,adv_demo_001,SPONSORED_DISPLAY,DISPLAY,IMAGE,,PRODUCT_PAGE,CLICK,CPC,SPONSORED_DISPLAY:DISPLAY:PRODUCT_PAGE:IMAGE:CLICK,USD,0,172,158.24,7,521.36
2026-08-30,US,adv_demo_001,SPONSORED_DISPLAY,DISPLAY,VIDEO,,PRODUCT_PAGE,IMPRESSION,CPM,SPONSORED_DISPLAY:DISPLAY:PRODUCT_PAGE:VIDEO:IMPRESSION,USD,24695,0,0,0,0
2026-08-30,US,adv_demo_001,SPONSORED_DISPLAY,VIDEO,VIDEO,,PRODUCT_PAGE,CLICK,CPC,SPONSORED_DISPLAY:VIDEO:PRODUCT_PAGE:VIDEO:CLICK,USD,0,152,179.36,7,616.0
2026-08-30,US,adv_demo_001,SPONSORED_PRODUCTS,PRODUCT_AD,,,PRODUCT_PAGE,CLICK,CPC,SPONSORED_PRODUCTS:PRODUCT_AD:PRODUCT_PAGE:UNSPECIFIED:CLICK,USD,0,401,352.88,29,1991.72
2026-08-30,US,adv_demo_001,SPONSORED_PRODUCTS,PRODUCT_AD,,,REST_OF_SEARCH,CLICK,CPC,SPONSORED_PRODUCTS:PRODUCT_AD:REST_OF_SEARCH:UNSPECIFIED:CLICK,USD,0,333,273.06,23,1524.9
2026-08-30,US,adv_demo_001,SPONSORED_PRODUCTS,PRODUCT_AD,,,TOP_OF_SEARCH,IMPRESSION,CPM,SPONSORED_PRODUCTS:PRODUCT_AD:TOP_OF_SEARCH:UNSPECIFIED:IMPRESSION,USD,41059,0,0,0,0
2026-08-30,US,adv_demo_001,SPONSORED_PRODUCTS,PRODUCT_AD,,,TOP_OF_SEARCH,CLICK,CPC,SPONSORED_PRODUCTS:PRODUCT_AD:TOP_OF_SEARCH:UNSPECIFIED:CLICK,USD,0,483,492.66,40,2966.4
2026-08-31,US,adv_demo_001,AMAZON_DSP,,,AUDIO,,IMPRESSION,CPM,AMAZON_DSP:AUDIO:UNSPECIFIED:UNSPECIFIED:IMPRESSION,USD,44344,0,798.19,0,0
2026-08-31,US,adv_demo_001,AMAZON_DSP,,IMAGE,DISPLAY,,IMPRESSION,CPM,AMAZON_DSP:DISPLAY:UNSPECIFIED:IMAGE:IMPRESSION,USD,53885,0,673.56,0,0
2026-08-31,US,adv_demo_001,AMAZON_DSP,,VIDEO,ONLINE_VIDEO,,IMPRESSION,CPM,AMAZON_DSP:ONLINE_VIDEO:UNSPECIFIED:VIDEO:IMPRESSION,USD,41426,0,828.52,0,0
2026-08-31,US,adv_demo_001,AMAZON_DSP,,VIDEO,STREAMING_TV,,IMPRESSION,CPM,AMAZON_DSP:STREAMING_TV:UNSPECIFIED:VIDEO:IMPRESSION,USD,49967,0,1399.08,0,0
2026-08-31,US,adv_demo_001,SPONSORED_BRANDS,COMPONENT,IMAGE,,TOP_OF_SEARCH,IMPRESSION,CPM,SPONSORED_BRANDS:COMPONENT:TOP_OF_SEARCH:IMAGE:IMPRESSION,USD,22508,0,0,0,0
2026-08-31,US,adv_demo_001,SPONSORED_BRANDS,COMPONENT,IMAGE,,TOP_OF_SEARCH,CLICK,CPC,SPONSORED_BRANDS:COMPONENT:TOP_OF_SEARCH:IMAGE:CLICK,USD,0,180,216.0,9,723.24
2026-08-31,US,adv_demo_001,SPONSORED_BRANDS,DISPLAY,IMAGE,,REST_OF_SEARCH,IMPRESSION,CPM,SPONSORED_BRANDS:DISPLAY:REST_OF_SEARCH:IMAGE:IMPRESSION,USD,26049,0,0,0,0
2026-08-31,US,adv_demo_001,SPONSORED_BRANDS,VIDEO,VIDEO,,TOP_OF_SEARCH,IMPRESSION,CPM,SPONSORED_BRANDS:VIDEO:TOP_OF_SEARCH:VIDEO:IMPRESSION,USD,21590,0,0,0,0
2026-08-31,US,adv_demo_001,SPONSORED_BRANDS,VIDEO,VIDEO,,TOP_OF_SEARCH,CLICK,CPC,SPONSORED_BRANDS:VIDEO:TOP_OF_SEARCH:VIDEO:CLICK,USD,0,156,215.28,7,637.0
2026-08-31,US,adv_demo_001,SPONSORED_DISPLAY,DISPLAY,IMAGE,,PRODUCT_PAGE,IMPRESSION,CPM,SPONSORED_DISPLAY:DISPLAY:PRODUCT_PAGE:IMAGE:IMPRESSION,USD,30131,0,0,0,0
2026-08-31,US,adv_demo_001,SPONSORED_DISPLAY,DISPLAY,IMAGE,,PRODUCT_PAGE,CLICK,CPC,SPONSORED_DISPLAY:DISPLAY:PRODUCT_PAGE:IMAGE:CLICK,USD,0,164,150.88,7,537.32
2026-08-31,US,adv_demo_001,SPONSORED_DISPLAY,DISPLAY,VIDEO,,PRODUCT_PAGE,IMPRESSION,CPM,SPONSORED_DISPLAY:DISPLAY:PRODUCT_PAGE:VIDEO:IMPRESSION,USD,25672,0,0,0,0
2026-08-31,US,adv_demo_001,SPONSORED_DISPLAY,VIDEO,VIDEO,,PRODUCT_PAGE,CLICK,CPC,SPONSORED_DISPLAY:VIDEO:PRODUCT_PAGE:VIDEO:CLICK,USD,0,115,135.7,6,543.84
2026-08-31,US,adv_demo_001,SPONSORED_PRODUCTS,PRODUCT_AD,,,PRODUCT_PAGE,CLICK,CPC,SPONSORED_PRODUCTS:PRODUCT_AD:PRODUCT_PAGE:UNSPECIFIED:CLICK,USD,0,346,304.48,26,1838.72
2026-08-31,US,adv_demo_001,SPONSORED_PRODUCTS,PRODUCT_AD,,,REST_OF_SEARCH,CLICK,CPC,SPONSORED_PRODUCTS:PRODUCT_AD:REST_OF_SEARCH:UNSPECIFIED:CLICK,USD,0,345,282.9,24,1638.0
2026-08-31,US,adv_demo_001,SPONSORED_PRODUCTS,PRODUCT_AD,,,TOP_OF_SEARCH,IMPRESSION,CPM,SPONSORED_PRODUCTS:PRODUCT_AD:TOP_OF_SEARCH:UNSPECIFIED:IMPRESSION,USD,42036,0,0,0,0
2026-08-31,US,adv_demo_001,SPONSORED_PRODUCTS,PRODUCT_AD,,,TOP_OF_SEARCH,CLICK,CPC,SPONSORED_PRODUCTS:PRODUCT_AD:TOP_OF_SEARCH:UNSPECIFIED:CLICK,USD,0,499,508.98,42,2903.04
2026-09-01,US,adv_demo_001,AMAZON_DSP,,,AUDIO,,IMPRESSION,CPM,AMAZON_DSP:AUDIO:UNSPECIFIED:UNSPECIFIED:IMPRESSION,USD,45321,0,815.78,0,0
2026-09-01,US,adv_demo_001,AMAZON_DSP,,IMAGE,DISPLAY,,IMPRESSION,CPM,AMAZON_DSP:DISPLAY:UNSPECIFIED:IMAGE:IMPRESSION,USD,54862,0,685.77,0,0
2026-09-01,US,adv_demo_001,AMAZON_DSP,,VIDEO,ONLINE_VIDEO,,IMPRESSION,CPM,AMAZON_DSP:ONLINE_VIDEO:UNSPECIFIED:VIDEO:IMPRESSION,USD,42403,0,848.06,0,0
2026-09-01,US,adv_demo_001,AMAZON_DSP,,VIDEO,STREAMING_TV,,IMPRESSION,CPM,AMAZON_DSP:STREAMING_TV:UNSPECIFIED:VIDEO:IMPRESSION,USD,50944,0,1426.43,0,0
2026-09-01,US,adv_demo_001,SPONSORED_BRANDS,COMPONENT,IMAGE,,TOP_OF_SEARCH,IMPRESSION,CPM,SPONSORED_BRANDS:COMPONENT:TOP_OF_SEARCH:IMAGE:IMPRESSION,USD,23485,0,0,0,0
2026-09-01,US,adv_demo_001,SPONSORED_BRANDS,COMPONENT,IMAGE,,TOP_OF_SEARCH,CLICK,CPC,SPONSORED_BRANDS:COMPONENT:TOP_OF_SEARCH:IMAGE:CLICK,USD,0,190,228.0,10,828.2
2026-09-01,US,adv_demo_001,SPONSORED_BRANDS,DISPLAY,IMAGE,,REST_OF_SEARCH,IMPRESSION,CPM,SPONSORED_BRANDS:DISPLAY:REST_OF_SEARCH:IMAGE:IMPRESSION,USD,27026,0,0,0,0
2026-09-01,US,adv_demo_001,SPONSORED_BRANDS,VIDEO,VIDEO,,TOP_OF_SEARCH,IMPRESSION,CPM,SPONSORED_BRANDS:VIDEO:TOP_OF_SEARCH:VIDEO:IMPRESSION,USD,22567,0,0,0,0
2026-09-01,US,adv_demo_001,SPONSORED_BRANDS,VIDEO,VIDEO,,TOP_OF_SEARCH,CLICK,CPC,SPONSORED_BRANDS:VIDEO:TOP_OF_SEARCH:VIDEO:CLICK,USD,0,151,208.38,7,656.11
2026-09-01,US,adv_demo_001,SPONSORED_DISPLAY,DISPLAY,IMAGE,,PRODUCT_PAGE,IMPRESSION,CPM,SPONSORED_DISPLAY:DISPLAY:PRODUCT_PAGE:IMAGE:IMPRESSION,USD,24308,0,0,0,0
2026-09-01,US,adv_demo_001,SPONSORED_DISPLAY,DISPLAY,IMAGE,,PRODUCT_PAGE,CLICK,CPC,SPONSORED_DISPLAY:DISPLAY:PRODUCT_PAGE:IMAGE:CLICK,USD,0,134,123.28,6,474.24
2026-09-01,US,adv_demo_001,SPONSORED_DISPLAY,DISPLAY,VIDEO,,PRODUCT_PAGE,IMPRESSION,CPM,SPONSORED_DISPLAY:DISPLAY:PRODUCT_PAGE:VIDEO:IMPRESSION,USD,19849,0,0,0,0
2026-09-01,US,adv_demo_001,SPONSORED_DISPLAY,VIDEO,VIDEO,,PRODUCT_PAGE,CLICK,CPC,SPONSORED_DISPLAY:VIDEO:PRODUCT_PAGE:VIDEO:CLICK,USD,0,123,145.14,6,506.88
2026-09-01,US,adv_demo_001,SPONSORED_PRODUCTS,PRODUCT_AD,,,PRODUCT_PAGE,CLICK,CPC,SPONSORED_PRODUCTS:PRODUCT_AD:PRODUCT_PAGE:UNSPECIFIED:CLICK,USD,0,359,315.92,27,1780.92
2026-09-01,US,adv_demo_001,SPONSORED_PRODUCTS,PRODUCT_AD,,,REST_OF_SEARCH,CLICK,CPC,SPONSORED_PRODUCTS:PRODUCT_AD:REST_OF_SEARCH:UNSPECIFIED:CLICK,USD,0,358,293.56,23,1465.1
2026-09-01,US,adv_demo_001,SPONSORED_PRODUCTS,PRODUCT_AD,,,TOP_OF_SEARCH,IMPRESSION,CPM,SPONSORED_PRODUCTS:PRODUCT_AD:TOP_OF_SEARCH:UNSPECIFIED:IMPRESSION,USD,43013,0,0,0,0
2026-09-01,US,adv_demo_001,SPONSORED_PRODUCTS,PRODUCT_AD,,,TOP_OF_SEARCH,CLICK,CPC,SPONSORED_PRODUCTS:PRODUCT_AD:TOP_OF_SEARCH:UNSPECIFIED:CLICK,USD,0,516,526.32,39,2779.92
2026-09-02,US,adv_demo_001,AMAZON_DSP,,,AUDIO,,IMPRESSION,CPM,AMAZON_DSP:AUDIO:UNSPECIFIED:UNSPECIFIED:IMPRESSION,USD,46298,0,833.36,0,0
2026-09-02,US,adv_demo_001,AMAZON_DSP,,IMAGE,DISPLAY,,IMPRESSION,CPM,AMAZON_DSP:DISPLAY:UNSPECIFIED:IMAGE:IMPRESSION,USD,55839,0,697.99,0,0
2026-09-02,US,adv_demo_001,AMAZON_DSP,,VIDEO,ONLINE_VIDEO,,IMPRESSION,CPM,AMAZON_DSP:ONLINE_VIDEO:UNSPECIFIED:VIDEO:IMPRESSION,USD,43380,0,867.6,0,0
2026-09-02,US,adv_demo_001,AMAZON_DSP,,VIDEO,STREAMING_TV,,IMPRESSION,CPM,AMAZON_DSP:STREAMING_TV:UNSPECIFIED:VIDEO:IMPRESSION,USD,51921,0,1453.79,0,0
2026-09-02,US,adv_demo_001,SPONSORED_BRANDS,COMPONENT,IMAGE,,TOP_OF_SEARCH,IMPRESSION,CPM,SPONSORED_BRANDS:COMPONENT:TOP_OF_SEARCH:IMAGE:IMPRESSION,USD,24462,0,0,0,0
2026-09-02,US,adv_demo_001,SPONSORED_BRANDS,COMPONENT,IMAGE,,TOP_OF_SEARCH,CLICK,CPC,SPONSORED_BRANDS:COMPONENT:TOP_OF_SEARCH:IMAGE:CLICK,USD,0,200,240.0,11,938.08
2026-09-02,US,adv_demo_001,SPONSORED_BRANDS,DISPLAY,IMAGE,,REST_OF_SEARCH,IMPRESSION,CPM,SPONSORED_BRANDS:DISPLAY:REST_OF_SEARCH:IMAGE:IMPRESSION,USD,21203,0,0,0,0
2026-09-02,US,adv_demo_001,SPONSORED_BRANDS,VIDEO,VIDEO,,TOP_OF_SEARCH,IMPRESSION,CPM,SPONSORED_BRANDS:VIDEO:TOP_OF_SEARCH:VIDEO:IMPRESSION,USD,16744,0,0,0,0
2026-09-02,US,adv_demo_001,SPONSORED_BRANDS,VIDEO,VIDEO,,TOP_OF_SEARCH,CLICK,CPC,SPONSORED_BRANDS:VIDEO:TOP_OF_SEARCH:VIDEO:CLICK,USD,0,113,155.94,6,524.16
2026-09-02,US,adv_demo_001,SPONSORED_DISPLAY,DISPLAY,IMAGE,,PRODUCT_PAGE,IMPRESSION,CPM,SPONSORED_DISPLAY:DISPLAY:PRODUCT_PAGE:IMAGE:IMPRESSION,USD,25285,0,0,0,0
2026-09-02,US,adv_demo_001,SPONSORED_DISPLAY,DISPLAY,IMAGE,,PRODUCT_PAGE,CLICK,CPC,SPONSORED_DISPLAY:DISPLAY:PRODUCT_PAGE:IMAGE:CLICK,USD,0,141,129.72,6,442.32
2026-09-02,US,adv_demo_001,SPONSORED_DISPLAY,DISPLAY,VIDEO,,PRODUCT_PAGE,IMPRESSION,CPM,SPONSORED_DISPLAY:DISPLAY:PRODUCT_PAGE:VIDEO:IMPRESSION,USD,20826,0,0,0,0
2026-09-02,US,adv_demo_001,SPONSORED_DISPLAY,VIDEO,VIDEO,,PRODUCT_PAGE,CLICK,CPC,SPONSORED_DISPLAY:VIDEO:PRODUCT_PAGE:VIDEO:CLICK,USD,0,131,154.58,6,522.72
2026-09-02,US,adv_demo_001,SPONSORED_PRODUCTS,PRODUCT_AD,,,PRODUCT_PAGE,CLICK,CPC,SPONSORED_PRODUCTS:PRODUCT_AD:PRODUCT_PAGE:UNSPECIFIED:CLICK,USD,0,373,328.24,26,1768.0
2026-09-02,US,adv_demo_001,SPONSORED_PRODUCTS,PRODUCT_AD,,,REST_OF_SEARCH,CLICK,CPC,SPONSORED_PRODUCTS:PRODUCT_AD:REST_OF_SEARCH:UNSPECIFIED:CLICK,USD,0,371,304.22,24,1575.6
2026-09-02,US,adv_demo_001,SPONSORED_PRODUCTS,PRODUCT_AD,,,TOP_OF_SEARCH,IMPRESSION,CPM,SPONSORED_PRODUCTS:PRODUCT_AD:TOP_OF_SEARCH:UNSPECIFIED:IMPRESSION,USD,43990,0,0,0,0
2026-09-02,US,adv_demo_001,SPONSORED_PRODUCTS,PRODUCT_AD,,,TOP_OF_SEARCH,CLICK,CPC,SPONSORED_PRODUCTS:PRODUCT_AD:TOP_OF_SEARCH:UNSPECIFIED:CLICK,USD,0,533,543.66,42,3084.48
2026-09-03,US,adv_demo_001,AMAZON_DSP,,,AUDIO,,IMPRESSION,CPM,AMAZON_DSP:AUDIO:UNSPECIFIED:UNSPECIFIED:IMPRESSION,USD,47275,0,850.95,0,0
2026-09-03,US,adv_demo_001,AMAZON_DSP,,IMAGE,DISPLAY,,IMPRESSION,CPM,AMAZON_DSP:DISPLAY:UNSPECIFIED:IMAGE:IMPRESSION,USD,56816,0,710.2,0,0
2026-09-03,US,adv_demo_001,AMAZON_DSP,,VIDEO,ONLINE_VIDEO,,IMPRESSION,CPM,AMAZON_DSP:ONLINE_VIDEO:UNSPECIFIED:VIDEO:IMPRESSION,USD,44357,0,887.14,0,0
2026-09-03,US,adv_demo_001,AMAZON_DSP,,VIDEO,STREAMING_TV,,IMPRESSION,CPM,AMAZON_DSP:STREAMING_TV:UNSPECIFIED:VIDEO:IMPRESSION,USD,46098,0,1290.74,0,0
2026-09-03,US,adv_demo_001,SPONSORED_BRANDS,COMPONENT,IMAGE,,TOP_OF_SEARCH,IMPRESSION,CPM,SPONSORED_BRANDS:COMPONENT:TOP_OF_SEARCH:IMAGE:IMPRESSION,USD,18639,0,0,0,0
2026-09-03,US,adv_demo_001,SPONSORED_BRANDS,COMPONENT,IMAGE,,TOP_OF_SEARCH,CLICK,CPC,SPONSORED_BRANDS:COMPONENT:TOP_OF_SEARCH:IMAGE:CLICK,USD,0,140,168.0,8,636.32
2026-09-03,US,adv_demo_001,SPONSORED_BRANDS,DISPLAY,IMAGE,,REST_OF_SEARCH,IMPRESSION,CPM,SPONSORED_BRANDS:DISPLAY:REST_OF_SEARCH:IMAGE:IMPRESSION,USD,22180,0,0,0,0
2026-09-03,US,adv_demo_001,SPONSORED_BRANDS,VIDEO,VIDEO,,TOP_OF_SEARCH,IMPRESSION,CPM,SPONSORED_BRANDS:VIDEO:TOP_OF_SEARCH:VIDEO:IMPRESSION,USD,17721,0,0,0,0
2026-09-03,US,adv_demo_001,SPONSORED_BRANDS,VIDEO,VIDEO,,TOP_OF_SEARCH,CLICK,CPC,SPONSORED_BRANDS:VIDEO:TOP_OF_SEARCH:VIDEO:CLICK,USD,0,121,166.98,6,540.54
2026-09-03,US,adv_demo_001,SPONSORED_DISPLAY,DISPLAY,IMAGE,,PRODUCT_PAGE,IMPRESSION,CPM,SPONSORED_DISPLAY:DISPLAY:PRODUCT_PAGE:IMAGE:IMPRESSION,USD,26262,0,0,0,0
2026-09-03,US,adv_demo_001,SPONSORED_DISPLAY,DISPLAY,IMAGE,,PRODUCT_PAGE,CLICK,CPC,SPONSORED_DISPLAY:DISPLAY:PRODUCT_PAGE:IMAGE:CLICK,USD,0,148,136.16,6,456.0
2026-09-03,US,adv_demo_001,SPONSORED_DISPLAY,DISPLAY,VIDEO,,PRODUCT_PAGE,IMPRESSION,CPM,SPONSORED_DISPLAY:DISPLAY:PRODUCT_PAGE:VIDEO:IMPRESSION,USD,21803,0,0,0,0
2026-09-03,US,adv_demo_001,SPONSORED_DISPLAY,VIDEO,VIDEO,,PRODUCT_PAGE,CLICK,CPC,SPONSORED_DISPLAY:VIDEO:PRODUCT_PAGE:VIDEO:CLICK,USD,0,139,164.02,6,538.56
2026-09-03,US,adv_demo_001,SPONSORED_PRODUCTS,PRODUCT_AD,,,PRODUCT_PAGE,CLICK,CPC,SPONSORED_PRODUCTS:PRODUCT_AD:PRODUCT_PAGE:UNSPECIFIED:CLICK,USD,0,387,340.56,28,1961.12
2026-09-03,US,adv_demo_001,SPONSORED_PRODUCTS,PRODUCT_AD,,,REST_OF_SEARCH,CLICK,CPC,SPONSORED_PRODUCTS:PRODUCT_AD:REST_OF_SEARCH:UNSPECIFIED:CLICK,USD,0,384,314.88,25,1690.0
2026-09-03,US,adv_demo_001,SPONSORED_PRODUCTS,PRODUCT_AD,,,TOP_OF_SEARCH,IMPRESSION,CPM,SPONSORED_PRODUCTS:PRODUCT_AD:TOP_OF_SEARCH:UNSPECIFIED:IMPRESSION,USD,44967,0,0,0,0
2026-09-03,US,adv_demo_001,SPONSORED_PRODUCTS,PRODUCT_AD,,,TOP_OF_SEARCH,CLICK,CPC,SPONSORED_PRODUCTS:PRODUCT_AD:TOP_OF_SEARCH:UNSPECIFIED:CLICK,USD,0,550,561.0,44,3326.4
2026-09-04,US,adv_demo_001,AMAZON_DSP,,,AUDIO,,IMPRESSION,CPM,AMAZON_DSP:AUDIO:UNSPECIFIED:UNSPECIFIED:IMPRESSION,USD,48252,0,868.54,0,0
2026-09-04,US,adv_demo_001,AMAZON_DSP,,IMAGE,DISPLAY,,IMPRESSION,CPM,AMAZON_DSP:DISPLAY:UNSPECIFIED:IMAGE:IMPRESSION,USD,57793,0,722.41,0,0
2026-09-04,US,adv_demo_001,AMAZON_DSP,,VIDEO,ONLINE_VIDEO,,IMPRESSION,CPM,AMAZON_DSP:ONLINE_VIDEO:UNSPECIFIED:VIDEO:IMPRESSION,USD,38534,0,770.68,0,0
2026-09-04,US,adv_demo_001,AMAZON_DSP,,VIDEO,STREAMING_TV,,IMPRESSION,CPM,AMAZON_DSP:STREAMING_TV:UNSPECIFIED:VIDEO:IMPRESSION,USD,47075,0,1318.1,0,0
2026-09-04,US,adv_demo_001,SPONSORED_BRANDS,COMPONENT,IMAGE,,TOP_OF_SEARCH,IMPRESSION,CPM,SPONSORED_BRANDS:COMPONENT:TOP_OF_SEARCH:IMAGE:IMPRESSION,USD,19616,0,0,0,0
2026-09-04,US,adv_demo_001,SPONSORED_BRANDS,COMPONENT,IMAGE,,TOP_OF_SEARCH,CLICK,CPC,SPONSORED_BRANDS:COMPONENT:TOP_OF_SEARCH:IMAGE:CLICK,USD,0,149,178.8,8,656.0
2026-09-04,US,adv_demo_001,SPONSORED_BRANDS,DISPLAY,IMAGE,,REST_OF_SEARCH,IMPRESSION,CPM,SPONSORED_BRANDS:DISPLAY:REST_OF_SEARCH:IMAGE:IMPRESSION,USD,23157,0,0,0,0
2026-09-04,US,adv_demo_001,SPONSORED_BRANDS,VIDEO,VIDEO,,TOP_OF_SEARCH,IMPRESSION,CPM,SPONSORED_BRANDS:VIDEO:TOP_OF_SEARCH:VIDEO:IMPRESSION,USD,18698,0,0,0,0
2026-09-04,US,adv_demo_001,SPONSORED_BRANDS,VIDEO,VIDEO,,TOP_OF_SEARCH,CLICK,CPC,SPONSORED_BRANDS:VIDEO:TOP_OF_SEARCH:VIDEO:CLICK,USD,0,129,178.02,6,556.92
2026-09-04,US,adv_demo_001,SPONSORED_DISPLAY,DISPLAY,IMAGE,,PRODUCT_PAGE,IMPRESSION,CPM,SPONSORED_DISPLAY:DISPLAY:PRODUCT_PAGE:IMAGE:IMPRESSION,USD,27239,0,0,0,0
2026-09-04,US,adv_demo_001,SPONSORED_DISPLAY,DISPLAY,IMAGE,,PRODUCT_PAGE,CLICK,CPC,SPONSORED_DISPLAY:DISPLAY:PRODUCT_PAGE:IMAGE:CLICK,USD,0,155,142.6,7,547.96
2026-09-04,US,adv_demo_001,SPONSORED_DISPLAY,DISPLAY,VIDEO,,PRODUCT_PAGE,IMPRESSION,CPM,SPONSORED_DISPLAY:DISPLAY:PRODUCT_PAGE:VIDEO:IMPRESSION,USD,22780,0,0,0,0
2026-09-04,US,adv_demo_001,SPONSORED_DISPLAY,VIDEO,VIDEO,,PRODUCT_PAGE,CLICK,CPC,SPONSORED_DISPLAY:VIDEO:PRODUCT_PAGE:VIDEO:CLICK,USD,0,147,173.46,7,646.8
2026-09-04,US,adv_demo_001,SPONSORED_PRODUCTS,PRODUCT_AD,,,PRODUCT_PAGE,CLICK,CPC,SPONSORED_PRODUCTS:PRODUCT_AD:PRODUCT_PAGE:UNSPECIFIED:CLICK,USD,0,402,353.76,29,1893.12
2026-09-04,US,adv_demo_001,SPONSORED_PRODUCTS,PRODUCT_AD,,,REST_OF_SEARCH,CLICK,CPC,SPONSORED_PRODUCTS:PRODUCT_AD:REST_OF_SEARCH:UNSPECIFIED:CLICK,USD,0,397,325.54,27,1702.35
2026-09-04,US,adv_demo_001,SPONSORED_PRODUCTS,PRODUCT_AD,,,TOP_OF_SEARCH,IMPRESSION,CPM,SPONSORED_PRODUCTS:PRODUCT_AD:TOP_OF_SEARCH:UNSPECIFIED:IMPRESSION,USD,45944,0,0,0,0
2026-09-04,US,adv_demo_001,SPONSORED_PRODUCTS,PRODUCT_AD,,,TOP_OF_SEARCH,CLICK,CPC,SPONSORED_PRODUCTS:PRODUCT_AD:TOP_OF_SEARCH:UNSPECIFIED:CLICK,USD,0,518,528.36,42,2963.52
2026-09-05,US,adv_demo_001,AMAZON_DSP,,,AUDIO,,IMPRESSION,CPM,AMAZON_DSP:AUDIO:UNSPECIFIED:UNSPECIFIED:IMPRESSION,USD,42429,0,763.72,0,0
2026-09-05,US,adv_demo_001,AMAZON_DSP,,IMAGE,DISPLAY,,IMPRESSION,CPM,AMAZON_DSP:DISPLAY:UNSPECIFIED:IMAGE:IMPRESSION,USD,51970,0,649.62,0,0
2026-09-05,US,adv_demo_001,AMAZON_DSP,,VIDEO,ONLINE_VIDEO,,IMPRESSION,CPM,AMAZON_DSP:ONLINE_VIDEO:UNSPECIFIED:VIDEO:IMPRESSION,USD,39511,0,790.22,0,0
2026-09-05,US,adv_demo_001,AMAZON_DSP,,VIDEO,STREAMING_TV,,IMPRESSION,CPM,AMAZON_DSP:STREAMING_TV:UNSPECIFIED:VIDEO:IMPRESSION,USD,48052,0,1345.46,0,0
2026-09-05,US,adv_demo_001,SPONSORED_BRANDS,COMPONENT,IMAGE,,TOP_OF_SEARCH,IMPRESSION,CPM,SPONSORED_BRANDS:COMPONENT:TOP_OF_SEARCH:IMAGE:IMPRESSION,USD,20593,0,0,0,0
2026-09-05,US,adv_demo_001,SPONSORED_BRANDS,COMPONENT,IMAGE,,TOP_OF_SEARCH,CLICK,CPC,SPONSORED_BRANDS:COMPONENT:TOP_OF_SEARCH:IMAGE:CLICK,USD,0,158,189.6,8,675.68
2026-09-05,US,adv_demo_001,SPONSORED_BRANDS,DISPLAY,IMAGE,,REST_OF_SEARCH,IMPRESSION,CPM,SPONSORED_BRANDS:DISPLAY:REST_OF_SEARCH:IMAGE:IMPRESSION,USD,24134,0,0,0,0
2026-09-05,US,adv_demo_001,SPONSORED_BRANDS,VIDEO,VIDEO,,TOP_OF_SEARCH,IMPRESSION,CPM,SPONSORED_BRANDS:VIDEO:TOP_OF_SEARCH:VIDEO:IMPRESSION,USD,19675,0,0,0,0
2026-09-05,US,adv_demo_001,SPONSORED_BRANDS,VIDEO,VIDEO,,TOP_OF_SEARCH,CLICK,CPC,SPONSORED_BRANDS:VIDEO:TOP_OF_SEARCH:VIDEO:CLICK,USD,0,137,189.06,7,668.85
2026-09-05,US,adv_demo_001,SPONSORED_DISPLAY,DISPLAY,IMAGE,,PRODUCT_PAGE,IMPRESSION,CPM,SPONSORED_DISPLAY:DISPLAY:PRODUCT_PAGE:IMAGE:IMPRESSION,USD,28216,0,0,0,0
2026-09-05,US,adv_demo_001,SPONSORED_DISPLAY,DISPLAY,IMAGE,,PRODUCT_PAGE,CLICK,CPC,SPONSORED_DISPLAY:DISPLAY:PRODUCT_PAGE:IMAGE:CLICK,USD,0,162,149.04,7,510.72
2026-09-05,US,adv_demo_001,SPONSORED_DISPLAY,DISPLAY,VIDEO,,PRODUCT_PAGE,IMPRESSION,CPM,SPONSORED_DISPLAY:DISPLAY:PRODUCT_PAGE:VIDEO:IMPRESSION,USD,23757,0,0,0,0
2026-09-05,US,adv_demo_001,SPONSORED_DISPLAY,VIDEO,VIDEO,,PRODUCT_PAGE,CLICK,CPC,SPONSORED_DISPLAY:VIDEO:PRODUCT_PAGE:VIDEO:CLICK,USD,0,155,182.9,7,603.68
2026-09-05,US,adv_demo_001,SPONSORED_PRODUCTS,PRODUCT_AD,,,PRODUCT_PAGE,CLICK,CPC,SPONSORED_PRODUCTS:PRODUCT_AD:PRODUCT_PAGE:UNSPECIFIED:CLICK,USD,0,416,366.08,31,2086.92
2026-09-05,US,adv_demo_001,SPONSORED_PRODUCTS,PRODUCT_AD,,,REST_OF_SEARCH,CLICK,CPC,SPONSORED_PRODUCTS:PRODUCT_AD:REST_OF_SEARCH:UNSPECIFIED:CLICK,USD,0,374,306.68,26,1690.0
2026-09-05,US,adv_demo_001,SPONSORED_PRODUCTS,PRODUCT_AD,,,TOP_OF_SEARCH,IMPRESSION,CPM,SPONSORED_PRODUCTS:PRODUCT_AD:TOP_OF_SEARCH:UNSPECIFIED:IMPRESSION,USD,40121,0,0,0,0
2026-09-05,US,adv_demo_001,SPONSORED_PRODUCTS,PRODUCT_AD,,,TOP_OF_SEARCH,CLICK,CPC,SPONSORED_PRODUCTS:PRODUCT_AD:TOP_OF_SEARCH:UNSPECIFIED:CLICK,USD,0,457,466.14,38,2763.36
2026-09-06,US,adv_demo_001,AMAZON_DSP,,,AUDIO,,IMPRESSION,CPM,AMAZON_DSP:AUDIO:UNSPECIFIED:UNSPECIFIED:IMPRESSION,USD,43406,0,781.31,0,0
2026-09-06,US,adv_demo_001,AMAZON_DSP,,IMAGE,DISPLAY,,IMPRESSION,CPM,AMAZON_DSP:DISPLAY:UNSPECIFIED:IMAGE:IMPRESSION,USD,52947,0,661.84,0,0
2026-09-06,US,adv_demo_001,AMAZON_DSP,,VIDEO,ONLINE_VIDEO,,IMPRESSION,CPM,AMAZON_DSP:ONLINE_VIDEO:UNSPECIFIED:VIDEO:IMPRESSION,USD,40488,0,809.76,0,0
2026-09-06,US,adv_demo_001,AMAZON_DSP,,VIDEO,STREAMING_TV,,IMPRESSION,CPM,AMAZON_DSP:STREAMING_TV:UNSPECIFIED:VIDEO:IMPRESSION,USD,49029,0,1372.81,0,0
2026-09-06,US,adv_demo_001,SPONSORED_BRANDS,COMPONENT,IMAGE,,TOP_OF_SEARCH,IMPRESSION,CPM,SPONSORED_BRANDS:COMPONENT:TOP_OF_SEARCH:IMAGE:IMPRESSION,USD,21570,0,0,0,0
2026-09-06,US,adv_demo_001,SPONSORED_BRANDS,COMPONENT,IMAGE,,TOP_OF_SEARCH,CLICK,CPC,SPONSORED_BRANDS:COMPONENT:TOP_OF_SEARCH:IMAGE:CLICK,USD,0,167,200.4,9,708.48
2026-09-06,US,adv_demo_001,SPONSORED_BRANDS,DISPLAY,IMAGE,,REST_OF_SEARCH,IMPRESSION,CPM,SPONSORED_BRANDS:DISPLAY:REST_OF_SEARCH:IMAGE:IMPRESSION,USD,25111,0,0,0,0
2026-09-06,US,adv_demo_001,SPONSORED_BRANDS,VIDEO,VIDEO,,TOP_OF_SEARCH,IMPRESSION,CPM,SPONSORED_BRANDS:VIDEO:TOP_OF_SEARCH:VIDEO:IMPRESSION,USD,20652,0,0,0,0
2026-09-06,US,adv_demo_001,SPONSORED_BRANDS,VIDEO,VIDEO,,TOP_OF_SEARCH,CLICK,CPC,SPONSORED_BRANDS:VIDEO:TOP_OF_SEARCH:VIDEO:CLICK,USD,0,145,200.1,7,624.26
2026-09-06,US,adv_demo_001,SPONSORED_DISPLAY,DISPLAY,IMAGE,,PRODUCT_PAGE,IMPRESSION,CPM,SPONSORED_DISPLAY:DISPLAY:PRODUCT_PAGE:IMAGE:IMPRESSION,USD,29193,0,0,0,0
2026-09-06,US,adv_demo_001,SPONSORED_DISPLAY,DISPLAY,IMAGE,,PRODUCT_PAGE,CLICK,CPC,SPONSORED_DISPLAY:DISPLAY:PRODUCT_PAGE:IMAGE:CLICK,USD,0,169,155.48,7,526.68
2026-09-06,US,adv_demo_001,SPONSORED_DISPLAY,DISPLAY,VIDEO,,PRODUCT_PAGE,IMPRESSION,CPM,SPONSORED_DISPLAY:DISPLAY:PRODUCT_PAGE:VIDEO:IMPRESSION,USD,24734,0,0,0,0
2026-09-06,US,adv_demo_001,SPONSORED_DISPLAY,VIDEO,VIDEO,,PRODUCT_PAGE,CLICK,CPC,SPONSORED_DISPLAY:VIDEO:PRODUCT_PAGE:VIDEO:CLICK,USD,0,164,193.52,8,711.04
2026-09-06,US,adv_demo_001,SPONSORED_PRODUCTS,PRODUCT_AD,,,PRODUCT_PAGE,CLICK,CPC,SPONSORED_PRODUCTS:PRODUCT_AD:PRODUCT_PAGE:UNSPECIFIED:CLICK,USD,0,326,286.88,25,1734.0
2026-09-06,US,adv_demo_001,SPONSORED_PRODUCTS,PRODUCT_AD,,,REST_OF_SEARCH,CLICK,CPC,SPONSORED_PRODUCTS:PRODUCT_AD:REST_OF_SEARCH:UNSPECIFIED:CLICK,USD,0,326,267.32,23,1539.85
2026-09-06,US,adv_demo_001,SPONSORED_PRODUCTS,PRODUCT_AD,,,TOP_OF_SEARCH,IMPRESSION,CPM,SPONSORED_PRODUCTS:PRODUCT_AD:TOP_OF_SEARCH:UNSPECIFIED:IMPRESSION,USD,41098,0,0,0,0
2026-09-06,US,adv_demo_001,SPONSORED_PRODUCTS,PRODUCT_AD,,,TOP_OF_SEARCH,CLICK,CPC,SPONSORED_PRODUCTS:PRODUCT_AD:TOP_OF_SEARCH:UNSPECIFIED:CLICK,USD,0,473,482.46,36,2695.68
2026-09-07,US,adv_demo_001,AMAZON_DSP,,,AUDIO,,IMPRESSION,CPM,AMAZON_DSP:AUDIO:UNSPECIFIED:UNSPECIFIED:IMPRESSION,USD,44383,0,798.89,0,0
2026-09-07,US,adv_demo_001,AMAZON_DSP,,IMAGE,DISPLAY,,IMPRESSION,CPM,AMAZON_DSP:DISPLAY:UNSPECIFIED:IMAGE:IMPRESSION,USD,53924,0,674.05,0,0
2026-09-07,US,adv_demo_001,AMAZON_DSP,,VIDEO,ONLINE_VIDEO,,IMPRESSION,CPM,AMAZON_DSP:ONLINE_VIDEO:UNSPECIFIED:VIDEO:IMPRESSION,USD,41465,0,829.3,0,0
2026-09-07,US,adv_demo_001,AMAZON_DSP,,VIDEO,STREAMING_TV,,IMPRESSION,CPM,AMAZON_DSP:STREAMING_TV:UNSPECIFIED:VIDEO:IMPRESSION,USD,50006,0,1400.17,0,0
2026-09-07,US,adv_demo_001,SPONSORED_BRANDS,COMPONENT,IMAGE,,TOP_OF_SEARCH,IMPRESSION,CPM,SPONSORED_BRANDS:COMPONENT:TOP_OF_SEARCH:IMAGE:IMPRESSION,USD,22547,0,0,0,0
2026-09-07,US,adv_demo_001,SPONSORED_BRANDS,COMPONENT,IMAGE,,TOP_OF_SEARCH,CLICK,CPC,SPONSORED_BRANDS:COMPONENT:TOP_OF_SEARCH:IMAGE:CLICK,USD,0,177,212.4,9,730.62
2026-09-07,US,adv_demo_001,SPONSORED_BRANDS,DISPLAY,IMAGE,,REST_OF_SEARCH,IMPRESSION,CPM,SPONSORED_BRANDS:DISPLAY:REST_OF_SEARCH:IMAGE:IMPRESSION,USD,26088,0,0,0,0
2026-09-07,US,adv_demo_001,SPONSORED_BRANDS,VIDEO,VIDEO,,TOP_OF_SEARCH,IMPRESSION,CPM,SPONSORED_BRANDS:VIDEO:TOP_OF_SEARCH:VIDEO:IMPRESSION,USD,21629,0,0,0,0
2026-09-07,US,adv_demo_001,SPONSORED_BRANDS,VIDEO,VIDEO,,TOP_OF_SEARCH,CLICK,CPC,SPONSORED_BRANDS:VIDEO:TOP_OF_SEARCH:VIDEO:CLICK,USD,0,154,212.52,8,735.28
2026-09-07,US,adv_demo_001,SPONSORED_DISPLAY,DISPLAY,IMAGE,,PRODUCT_PAGE,IMPRESSION,CPM,SPONSORED_DISPLAY:DISPLAY:PRODUCT_PAGE:IMAGE:IMPRESSION,USD,30170,0,0,0,0
2026-09-07,US,adv_demo_001,SPONSORED_DISPLAY,DISPLAY,IMAGE,,PRODUCT_PAGE,CLICK,CPC,SPONSORED_DISPLAY:DISPLAY:PRODUCT_PAGE:IMAGE:CLICK,USD,0,177,162.84,8,620.16
2026-09-07,US,adv_demo_001,SPONSORED_DISPLAY,DISPLAY,VIDEO,,PRODUCT_PAGE,IMPRESSION,CPM,SPONSORED_DISPLAY:DISPLAY:PRODUCT_PAGE:VIDEO:IMPRESSION,USD,25711,0,0,0,0
2026-09-07,US,adv_demo_001,SPONSORED_DISPLAY,VIDEO,VIDEO,,PRODUCT_PAGE,CLICK,CPC,SPONSORED_DISPLAY:VIDEO:PRODUCT_PAGE:VIDEO:CLICK,USD,0,113,133.34,6,549.12
2026-09-07,US,adv_demo_001,SPONSORED_PRODUCTS,PRODUCT_AD,,,PRODUCT_PAGE,CLICK,CPC,SPONSORED_PRODUCTS:PRODUCT_AD:PRODUCT_PAGE:UNSPECIFIED:CLICK,USD,0,339,298.32,23,1642.2
2026-09-07,US,adv_demo_001,SPONSORED_PRODUCTS,PRODUCT_AD,,,REST_OF_SEARCH,CLICK,CPC,SPONSORED_PRODUCTS:PRODUCT_AD:REST_OF_SEARCH:UNSPECIFIED:CLICK,USD,0,339,277.98,22,1372.8
2026-09-07,US,adv_demo_001,SPONSORED_PRODUCTS,PRODUCT_AD,,,TOP_OF_SEARCH,IMPRESSION,CPM,SPONSORED_PRODUCTS:PRODUCT_AD:TOP_OF_SEARCH:UNSPECIFIED:IMPRESSION,USD,42075,0,0,0,0
2026-09-07,US,adv_demo_001,SPONSORED_PRODUCTS,PRODUCT_AD,,,TOP_OF_SEARCH,CLICK,CPC,SPONSORED_PRODUCTS:PRODUCT_AD:TOP_OF_SEARCH:UNSPECIFIED:CLICK,USD,0,490,499.8,38,2653.92
2026-09-08,US,adv_demo_001,AMAZON_DSP,,,AUDIO,,IMPRESSION,CPM,AMAZON_DSP:AUDIO:UNSPECIFIED:UNSPECIFIED:IMPRESSION,USD,45360,0,816.48,0,0
2026-09-08,US,adv_demo_001,AMAZON_DSP,,IMAGE,DISPLAY,,IMPRESSION,CPM,AMAZON_DSP:DISPLAY:UNSPECIFIED:IMAGE:IMPRESSION,USD,54901,0,686.26,0,0
2026-09-08,US,adv_demo_001,AMAZON_DSP,,VIDEO,ONLINE_VIDEO,,IMPRESSION,CPM,AMAZON_DSP:ONLINE_VIDEO:UNSPECIFIED:VIDEO:IMPRESSION,USD,42442,0,848.84,0,0
2026-09-08,US,adv_demo_001,AMAZON_DSP,,VIDEO,STREAMING_TV,,IMPRESSION,CPM,AMAZON_DSP:STREAMING_TV:UNSPECIFIED:VIDEO:IMPRESSION,USD,50983,0,1427.52,0,0
2026-09-08,US,adv_demo_001,SPONSORED_BRANDS,COMPONENT,IMAGE,,TOP_OF_SEARCH,IMPRESSION,CPM,SPONSORED_BRANDS:COMPONENT:TOP_OF_SEARCH:IMAGE:IMPRESSION,USD,23524,0,0,0,0
2026-09-08,US,adv_demo_001,SPONSORED_BRANDS,COMPONENT,IMAGE,,TOP_OF_SEARCH,CLICK,CPC,SPONSORED_BRANDS:COMPONENT:TOP_OF_SEARCH:IMAGE:CLICK,USD,0,186,223.2,10,836.4
2026-09-08,US,adv_demo_001,SPONSORED_BRANDS,DISPLAY,IMAGE,,REST_OF_SEARCH,IMPRESSION,CPM,SPONSORED_BRANDS:DISPLAY:REST_OF_SEARCH:IMAGE:IMPRESSION,USD,27065,0,0,0,0
2026-09-08,US,adv_demo_001,SPONSORED_BRANDS,VIDEO,VIDEO,,TOP_OF_SEARCH,IMPRESSION,CPM,SPONSORED_BRANDS:VIDEO:TOP_OF_SEARCH:VIDEO:IMPRESSION,USD,22606,0,0,0,0
2026-09-08,US,adv_demo_001,SPONSORED_BRANDS,VIDEO,VIDEO,,TOP_OF_SEARCH,CLICK,CPC,SPONSORED_BRANDS:VIDEO:TOP_OF_SEARCH:VIDEO:CLICK,USD,0,162,223.56,8,757.12
2026-09-08,US,adv_demo_001,SPONSORED_DISPLAY,DISPLAY,IMAGE,,PRODUCT_PAGE,IMPRESSION,CPM,SPONSORED_DISPLAY:DISPLAY:PRODUCT_PAGE:IMAGE:IMPRESSION,USD,24347,0,0,0,0
2026-09-08,US,adv_demo_001,SPONSORED_DISPLAY,DISPLAY,IMAGE,,PRODUCT_PAGE,CLICK,CPC,SPONSORED_DISPLAY:DISPLAY:PRODUCT_PAGE:IMAGE:CLICK,USD,0,144,132.48,7,558.6
2026-09-08,US,adv_demo_001,SPONSORED_DISPLAY,DISPLAY,VIDEO,,PRODUCT_PAGE,IMPRESSION,CPM,SPONSORED_DISPLAY:DISPLAY:PRODUCT_PAGE:VIDEO:IMPRESSION,USD,19888,0,0,0,0
2026-09-08,US,adv_demo_001,SPONSORED_DISPLAY,VIDEO,VIDEO,,PRODUCT_PAGE,CLICK,CPC,SPONSORED_DISPLAY:VIDEO:PRODUCT_PAGE:VIDEO:CLICK,USD,0,121,142.78,6,512.16
2026-09-08,US,adv_demo_001,SPONSORED_PRODUCTS,PRODUCT_AD,,,PRODUCT_PAGE,CLICK,CPC,SPONSORED_PRODUCTS:PRODUCT_AD:PRODUCT_PAGE:UNSPECIFIED:CLICK,USD,0,352,309.76,25,1666.0
2026-09-08,US,adv_demo_001,SPONSORED_PRODUCTS,PRODUCT_AD,,,REST_OF_SEARCH,CLICK,CPC,SPONSORED_PRODUCTS:PRODUCT_AD:REST_OF_SEARCH:UNSPECIFIED:CLICK,USD,0,351,287.82,23,1480.05
2026-09-08,US,adv_demo_001,SPONSORED_PRODUCTS,PRODUCT_AD,,,TOP_OF_SEARCH,IMPRESSION,CPM,SPONSORED_PRODUCTS:PRODUCT_AD:TOP_OF_SEARCH:UNSPECIFIED:IMPRESSION,USD,43052,0,0,0,0
2026-09-08,US,adv_demo_001,SPONSORED_PRODUCTS,PRODUCT_AD,,,TOP_OF_SEARCH,CLICK,CPC,SPONSORED_PRODUCTS:PRODUCT_AD:TOP_OF_SEARCH:UNSPECIFIED:CLICK,USD,0,506,516.12,40,2880.0
2026-09-09,US,adv_demo_001,AMAZON_DSP,,,AUDIO,,IMPRESSION,CPM,AMAZON_DSP:AUDIO:UNSPECIFIED:UNSPECIFIED:IMPRESSION,USD,46337,0,834.07,0,0
2026-09-09,US,adv_demo_001,AMAZON_DSP,,IMAGE,DISPLAY,,IMPRESSION,CPM,AMAZON_DSP:DISPLAY:UNSPECIFIED:IMAGE:IMPRESSION,USD,55878,0,698.48,0,0
2026-09-09,US,adv_demo_001,AMAZON_DSP,,VIDEO,ONLINE_VIDEO,,IMPRESSION,CPM,AMAZON_DSP:ONLINE_VIDEO:UNSPECIFIED:VIDEO:IMPRESSION,USD,43419,0,868.38,0,0
2026-09-09,US,adv_demo_001,AMAZON_DSP,,VIDEO,STREAMING_TV,,IMPRESSION,CPM,AMAZON_DSP:STREAMING_TV:UNSPECIFIED:VIDEO:IMPRESSION,USD,51960,0,1454.88,0,0
2026-09-09,US,adv_demo_001,SPONSORED_BRANDS,COMPONENT,IMAGE,,TOP_OF_SEARCH,IMPRESSION,CPM,SPONSORED_BRANDS:COMPONENT:TOP_OF_SEARCH:IMAGE:IMPRESSION,USD,24501,0,0,0,0
2026-09-09,US,adv_demo_001,SPONSORED_BRANDS,COMPONENT,IMAGE,,TOP_OF_SEARCH,CLICK,CPC,SPONSORED_BRANDS:COMPONENT:TOP_OF_SEARCH:IMAGE:CLICK,USD,0,196,235.2,11,947.1
2026-09-09,US,adv_demo_001,SPONSORED_BRANDS,DISPLAY,IMAGE,,REST_OF_SEARCH,IMPRESSION,CPM,SPONSORED_BRANDS:DISPLAY:REST_OF_SEARCH:IMAGE:IMPRESSION,USD,21242,0,0,0,0
2026-09-09,US,adv_demo_001,SPONSORED_BRANDS,VIDEO,VIDEO,,TOP_OF_SEARCH,IMPRESSION,CPM,SPONSORED_BRANDS:VIDEO:TOP_OF_SEARCH:VIDEO:IMPRESSION,USD,16783,0,0,0,0
2026-09-09,US,adv_demo_001,SPONSORED_BRANDS,VIDEO,VIDEO,,TOP_OF_SEARCH,CLICK,CPC,SPONSORED_BRANDS:VIDEO:TOP_OF_SEARCH:VIDEO:CLICK,USD,0,122,168.36,6,529.62
2026-09-09,US,adv_demo_001,SPONSORED_DISPLAY,DISPLAY,IMAGE,,PRODUCT_PAGE,IMPRESSION,CPM,SPONSORED_DISPLAY:DISPLAY:PRODUCT_PAGE:IMAGE:IMPRESSION,USD,25324,0,0,0,0
2026-09-09,US,adv_demo_001,SPONSORED_DISPLAY,DISPLAY,IMAGE,,PRODUCT_PAGE,CLICK,CPC,SPONSORED_DISPLAY:DISPLAY:PRODUCT_PAGE:IMAGE:CLICK,USD,0,138,126.96,6,446.88
2026-09-09,US,adv_demo_001,SPONSORED_DISPLAY,DISPLAY,VIDEO,,PRODUCT_PAGE,IMPRESSION,CPM,SPONSORED_DISPLAY:DISPLAY:PRODUCT_PAGE:VIDEO:IMPRESSION,USD,20865,0,0,0,0
2026-09-09,US,adv_demo_001,SPONSORED_DISPLAY,VIDEO,VIDEO,,PRODUCT_PAGE,CLICK,CPC,SPONSORED_DISPLAY:VIDEO:PRODUCT_PAGE:VIDEO:CLICK,USD,0,129,152.22,6,528.0
2026-09-09,US,adv_demo_001,SPONSORED_PRODUCTS,PRODUCT_AD,,,PRODUCT_PAGE,CLICK,CPC,SPONSORED_PRODUCTS:PRODUCT_AD:PRODUCT_PAGE:UNSPECIFIED:CLICK,USD,0,366,322.08,26,1785.68
2026-09-09,US,adv_demo_001,SPONSORED_PRODUCTS,PRODUCT_AD,,,REST_OF_SEARCH,CLICK,CPC,SPONSORED_PRODUCTS:PRODUCT_AD:REST_OF_SEARCH:UNSPECIFIED:CLICK,USD,0,364,298.48,24,1591.2
2026-09-09,US,adv_demo_001,SPONSORED_PRODUCTS,PRODUCT_AD,,,TOP_OF_SEARCH,IMPRESSION,CPM,SPONSORED_PRODUCTS:PRODUCT_AD:TOP_OF_SEARCH:UNSPECIFIED:IMPRESSION,USD,44029,0,0,0,0
2026-09-09,US,adv_demo_001,SPONSORED_PRODUCTS,PRODUCT_AD,,,TOP_OF_SEARCH,CLICK,CPC,SPONSORED_PRODUCTS:PRODUCT_AD:TOP_OF_SEARCH:UNSPECIFIED:CLICK,USD,0,523,533.46,42,3114.72
2026-09-10,US,adv_demo_001,AMAZON_DSP,,,AUDIO,,IMPRESSION,CPM,AMAZON_DSP:AUDIO:UNSPECIFIED:UNSPECIFIED:IMPRESSION,USD,47314,0,851.65,0,0
2026-09-10,US,adv_demo_001,AMAZON_DSP,,IMAGE,DISPLAY,,IMPRESSION,CPM,AMAZON_DSP:DISPLAY:UNSPECIFIED:IMAGE:IMPRESSION,USD,56855,0,710.69,0,0
2026-09-10,US,adv_demo_001,AMAZON_DSP,,VIDEO,ONLINE_VIDEO,,IMPRESSION,CPM,AMAZON_DSP:ONLINE_VIDEO:UNSPECIFIED:VIDEO:IMPRESSION,USD,44396,0,887.92,0,0
2026-09-10,US,adv_demo_001,AMAZON_DSP,,VIDEO,STREAMING_TV,,IMPRESSION,CPM,AMAZON_DSP:STREAMING_TV:UNSPECIFIED:VIDEO:IMPRESSION,USD,46137,0,1291.84,0,0
2026-09-10,US,adv_demo_001,SPONSORED_BRANDS,COMPONENT,IMAGE,,TOP_OF_SEARCH,IMPRESSION,CPM,SPONSORED_BRANDS:COMPONENT:TOP_OF_SEARCH:IMAGE:IMPRESSION,USD,18678,0,0,0,0
2026-09-10,US,adv_demo_001,SPONSORED_BRANDS,COMPONENT,IMAGE,,TOP_OF_SEARCH,CLICK,CPC,SPONSORED_BRANDS:COMPONENT:TOP_OF_SEARCH:IMAGE:CLICK,USD,0,151,181.2,8,642.88
2026-09-10,US,adv_demo_001,SPONSORED_BRANDS,DISPLAY,IMAGE,,REST_OF_SEARCH,IMPRESSION,CPM,SPONSORED_BRANDS:DISPLAY:REST_OF_SEARCH:IMAGE:IMPRESSION,USD,22219,0,0,0,0
2026-09-10,US,adv_demo_001,SPONSORED_BRANDS,VIDEO,VIDEO,,TOP_OF_SEARCH,IMPRESSION,CPM,SPONSORED_BRANDS:VIDEO:TOP_OF_SEARCH:VIDEO:IMPRESSION,USD,17760,0,0,0,0
2026-09-10,US,adv_demo_001,SPONSORED_BRANDS,VIDEO,VIDEO,,TOP_OF_SEARCH,CLICK,CPC,SPONSORED_BRANDS:VIDEO:TOP_OF_SEARCH:VIDEO:CLICK,USD,0,119,164.22,6,546.0
2026-09-10,US,adv_demo_001,SPONSORED_DISPLAY,DISPLAY,IMAGE,,PRODUCT_PAGE,IMPRESSION,CPM,SPONSORED_DISPLAY:DISPLAY:PRODUCT_PAGE:IMAGE:IMPRESSION,USD,26301,0,0,0,0
2026-09-10,US,adv_demo_001,SPONSORED_DISPLAY,DISPLAY,IMAGE,,PRODUCT_PAGE,CLICK,CPC,SPONSORED_DISPLAY:DISPLAY:PRODUCT_PAGE:IMAGE:CLICK,USD,0,145,133.4,6,460.56
2026-09-10,US,adv_demo_001,SPONSORED_DISPLAY,DISPLAY,VIDEO,,PRODUCT_PAGE,IMPRESSION,CPM,SPONSORED_DISPLAY:DISPLAY:PRODUCT_PAGE:VIDEO:IMPRESSION,USD,21842,0,0,0,0
2026-09-10,US,adv_demo_001,SPONSORED_DISPLAY,VIDEO,VIDEO,,PRODUCT_PAGE,CLICK,CPC,SPONSORED_DISPLAY:VIDEO:PRODUCT_PAGE:VIDEO:CLICK,USD,0,136,160.48,6,543.84
2026-09-10,US,adv_demo_001,SPONSORED_PRODUCTS,PRODUCT_AD,,,PRODUCT_PAGE,CLICK,CPC,SPONSORED_PRODUCTS:PRODUCT_AD:PRODUCT_PAGE:UNSPECIFIED:CLICK,USD,0,380,334.4,28,1980.16
2026-09-10,US,adv_demo_001,SPONSORED_PRODUCTS,PRODUCT_AD,,,REST_OF_SEARCH,CLICK,CPC,SPONSORED_PRODUCTS:PRODUCT_AD:REST_OF_SEARCH:UNSPECIFIED:CLICK,USD,0,377,309.14,26,1774.5
2026-09-10,US,adv_demo_001,SPONSORED_PRODUCTS,PRODUCT_AD,,,TOP_OF_SEARCH,IMPRESSION,CPM,SPONSORED_PRODUCTS:PRODUCT_AD:TOP_OF_SEARCH:UNSPECIFIED:IMPRESSION,USD,45006,0,0,0,0
2026-09-10,US,adv_demo_001,SPONSORED_PRODUCTS,PRODUCT_AD,,,TOP_OF_SEARCH,CLICK,CPC,SPONSORED_PRODUCTS:PRODUCT_AD:TOP_OF_SEARCH:UNSPECIFIED:CLICK,USD,0,540,550.8,44,3041.28
2026-09-11,US,adv_demo_001,AMAZON_DSP,,,AUDIO,,IMPRESSION,CPM,AMAZON_DSP:AUDIO:UNSPECIFIED:UNSPECIFIED:IMPRESSION,USD,48291,0,869.24,0,0
2026-09-11,US,adv_demo_001,AMAZON_DSP,,IMAGE,DISPLAY,,IMPRESSION,CPM,AMAZON_DSP:DISPLAY:UNSPECIFIED:IMAGE:IMPRESSION,USD,51032,0,637.9,0,0
2026-09-11,US,adv_demo_001,AMAZON_DSP,,VIDEO,ONLINE_VIDEO,,IMPRESSION,CPM,AMAZON_DSP:ONLINE_VIDEO:UNSPECIFIED:VIDEO:IMPRESSION,USD,38573,0,771.46,0,0
2026-09-11,US,adv_demo_001,AMAZON_DSP,,VIDEO,STREAMING_TV,,IMPRESSION,CPM,AMAZON_DSP:STREAMING_TV:UNSPECIFIED:VIDEO:IMPRESSION,USD,47114,0,1319.19,0,0
2026-09-11,US,adv_demo_001,SPONSORED_BRANDS,COMPONENT,IMAGE,,TOP_OF_SEARCH,IMPRESSION,CPM,SPONSORED_BRANDS:COMPONENT:TOP_OF_SEARCH:IMAGE:IMPRESSION,USD,19655,0,0,0,0
2026-09-11,US,adv_demo_001,SPONSORED_BRANDS,COMPONENT,IMAGE,,TOP_OF_SEARCH,CLICK,CPC,SPONSORED_BRANDS:COMPONENT:TOP_OF_SEARCH:IMAGE:CLICK,USD,0,160,192.0,8,662.56
2026-09-11,US,adv_demo_001,SPONSORED_BRANDS,DISPLAY,IMAGE,,REST_OF_SEARCH,IMPRESSION,CPM,SPONSORED_BRANDS:DISPLAY:REST_OF_SEARCH:IMAGE:IMPRESSION,USD,23196,0,0,0,0
2026-09-11,US,adv_demo_001,SPONSORED_BRANDS,VIDEO,VIDEO,,TOP_OF_SEARCH,IMPRESSION,CPM,SPONSORED_BRANDS:VIDEO:TOP_OF_SEARCH:VIDEO:IMPRESSION,USD,18737,0,0,0,0
2026-09-11,US,adv_demo_001,SPONSORED_BRANDS,VIDEO,VIDEO,,TOP_OF_SEARCH,CLICK,CPC,SPONSORED_BRANDS:VIDEO:TOP_OF_SEARCH:VIDEO:CLICK,USD,0,126,173.88,6,562.38
2026-09-11,US,adv_demo_001,SPONSORED_DISPLAY,DISPLAY,IMAGE,,PRODUCT_PAGE,IMPRESSION,CPM,SPONSORED_DISPLAY:DISPLAY:PRODUCT_PAGE:IMAGE:IMPRESSION,USD,27278,0,0,0,0
2026-09-11,US,adv_demo_001,SPONSORED_DISPLAY,DISPLAY,IMAGE,,PRODUCT_PAGE,CLICK,CPC,SPONSORED_DISPLAY:DISPLAY:PRODUCT_PAGE:IMAGE:CLICK,USD,0,152,139.84,7,553.28
2026-09-11,US,adv_demo_001,SPONSORED_DISPLAY,DISPLAY,VIDEO,,PRODUCT_PAGE,IMPRESSION,CPM,SPONSORED_DISPLAY:DISPLAY:PRODUCT_PAGE:VIDEO:IMPRESSION,USD,22819,0,0,0,0
2026-09-11,US,adv_demo_001,SPONSORED_DISPLAY,VIDEO,VIDEO,,PRODUCT_PAGE,CLICK,CPC,SPONSORED_DISPLAY:VIDEO:PRODUCT_PAGE:VIDEO:CLICK,USD,0,144,169.92,7,591.36
2026-09-11,US,adv_demo_001,SPONSORED_PRODUCTS,PRODUCT_AD,,,PRODUCT_PAGE,CLICK,CPC,SPONSORED_PRODUCTS:PRODUCT_AD:PRODUCT_PAGE:UNSPECIFIED:CLICK,USD,0,394,346.72,30,1978.8
2026-09-11,US,adv_demo_001,SPONSORED_PRODUCTS,PRODUCT_AD,,,REST_OF_SEARCH,CLICK,CPC,SPONSORED_PRODUCTS:PRODUCT_AD:REST_OF_SEARCH:UNSPECIFIED:CLICK,USD,0,390,319.8,27,1719.9
2026-09-11,US,adv_demo_001,SPONSORED_PRODUCTS,PRODUCT_AD,,,TOP_OF_SEARCH,IMPRESSION,CPM,SPONSORED_PRODUCTS:PRODUCT_AD:TOP_OF_SEARCH:UNSPECIFIED:IMPRESSION,USD,45983,0,0,0,0
2026-09-11,US,adv_demo_001,SPONSORED_PRODUCTS,PRODUCT_AD,,,TOP_OF_SEARCH,CLICK,CPC,SPONSORED_PRODUCTS:PRODUCT_AD:TOP_OF_SEARCH:UNSPECIFIED:CLICK,USD,0,557,568.14,47,3350.16
2026-09-12,US,adv_demo_001,AMAZON_DSP,,,AUDIO,,IMPRESSION,CPM,AMAZON_DSP:AUDIO:UNSPECIFIED:UNSPECIFIED:IMPRESSION,USD,42468,0,764.42,0,0
2026-09-12,US,adv_demo_001,AMAZON_DSP,,IMAGE,DISPLAY,,IMPRESSION,CPM,AMAZON_DSP:DISPLAY:UNSPECIFIED:IMAGE:IMPRESSION,USD,52009,0,650.11,0,0
2026-09-12,US,adv_demo_001,AMAZON_DSP,,VIDEO,ONLINE_VIDEO,,IMPRESSION,CPM,AMAZON_DSP:ONLINE_VIDEO:UNSPECIFIED:VIDEO:IMPRESSION,USD,39550,0,791.0,0,0
2026-09-12,US,adv_demo_001,AMAZON_DSP,,VIDEO,STREAMING_TV,,IMPRESSION,CPM,AMAZON_DSP:STREAMING_TV:UNSPECIFIED:VIDEO:IMPRESSION,USD,48091,0,1346.55,0,0
2026-09-12,US,adv_demo_001,SPONSORED_BRANDS,COMPONENT,IMAGE,,TOP_OF_SEARCH,IMPRESSION,CPM,SPONSORED_BRANDS:COMPONENT:TOP_OF_SEARCH:IMAGE:IMPRESSION,USD,20632,0,0,0,0
2026-09-12,US,adv_demo_001,SPONSORED_BRANDS,COMPONENT,IMAGE,,TOP_OF_SEARCH,CLICK,CPC,SPONSORED_BRANDS:COMPONENT:TOP_OF_SEARCH:IMAGE:CLICK,USD,0,155,186.0,8,682.24
2026-09-12,US,adv_demo_001,SPONSORED_BRANDS,DISPLAY,IMAGE,,REST_OF_SEARCH,IMPRESSION,CPM,SPONSORED_BRANDS:DISPLAY:REST_OF_SEARCH:IMAGE:IMPRESSION,USD,24173,0,0,0,0
2026-09-12,US,adv_demo_001,SPONSORED_BRANDS,VIDEO,VIDEO,,TOP_OF_SEARCH,IMPRESSION,CPM,SPONSORED_BRANDS:VIDEO:TOP_OF_SEARCH:VIDEO:IMPRESSION,USD,19714,0,0,0,0
2026-09-12,US,adv_demo_001,SPONSORED_BRANDS,VIDEO,VIDEO,,TOP_OF_SEARCH,CLICK,CPC,SPONSORED_BRANDS:VIDEO:TOP_OF_SEARCH:VIDEO:CLICK,USD,0,134,184.92,7,611.52
2026-09-12,US,adv_demo_001,SPONSORED_DISPLAY,DISPLAY,IMAGE,,PRODUCT_PAGE,IMPRESSION,CPM,SPONSORED_DISPLAY:DISPLAY:PRODUCT_PAGE:IMAGE:IMPRESSION,USD,28255,0,0,0,0
2026-09-12,US,adv_demo_001,SPONSORED_DISPLAY,DISPLAY,IMAGE,,PRODUCT_PAGE,CLICK,CPC,SPONSORED_DISPLAY:DISPLAY:PRODUCT_PAGE:IMAGE:CLICK,USD,0,159,146.28,7,516.04
2026-09-12,US,adv_demo_001,SPONSORED_DISPLAY,DISPLAY,VIDEO,,PRODUCT_PAGE,IMPRESSION,CPM,SPONSORED_DISPLAY:DISPLAY:PRODUCT_PAGE:VIDEO:IMPRESSION,USD,23796,0,0,0,0
2026-09-12,US,adv_demo_001,SPONSORED_DISPLAY,VIDEO,VIDEO,,PRODUCT_PAGE,CLICK,CPC,SPONSORED_DISPLAY:VIDEO:PRODUCT_PAGE:VIDEO:CLICK,USD,0,153,180.54,8,696.96
2026-09-12,US,adv_demo_001,SPONSORED_PRODUCTS,PRODUCT_AD,,,PRODUCT_PAGE,CLICK,CPC,SPONSORED_PRODUCTS:PRODUCT_AD:PRODUCT_PAGE:UNSPECIFIED:CLICK,USD,0,408,359.04,31,2108.0
2026-09-12,US,adv_demo_001,SPONSORED_PRODUCTS,PRODUCT_AD,,,REST_OF_SEARCH,CLICK,CPC,SPONSORED_PRODUCTS:PRODUCT_AD:REST_OF_SEARCH:UNSPECIFIED:CLICK,USD,0,403,330.46,26,1706.9
2026-09-12,US,adv_demo_001,SPONSORED_PRODUCTS,PRODUCT_AD,,,TOP_OF_SEARCH,IMPRESSION,CPM,SPONSORED_PRODUCTS:PRODUCT_AD:TOP_OF_SEARCH:UNSPECIFIED:IMPRESSION,USD,40160,0,0,0,0
2026-09-12,US,adv_demo_001,SPONSORED_PRODUCTS,PRODUCT_AD,,,TOP_OF_SEARCH,CLICK,CPC,SPONSORED_PRODUCTS:PRODUCT_AD:TOP_OF_SEARCH:UNSPECIFIED:CLICK,USD,0,492,501.84,38,2790.72
2026-09-13,US,adv_demo_001,AMAZON_DSP,,,AUDIO,,IMPRESSION,CPM,AMAZON_DSP:AUDIO:UNSPECIFIED:UNSPECIFIED:IMPRESSION,USD,43445,0,782.01,0,0
2026-09-13,US,adv_demo_001,AMAZON_DSP,,IMAGE,DISPLAY,,IMPRESSION,CPM,AMAZON_DSP:DISPLAY:UNSPECIFIED:IMAGE:IMPRESSION,USD,52986,0,662.32,0,0
2026-09-13,US,adv_demo_001,AMAZON_DSP,,VIDEO,ONLINE_VIDEO,,IMPRESSION,CPM,AMAZON_DSP:ONLINE_VIDEO:UNSPECIFIED:VIDEO:IMPRESSION,USD,40527,0,810.54,0,0
2026-09-13,US,adv_demo_001,AMAZON_DSP,,VIDEO,STREAMING_TV,,IMPRESSION,CPM,AMAZON_DSP:STREAMING_TV:UNSPECIFIED:VIDEO:IMPRESSION,USD,49068,0,1373.9,0,0
2026-09-13,US,adv_demo_001,SPONSORED_BRANDS,COMPONENT,IMAGE,,TOP_OF_SEARCH,IMPRESSION,CPM,SPONSORED_BRANDS:COMPONENT:TOP_OF_SEARCH:IMAGE:IMPRESSION,USD,21609,0,0,0,0
2026-09-13,US,adv_demo_001,SPONSORED_BRANDS,COMPONENT,IMAGE,,TOP_OF_SEARCH,CLICK,CPC,SPONSORED_BRANDS:COMPONENT:TOP_OF_SEARCH:IMAGE:CLICK,USD,0,164,196.8,9,715.86
2026-09-13,US,adv_demo_001,SPONSORED_BRANDS,DISPLAY,IMAGE,,REST_OF_SEARCH,IMPRESSION,CPM,SPONSORED_BRANDS:DISPLAY:REST_OF_SEARCH:IMAGE:IMPRESSION,USD,25150,0,0,0,0
2026-09-13,US,adv_demo_001,SPONSORED_BRANDS,VIDEO,VIDEO,,TOP_OF_SEARCH,IMPRESSION,CPM,SPONSORED_BRANDS:VIDEO:TOP_OF_SEARCH:VIDEO:IMPRESSION,USD,20691,0,0,0,0
2026-09-13,US,adv_demo_001,SPONSORED_BRANDS,VIDEO,VIDEO,,TOP_OF_SEARCH,CLICK,CPC,SPONSORED_BRANDS:VIDEO:TOP_OF_SEARCH:VIDEO:CLICK,USD,0,142,195.96,7,630.63
2026-09-13,US,adv_demo_001,SPONSORED_DISPLAY,DISPLAY,IMAGE,,PRODUCT_PAGE,IMPRESSION,CPM,SPONSORED_DISPLAY:DISPLAY:PRODUCT_PAGE:IMAGE:IMPRESSION,USD,29232,0,0,0,0
2026-09-13,US,adv_demo_001,SPONSORED_DISPLAY,DISPLAY,IMAGE,,PRODUCT_PAGE,CLICK,CPC,SPONSORED_DISPLAY:DISPLAY:PRODUCT_PAGE:IMAGE:CLICK,USD,0,166,152.72,8,608.0
2026-09-13,US,adv_demo_001,SPONSORED_DISPLAY,DISPLAY,VIDEO,,PRODUCT_PAGE,IMPRESSION,CPM,SPONSORED_DISPLAY:DISPLAY:PRODUCT_PAGE:VIDEO:IMPRESSION,USD,24773,0,0,0,0
2026-09-13,US,adv_demo_001,SPONSORED_DISPLAY,VIDEO,VIDEO,,PRODUCT_PAGE,CLICK,CPC,SPONSORED_DISPLAY:VIDEO:PRODUCT_PAGE:VIDEO:CLICK,USD,0,161,189.98,7,628.32
2026-09-13,US,adv_demo_001,SPONSORED_PRODUCTS,PRODUCT_AD,,,PRODUCT_PAGE,CLICK,CPC,SPONSORED_PRODUCTS:PRODUCT_AD:PRODUCT_PAGE:UNSPECIFIED:CLICK,USD,0,351,308.88,24,1680.96
2026-09-13,US,adv_demo_001,SPONSORED_PRODUCTS,PRODUCT_AD,,,REST_OF_SEARCH,CLICK,CPC,SPONSORED_PRODUCTS:PRODUCT_AD:REST_OF_SEARCH:UNSPECIFIED:CLICK,USD,0,351,287.82,23,1554.8
2026-09-13,US,adv_demo_001,SPONSORED_PRODUCTS,PRODUCT_AD,,,TOP_OF_SEARCH,IMPRESSION,CPM,SPONSORED_PRODUCTS:PRODUCT_AD:TOP_OF_SEARCH:UNSPECIFIED:IMPRESSION,USD,41137,0,0,0,0
2026-09-13,US,adv_demo_001,SPONSORED_PRODUCTS,PRODUCT_AD,,,TOP_OF_SEARCH,CLICK,CPC,SPONSORED_PRODUCTS:PRODUCT_AD:TOP_OF_SEARCH:UNSPECIFIED:CLICK,USD,0,464,473.28,36,2721.6
2026-09-14,US,adv_demo_001,AMAZON_DSP,,,AUDIO,,IMPRESSION,CPM,AMAZON_DSP:AUDIO:UNSPECIFIED:UNSPECIFIED:IMPRESSION,USD,44422,0,799.6,0,0
2026-09-14,US,adv_demo_001,AMAZON_DSP,,IMAGE,DISPLAY,,IMPRESSION,CPM,AMAZON_DSP:DISPLAY:UNSPECIFIED:IMAGE:IMPRESSION,USD,53963,0,674.54,0,0
2026-09-14,US,adv_demo_001,AMAZON_DSP,,VIDEO,ONLINE_VIDEO,,IMPRESSION,CPM,AMAZON_DSP:ONLINE_VIDEO:UNSPECIFIED:VIDEO:IMPRESSION,USD,41504,0,830.08,0,0
2026-09-14,US,adv_demo_001,AMAZON_DSP,,VIDEO,STREAMING_TV,,IMPRESSION,CPM,AMAZON_DSP:STREAMING_TV:UNSPECIFIED:VIDEO:IMPRESSION,USD,50045,0,1401.26,0,0
2026-09-14,US,adv_demo_001,SPONSORED_BRANDS,COMPONENT,IMAGE,,TOP_OF_SEARCH,IMPRESSION,CPM,SPONSORED_BRANDS:COMPONENT:TOP_OF_SEARCH:IMAGE:IMPRESSION,USD,22586,0,0,0,0
2026-09-14,US,adv_demo_001,SPONSORED_BRANDS,COMPONENT,IMAGE,,TOP_OF_SEARCH,CLICK,CPC,SPONSORED_BRANDS:COMPONENT:TOP_OF_SEARCH:IMAGE:CLICK,USD,0,173,207.6,10,820.0
2026-09-14,US,adv_demo_001,SPONSORED_BRANDS,DISPLAY,IMAGE,,REST_OF_SEARCH,IMPRESSION,CPM,SPONSORED_BRANDS:DISPLAY:REST_OF_SEARCH:IMAGE:IMPRESSION,USD,26127,0,0,0,0
2026-09-14,US,adv_demo_001,SPONSORED_BRANDS,VIDEO,VIDEO,,TOP_OF_SEARCH,IMPRESSION,CPM,SPONSORED_BRANDS:VIDEO:TOP_OF_SEARCH:VIDEO:IMPRESSION,USD,21668,0,0,0,0
2026-09-14,US,adv_demo_001,SPONSORED_BRANDS,VIDEO,VIDEO,,TOP_OF_SEARCH,CLICK,CPC,SPONSORED_BRANDS:VIDEO:TOP_OF_SEARCH:VIDEO:CLICK,USD,0,151,208.38,8,742.56
2026-09-14,US,adv_demo_001,SPONSORED_DISPLAY,DISPLAY,IMAGE,,PRODUCT_PAGE,IMPRESSION,CPM,SPONSORED_DISPLAY:DISPLAY:PRODUCT_PAGE:IMAGE:IMPRESSION,USD,30209,0,0,0,0
2026-09-14,US,adv_demo_001,SPONSORED_DISPLAY,DISPLAY,IMAGE,,PRODUCT_PAGE,CLICK,CPC,SPONSORED_DISPLAY:DISPLAY:PRODUCT_PAGE:IMAGE:CLICK,USD,0,173,159.16,7,547.96
2026-09-14,US,adv_demo_001,SPONSORED_DISPLAY,DISPLAY,VIDEO,,PRODUCT_PAGE,IMPRESSION,CPM,SPONSORED_DISPLAY:DISPLAY:PRODUCT_PAGE:VIDEO:IMPRESSION,USD,25750,0,0,0,0
2026-09-14,US,adv_demo_001,SPONSORED_DISPLAY,VIDEO,VIDEO,,PRODUCT_PAGE,CLICK,CPC,SPONSORED_DISPLAY:VIDEO:PRODUCT_PAGE:VIDEO:CLICK,USD,0,122,143.96,6,554.4
2026-09-14,US,adv_demo_001,SPONSORED_PRODUCTS,PRODUCT_AD,,,PRODUCT_PAGE,CLICK,CPC,SPONSORED_PRODUCTS:PRODUCT_AD:PRODUCT_PAGE:UNSPECIFIED:CLICK,USD,0,364,320.32,26,1697.28
2026-09-14,US,adv_demo_001,SPONSORED_PRODUCTS,PRODUCT_AD,,,REST_OF_SEARCH,CLICK,CPC,SPONSORED_PRODUCTS:PRODUCT_AD:REST_OF_SEARCH:UNSPECIFIED:CLICK,USD,0,332,272.24,22,1387.1
2026-09-14,US,adv_demo_001,SPONSORED_PRODUCTS,PRODUCT_AD,,,TOP_OF_SEARCH,IMPRESSION,CPM,SPONSORED_PRODUCTS:PRODUCT_AD:TOP_OF_SEARCH:UNSPECIFIED:IMPRESSION,USD,42114,0,0,0,0
2026-09-14,US,adv_demo_001,SPONSORED_PRODUCTS,PRODUCT_AD,,,TOP_OF_SEARCH,CLICK,CPC,SPONSORED_PRODUCTS:PRODUCT_AD:TOP_OF_SEARCH:UNSPECIFIED:CLICK,USD,0,480,489.6,38,2681.28
2026-09-15,US,adv_demo_001,AMAZON_DSP,,,AUDIO,,IMPRESSION,CPM,AMAZON_DSP:AUDIO:UNSPECIFIED:UNSPECIFIED:IMPRESSION,USD,45399,0,817.18,0,0
2026-09-15,US,adv_demo_001,AMAZON_DSP,,IMAGE,DISPLAY,,IMPRESSION,CPM,AMAZON_DSP:DISPLAY:UNSPECIFIED:IMAGE:IMPRESSION,USD,54940,0,686.75,0,0
2026-09-15,US,adv_demo_001,AMAZON_DSP,,VIDEO,ONLINE_VIDEO,,IMPRESSION,CPM,AMAZON_DSP:ONLINE_VIDEO:UNSPECIFIED:VIDEO:IMPRESSION,USD,42481,0,849.62,0,0
2026-09-15,US,adv_demo_001,AMAZON_DSP,,VIDEO,STREAMING_TV,,IMPRESSION,CPM,AMAZON_DSP:STREAMING_TV:UNSPECIFIED:VIDEO:IMPRESSION,USD,51022,0,1428.62,0,0
2026-09-15,US,adv_demo_001,SPONSORED_BRANDS,COMPONENT,IMAGE,,TOP_OF_SEARCH,IMPRESSION,CPM,SPONSORED_BRANDS:COMPONENT:TOP_OF_SEARCH:IMAGE:IMPRESSION,USD,23563,0,0,0,0
2026-09-15,US,adv_demo_001,SPONSORED_BRANDS,COMPONENT,IMAGE,,TOP_OF_SEARCH,CLICK,CPC,SPONSORED_BRANDS:COMPONENT:TOP_OF_SEARCH:IMAGE:CLICK,USD,0,183,219.6,10,844.6
2026-09-15,US,adv_demo_001,SPONSORED_BRANDS,DISPLAY,IMAGE,,REST_OF_SEARCH,IMPRESSION,CPM,SPONSORED_BRANDS:DISPLAY:REST_OF_SEARCH:IMAGE:IMPRESSION,USD,27104,0,0,0,0
2026-09-15,US,adv_demo_001,SPONSORED_BRANDS,VIDEO,VIDEO,,TOP_OF_SEARCH,IMPRESSION,CPM,SPONSORED_BRANDS:VIDEO:TOP_OF_SEARCH:VIDEO:IMPRESSION,USD,22645,0,0,0,0
2026-09-15,US,adv_demo_001,SPONSORED_BRANDS,VIDEO,VIDEO,,TOP_OF_SEARCH,CLICK,CPC,SPONSORED_BRANDS:VIDEO:TOP_OF_SEARCH:VIDEO:CLICK,USD,0,159,219.42,7,668.85
2026-09-15,US,adv_demo_001,SPONSORED_DISPLAY,DISPLAY,IMAGE,,PRODUCT_PAGE,IMPRESSION,CPM,SPONSORED_DISPLAY:DISPLAY:PRODUCT_PAGE:IMAGE:IMPRESSION,USD,24386,0,0,0,0
2026-09-15,US,adv_demo_001,SPONSORED_DISPLAY,DISPLAY,IMAGE,,PRODUCT_PAGE,CLICK,CPC,SPONSORED_DISPLAY:DISPLAY:PRODUCT_PAGE:IMAGE:CLICK,USD,0,141,129.72,6,437.76
2026-09-15,US,adv_demo_001,SPONSORED_DISPLAY,DISPLAY,VIDEO,,PRODUCT_PAGE,IMPRESSION,CPM,SPONSORED_DISPLAY:DISPLAY:PRODUCT_PAGE:VIDEO:IMPRESSION,USD,19927,0,0,0,0
2026-09-15,US,adv_demo_001,SPONSORED_DISPLAY,VIDEO,VIDEO,,PRODUCT_PAGE,CLICK,CPC,SPONSORED_DISPLAY:VIDEO:PRODUCT_PAGE:VIDEO:CLICK,USD,0,130,153.4,6,517.44
2026-09-15,US,adv_demo_001,SPONSORED_PRODUCTS,PRODUCT_AD,,,PRODUCT_PAGE,CLICK,CPC,SPONSORED_PRODUCTS:PRODUCT_AD:PRODUCT_PAGE:UNSPECIFIED:CLICK,USD,0,346,304.48,25,1683.0
2026-09-15,US,adv_demo_001,SPONSORED_PRODUCTS,PRODUCT_AD,,,REST_OF_SEARCH,CLICK,CPC,SPONSORED_PRODUCTS:PRODUCT_AD:REST_OF_SEARCH:UNSPECIFIED:CLICK,USD,0,344,282.08,23,1495.0
2026-09-15,US,adv_demo_001,SPONSORED_PRODUCTS,PRODUCT_AD,,,TOP_OF_SEARCH,IMPRESSION,CPM,SPONSORED_PRODUCTS:PRODUCT_AD:TOP_OF_SEARCH:UNSPECIFIED:IMPRESSION,USD,43091,0,0,0,0
2026-09-15,US,adv_demo_001,SPONSORED_PRODUCTS,PRODUCT_AD,,,TOP_OF_SEARCH,CLICK,CPC,SPONSORED_PRODUCTS:PRODUCT_AD:TOP_OF_SEARCH:UNSPECIFIED:CLICK,USD,0,496,505.92,40,2908.8
2026-09-16,US,adv_demo_001,AMAZON_DSP,,,AUDIO,,IMPRESSION,CPM,AMAZON_DSP:AUDIO:UNSPECIFIED:UNSPECIFIED:IMPRESSION,USD,46376,0,834.77,0,0
2026-09-16,US,adv_demo_001,AMAZON_DSP,,IMAGE,DISPLAY,,IMPRESSION,CPM,AMAZON_DSP:DISPLAY:UNSPECIFIED:IMAGE:IMPRESSION,USD,55917,0,698.96,0,0
2026-09-16,US,adv_demo_001,AMAZON_DSP,,VIDEO,ONLINE_VIDEO,,IMPRESSION,CPM,AMAZON_DSP:ONLINE_VIDEO:UNSPECIFIED:VIDEO:IMPRESSION,USD,43458,0,869.16,0,0
2026-09-16,US,adv_demo_001,AMAZON_DSP,,VIDEO,STREAMING_TV,,IMPRESSION,CPM,AMAZON_DSP:STREAMING_TV:UNSPECIFIED:VIDEO:IMPRESSION,USD,51999,0,1455.97,0,0
2026-09-16,US,adv_demo_001,SPONSORED_BRANDS,COMPONENT,IMAGE,,TOP_OF_SEARCH,IMPRESSION,CPM,SPONSORED_BRANDS:COMPONENT:TOP_OF_SEARCH:IMAGE:IMPRESSION,USD,24540,0,0,0,0
2026-09-16,US,adv_demo_001,SPONSORED_BRANDS,COMPONENT,IMAGE,,TOP_OF_SEARCH,CLICK,CPC,SPONSORED_BRANDS:COMPONENT:TOP_OF_SEARCH:IMAGE:CLICK,USD,0,192,230.4,10,787.2
2026-09-16,US,adv_demo_001,SPONSORED_BRANDS,DISPLAY,IMAGE,,REST_OF_SEARCH,IMPRESSION,CPM,SPONSORED_BRANDS:DISPLAY:REST_OF_SEARCH:IMAGE:IMPRESSION,USD,21281,0,0,0,0
2026-09-16,US,adv_demo_001,SPONSORED_BRANDS,VIDEO,VIDEO,,TOP_OF_SEARCH,IMPRESSION,CPM,SPONSORED_BRANDS:VIDEO:TOP_OF_SEARCH:VIDEO:IMPRESSION,USD,16822,0,0,0,0
2026-09-16,US,adv_demo_001,SPONSORED_BRANDS,VIDEO,VIDEO,,TOP_OF_SEARCH,CLICK,CPC,SPONSORED_BRANDS:VIDEO:TOP_OF_SEARCH:VIDEO:CLICK,USD,0,119,164.22,6,535.08
2026-09-16,US,adv_demo_001,SPONSORED_DISPLAY,DISPLAY,IMAGE,,PRODUCT_PAGE,IMPRESSION,CPM,SPONSORED_DISPLAY:DISPLAY:PRODUCT_PAGE:IMAGE:IMPRESSION,USD,25363,0,0,0,0
2026-09-16,US,adv_demo_001,SPONSORED_DISPLAY,DISPLAY,IMAGE,,PRODUCT_PAGE,CLICK,CPC,SPONSORED_DISPLAY:DISPLAY:PRODUCT_PAGE:IMAGE:CLICK,USD,0,149,137.08,6,451.44
2026-09-16,US,adv_demo_001,SPONSORED_DISPLAY,DISPLAY,VIDEO,,PRODUCT_PAGE,IMPRESSION,CPM,SPONSORED_DISPLAY:DISPLAY:PRODUCT_PAGE:VIDEO:IMPRESSION,USD,20904,0,0,0,0
2026-09-16,US,adv_demo_001,SPONSORED_DISPLAY,VIDEO,VIDEO,,PRODUCT_PAGE,CLICK,CPC,SPONSORED_DISPLAY:VIDEO:PRODUCT_PAGE:VIDEO:CLICK,USD,0,126,148.68,6,533.28
2026-09-16,US,adv_demo_001,SPONSORED_PRODUCTS,PRODUCT_AD,,,PRODUCT_PAGE,CLICK,CPC,SPONSORED_PRODUCTS:PRODUCT_AD:PRODUCT_PAGE:UNSPECIFIED:CLICK,USD,0,359,315.92,27,1872.72
2026-09-16,US,adv_demo_001,SPONSORED_PRODUCTS,PRODUCT_AD,,,REST_OF_SEARCH,CLICK,CPC,SPONSORED_PRODUCTS:PRODUCT_AD:REST_OF_SEARCH:UNSPECIFIED:CLICK,USD,0,357,292.74,25,1673.75
2026-09-16,US,adv_demo_001,SPONSORED_PRODUCTS,PRODUCT_AD,,,TOP_OF_SEARCH,IMPRESSION,CPM,SPONSORED_PRODUCTS:PRODUCT_AD:TOP_OF_SEARCH:UNSPECIFIED:IMPRESSION,USD,44068,0,0,0,0
2026-09-16,US,adv_demo_001,SPONSORED_PRODUCTS,PRODUCT_AD,,,TOP_OF_SEARCH,CLICK,CPC,SPONSORED_PRODUCTS:PRODUCT_AD:TOP_OF_SEARCH:UNSPECIFIED:CLICK,USD,0,513,523.26,42,3144.96
2026-09-17,US,adv_demo_001,AMAZON_DSP,,,AUDIO,,IMPRESSION,CPM,AMAZON_DSP:AUDIO:UNSPECIFIED:UNSPECIFIED:IMPRESSION,USD,47353,0,852.35,0,0
2026-09-17,US,adv_demo_001,AMAZON_DSP,,IMAGE,DISPLAY,,IMPRESSION,CPM,AMAZON_DSP:DISPLAY:UNSPECIFIED:IMAGE:IMPRESSION,USD,56894,0,711.17,0,0
2026-09-17,US,adv_demo_001,AMAZON_DSP,,VIDEO,ONLINE_VIDEO,,IMPRESSION,CPM,AMAZON_DSP:ONLINE_VIDEO:UNSPECIFIED:VIDEO:IMPRESSION,USD,44435,0,888.7,0,0
2026-09-17,US,adv_demo_001,AMAZON_DSP,,VIDEO,STREAMING_TV,,IMPRESSION,CPM,AMAZON_DSP:STREAMING_TV:UNSPECIFIED:VIDEO:IMPRESSION,USD,46176,0,1292.93,0,0
2026-09-17,US,adv_demo_001,SPONSORED_BRANDS,COMPONENT,IMAGE,,TOP_OF_SEARCH,IMPRESSION,CPM,SPONSORED_BRANDS:COMPONENT:TOP_OF_SEARCH:IMAGE:IMPRESSION,USD,18717,0,0,0,0
2026-09-17,US,adv_demo_001,SPONSORED_BRANDS,COMPONENT,IMAGE,,TOP_OF_SEARCH,CLICK,CPC,SPONSORED_BRANDS:COMPONENT:TOP_OF_SEARCH:IMAGE:CLICK,USD,0,148,177.6,8,649.44
2026-09-17,US,adv_demo_001,SPONSORED_BRANDS,DISPLAY,IMAGE,,REST_OF_SEARCH,IMPRESSION,CPM,SPONSORED_BRANDS:DISPLAY:REST_OF_SEARCH:IMAGE:IMPRESSION,USD,22258,0,0,0,0
2026-09-17,US,adv_demo_001,SPONSORED_BRANDS,VIDEO,VIDEO,,TOP_OF_SEARCH,IMPRESSION,CPM,SPONSORED_BRANDS:VIDEO:TOP_OF_SEARCH:VIDEO:IMPRESSION,USD,17799,0,0,0,0
2026-09-17,US,adv_demo_001,SPONSORED_BRANDS,VIDEO,VIDEO,,TOP_OF_SEARCH,CLICK,CPC,SPONSORED_BRANDS:VIDEO:TOP_OF_SEARCH:VIDEO:CLICK,USD,0,128,176.64,6,551.46
2026-09-17,US,adv_demo_001,SPONSORED_DISPLAY,DISPLAY,IMAGE,,PRODUCT_PAGE,IMPRESSION,CPM,SPONSORED_DISPLAY:DISPLAY:PRODUCT_PAGE:IMAGE:IMPRESSION,USD,26340,0,0,0,0
2026-09-17,US,adv_demo_001,SPONSORED_DISPLAY,DISPLAY,IMAGE,,PRODUCT_PAGE,CLICK,CPC,SPONSORED_DISPLAY:DISPLAY:PRODUCT_PAGE:IMAGE:CLICK,USD,0,156,143.52,7,542.64
2026-09-17,US,adv_demo_001,SPONSORED_DISPLAY,DISPLAY,VIDEO,,PRODUCT_PAGE,IMPRESSION,CPM,SPONSORED_DISPLAY:DISPLAY:PRODUCT_PAGE:VIDEO:IMPRESSION,USD,21881,0,0,0,0
2026-09-17,US,adv_demo_001,SPONSORED_DISPLAY,VIDEO,VIDEO,,PRODUCT_PAGE,CLICK,CPC,SPONSORED_DISPLAY:VIDEO:PRODUCT_PAGE:VIDEO:CLICK,USD,0,134,158.12,7,640.64
2026-09-17,US,adv_demo_001,SPONSORED_PRODUCTS,PRODUCT_AD,,,PRODUCT_PAGE,CLICK,CPC,SPONSORED_PRODUCTS:PRODUCT_AD:PRODUCT_PAGE:UNSPECIFIED:CLICK,USD,0,373,328.24,28,1999.2
2026-09-17,US,adv_demo_001,SPONSORED_PRODUCTS,PRODUCT_AD,,,REST_OF_SEARCH,CLICK,CPC,SPONSORED_PRODUCTS:PRODUCT_AD:REST_OF_SEARCH:UNSPECIFIED:CLICK,USD,0,369,302.58,26,1622.4
2026-09-17,US,adv_demo_001,SPONSORED_PRODUCTS,PRODUCT_AD,,,TOP_OF_SEARCH,IMPRESSION,CPM,SPONSORED_PRODUCTS:PRODUCT_AD:TOP_OF_SEARCH:UNSPECIFIED:IMPRESSION,USD,45045,0,0,0,0
2026-09-17,US,adv_demo_001,SPONSORED_PRODUCTS,PRODUCT_AD,,,TOP_OF_SEARCH,CLICK,CPC,SPONSORED_PRODUCTS:PRODUCT_AD:TOP_OF_SEARCH:UNSPECIFIED:CLICK,USD,0,530,540.6,40,2793.6
2026-09-18,US,adv_demo_001,AMAZON_DSP,,,AUDIO,,IMPRESSION,CPM,AMAZON_DSP:AUDIO:UNSPECIFIED:UNSPECIFIED:IMPRESSION,USD,48330,0,869.94,0,0
2026-09-18,US,adv_demo_001,AMAZON_DSP,,IMAGE,DISPLAY,,IMPRESSION,CPM,AMAZON_DSP:DISPLAY:UNSPECIFIED:IMAGE:IMPRESSION,USD,51071,0,638.39,0,0
2026-09-18,US,adv_demo_001,AMAZON_DSP,,VIDEO,ONLINE_VIDEO,,IMPRESSION,CPM,AMAZON_DSP:ONLINE_VIDEO:UNSPECIFIED:VIDEO:IMPRESSION,USD,38612,0,772.24,0,0
2026-09-18,US,adv_demo_001,AMAZON_DSP,,VIDEO,STREAMING_TV,,IMPRESSION,CPM,AMAZON_DSP:STREAMING_TV:UNSPECIFIED:VIDEO:IMPRESSION,USD,47153,0,1320.28,0,0
2026-09-18,US,adv_demo_001,SPONSORED_BRANDS,COMPONENT,IMAGE,,TOP_OF_SEARCH,IMPRESSION,CPM,SPONSORED_BRANDS:COMPONENT:TOP_OF_SEARCH:IMAGE:IMPRESSION,USD,19694,0,0,0,0
2026-09-18,US,adv_demo_001,SPONSORED_BRANDS,COMPONENT,IMAGE,,TOP_OF_SEARCH,CLICK,CPC,SPONSORED_BRANDS:COMPONENT:TOP_OF_SEARCH:IMAGE:CLICK,USD,0,158,189.6,8,669.12
2026-09-18,US,adv_demo_001,SPONSORED_BRANDS,DISPLAY,IMAGE,,REST_OF_SEARCH,IMPRESSION,CPM,SPONSORED_BRANDS:DISPLAY:REST_OF_SEARCH:IMAGE:IMPRESSION,USD,23235,0,0,0,0
2026-09-18,US,adv_demo_001,SPONSORED_BRANDS,VIDEO,VIDEO,,TOP_OF_SEARCH,IMPRESSION,CPM,SPONSORED_BRANDS:VIDEO:TOP_OF_SEARCH:VIDEO:IMPRESSION,USD,18776,0,0,0,0
2026-09-18,US,adv_demo_001,SPONSORED_BRANDS,VIDEO,VIDEO,,TOP_OF_SEARCH,CLICK,CPC,SPONSORED_BRANDS:VIDEO:TOP_OF_SEARCH:VIDEO:CLICK,USD,0,136,187.68,7,662.48
2026-09-18,US,adv_demo_001,SPONSORED_DISPLAY,DISPLAY,IMAGE,,PRODUCT_PAGE,IMPRESSION,CPM,SPONSORED_DISPLAY:DISPLAY:PRODUCT_PAGE:IMAGE:IMPRESSION,USD,27317,0,0,0,0
2026-09-18,US,adv_demo_001,SPONSORED_DISPLAY,DISPLAY,IMAGE,,PRODUCT_PAGE,CLICK,CPC,SPONSORED_DISPLAY:DISPLAY:PRODUCT_PAGE:IMAGE:CLICK,USD,0,149,137.08,7,558.6
2026-09-18,US,adv_demo_001,SPONSORED_DISPLAY,DISPLAY,VIDEO,,PRODUCT_PAGE,IMPRESSION,CPM,SPONSORED_DISPLAY:DISPLAY:PRODUCT_PAGE:VIDEO:IMPRESSION,USD,22858,0,0,0,0
2026-09-18,US,adv_demo_001,SPONSORED_DISPLAY,VIDEO,VIDEO,,PRODUCT_PAGE,CLICK,CPC,SPONSORED_DISPLAY:VIDEO:PRODUCT_PAGE:VIDEO:CLICK,USD,0,142,167.56,7,597.52
2026-09-18,US,adv_demo_001,SPONSORED_PRODUCTS,PRODUCT_AD,,,PRODUCT_PAGE,CLICK,CPC,SPONSORED_PRODUCTS:PRODUCT_AD:PRODUCT_PAGE:UNSPECIFIED:CLICK,USD,0,386,339.68,27,1799.28
2026-09-18,US,adv_demo_001,SPONSORED_PRODUCTS,PRODUCT_AD,,,REST_OF_SEARCH,CLICK,CPC,SPONSORED_PRODUCTS:PRODUCT_AD:REST_OF_SEARCH:UNSPECIFIED:CLICK,USD,0,382,313.24,25,1608.75
2026-09-18,US,adv_demo_001,SPONSORED_PRODUCTS,PRODUCT_AD,,,TOP_OF_SEARCH,IMPRESSION,CPM,SPONSORED_PRODUCTS:PRODUCT_AD:TOP_OF_SEARCH:UNSPECIFIED:IMPRESSION,USD,46022,0,0,0,0
2026-09-18,US,adv_demo_001,SPONSORED_PRODUCTS,PRODUCT_AD,,,TOP_OF_SEARCH,CLICK,CPC,SPONSORED_PRODUCTS:PRODUCT_AD:TOP_OF_SEARCH:UNSPECIFIED:CLICK,USD,0,547,557.94,42,3024.0
2026-09-19,US,adv_demo_001,AMAZON_DSP,,,AUDIO,,IMPRESSION,CPM,AMAZON_DSP:AUDIO:UNSPECIFIED:UNSPECIFIED:IMPRESSION,USD,42507,0,765.13,0,0
2026-09-19,US,adv_demo_001,AMAZON_DSP,,IMAGE,DISPLAY,,IMPRESSION,CPM,AMAZON_DSP:DISPLAY:UNSPECIFIED:IMAGE:IMPRESSION,USD,52048,0,650.6,0,0
2026-09-19,US,adv_demo_001,AMAZON_DSP,,VIDEO,ONLINE_VIDEO,,IMPRESSION,CPM,AMAZON_DSP:ONLINE_VIDEO:UNSPECIFIED:VIDEO:IMPRESSION,USD,39589,0,791.78,0,0
2026-09-19,US,adv_demo_001,AMAZON_DSP,,VIDEO,STREAMING_TV,,IMPRESSION,CPM,AMAZON_DSP:STREAMING_TV:UNSPECIFIED:VIDEO:IMPRESSION,USD,48130,0,1347.64,0,0
2026-09-19,US,adv_demo_001,SPONSORED_BRANDS,COMPONENT,IMAGE,,TOP_OF_SEARCH,IMPRESSION,CPM,SPONSORED_BRANDS:COMPONENT:TOP_OF_SEARCH:IMAGE:IMPRESSION,USD,20671,0,0,0,0
2026-09-19,US,adv_demo_001,SPONSORED_BRANDS,COMPONENT,IMAGE,,TOP_OF_SEARCH,CLICK,CPC,SPONSORED_BRANDS:COMPONENT:TOP_OF_SEARCH:IMAGE:CLICK,USD,0,167,200.4,9,774.9
2026-09-19,US,adv_demo_001,SPONSORED_BRANDS,DISPLAY,IMAGE,,REST_OF_SEARCH,IMPRESSION,CPM,SPONSORED_BRANDS:DISPLAY:REST_OF_SEARCH:IMAGE:IMPRESSION,USD,24212,0,0,0,0
2026-09-19,US,adv_demo_001,SPONSORED_BRANDS,VIDEO,VIDEO,,TOP_OF_SEARCH,IMPRESSION,CPM,SPONSORED_BRANDS:VIDEO:TOP_OF_SEARCH:VIDEO:IMPRESSION,USD,19753,0,0,0,0
2026-09-19,US,adv_demo_001,SPONSORED_BRANDS,VIDEO,VIDEO,,TOP_OF_SEARCH,CLICK,CPC,SPONSORED_BRANDS:VIDEO:TOP_OF_SEARCH:VIDEO:CLICK,USD,0,132,182.16,7,617.89
2026-09-19,US,adv_demo_001,SPONSORED_DISPLAY,DISPLAY,IMAGE,,PRODUCT_PAGE,IMPRESSION,CPM,SPONSORED_DISPLAY:DISPLAY:PRODUCT_PAGE:IMAGE:IMPRESSION,USD,28294,0,0,0,0
2026-09-19,US,adv_demo_001,SPONSORED_DISPLAY,DISPLAY,IMAGE,,PRODUCT_PAGE,CLICK,CPC,SPONSORED_DISPLAY:DISPLAY:PRODUCT_PAGE:IMAGE:CLICK,USD,0,156,143.52,7,521.36
2026-09-19,US,adv_demo_001,SPONSORED_DISPLAY,DISPLAY,VIDEO,,PRODUCT_PAGE,IMPRESSION,CPM,SPONSORED_DISPLAY:DISPLAY:PRODUCT_PAGE:VIDEO:IMPRESSION,USD,23835,0,0,0,0
2026-09-19,US,adv_demo_001,SPONSORED_DISPLAY,VIDEO,VIDEO,,PRODUCT_PAGE,CLICK,CPC,SPONSORED_DISPLAY:VIDEO:PRODUCT_PAGE:VIDEO:CLICK,USD,0,150,177.0,7,616.0
2026-09-19,US,adv_demo_001,SPONSORED_PRODUCTS,PRODUCT_AD,,,PRODUCT_PAGE,CLICK,CPC,SPONSORED_PRODUCTS:PRODUCT_AD:PRODUCT_PAGE:UNSPECIFIED:CLICK,USD,0,400,352.0,28,1923.04
2026-09-19,US,adv_demo_001,SPONSORED_PRODUCTS,PRODUCT_AD,,,REST_OF_SEARCH,CLICK,CPC,SPONSORED_PRODUCTS:PRODUCT_AD:REST_OF_SEARCH:UNSPECIFIED:CLICK,USD,0,395,323.9,26,1723.8
2026-09-19,US,adv_demo_001,SPONSORED_PRODUCTS,PRODUCT_AD,,,TOP_OF_SEARCH,IMPRESSION,CPM,SPONSORED_PRODUCTS:PRODUCT_AD:TOP_OF_SEARCH:UNSPECIFIED:IMPRESSION,USD,40199,0,0,0,0
2026-09-19,US,adv_demo_001,SPONSORED_PRODUCTS,PRODUCT_AD,,,TOP_OF_SEARCH,CLICK,CPC,SPONSORED_PRODUCTS:PRODUCT_AD:TOP_OF_SEARCH:UNSPECIFIED:CLICK,USD,0,482,491.64,38,2818.08
2026-09-20,US,adv_demo_001,AMAZON_DSP,,,AUDIO,,IMPRESSION,CPM,AMAZON_DSP:AUDIO:UNSPECIFIED:UNSPECIFIED:IMPRESSION,USD,43484,0,782.71,0,0
2026-09-20,US,adv_demo_001,AMAZON_DSP,,IMAGE,DISPLAY,,IMPRESSION,CPM,AMAZON_DSP:DISPLAY:UNSPECIFIED:IMAGE:IMPRESSION,USD,53025,0,662.81,0,0
2026-09-20,US,adv_demo_001,AMAZON_DSP,,VIDEO,ONLINE_VIDEO,,IMPRESSION,CPM,AMAZON_DSP:ONLINE_VIDEO:UNSPECIFIED:VIDEO:IMPRESSION,USD,40566,0,811.32,0,0
2026-09-20,US,adv_demo_001,AMAZON_DSP,,VIDEO,STREAMING_TV,,IMPRESSION,CPM,AMAZON_DSP:STREAMING_TV:UNSPECIFIED:VIDEO:IMPRESSION,USD,49107,0,1375.0,0,0
2026-09-20,US,adv_demo_001,SPONSORED_BRANDS,COMPONENT,IMAGE,,TOP_OF_SEARCH,IMPRESSION,CPM,SPONSORED_BRANDS:COMPONENT:TOP_OF_SEARCH:IMAGE:IMPRESSION,USD,21648,0,0,0,0
2026-09-20,US,adv_demo_001,SPONSORED_BRANDS,COMPONENT,IMAGE,,TOP_OF_SEARCH,CLICK,CPC,SPONSORED_BRANDS:COMPONENT:TOP_OF_SEARCH:IMAGE:CLICK,USD,0,177,212.4,10,803.6
2026-09-20,US,adv_demo_001,SPONSORED_BRANDS,DISPLAY,IMAGE,,REST_OF_SEARCH,IMPRESSION,CPM,SPONSORED_BRANDS:DISPLAY:REST_OF_SEARCH:IMAGE:IMPRESSION,USD,25189,0,0,0,0
2026-09-20,US,adv_demo_001,SPONSORED_BRANDS,VIDEO,VIDEO,,TOP_OF_SEARCH,IMPRESSION,CPM,SPONSORED_BRANDS:VIDEO:TOP_OF_SEARCH:VIDEO:IMPRESSION,USD,20730,0,0,0,0
2026-09-20,US,adv_demo_001,SPONSORED_BRANDS,VIDEO,VIDEO,,TOP_OF_SEARCH,CLICK,CPC,SPONSORED_BRANDS:VIDEO:TOP_OF_SEARCH:VIDEO:CLICK,USD,0,140,193.2,6,546.0
2026-09-20,US,adv_demo_001,SPONSORED_DISPLAY,DISPLAY,IMAGE,,PRODUCT_PAGE,IMPRESSION,CPM,SPONSORED_DISPLAY:DISPLAY:PRODUCT_PAGE:IMAGE:IMPRESSION,USD,29271,0,0,0,0
2026-09-20,US,adv_demo_001,SPONSORED_DISPLAY,DISPLAY,IMAGE,,PRODUCT_PAGE,CLICK,CPC,SPONSORED_DISPLAY:DISPLAY:PRODUCT_PAGE:IMAGE:CLICK,USD,0,163,149.96,7,537.32
2026-09-20,US,adv_demo_001,SPONSORED_DISPLAY,DISPLAY,VIDEO,,PRODUCT_PAGE,IMPRESSION,CPM,SPONSORED_DISPLAY:DISPLAY:PRODUCT_PAGE:VIDEO:IMPRESSION,USD,24812,0,0,0,0
2026-09-20,US,adv_demo_001,SPONSORED_DISPLAY,VIDEO,VIDEO,,PRODUCT_PAGE,CLICK,CPC,SPONSORED_DISPLAY:VIDEO:PRODUCT_PAGE:VIDEO:CLICK,USD,0,158,186.44,7,634.48
2026-09-20,US,adv_demo_001,SPONSORED_PRODUCTS,PRODUCT_AD,,,PRODUCT_PAGE,CLICK,CPC,SPONSORED_PRODUCTS:PRODUCT_AD:PRODUCT_PAGE:UNSPECIFIED:CLICK,USD,0,344,302.72,25,1768.0
2026-09-20,US,adv_demo_001,SPONSORED_PRODUCTS,PRODUCT_AD,,,REST_OF_SEARCH,CLICK,CPC,SPONSORED_PRODUCTS:PRODUCT_AD:REST_OF_SEARCH:UNSPECIFIED:CLICK,USD,0,344,282.08,23,1569.75
2026-09-20,US,adv_demo_001,SPONSORED_PRODUCTS,PRODUCT_AD,,,TOP_OF_SEARCH,IMPRESSION,CPM,SPONSORED_PRODUCTS:PRODUCT_AD:TOP_OF_SEARCH:UNSPECIFIED:IMPRESSION,USD,41176,0,0,0,0
2026-09-20,US,adv_demo_001,SPONSORED_PRODUCTS,PRODUCT_AD,,,TOP_OF_SEARCH,CLICK,CPC,SPONSORED_PRODUCTS:PRODUCT_AD:TOP_OF_SEARCH:UNSPECIFIED:CLICK,USD,0,499,508.98,40,2764.8
2026-09-21,US,adv_demo_001,AMAZON_DSP,,,AUDIO,,IMPRESSION,CPM,AMAZON_DSP:AUDIO:UNSPECIFIED:UNSPECIFIED:IMPRESSION,USD,44461,0,800.3,0,0
2026-09-21,US,adv_demo_001,AMAZON_DSP,,IMAGE,DISPLAY,,IMPRESSION,CPM,AMAZON_DSP:DISPLAY:UNSPECIFIED:IMAGE:IMPRESSION,USD,54002,0,675.02,0,0
2026-09-21,US,adv_demo_001,AMAZON_DSP,,VIDEO,ONLINE_VIDEO,,IMPRESSION,CPM,AMAZON_DSP:ONLINE_VIDEO:UNSPECIFIED:VIDEO:IMPRESSION,USD,41543,0,830.86,0,0
2026-09-21,US,adv_demo_001,AMAZON_DSP,,VIDEO,STREAMING_TV,,IMPRESSION,CPM,AMAZON_DSP:STREAMING_TV:UNSPECIFIED:VIDEO:IMPRESSION,USD,50084,0,1402.35,0,0
2026-09-21,US,adv_demo_001,SPONSORED_BRANDS,COMPONENT,IMAGE,,TOP_OF_SEARCH,IMPRESSION,CPM,SPONSORED_BRANDS:COMPONENT:TOP_OF_SEARCH:IMAGE:IMPRESSION,USD,22625,0,0,0,0
2026-09-21,US,adv_demo_001,SPONSORED_BRANDS,COMPONENT,IMAGE,,TOP_OF_SEARCH,CLICK,CPC,SPONSORED_BRANDS:COMPONENT:TOP_OF_SEARCH:IMAGE:CLICK,USD,0,170,204.0,9,745.38
2026-09-21,US,adv_demo_001,SPONSORED_BRANDS,DISPLAY,IMAGE,,REST_OF_SEARCH,IMPRESSION,CPM,SPONSORED_BRANDS:DISPLAY:REST_OF_SEARCH:IMAGE:IMPRESSION,USD,26166,0,0,0,0
2026-09-21,US,adv_demo_001,SPONSORED_BRANDS,VIDEO,VIDEO,,TOP_OF_SEARCH,IMPRESSION,CPM,SPONSORED_BRANDS:VIDEO:TOP_OF_SEARCH:VIDEO:IMPRESSION,USD,21707,0,0,0,0
2026-09-21,US,adv_demo_001,SPONSORED_BRANDS,VIDEO,VIDEO,,TOP_OF_SEARCH,CLICK,CPC,SPONSORED_BRANDS:VIDEO:TOP_OF_SEARCH:VIDEO:CLICK,USD,0,148,204.24,7,656.11
2026-09-21,US,adv_demo_001,SPONSORED_DISPLAY,DISPLAY,IMAGE,,PRODUCT_PAGE,IMPRESSION,CPM,SPONSORED_DISPLAY:DISPLAY:PRODUCT_PAGE:IMAGE:IMPRESSION,USD,30248,0,0,0,0
2026-09-21,US,adv_demo_001,SPONSORED_DISPLAY,DISPLAY,IMAGE,,PRODUCT_PAGE,CLICK,CPC,SPONSORED_DISPLAY:DISPLAY:PRODUCT_PAGE:IMAGE:CLICK,USD,0,170,156.4,7,553.28
2026-09-21,US,adv_demo_001,SPONSORED_DISPLAY,DISPLAY,VIDEO,,PRODUCT_PAGE,IMPRESSION,CPM,SPONSORED_DISPLAY:DISPLAY:PRODUCT_PAGE:VIDEO:IMPRESSION,USD,25789,0,0,0,0
2026-09-21,US,adv_demo_001,SPONSORED_DISPLAY,VIDEO,VIDEO,,PRODUCT_PAGE,CLICK,CPC,SPONSORED_DISPLAY:VIDEO:PRODUCT_PAGE:VIDEO:CLICK,USD,0,120,141.6,6,506.88
2026-09-21,US,adv_demo_001,SPONSORED_PRODUCTS,PRODUCT_AD,,,PRODUCT_PAGE,CLICK,CPC,SPONSORED_PRODUCTS:PRODUCT_AD:PRODUCT_PAGE:UNSPECIFIED:CLICK,USD,0,358,315.04,26,1714.96
2026-09-21,US,adv_demo_001,SPONSORED_PRODUCTS,PRODUCT_AD,,,REST_OF_SEARCH,CLICK,CPC,SPONSORED_PRODUCTS:PRODUCT_AD:REST_OF_SEARCH:UNSPECIFIED:CLICK,USD,0,357,292.74,24,1528.8
2026-09-21,US,adv_demo_001,SPONSORED_PRODUCTS,PRODUCT_AD,,,TOP_OF_SEARCH,IMPRESSION,CPM,SPONSORED_PRODUCTS:PRODUCT_AD:TOP_OF_SEARCH:UNSPECIFIED:IMPRESSION,USD,42153,0,0,0,0
2026-09-21,US,adv_demo_001,SPONSORED_PRODUCTS,PRODUCT_AD,,,TOP_OF_SEARCH,CLICK,CPC,SPONSORED_PRODUCTS:PRODUCT_AD:TOP_OF_SEARCH:UNSPECIFIED:CLICK,USD,0,516,526.32,42,2993.76
2026-09-22,US,adv_demo_001,AMAZON_DSP,,,AUDIO,,IMPRESSION,CPM,AMAZON_DSP:AUDIO:UNSPECIFIED:UNSPECIFIED:IMPRESSION,USD,45438,0,817.88,0,0
2026-09-22,US,adv_demo_001,AMAZON_DSP,,IMAGE,DISPLAY,,IMPRESSION,CPM,AMAZON_DSP:DISPLAY:UNSPECIFIED:IMAGE:IMPRESSION,USD,54979,0,687.24,0,0
2026-09-22,US,adv_demo_001,AMAZON_DSP,,VIDEO,ONLINE_VIDEO,,IMPRESSION,CPM,AMAZON_DSP:ONLINE_VIDEO:UNSPECIFIED:VIDEO:IMPRESSION,USD,42520,0,850.4,0,0
2026-09-22,US,adv_demo_001,AMAZON_DSP,,VIDEO,STREAMING_TV,,IMPRESSION,CPM,AMAZON_DSP:STREAMING_TV:UNSPECIFIED:VIDEO:IMPRESSION,USD,51061,0,1429.71,0,0
2026-09-22,US,adv_demo_001,SPONSORED_BRANDS,COMPONENT,IMAGE,,TOP_OF_SEARCH,IMPRESSION,CPM,SPONSORED_BRANDS:COMPONENT:TOP_OF_SEARCH:IMAGE:IMPRESSION,USD,23602,0,0,0,0
2026-09-22,US,adv_demo_001,SPONSORED_BRANDS,COMPONENT,IMAGE,,TOP_OF_SEARCH,CLICK,CPC,SPONSORED_BRANDS:COMPONENT:TOP_OF_SEARCH:IMAGE:CLICK,USD,0,179,214.8,9,767.52
2026-09-22,US,adv_demo_001,SPONSORED_BRANDS,DISPLAY,IMAGE,,REST_OF_SEARCH,IMPRESSION,CPM,SPONSORED_BRANDS:DISPLAY:REST_OF_SEARCH:IMAGE:IMPRESSION,USD,27143,0,0,0,0
2026-09-22,US,adv_demo_001,SPONSORED_BRANDS,VIDEO,VIDEO,,TOP_OF_SEARCH,IMPRESSION,CPM,SPONSORED_BRANDS:VIDEO:TOP_OF_SEARCH:VIDEO:IMPRESSION,USD,22684,0,0,0,0
2026-09-22,US,adv_demo_001,SPONSORED_BRANDS,VIDEO,VIDEO,,TOP_OF_SEARCH,CLICK,CPC,SPONSORED_BRANDS:VIDEO:TOP_OF_SEARCH:VIDEO:CLICK,USD,0,156,215.28,7,611.52
2026-09-22,US,adv_demo_001,SPONSORED_DISPLAY,DISPLAY,IMAGE,,PRODUCT_PAGE,IMPRESSION,CPM,SPONSORED_DISPLAY:DISPLAY:PRODUCT_PAGE:IMAGE:IMPRESSION,USD,24425,0,0,0,0
2026-09-22,US,adv_demo_001,SPONSORED_DISPLAY,DISPLAY,IMAGE,,PRODUCT_PAGE,CLICK,CPC,SPONSORED_DISPLAY:DISPLAY:PRODUCT_PAGE:IMAGE:CLICK,USD,0,139,127.88,6,442.32
2026-09-22,US,adv_demo_001,SPONSORED_DISPLAY,DISPLAY,VIDEO,,PRODUCT_PAGE,IMPRESSION,CPM,SPONSORED_DISPLAY:DISPLAY:PRODUCT_PAGE:VIDEO:IMPRESSION,USD,19966,0,0,0,0
2026-09-22,US,adv_demo_001,SPONSORED_DISPLAY,VIDEO,VIDEO,,PRODUCT_PAGE,CLICK,CPC,SPONSORED_DISPLAY:VIDEO:PRODUCT_PAGE:VIDEO:CLICK,USD,0,128,151.04,6,522.72
2026-09-22,US,adv_demo_001,SPONSORED_PRODUCTS,PRODUCT_AD,,,PRODUCT_PAGE,CLICK,CPC,SPONSORED_PRODUCTS:PRODUCT_AD:PRODUCT_PAGE:UNSPECIFIED:CLICK,USD,0,372,327.36,28,1904.0
2026-09-22,US,adv_demo_001,SPONSORED_PRODUCTS,PRODUCT_AD,,,REST_OF_SEARCH,CLICK,CPC,SPONSORED_PRODUCTS:PRODUCT_AD:REST_OF_SEARCH:UNSPECIFIED:CLICK,USD,0,370,303.4,26,1706.9
2026-09-22,US,adv_demo_001,SPONSORED_PRODUCTS,PRODUCT_AD,,,TOP_OF_SEARCH,IMPRESSION,CPM,SPONSORED_PRODUCTS:PRODUCT_AD:TOP_OF_SEARCH:UNSPECIFIED:IMPRESSION,USD,43130,0,0,0,0
2026-09-22,US,adv_demo_001,SPONSORED_PRODUCTS,PRODUCT_AD,,,TOP_OF_SEARCH,CLICK,CPC,SPONSORED_PRODUCTS:PRODUCT_AD:TOP_OF_SEARCH:UNSPECIFIED:CLICK,USD,0,487,496.74,41,3011.04
2026-09-23,US,adv_demo_001,AMAZON_DSP,,,AUDIO,,IMPRESSION,CPM,AMAZON_DSP:AUDIO:UNSPECIFIED:UNSPECIFIED:IMPRESSION,USD,46415,0,835.47,0,0
2026-09-23,US,adv_demo_001,AMAZON_DSP,,IMAGE,DISPLAY,,IMPRESSION,CPM,AMAZON_DSP:DISPLAY:UNSPECIFIED:IMAGE:IMPRESSION,USD,55956,0,699.45,0,0
2026-09-23,US,adv_demo_001,AMAZON_DSP,,VIDEO,ONLINE_VIDEO,,IMPRESSION,CPM,AMAZON_DSP:ONLINE_VIDEO:UNSPECIFIED:VIDEO:IMPRESSION,USD,43497,0,869.94,0,0
2026-09-23,US,adv_demo_001,AMAZON_DSP,,VIDEO,STREAMING_TV,,IMPRESSION,CPM,AMAZON_DSP:STREAMING_TV:UNSPECIFIED:VIDEO:IMPRESSION,USD,52038,0,1457.06,0,0
2026-09-23,US,adv_demo_001,SPONSORED_BRANDS,COMPONENT,IMAGE,,TOP_OF_SEARCH,IMPRESSION,CPM,SPONSORED_BRANDS:COMPONENT:TOP_OF_SEARCH:IMAGE:IMPRESSION,USD,24579,0,0,0,0
2026-09-23,US,adv_demo_001,SPONSORED_BRANDS,COMPONENT,IMAGE,,TOP_OF_SEARCH,CLICK,CPC,SPONSORED_BRANDS:COMPONENT:TOP_OF_SEARCH:IMAGE:CLICK,USD,0,189,226.8,10,795.4
2026-09-23,US,adv_demo_001,SPONSORED_BRANDS,DISPLAY,IMAGE,,REST_OF_SEARCH,IMPRESSION,CPM,SPONSORED_BRANDS:DISPLAY:REST_OF_SEARCH:IMAGE:IMPRESSION,USD,21320,0,0,0,0
2026-09-23,US,adv_demo_001,SPONSORED_BRANDS,VIDEO,VIDEO,,TOP_OF_SEARCH,IMPRESSION,CPM,SPONSORED_BRANDS:VIDEO:TOP_OF_SEARCH:VIDEO:IMPRESSION,USD,16861,0,0,0,0
2026-09-23,US,adv_demo_001,SPONSORED_BRANDS,VIDEO,VIDEO,,TOP_OF_SEARCH,CLICK,CPC,SPONSORED_BRANDS:VIDEO:TOP_OF_SEARCH:VIDEO:CLICK,USD,0,117,161.46,6,540.54
2026-09-23,US,adv_demo_001,SPONSORED_DISPLAY,DISPLAY,IMAGE,,PRODUCT_PAGE,IMPRESSION,CPM,SPONSORED_DISPLAY:DISPLAY:PRODUCT_PAGE:IMAGE:IMPRESSION,USD,25402,0,0,0,0
2026-09-23,US,adv_demo_001,SPONSORED_DISPLAY,DISPLAY,IMAGE,,PRODUCT_PAGE,CLICK,CPC,SPONSORED_DISPLAY:DISPLAY:PRODUCT_PAGE:IMAGE:CLICK,USD,0,146,134.32,7,532.0
2026-09-23,US,adv_demo_001,SPONSORED_DISPLAY,DISPLAY,VIDEO,,PRODUCT_PAGE,IMPRESSION,CPM,SPONSORED_DISPLAY:DISPLAY:PRODUCT_PAGE:VIDEO:IMPRESSION,USD,20943,0,0,0,0
2026-09-23,US,adv_demo_001,SPONSORED_DISPLAY,VIDEO,VIDEO,,PRODUCT_PAGE,CLICK,CPC,SPONSORED_DISPLAY:VIDEO:PRODUCT_PAGE:VIDEO:CLICK,USD,0,136,160.48,7,628.32
2026-09-23,US,adv_demo_001,SPONSORED_PRODUCTS,PRODUCT_AD,,,PRODUCT_PAGE,CLICK,CPC,SPONSORED_PRODUCTS:PRODUCT_AD:PRODUCT_PAGE:UNSPECIFIED:CLICK,USD,0,386,339.68,30,2101.2
2026-09-23,US,adv_demo_001,SPONSORED_PRODUCTS,PRODUCT_AD,,,REST_OF_SEARCH,CLICK,CPC,SPONSORED_PRODUCTS:PRODUCT_AD:REST_OF_SEARCH:UNSPECIFIED:CLICK,USD,0,350,287.0,22,1487.2
2026-09-23,US,adv_demo_001,SPONSORED_PRODUCTS,PRODUCT_AD,,,TOP_OF_SEARCH,IMPRESSION,CPM,SPONSORED_PRODUCTS:PRODUCT_AD:TOP_OF_SEARCH:UNSPECIFIED:IMPRESSION,USD,44107,0,0,0,0
2026-09-23,US,adv_demo_001,SPONSORED_PRODUCTS,PRODUCT_AD,,,TOP_OF_SEARCH,CLICK,CPC,SPONSORED_PRODUCTS:PRODUCT_AD:TOP_OF_SEARCH:UNSPECIFIED:CLICK,USD,0,503,513.06,38,2872.8
2026-09-24,US,adv_demo_001,AMAZON_DSP,,,AUDIO,,IMPRESSION,CPM,AMAZON_DSP:AUDIO:UNSPECIFIED:UNSPECIFIED:IMPRESSION,USD,47392,0,853.06,0,0
2026-09-24,US,adv_demo_001,AMAZON_DSP,,IMAGE,DISPLAY,,IMPRESSION,CPM,AMAZON_DSP:DISPLAY:UNSPECIFIED:IMAGE:IMPRESSION,USD,56933,0,711.66,0,0
2026-09-24,US,adv_demo_001,AMAZON_DSP,,VIDEO,ONLINE_VIDEO,,IMPRESSION,CPM,AMAZON_DSP:ONLINE_VIDEO:UNSPECIFIED:VIDEO:IMPRESSION,USD,44474,0,889.48,0,0
2026-09-24,US,adv_demo_001,AMAZON_DSP,,VIDEO,STREAMING_TV,,IMPRESSION,CPM,AMAZON_DSP:STREAMING_TV:UNSPECIFIED:VIDEO:IMPRESSION,USD,46215,0,1294.02,0,0
2026-09-24,US,adv_demo_001,SPONSORED_BRANDS,COMPONENT,IMAGE,,TOP_OF_SEARCH,IMPRESSION,CPM,SPONSORED_BRANDS:COMPONENT:TOP_OF_SEARCH:IMAGE:IMPRESSION,USD,18756,0,0,0,0
2026-09-24,US,adv_demo_001,SPONSORED_BRANDS,COMPONENT,IMAGE,,TOP_OF_SEARCH,CLICK,CPC,SPONSORED_BRANDS:COMPONENT:TOP_OF_SEARCH:IMAGE:CLICK,USD,0,146,175.2,8,656.0
2026-09-24,US,adv_demo_001,SPONSORED_BRANDS,DISPLAY,IMAGE,,REST_OF_SEARCH,IMPRESSION,CPM,SPONSORED_BRANDS:DISPLAY:REST_OF_SEARCH:IMAGE:IMPRESSION,USD,22297,0,0,0,0
2026-09-24,US,adv_demo_001,SPONSORED_BRANDS,VIDEO,VIDEO,,TOP_OF_SEARCH,IMPRESSION,CPM,SPONSORED_BRANDS:VIDEO:TOP_OF_SEARCH:VIDEO:IMPRESSION,USD,17838,0,0,0,0
2026-09-24,US,adv_demo_001,SPONSORED_BRANDS,VIDEO,VIDEO,,TOP_OF_SEARCH,CLICK,CPC,SPONSORED_BRANDS:VIDEO:TOP_OF_SEARCH:VIDEO:CLICK,USD,0,125,172.5,6,556.92
2026-09-24,US,adv_demo_001,SPONSORED_DISPLAY,DISPLAY,IMAGE,,PRODUCT_PAGE,IMPRESSION,CPM,SPONSORED_DISPLAY:DISPLAY:PRODUCT_PAGE:IMAGE:IMPRESSION,USD,26379,0,0,0,0
2026-09-24,US,adv_demo_001,SPONSORED_DISPLAY,DISPLAY,IMAGE,,PRODUCT_PAGE,CLICK,CPC,SPONSORED_DISPLAY:DISPLAY:PRODUCT_PAGE:IMAGE:CLICK,USD,0,153,140.76,7,547.96
2026-09-24,US,adv_demo_001,SPONSORED_DISPLAY,DISPLAY,VIDEO,,PRODUCT_PAGE,IMPRESSION,CPM,SPONSORED_DISPLAY:DISPLAY:PRODUCT_PAGE:VIDEO:IMPRESSION,USD,21920,0,0,0,0
2026-09-24,US,adv_demo_001,SPONSORED_DISPLAY,VIDEO,VIDEO,,PRODUCT_PAGE,CLICK,CPC,SPONSORED_DISPLAY:VIDEO:PRODUCT_PAGE:VIDEO:CLICK,USD,0,144,169.92,6,554.4
2026-09-24,US,adv_demo_001,SPONSORED_PRODUCTS,PRODUCT_AD,,,PRODUCT_PAGE,CLICK,CPC,SPONSORED_PRODUCTS:PRODUCT_AD:PRODUCT_PAGE:UNSPECIFIED:CLICK,USD,0,365,321.2,25,1632.0
2026-09-24,US,adv_demo_001,SPONSORED_PRODUCTS,PRODUCT_AD,,,REST_OF_SEARCH,CLICK,CPC,SPONSORED_PRODUCTS:PRODUCT_AD:REST_OF_SEARCH:UNSPECIFIED:CLICK,USD,0,362,296.84,23,1450.15
2026-09-24,US,adv_demo_001,SPONSORED_PRODUCTS,PRODUCT_AD,,,TOP_OF_SEARCH,IMPRESSION,CPM,SPONSORED_PRODUCTS:PRODUCT_AD:TOP_OF_SEARCH:UNSPECIFIED:IMPRESSION,USD,45084,0,0,0,0
2026-09-24,US,adv_demo_001,SPONSORED_PRODUCTS,PRODUCT_AD,,,TOP_OF_SEARCH,CLICK,CPC,SPONSORED_PRODUCTS:PRODUCT_AD:TOP_OF_SEARCH:UNSPECIFIED:CLICK,USD,0,519,529.38,40,2822.4
2026-09-25,US,adv_demo_001,AMAZON_DSP,,,AUDIO,,IMPRESSION,CPM,AMAZON_DSP:AUDIO:UNSPECIFIED:UNSPECIFIED:IMPRESSION,USD,48369,0,870.64,0,0
2026-09-25,US,adv_demo_001,AMAZON_DSP,,IMAGE,DISPLAY,,IMPRESSION,CPM,AMAZON_DSP:DISPLAY:UNSPECIFIED:IMAGE:IMPRESSION,USD,51110,0,638.88,0,0
2026-09-25,US,adv_demo_001,AMAZON_DSP,,VIDEO,ONLINE_VIDEO,,IMPRESSION,CPM,AMAZON_DSP:ONLINE_VIDEO:UNSPECIFIED:VIDEO:IMPRESSION,USD,38651,0,773.02,0,0
2026-09-25,US,adv_demo_001,AMAZON_DSP,,VIDEO,STREAMING_TV,,IMPRESSION,CPM,AMAZON_DSP:STREAMING_TV:UNSPECIFIED:VIDEO:IMPRESSION,USD,47192,0,1321.38,0,0
2026-09-25,US,adv_demo_001,SPONSORED_BRANDS,COMPONENT,IMAGE,,TOP_OF_SEARCH,IMPRESSION,CPM,SPONSORED_BRANDS:COMPONENT:TOP_OF_SEARCH:IMAGE:IMPRESSION,USD,19733,0,0,0,0
2026-09-25,US,adv_demo_001,SPONSORED_BRANDS,COMPONENT,IMAGE,,TOP_OF_SEARCH,CLICK,CPC,SPONSORED_BRANDS:COMPONENT:TOP_OF_SEARCH:IMAGE:CLICK,USD,0,155,186.0,9,760.14
2026-09-25,US,adv_demo_001,SPONSORED_BRANDS,DISPLAY,IMAGE,,REST_OF_SEARCH,IMPRESSION,CPM,SPONSORED_BRANDS:DISPLAY:REST_OF_SEARCH:IMAGE:IMPRESSION,USD,23274,0,0,0,0
2026-09-25,US,adv_demo_001,SPONSORED_BRANDS,VIDEO,VIDEO,,TOP_OF_SEARCH,IMPRESSION,CPM,SPONSORED_BRANDS:VIDEO:TOP_OF_SEARCH:VIDEO:IMPRESSION,USD,18815,0,0,0,0
2026-09-25,US,adv_demo_001,SPONSORED_BRANDS,VIDEO,VIDEO,,TOP_OF_SEARCH,CLICK,CPC,SPONSORED_BRANDS:VIDEO:TOP_OF_SEARCH:VIDEO:CLICK,USD,0,134,184.92,7,668.85
2026-09-25,US,adv_demo_001,SPONSORED_DISPLAY,DISPLAY,IMAGE,,PRODUCT_PAGE,IMPRESSION,CPM,SPONSORED_DISPLAY:DISPLAY:PRODUCT_PAGE:IMAGE:IMPRESSION,USD,27356,0,0,0,0
2026-09-25,US,adv_demo_001,SPONSORED_DISPLAY,DISPLAY,IMAGE,,PRODUCT_PAGE,CLICK,CPC,SPONSORED_DISPLAY:DISPLAY:PRODUCT_PAGE:IMAGE:CLICK,USD,0,160,147.2,7,510.72
2026-09-25,US,adv_demo_001,SPONSORED_DISPLAY,DISPLAY,VIDEO,,PRODUCT_PAGE,IMPRESSION,CPM,SPONSORED_DISPLAY:DISPLAY:PRODUCT_PAGE:VIDEO:IMPRESSION,USD,22897,0,0,0,0
2026-09-25,US,adv_demo_001,SPONSORED_DISPLAY,VIDEO,VIDEO,,PRODUCT_PAGE,CLICK,CPC,SPONSORED_DISPLAY:VIDEO:PRODUCT_PAGE:VIDEO:CLICK,USD,0,139,164.02,6,517.44
2026-09-25,US,adv_demo_001,SPONSORED_PRODUCTS,PRODUCT_AD,,,PRODUCT_PAGE,CLICK,CPC,SPONSORED_PRODUCTS:PRODUCT_AD:PRODUCT_PAGE:UNSPECIFIED:CLICK,USD,0,379,333.52,27,1817.64
2026-09-25,US,adv_demo_001,SPONSORED_PRODUCTS,PRODUCT_AD,,,REST_OF_SEARCH,CLICK,CPC,SPONSORED_PRODUCTS:PRODUCT_AD:REST_OF_SEARCH:UNSPECIFIED:CLICK,USD,0,375,307.5,25,1625.0
2026-09-25,US,adv_demo_001,SPONSORED_PRODUCTS,PRODUCT_AD,,,TOP_OF_SEARCH,IMPRESSION,CPM,SPONSORED_PRODUCTS:PRODUCT_AD:TOP_OF_SEARCH:UNSPECIFIED:IMPRESSION,USD,46061,0,0,0,0
2026-09-25,US,adv_demo_001,SPONSORED_PRODUCTS,PRODUCT_AD,,,TOP_OF_SEARCH,CLICK,CPC,SPONSORED_PRODUCTS:PRODUCT_AD:TOP_OF_SEARCH:UNSPECIFIED:CLICK,USD,0,536,546.72,43,3126.96
2026-09-26,US,adv_demo_001,AMAZON_DSP,,,AUDIO,,IMPRESSION,CPM,AMAZON_DSP:AUDIO:UNSPECIFIED:UNSPECIFIED:IMPRESSION,USD,42546,0,765.83,0,0
2026-09-26,US,adv_demo_001,AMAZON_DSP,,IMAGE,DISPLAY,,IMPRESSION,CPM,AMAZON_DSP:DISPLAY:UNSPECIFIED:IMAGE:IMPRESSION,USD,52087,0,651.09,0,0
2026-09-26,US,adv_demo_001,AMAZON_DSP,,VIDEO,ONLINE_VIDEO,,IMPRESSION,CPM,AMAZON_DSP:ONLINE_VIDEO:UNSPECIFIED:VIDEO:IMPRESSION,USD,39628,0,792.56,0,0
2026-09-26,US,adv_demo_001,AMAZON_DSP,,VIDEO,STREAMING_TV,,IMPRESSION,CPM,AMAZON_DSP:STREAMING_TV:UNSPECIFIED:VIDEO:IMPRESSION,USD,48169,0,1348.73,0,0
2026-09-26,US,adv_demo_001,SPONSORED_BRANDS,COMPONENT,IMAGE,,TOP_OF_SEARCH,IMPRESSION,CPM,SPONSORED_BRANDS:COMPONENT:TOP_OF_SEARCH:IMAGE:IMPRESSION,USD,20710,0,0,0,0
2026-09-26,US,adv_demo_001,SPONSORED_BRANDS,COMPONENT,IMAGE,,TOP_OF_SEARCH,CLICK,CPC,SPONSORED_BRANDS:COMPONENT:TOP_OF_SEARCH:IMAGE:CLICK,USD,0,164,196.8,9,708.48
2026-09-26,US,adv_demo_001,SPONSORED_BRANDS,DISPLAY,IMAGE,,REST_OF_SEARCH,IMPRESSION,CPM,SPONSORED_BRANDS:DISPLAY:REST_OF_SEARCH:IMAGE:IMPRESSION,USD,24251,0,0,0,0
2026-09-26,US,adv_demo_001,SPONSORED_BRANDS,VIDEO,VIDEO,,TOP_OF_SEARCH,IMPRESSION,CPM,SPONSORED_BRANDS:VIDEO:TOP_OF_SEARCH:VIDEO:IMPRESSION,USD,19792,0,0,0,0
2026-09-26,US,adv_demo_001,SPONSORED_BRANDS,VIDEO,VIDEO,,TOP_OF_SEARCH,CLICK,CPC,SPONSORED_BRANDS:VIDEO:TOP_OF_SEARCH:VIDEO:CLICK,USD,0,142,195.96,7,624.26
2026-09-26,US,adv_demo_001,SPONSORED_DISPLAY,DISPLAY,IMAGE,,PRODUCT_PAGE,IMPRESSION,CPM,SPONSORED_DISPLAY:DISPLAY:PRODUCT_PAGE:IMAGE:IMPRESSION,USD,28333,0,0,0,0
2026-09-26,US,adv_demo_001,SPONSORED_DISPLAY,DISPLAY,IMAGE,,PRODUCT_PAGE,CLICK,CPC,SPONSORED_DISPLAY:DISPLAY:PRODUCT_PAGE:IMAGE:CLICK,USD,0,168,154.56,7,526.68
2026-09-26,US,adv_demo_001,SPONSORED_DISPLAY,DISPLAY,VIDEO,,PRODUCT_PAGE,IMPRESSION,CPM,SPONSORED_DISPLAY:DISPLAY:PRODUCT_PAGE:VIDEO:IMPRESSION,USD,23874,0,0,0,0
2026-09-26,US,adv_demo_001,SPONSORED_DISPLAY,VIDEO,VIDEO,,PRODUCT_PAGE,CLICK,CPC,SPONSORED_DISPLAY:VIDEO:PRODUCT_PAGE:VIDEO:CLICK,USD,0,147,173.46,7,622.16
2026-09-26,US,adv_demo_001,SPONSORED_PRODUCTS,PRODUCT_AD,,,PRODUCT_PAGE,CLICK,CPC,SPONSORED_PRODUCTS:PRODUCT_AD:PRODUCT_PAGE:UNSPECIFIED:CLICK,USD,0,393,345.84,29,2011.44
2026-09-26,US,adv_demo_001,SPONSORED_PRODUCTS,PRODUCT_AD,,,REST_OF_SEARCH,CLICK,CPC,SPONSORED_PRODUCTS:PRODUCT_AD:REST_OF_SEARCH:UNSPECIFIED:CLICK,USD,0,387,317.34,26,1740.7
2026-09-26,US,adv_demo_001,SPONSORED_PRODUCTS,PRODUCT_AD,,,TOP_OF_SEARCH,IMPRESSION,CPM,SPONSORED_PRODUCTS:PRODUCT_AD:TOP_OF_SEARCH:UNSPECIFIED:IMPRESSION,USD,40238,0,0,0,0
2026-09-26,US,adv_demo_001,SPONSORED_PRODUCTS,PRODUCT_AD,,,TOP_OF_SEARCH,CLICK,CPC,SPONSORED_PRODUCTS:PRODUCT_AD:TOP_OF_SEARCH:UNSPECIFIED:CLICK,USD,0,473,482.46,38,2845.44
2026-09-27,US,adv_demo_001,AMAZON_DSP,,,AUDIO,,IMPRESSION,CPM,AMAZON_DSP:AUDIO:UNSPECIFIED:UNSPECIFIED:IMPRESSION,USD,43523,0,783.41,0,0
2026-09-27,US,adv_demo_001,AMAZON_DSP,,IMAGE,DISPLAY,,IMPRESSION,CPM,AMAZON_DSP:DISPLAY:UNSPECIFIED:IMAGE:IMPRESSION,USD,53064,0,663.3,0,0
2026-09-27,US,adv_demo_001,AMAZON_DSP,,VIDEO,ONLINE_VIDEO,,IMPRESSION,CPM,AMAZON_DSP:ONLINE_VIDEO:UNSPECIFIED:VIDEO:IMPRESSION,USD,40605,0,812.1,0,0
2026-09-27,US,adv_demo_001,AMAZON_DSP,,VIDEO,STREAMING_TV,,IMPRESSION,CPM,AMAZON_DSP:STREAMING_TV:UNSPECIFIED:VIDEO:IMPRESSION,USD,49146,0,1376.09,0,0
2026-09-27,US,adv_demo_001,SPONSORED_BRANDS,COMPONENT,IMAGE,,TOP_OF_SEARCH,IMPRESSION,CPM,SPONSORED_BRANDS:COMPONENT:TOP_OF_SEARCH:IMAGE:IMPRESSION,USD,21687,0,0,0,0
2026-09-27,US,adv_demo_001,SPONSORED_BRANDS,COMPONENT,IMAGE,,TOP_OF_SEARCH,CLICK,CPC,SPONSORED_BRANDS:COMPONENT:TOP_OF_SEARCH:IMAGE:CLICK,USD,0,173,207.6,9,730.62
2026-09-27,US,adv_demo_001,SPONSORED_BRANDS,DISPLAY,IMAGE,,REST_OF_SEARCH,IMPRESSION,CPM,SPONSORED_BRANDS:DISPLAY:REST_OF_SEARCH:IMAGE:IMPRESSION,USD,25228,0,0,0,0
2026-09-27,US,adv_demo_001,SPONSORED_BRANDS,VIDEO,VIDEO,,TOP_OF_SEARCH,IMPRESSION,CPM,SPONSORED_BRANDS:VIDEO:TOP_OF_SEARCH:VIDEO:IMPRESSION,USD,20769,0,0,0,0
2026-09-27,US,adv_demo_001,SPONSORED_BRANDS,VIDEO,VIDEO,,TOP_OF_SEARCH,CLICK,CPC,SPONSORED_BRANDS:VIDEO:TOP_OF_SEARCH:VIDEO:CLICK,USD,0,150,207.0,7,643.37
2026-09-27,US,adv_demo_001,SPONSORED_DISPLAY,DISPLAY,IMAGE,,PRODUCT_PAGE,IMPRESSION,CPM,SPONSORED_DISPLAY:DISPLAY:PRODUCT_PAGE:IMAGE:IMPRESSION,USD,29310,0,0,0,0
2026-09-27,US,adv_demo_001,SPONSORED_DISPLAY,DISPLAY,IMAGE,,PRODUCT_PAGE,CLICK,CPC,SPONSORED_DISPLAY:DISPLAY:PRODUCT_PAGE:IMAGE:CLICK,USD,0,160,147.2,7,542.64
2026-09-27,US,adv_demo_001,SPONSORED_DISPLAY,DISPLAY,VIDEO,,PRODUCT_PAGE,IMPRESSION,CPM,SPONSORED_DISPLAY:DISPLAY:PRODUCT_PAGE:VIDEO:IMPRESSION,USD,24851,0,0,0,0
2026-09-27,US,adv_demo_001,SPONSORED_DISPLAY,VIDEO,VIDEO,,PRODUCT_PAGE,CLICK,CPC,SPONSORED_DISPLAY:VIDEO:PRODUCT_PAGE:VIDEO:CLICK,USD,0,155,182.9,7,640.64
2026-09-27,US,adv_demo_001,SPONSORED_PRODUCTS,PRODUCT_AD,,,PRODUCT_PAGE,CLICK,CPC,SPONSORED_PRODUCTS:PRODUCT_AD:PRODUCT_PAGE:UNSPECIFIED:CLICK,USD,0,337,296.56,25,1785.0
2026-09-27,US,adv_demo_001,SPONSORED_PRODUCTS,PRODUCT_AD,,,REST_OF_SEARCH,CLICK,CPC,SPONSORED_PRODUCTS:PRODUCT_AD:REST_OF_SEARCH:UNSPECIFIED:CLICK,USD,0,338,277.16,23,1435.2
2026-09-27,US,adv_demo_001,SPONSORED_PRODUCTS,PRODUCT_AD,,,TOP_OF_SEARCH,IMPRESSION,CPM,SPONSORED_PRODUCTS:PRODUCT_AD:TOP_OF_SEARCH:UNSPECIFIED:IMPRESSION,USD,41215,0,0,0,0
2026-09-27,US,adv_demo_001,SPONSORED_PRODUCTS,PRODUCT_AD,,,TOP_OF_SEARCH,CLICK,CPC,SPONSORED_PRODUCTS:PRODUCT_AD:TOP_OF_SEARCH:UNSPECIFIED:CLICK,USD,0,490,499.8,41,2863.44
2026-09-28,US,adv_demo_001,AMAZON_DSP,,,AUDIO,,IMPRESSION,CPM,AMAZON_DSP:AUDIO:UNSPECIFIED:UNSPECIFIED:IMPRESSION,USD,44500,0,801.0,0,0
2026-09-28,US,adv_demo_001,AMAZON_DSP,,IMAGE,DISPLAY,,IMPRESSION,CPM,AMAZON_DSP:DISPLAY:UNSPECIFIED:IMAGE:IMPRESSION,USD,54041,0,675.51,0,0
2026-09-28,US,adv_demo_001,AMAZON_DSP,,VIDEO,ONLINE_VIDEO,,IMPRESSION,CPM,AMAZON_DSP:ONLINE_VIDEO:UNSPECIFIED:VIDEO:IMPRESSION,USD,41582,0,831.64,0,0
2026-09-28,US,adv_demo_001,AMAZON_DSP,,VIDEO,STREAMING_TV,,IMPRESSION,CPM,AMAZON_DSP:STREAMING_TV:UNSPECIFIED:VIDEO:IMPRESSION,USD,50123,0,1403.44,0,0
2026-09-28,US,adv_demo_001,SPONSORED_BRANDS,COMPONENT,IMAGE,,TOP_OF_SEARCH,IMPRESSION,CPM,SPONSORED_BRANDS:COMPONENT:TOP_OF_SEARCH:IMAGE:IMPRESSION,USD,22664,0,0,0,0
2026-09-28,US,adv_demo_001,SPONSORED_BRANDS,COMPONENT,IMAGE,,TOP_OF_SEARCH,CLICK,CPC,SPONSORED_BRANDS:COMPONENT:TOP_OF_SEARCH:IMAGE:CLICK,USD,0,183,219.6,10,836.4
2026-09-28,US,adv_demo_001,SPONSORED_BRANDS,DISPLAY,IMAGE,,REST_OF_SEARCH,IMPRESSION,CPM,SPONSORED_BRANDS:DISPLAY:REST_OF_SEARCH:IMAGE:IMPRESSION,USD,26205,0,0,0,0
2026-09-28,US,adv_demo_001,SPONSORED_BRANDS,VIDEO,VIDEO,,TOP_OF_SEARCH,IMPRESSION,CPM,SPONSORED_BRANDS:VIDEO:TOP_OF_SEARCH:VIDEO:IMPRESSION,USD,21746,0,0,0,0
2026-09-28,US,adv_demo_001,SPONSORED_BRANDS,VIDEO,VIDEO,,TOP_OF_SEARCH,CLICK,CPC,SPONSORED_BRANDS:VIDEO:TOP_OF_SEARCH:VIDEO:CLICK,USD,0,145,200.1,7,662.48
2026-09-28,US,adv_demo_001,SPONSORED_DISPLAY,DISPLAY,IMAGE,,PRODUCT_PAGE,IMPRESSION,CPM,SPONSORED_DISPLAY:DISPLAY:PRODUCT_PAGE:IMAGE:IMPRESSION,USD,30287,0,0,0,0
2026-09-28,US,adv_demo_001,SPONSORED_DISPLAY,DISPLAY,IMAGE,,PRODUCT_PAGE,CLICK,CPC,SPONSORED_DISPLAY:DISPLAY:PRODUCT_PAGE:IMAGE:CLICK,USD,0,167,153.64,7,558.6
2026-09-28,US,adv_demo_001,SPONSORED_DISPLAY,DISPLAY,VIDEO,,PRODUCT_PAGE,IMPRESSION,CPM,SPONSORED_DISPLAY:DISPLAY:PRODUCT_PAGE:VIDEO:IMPRESSION,USD,19028,0,0,0,0
2026-09-28,US,adv_demo_001,SPONSORED_DISPLAY,VIDEO,VIDEO,,PRODUCT_PAGE,CLICK,CPC,SPONSORED_DISPLAY:VIDEO:PRODUCT_PAGE:VIDEO:CLICK,USD,0,118,139.24,6,512.16
2026-09-28,US,adv_demo_001,SPONSORED_PRODUCTS,PRODUCT_AD,,,PRODUCT_PAGE,CLICK,CPC,SPONSORED_PRODUCTS:PRODUCT_AD:PRODUCT_PAGE:UNSPECIFIED:CLICK,USD,0,351,308.88,27,1799.28
2026-09-28,US,adv_demo_001,SPONSORED_PRODUCTS,PRODUCT_AD,,,REST_OF_SEARCH,CLICK,CPC,SPONSORED_PRODUCTS:PRODUCT_AD:REST_OF_SEARCH:UNSPECIFIED:CLICK,USD,0,350,287.0,25,1608.75
2026-09-28,US,adv_demo_001,SPONSORED_PRODUCTS,PRODUCT_AD,,,TOP_OF_SEARCH,IMPRESSION,CPM,SPONSORED_PRODUCTS:PRODUCT_AD:TOP_OF_SEARCH:UNSPECIFIED:IMPRESSION,USD,42192,0,0,0,0
2026-09-28,US,adv_demo_001,SPONSORED_PRODUCTS,PRODUCT_AD,,,TOP_OF_SEARCH,CLICK,CPC,SPONSORED_PRODUCTS:PRODUCT_AD:TOP_OF_SEARCH:UNSPECIFIED:CLICK,USD,0,506,516.12,38,2736.0
2026-09-29,US,adv_demo_001,AMAZON_DSP,,,AUDIO,,IMPRESSION,CPM,AMAZON_DSP:AUDIO:UNSPECIFIED:UNSPECIFIED:IMPRESSION,USD,45477,0,818.59,0,0
2026-09-29,US,adv_demo_001,AMAZON_DSP,,IMAGE,DISPLAY,,IMPRESSION,CPM,AMAZON_DSP:DISPLAY:UNSPECIFIED:IMAGE:IMPRESSION,USD,55018,0,687.73,0,0
2026-09-29,US,adv_demo_001,AMAZON_DSP,,VIDEO,ONLINE_VIDEO,,IMPRESSION,CPM,AMAZON_DSP:ONLINE_VIDEO:UNSPECIFIED:VIDEO:IMPRESSION,USD,42559,0,851.18,0,0
2026-09-29,US,adv_demo_001,AMAZON_DSP,,VIDEO,STREAMING_TV,,IMPRESSION,CPM,AMAZON_DSP:STREAMING_TV:UNSPECIFIED:VIDEO:IMPRESSION,USD,51100,0,1430.8,0,0
2026-09-29,US,adv_demo_001,SPONSORED_BRANDS,COMPONENT,IMAGE,,TOP_OF_SEARCH,IMPRESSION,CPM,SPONSORED_BRANDS:COMPONENT:TOP_OF_SEARCH:IMAGE:IMPRESSION,USD,23641,0,0,0,0
2026-09-29,US,adv_demo_001,SPONSORED_BRANDS,COMPONENT,IMAGE,,TOP_OF_SEARCH,CLICK,CPC,SPONSORED_BRANDS:COMPONENT:TOP_OF_SEARCH:IMAGE:CLICK,USD,0,193,231.6,10,861.0
2026-09-29,US,adv_demo_001,SPONSORED_BRANDS,DISPLAY,IMAGE,,REST_OF_SEARCH,IMPRESSION,CPM,SPONSORED_BRANDS:DISPLAY:REST_OF_SEARCH:IMAGE:IMPRESSION,USD,27182,0,0,0,0
2026-09-29,US,adv_demo_001,SPONSORED_BRANDS,VIDEO,VIDEO,,TOP_OF_SEARCH,IMPRESSION,CPM,SPONSORED_BRANDS:VIDEO:TOP_OF_SEARCH:VIDEO:IMPRESSION,USD,22723,0,0,0,0
2026-09-29,US,adv_demo_001,SPONSORED_BRANDS,VIDEO,VIDEO,,TOP_OF_SEARCH,CLICK,CPC,SPONSORED_BRANDS:VIDEO:TOP_OF_SEARCH:VIDEO:CLICK,USD,0,153,211.14,8,706.16
2026-09-29,US,adv_demo_001,SPONSORED_DISPLAY,DISPLAY,IMAGE,,PRODUCT_PAGE,IMPRESSION,CPM,SPONSORED_DISPLAY:DISPLAY:PRODUCT_PAGE:IMAGE:IMPRESSION,USD,24464,0,0,0,0
2026-09-29,US,adv_demo_001,SPONSORED_DISPLAY,DISPLAY,IMAGE,,PRODUCT_PAGE,CLICK,CPC,SPONSORED_DISPLAY:DISPLAY:PRODUCT_PAGE:IMAGE:CLICK,USD,0,136,125.12,6,446.88
2026-09-29,US,adv_demo_001,SPONSORED_DISPLAY,DISPLAY,VIDEO,,PRODUCT_PAGE,IMPRESSION,CPM,SPONSORED_DISPLAY:DISPLAY:PRODUCT_PAGE:VIDEO:IMPRESSION,USD,20005,0,0,0,0
2026-09-29,US,adv_demo_001,SPONSORED_DISPLAY,VIDEO,VIDEO,,PRODUCT_PAGE,CLICK,CPC,SPONSORED_DISPLAY:VIDEO:PRODUCT_PAGE:VIDEO:CLICK,USD,0,125,147.5,6,528.0
2026-09-29,US,adv_demo_001,SPONSORED_PRODUCTS,PRODUCT_AD,,,PRODUCT_PAGE,CLICK,CPC,SPONSORED_PRODUCTS:PRODUCT_AD:PRODUCT_PAGE:UNSPECIFIED:CLICK,USD,0,365,321.2,25,1717.0
2026-09-29,US,adv_demo_001,SPONSORED_PRODUCTS,PRODUCT_AD,,,REST_OF_SEARCH,CLICK,CPC,SPONSORED_PRODUCTS:PRODUCT_AD:REST_OF_SEARCH:UNSPECIFIED:CLICK,USD,0,363,297.66,23,1524.9
2026-09-29,US,adv_demo_001,SPONSORED_PRODUCTS,PRODUCT_AD,,,TOP_OF_SEARCH,IMPRESSION,CPM,SPONSORED_PRODUCTS:PRODUCT_AD:TOP_OF_SEARCH:UNSPECIFIED:IMPRESSION,USD,43169,0,0,0,0
2026-09-29,US,adv_demo_001,SPONSORED_PRODUCTS,PRODUCT_AD,,,TOP_OF_SEARCH,CLICK,CPC,SPONSORED_PRODUCTS:PRODUCT_AD:TOP_OF_SEARCH:UNSPECIFIED:CLICK,USD,0,523,533.46,40,2966.4
2026-09-30,US,adv_demo_001,AMAZON_DSP,,,AUDIO,,IMPRESSION,CPM,AMAZON_DSP:AUDIO:UNSPECIFIED:UNSPECIFIED:IMPRESSION,USD,46454,0,836.17,0,0
2026-09-30,US,adv_demo_001,AMAZON_DSP,,IMAGE,DISPLAY,,IMPRESSION,CPM,AMAZON_DSP:DISPLAY:UNSPECIFIED:IMAGE:IMPRESSION,USD,55995,0,699.94,0,0
2026-09-30,US,adv_demo_001,AMAZON_DSP,,VIDEO,ONLINE_VIDEO,,IMPRESSION,CPM,AMAZON_DSP:ONLINE_VIDEO:UNSPECIFIED:VIDEO:IMPRESSION,USD,43536,0,870.72,0,0
2026-09-30,US,adv_demo_001,AMAZON_DSP,,VIDEO,STREAMING_TV,,IMPRESSION,CPM,AMAZON_DSP:STREAMING_TV:UNSPECIFIED:VIDEO:IMPRESSION,USD,52077,0,1458.16,0,0
2026-09-30,US,adv_demo_001,SPONSORED_BRANDS,COMPONENT,IMAGE,,TOP_OF_SEARCH,IMPRESSION,CPM,SPONSORED_BRANDS:COMPONENT:TOP_OF_SEARCH:IMAGE:IMPRESSION,USD,24618,0,0,0,0
2026-09-30,US,adv_demo_001,SPONSORED_BRANDS,COMPONENT,IMAGE,,TOP_OF_SEARCH,CLICK,CPC,SPONSORED_BRANDS:COMPONENT:TOP_OF_SEARCH:IMAGE:CLICK,USD,0,185,222.0,10,803.6
2026-09-30,US,adv_demo_001,SPONSORED_BRANDS,DISPLAY,IMAGE,,REST_OF_SEARCH,IMPRESSION,CPM,SPONSORED_BRANDS:DISPLAY:REST_OF_SEARCH:IMAGE:IMPRESSION,USD,21359,0,0,0,0
2026-09-30,US,adv_demo_001,SPONSORED_BRANDS,VIDEO,VIDEO,,TOP_OF_SEARCH,IMPRESSION,CPM,SPONSORED_BRANDS:VIDEO:TOP_OF_SEARCH:VIDEO:IMPRESSION,USD,16900,0,0,0,0
2026-09-30,US,adv_demo_001,SPONSORED_BRANDS,VIDEO,VIDEO,,TOP_OF_SEARCH,CLICK,CPC,SPONSORED_BRANDS:VIDEO:TOP_OF_SEARCH:VIDEO:CLICK,USD,0,115,158.7,6,546.0
2026-09-30,US,adv_demo_001,SPONSORED_DISPLAY,DISPLAY,IMAGE,,PRODUCT_PAGE,IMPRESSION,CPM,SPONSORED_DISPLAY:DISPLAY:PRODUCT_PAGE:IMAGE:IMPRESSION,USD,25441,0,0,0,0
2026-09-30,US,adv_demo_001,SPONSORED_DISPLAY,DISPLAY,IMAGE,,PRODUCT_PAGE,CLICK,CPC,SPONSORED_DISPLAY:DISPLAY:PRODUCT_PAGE:IMAGE:CLICK,USD,0,143,131.56,7,537.32
2026-09-30,US,adv_demo_001,SPONSORED_DISPLAY,DISPLAY,VIDEO,,PRODUCT_PAGE,IMPRESSION,CPM,SPONSORED_DISPLAY:DISPLAY:PRODUCT_PAGE:VIDEO:IMPRESSION,USD,20982,0,0,0,0
2026-09-30,US,adv_demo_001,SPONSORED_DISPLAY,VIDEO,VIDEO,,PRODUCT_PAGE,CLICK,CPC,SPONSORED_DISPLAY:VIDEO:PRODUCT_PAGE:VIDEO:CLICK,USD,0,133,156.94,6,543.84
2026-09-30,US,adv_demo_001,SPONSORED_PRODUCTS,PRODUCT_AD,,,PRODUCT_PAGE,CLICK,CPC,SPONSORED_PRODUCTS:PRODUCT_AD:PRODUCT_PAGE:UNSPECIFIED:CLICK,USD,0,379,333.52,27,1909.44
2026-09-30,US,adv_demo_001,SPONSORED_PRODUCTS,PRODUCT_AD,,,REST_OF_SEARCH,CLICK,CPC,SPONSORED_PRODUCTS:PRODUCT_AD:REST_OF_SEARCH:UNSPECIFIED:CLICK,USD,0,376,308.32,25,1706.25
2026-09-30,US,adv_demo_001,SPONSORED_PRODUCTS,PRODUCT_AD,,,TOP_OF_SEARCH,IMPRESSION,CPM,SPONSORED_PRODUCTS:PRODUCT_AD:TOP_OF_SEARCH:UNSPECIFIED:IMPRESSION,USD,44146,0,0,0,0
2026-09-30,US,adv_demo_001,SPONSORED_PRODUCTS,PRODUCT_AD,,,TOP_OF_SEARCH,CLICK,CPC,SPONSORED_PRODUCTS:PRODUCT_AD:TOP_OF_SEARCH:UNSPECIFIED:CLICK,USD,0,540,550.8,43,2972.16
2026-10-01,US,adv_demo_001,AMAZON_DSP,,,AUDIO,,IMPRESSION,CPM,AMAZON_DSP:AUDIO:UNSPECIFIED:UNSPECIFIED:IMPRESSION,USD,47431,0,853.76,0,0
2026-10-01,US,adv_demo_001,AMAZON_DSP,,IMAGE,DISPLAY,,IMPRESSION,CPM,AMAZON_DSP:DISPLAY:UNSPECIFIED:IMAGE:IMPRESSION,USD,56972,0,712.15,0,0
2026-10-01,US,adv_demo_001,AMAZON_DSP,,VIDEO,ONLINE_VIDEO,,IMPRESSION,CPM,AMAZON_DSP:ONLINE_VIDEO:UNSPECIFIED:VIDEO:IMPRESSION,USD,44513,0,890.26,0,0
2026-10-01,US,adv_demo_001,AMAZON_DSP,,VIDEO,STREAMING_TV,,IMPRESSION,CPM,AMAZON_DSP:STREAMING_TV:UNSPECIFIED:VIDEO:IMPRESSION,USD,46254,0,1295.11,0,0
2026-10-01,US,adv_demo_001,SPONSORED_BRANDS,COMPONENT,IMAGE,,TOP_OF_SEARCH,IMPRESSION,CPM,SPONSORED_BRANDS:COMPONENT:TOP_OF_SEARCH:IMAGE:IMPRESSION,USD,18795,0,0,0,0
2026-10-01,US,adv_demo_001,SPONSORED_BRANDS,COMPONENT,IMAGE,,TOP_OF_SEARCH,CLICK,CPC,SPONSORED_BRANDS:COMPONENT:TOP_OF_SEARCH:IMAGE:CLICK,USD,0,143,171.6,8,662.56
2026-10-01,US,adv_demo_001,SPONSORED_BRANDS,DISPLAY,IMAGE,,REST_OF_SEARCH,IMPRESSION,CPM,SPONSORED_BRANDS:DISPLAY:REST_OF_SEARCH:IMAGE:IMPRESSION,USD,22336,0,0,0,0
2026-10-01,US,adv_demo_001,SPONSORED_BRANDS,VIDEO,VIDEO,,TOP_OF_SEARCH,IMPRESSION,CPM,SPONSORED_BRANDS:VIDEO:TOP_OF_SEARCH:VIDEO:IMPRESSION,USD,17877,0,0,0,0
2026-10-01,US,adv_demo_001,SPONSORED_BRANDS,VIDEO,VIDEO,,TOP_OF_SEARCH,CLICK,CPC,SPONSORED_BRANDS:VIDEO:TOP_OF_SEARCH:VIDEO:CLICK,USD,0,123,169.74,6,562.38
2026-10-01,US,adv_demo_001,SPONSORED_DISPLAY,DISPLAY,IMAGE,,PRODUCT_PAGE,IMPRESSION,CPM,SPONSORED_DISPLAY:DISPLAY:PRODUCT_PAGE:IMAGE:IMPRESSION,USD,26418,0,0,0,0
2026-10-01,US,adv_demo_001,SPONSORED_DISPLAY,DISPLAY,IMAGE,,PRODUCT_PAGE,CLICK,CPC,SPONSORED_DISPLAY:DISPLAY:PRODUCT_PAGE:IMAGE:CLICK,USD,0,150,138.0,6,474.24
2026-10-01,US,adv_demo_001,SPONSORED_DISPLAY,DISPLAY,VIDEO,,PRODUCT_PAGE,IMPRESSION,CPM,SPONSORED_DISPLAY:DISPLAY:PRODUCT_PAGE:VIDEO:IMPRESSION,USD,21959,0,0,0,0
2026-10-01,US,adv_demo_001,SPONSORED_DISPLAY,VIDEO,VIDEO,,PRODUCT_PAGE,CLICK,CPC,SPONSORED_DISPLAY:VIDEO:PRODUCT_PAGE:VIDEO:CLICK,USD,0,141,166.38,7,591.36
2026-10-01,US,adv_demo_001,SPONSORED_PRODUCTS,PRODUCT_AD,,,PRODUCT_PAGE,CLICK,CPC,SPONSORED_PRODUCTS:PRODUCT_AD:PRODUCT_PAGE:UNSPECIFIED:CLICK,USD,0,393,345.84,28,1846.88
2026-10-01,US,adv_demo_001,SPONSORED_PRODUCTS,PRODUCT_AD,,,REST_OF_SEARCH,CLICK,CPC,SPONSORED_PRODUCTS:PRODUCT_AD:REST_OF_SEARCH:UNSPECIFIED:CLICK,USD,0,389,318.98,26,1656.2
2026-10-01,US,adv_demo_001,SPONSORED_PRODUCTS,PRODUCT_AD,,,TOP_OF_SEARCH,IMPRESSION,CPM,SPONSORED_PRODUCTS:PRODUCT_AD:TOP_OF_SEARCH:UNSPECIFIED:IMPRESSION,USD,45123,0,0,0,0
2026-10-01,US,adv_demo_001,SPONSORED_PRODUCTS,PRODUCT_AD,,,TOP_OF_SEARCH,CLICK,CPC,SPONSORED_PRODUCTS:PRODUCT_AD:TOP_OF_SEARCH:UNSPECIFIED:CLICK,USD,0,509,519.18,41,2922.48
2026-10-02,US,adv_demo_001,AMAZON_DSP,,,AUDIO,,IMPRESSION,CPM,AMAZON_DSP:AUDIO:UNSPECIFIED:UNSPECIFIED:IMPRESSION,USD,48408,0,871.34,0,0
2026-10-02,US,adv_demo_001,AMAZON_DSP,,IMAGE,DISPLAY,,IMPRESSION,CPM,AMAZON_DSP:DISPLAY:UNSPECIFIED:IMAGE:IMPRESSION,USD,51149,0,639.36,0,0
2026-10-02,US,adv_demo_001,AMAZON_DSP,,VIDEO,ONLINE_VIDEO,,IMPRESSION,CPM,AMAZON_DSP:ONLINE_VIDEO:UNSPECIFIED:VIDEO:IMPRESSION,USD,38690,0,773.8,0,0
2026-10-02,US,adv_demo_001,AMAZON_DSP,,VIDEO,STREAMING_TV,,IMPRESSION,CPM,AMAZON_DSP:STREAMING_TV:UNSPECIFIED:VIDEO:IMPRESSION,USD,47231,0,1322.47,0,0
2026-10-02,US,adv_demo_001,SPONSORED_BRANDS,COMPONENT,IMAGE,,TOP_OF_SEARCH,IMPRESSION,CPM,SPONSORED_BRANDS:COMPONENT:TOP_OF_SEARCH:IMAGE:IMPRESSION,USD,19772,0,0,0,0
2026-10-02,US,adv_demo_001,SPONSORED_BRANDS,COMPONENT,IMAGE,,TOP_OF_SEARCH,CLICK,CPC,SPONSORED_BRANDS:COMPONENT:TOP_OF_SEARCH:IMAGE:CLICK,USD,0,152,182.4,8,682.24
2026-10-02,US,adv_demo_001,SPONSORED_BRANDS,DISPLAY,IMAGE,,REST_OF_SEARCH,IMPRESSION,CPM,SPONSORED_BRANDS:DISPLAY:REST_OF_SEARCH:IMAGE:IMPRESSION,USD,23313,0,0,0,0
2026-10-02,US,adv_demo_001,SPONSORED_BRANDS,VIDEO,VIDEO,,TOP_OF_SEARCH,IMPRESSION,CPM,SPONSORED_BRANDS:VIDEO:TOP_OF_SEARCH:VIDEO:IMPRESSION,USD,18854,0,0,0,0
2026-10-02,US,adv_demo_001,SPONSORED_BRANDS,VIDEO,VIDEO,,TOP_OF_SEARCH,CLICK,CPC,SPONSORED_BRANDS:VIDEO:TOP_OF_SEARCH:VIDEO:CLICK,USD,0,131,180.78,6,524.16
2026-10-02,US,adv_demo_001,SPONSORED_DISPLAY,DISPLAY,IMAGE,,PRODUCT_PAGE,IMPRESSION,CPM,SPONSORED_DISPLAY:DISPLAY:PRODUCT_PAGE:IMAGE:IMPRESSION,USD,27395,0,0,0,0
2026-10-02,US,adv_demo_001,SPONSORED_DISPLAY,DISPLAY,IMAGE,,PRODUCT_PAGE,CLICK,CPC,SPONSORED_DISPLAY:DISPLAY:PRODUCT_PAGE:IMAGE:CLICK,USD,0,157,144.44,7,516.04
2026-10-02,US,adv_demo_001,SPONSORED_DISPLAY,DISPLAY,VIDEO,,PRODUCT_PAGE,IMPRESSION,CPM,SPONSORED_DISPLAY:DISPLAY:PRODUCT_PAGE:VIDEO:IMPRESSION,USD,22936,0,0,0,0
2026-10-02,US,adv_demo_001,SPONSORED_DISPLAY,VIDEO,VIDEO,,PRODUCT_PAGE,CLICK,CPC,SPONSORED_DISPLAY:VIDEO:PRODUCT_PAGE:VIDEO:CLICK,USD,0,150,177.0,7,609.84
2026-10-02,US,adv_demo_001,SPONSORED_PRODUCTS,PRODUCT_AD,,,PRODUCT_PAGE,CLICK,CPC,SPONSORED_PRODUCTS:PRODUCT_AD:PRODUCT_PAGE:UNSPECIFIED:CLICK,USD,0,407,358.16,30,2040.0
2026-10-02,US,adv_demo_001,SPONSORED_PRODUCTS,PRODUCT_AD,,,REST_OF_SEARCH,CLICK,CPC,SPONSORED_PRODUCTS:PRODUCT_AD:REST_OF_SEARCH:UNSPECIFIED:CLICK,USD,0,367,300.94,25,1641.25
2026-10-02,US,adv_demo_001,SPONSORED_PRODUCTS,PRODUCT_AD,,,TOP_OF_SEARCH,IMPRESSION,CPM,SPONSORED_PRODUCTS:PRODUCT_AD:TOP_OF_SEARCH:UNSPECIFIED:IMPRESSION,USD,46100,0,0,0,0
2026-10-02,US,adv_demo_001,SPONSORED_PRODUCTS,PRODUCT_AD,,,TOP_OF_SEARCH,CLICK,CPC,SPONSORED_PRODUCTS:PRODUCT_AD:TOP_OF_SEARCH:UNSPECIFIED:CLICK,USD,0,526,536.52,43,3157.92
2026-10-03,US,adv_demo_001,AMAZON_DSP,,,AUDIO,,IMPRESSION,CPM,AMAZON_DSP:AUDIO:UNSPECIFIED:UNSPECIFIED:IMPRESSION,USD,42585,0,766.53,0,0
2026-10-03,US,adv_demo_001,AMAZON_DSP,,IMAGE,DISPLAY,,IMPRESSION,CPM,AMAZON_DSP:DISPLAY:UNSPECIFIED:IMAGE:IMPRESSION,USD,52126,0,651.57,0,0
2026-10-03,US,adv_demo_001,AMAZON_DSP,,VIDEO,ONLINE_VIDEO,,IMPRESSION,CPM,AMAZON_DSP:ONLINE_VIDEO:UNSPECIFIED:VIDEO:IMPRESSION,USD,39667,0,793.34,0,0
2026-10-03,US,adv_demo_001,AMAZON_DSP,,VIDEO,STREAMING_TV,,IMPRESSION,CPM,AMAZON_DSP:STREAMING_TV:UNSPECIFIED:VIDEO:IMPRESSION,USD,48208,0,1349.82,0,0
2026-10-03,US,adv_demo_001,SPONSORED_BRANDS,COMPONENT,IMAGE,,TOP_OF_SEARCH,IMPRESSION,CPM,SPONSORED_BRANDS:COMPONENT:TOP_OF_SEARCH:IMAGE:IMPRESSION,USD,20749,0,0,0,0
2026-10-03,US,adv_demo_001,SPONSORED_BRANDS,COMPONENT,IMAGE,,TOP_OF_SEARCH,CLICK,CPC,SPONSORED_BRANDS:COMPONENT:TOP_OF_SEARCH:IMAGE:CLICK,USD,0,161,193.2,8,636.32
2026-10-03,US,adv_demo_001,SPONSORED_BRANDS,DISPLAY,IMAGE,,REST_OF_SEARCH,IMPRESSION,CPM,SPONSORED_BRANDS:DISPLAY:REST_OF_SEARCH:IMAGE:IMPRESSION,USD,24290,0,0,0,0
2026-10-03,US,adv_demo_001,SPONSORED_BRANDS,VIDEO,VIDEO,,TOP_OF_SEARCH,IMPRESSION,CPM,SPONSORED_BRANDS:VIDEO:TOP_OF_SEARCH:VIDEO:IMPRESSION,USD,19831,0,0,0,0
2026-10-03,US,adv_demo_001,SPONSORED_BRANDS,VIDEO,VIDEO,,TOP_OF_SEARCH,CLICK,CPC,SPONSORED_BRANDS:VIDEO:TOP_OF_SEARCH:VIDEO:CLICK,USD,0,139,191.82,7,630.63
2026-10-03,US,adv_demo_001,SPONSORED_DISPLAY,DISPLAY,IMAGE,,PRODUCT_PAGE,IMPRESSION,CPM,SPONSORED_DISPLAY:DISPLAY:PRODUCT_PAGE:IMAGE:IMPRESSION,USD,28372,0,0,0,0
2026-10-03,US,adv_demo_001,SPONSORED_DISPLAY,DISPLAY,IMAGE,,PRODUCT_PAGE,CLICK,CPC,SPONSORED_DISPLAY:DISPLAY:PRODUCT_PAGE:IMAGE:CLICK,USD,0,165,151.8,7,532.0
2026-10-03,US,adv_demo_001,SPONSORED_DISPLAY,DISPLAY,VIDEO,,PRODUCT_PAGE,IMPRESSION,CPM,SPONSORED_DISPLAY:DISPLAY:PRODUCT_PAGE:VIDEO:IMPRESSION,USD,23913,0,0,0,0
2026-10-03,US,adv_demo_001,SPONSORED_DISPLAY,VIDEO,VIDEO,,PRODUCT_PAGE,CLICK,CPC,SPONSORED_DISPLAY:VIDEO:PRODUCT_PAGE:VIDEO:CLICK,USD,0,158,186.44,8,718.08
2026-10-03,US,adv_demo_001,SPONSORED_PRODUCTS,PRODUCT_AD,,,PRODUCT_PAGE,CLICK,CPC,SPONSORED_PRODUCTS:PRODUCT_AD:PRODUCT_PAGE:UNSPECIFIED:CLICK,USD,0,385,338.8,29,2031.16
2026-10-03,US,adv_demo_001,SPONSORED_PRODUCTS,PRODUCT_AD,,,REST_OF_SEARCH,CLICK,CPC,SPONSORED_PRODUCTS:PRODUCT_AD:REST_OF_SEARCH:UNSPECIFIED:CLICK,USD,0,380,311.6,26,1757.6
2026-10-03,US,adv_demo_001,SPONSORED_PRODUCTS,PRODUCT_AD,,,TOP_OF_SEARCH,IMPRESSION,CPM,SPONSORED_PRODUCTS:PRODUCT_AD:TOP_OF_SEARCH:UNSPECIFIED:IMPRESSION,USD,40277,0,0,0,0
2026-10-03,US,adv_demo_001,SPONSORED_PRODUCTS,PRODUCT_AD,,,TOP_OF_SEARCH,CLICK,CPC,SPONSORED_PRODUCTS:PRODUCT_AD:TOP_OF_SEARCH:UNSPECIFIED:CLICK,USD,0,464,473.28,39,2948.4
2026-10-04,US,adv_demo_001,AMAZON_DSP,,,AUDIO,,IMPRESSION,CPM,AMAZON_DSP:AUDIO:UNSPECIFIED:UNSPECIFIED:IMPRESSION,USD,43562,0,784.12,0,0
2026-10-04,US,adv_demo_001,AMAZON_DSP,,IMAGE,DISPLAY,,IMPRESSION,CPM,AMAZON_DSP:DISPLAY:UNSPECIFIED:IMAGE:IMPRESSION,USD,53103,0,663.79,0,0
2026-10-04,US,adv_demo_001,AMAZON_DSP,,VIDEO,ONLINE_VIDEO,,IMPRESSION,CPM,AMAZON_DSP:ONLINE_VIDEO:UNSPECIFIED:VIDEO:IMPRESSION,USD,40644,0,812.88,0,0
2026-10-04,US,adv_demo_001,AMAZON_DSP,,VIDEO,STREAMING_TV,,IMPRESSION,CPM,AMAZON_DSP:STREAMING_TV:UNSPECIFIED:VIDEO:IMPRESSION,USD,49185,0,1377.18,0,0
2026-10-04,US,adv_demo_001,SPONSORED_BRANDS,COMPONENT,IMAGE,,TOP_OF_SEARCH,IMPRESSION,CPM,SPONSORED_BRANDS:COMPONENT:TOP_OF_SEARCH:IMAGE:IMPRESSION,USD,21726,0,0,0,0
2026-10-04,US,adv_demo_001,SPONSORED_BRANDS,COMPONENT,IMAGE,,TOP_OF_SEARCH,CLICK,CPC,SPONSORED_BRANDS:COMPONENT:TOP_OF_SEARCH:IMAGE:CLICK,USD,0,170,204.0,9,738.0
2026-10-04,US,adv_demo_001,SPONSORED_BRANDS,DISPLAY,IMAGE,,REST_OF_SEARCH,IMPRESSION,CPM,SPONSORED_BRANDS:DISPLAY:REST_OF_SEARCH:IMAGE:IMPRESSION,USD,25267,0,0,0,0
2026-10-04,US,adv_demo_001,SPONSORED_BRANDS,VIDEO,VIDEO,,TOP_OF_SEARCH,IMPRESSION,CPM,SPONSORED_BRANDS:VIDEO:TOP_OF_SEARCH:VIDEO:IMPRESSION,USD,20808,0,0,0,0
2026-10-04,US,adv_demo_001,SPONSORED_BRANDS,VIDEO,VIDEO,,TOP_OF_SEARCH,CLICK,CPC,SPONSORED_BRANDS:VIDEO:TOP_OF_SEARCH:VIDEO:CLICK,USD,0,148,204.24,7,649.74
2026-10-04,US,adv_demo_001,SPONSORED_DISPLAY,DISPLAY,IMAGE,,PRODUCT_PAGE,IMPRESSION,CPM,SPONSORED_DISPLAY:DISPLAY:PRODUCT_PAGE:IMAGE:IMPRESSION,USD,29349,0,0,0,0
2026-10-04,US,adv_demo_001,SPONSORED_DISPLAY,DISPLAY,IMAGE,,PRODUCT_PAGE,CLICK,CPC,SPONSORED_DISPLAY:DISPLAY:PRODUCT_PAGE:IMAGE:CLICK,USD,0,172,158.24,8,626.24
2026-10-04,US,adv_demo_001,SPONSORED_DISPLAY,DISPLAY,VIDEO,,PRODUCT_PAGE,IMPRESSION,CPM,SPONSORED_DISPLAY:DISPLAY:PRODUCT_PAGE:VIDEO:IMPRESSION,USD,24890,0,0,0,0
2026-10-04,US,adv_demo_001,SPONSORED_DISPLAY,VIDEO,VIDEO,,PRODUCT_PAGE,CLICK,CPC,SPONSORED_DISPLAY:VIDEO:PRODUCT_PAGE:VIDEO:CLICK,USD,0,152,179.36,8,739.2
2026-10-04,US,adv_demo_001,SPONSORED_PRODUCTS,PRODUCT_AD,,,PRODUCT_PAGE,CLICK,CPC,SPONSORED_PRODUCTS:PRODUCT_AD:PRODUCT_PAGE:UNSPECIFIED:CLICK,USD,0,331,291.28,25,1632.0
2026-10-04,US,adv_demo_001,SPONSORED_PRODUCTS,PRODUCT_AD,,,REST_OF_SEARCH,CLICK,CPC,SPONSORED_PRODUCTS:PRODUCT_AD:REST_OF_SEARCH:UNSPECIFIED:CLICK,USD,0,331,271.42,21,1324.05
2026-10-04,US,adv_demo_001,SPONSORED_PRODUCTS,PRODUCT_AD,,,TOP_OF_SEARCH,IMPRESSION,CPM,SPONSORED_PRODUCTS:PRODUCT_AD:TOP_OF_SEARCH:UNSPECIFIED:IMPRESSION,USD,41254,0,0,0,0
2026-10-04,US,adv_demo_001,SPONSORED_PRODUCTS,PRODUCT_AD,,,TOP_OF_SEARCH,CLICK,CPC,SPONSORED_PRODUCTS:PRODUCT_AD:TOP_OF_SEARCH:UNSPECIFIED:CLICK,USD,0,480,489.6,37,2610.72
2026-10-05,US,adv_demo_001,AMAZON_DSP,,,AUDIO,,IMPRESSION,CPM,AMAZON_DSP:AUDIO:UNSPECIFIED:UNSPECIFIED:IMPRESSION,USD,44539,0,801.7,0,0
2026-10-05,US,adv_demo_001,AMAZON_DSP,,IMAGE,DISPLAY,,IMPRESSION,CPM,AMAZON_DSP:DISPLAY:UNSPECIFIED:IMAGE:IMPRESSION,USD,54080,0,676.0,0,0
2026-10-05,US,adv_demo_001,AMAZON_DSP,,VIDEO,ONLINE_VIDEO,,IMPRESSION,CPM,AMAZON_DSP:ONLINE_VIDEO:UNSPECIFIED:VIDEO:IMPRESSION,USD,41621,0,832.42,0,0
2026-10-05,US,adv_demo_001,AMAZON_DSP,,VIDEO,STREAMING_TV,,IMPRESSION,CPM,AMAZON_DSP:STREAMING_TV:UNSPECIFIED:VIDEO:IMPRESSION,USD,50162,0,1404.54,0,0
2026-10-05,US,adv_demo_001,SPONSORED_BRANDS,COMPONENT,IMAGE,,TOP_OF_SEARCH,IMPRESSION,CPM,SPONSORED_BRANDS:COMPONENT:TOP_OF_SEARCH:IMAGE:IMPRESSION,USD,22703,0,0,0,0
2026-10-05,US,adv_demo_001,SPONSORED_BRANDS,COMPONENT,IMAGE,,TOP_OF_SEARCH,CLICK,CPC,SPONSORED_BRANDS:COMPONENT:TOP_OF_SEARCH:IMAGE:CLICK,USD,0,180,216.0,10,844.6
2026-10-05,US,adv_demo_001,SPONSORED_BRANDS,DISPLAY,IMAGE,,REST_OF_SEARCH,IMPRESSION,CPM,SPONSORED_BRANDS:DISPLAY:REST_OF_SEARCH:IMAGE:IMPRESSION,USD,26244,0,0,0,0
2026-10-05,US,adv_demo_001,SPONSORED_BRANDS,VIDEO,VIDEO,,TOP_OF_SEARCH,IMPRESSION,CPM,SPONSORED_BRANDS:VIDEO:TOP_OF_SEARCH:VIDEO:IMPRESSION,USD,21785,0,0,0,0
2026-10-05,US,adv_demo_001,SPONSORED_BRANDS,VIDEO,VIDEO,,TOP_OF_SEARCH,CLICK,CPC,SPONSORED_BRANDS:VIDEO:TOP_OF_SEARCH:VIDEO:CLICK,USD,0,156,215.28,8,764.4
2026-10-05,US,adv_demo_001,SPONSORED_DISPLAY,DISPLAY,IMAGE,,PRODUCT_PAGE,IMPRESSION,CPM,SPONSORED_DISPLAY:DISPLAY:PRODUCT_PAGE:IMAGE:IMPRESSION,USD,30326,0,0,0,0
2026-10-05,US,adv_demo_001,SPONSORED_DISPLAY,DISPLAY,IMAGE,,PRODUCT_PAGE,CLICK,CPC,SPONSORED_DISPLAY:DISPLAY:PRODUCT_PAGE:IMAGE:CLICK,USD,0,179,164.68,8,583.68
2026-10-05,US,adv_demo_001,SPONSORED_DISPLAY,DISPLAY,VIDEO,,PRODUCT_PAGE,IMPRESSION,CPM,SPONSORED_DISPLAY:DISPLAY:PRODUCT_PAGE:VIDEO:IMPRESSION,USD,19067,0,0,0,0
2026-10-05,US,adv_demo_001,SPONSORED_DISPLAY,VIDEO,VIDEO,,PRODUCT_PAGE,CLICK,CPC,SPONSORED_DISPLAY:VIDEO:PRODUCT_PAGE:VIDEO:CLICK,USD,0,115,135.7,5,431.2
2026-10-05,US,adv_demo_001,SPONSORED_PRODUCTS,PRODUCT_AD,,,PRODUCT_PAGE,CLICK,CPC,SPONSORED_PRODUCTS:PRODUCT_AD:PRODUCT_PAGE:UNSPECIFIED:CLICK,USD,0,344,302.72,24,1615.68
2026-10-05,US,adv_demo_001,SPONSORED_PRODUCTS,PRODUCT_AD,,,REST_OF_SEARCH,CLICK,CPC,SPONSORED_PRODUCTS:PRODUCT_AD:REST_OF_SEARCH:UNSPECIFIED:CLICK,USD,0,344,282.08,22,1430.0
2026-10-05,US,adv_demo_001,SPONSORED_PRODUCTS,PRODUCT_AD,,,TOP_OF_SEARCH,IMPRESSION,CPM,SPONSORED_PRODUCTS:PRODUCT_AD:TOP_OF_SEARCH:UNSPECIFIED:IMPRESSION,USD,42231,0,0,0,0
2026-10-05,US,adv_demo_001,SPONSORED_PRODUCTS,PRODUCT_AD,,,TOP_OF_SEARCH,CLICK,CPC,SPONSORED_PRODUCTS:PRODUCT_AD:TOP_OF_SEARCH:UNSPECIFIED:CLICK,USD,0,497,506.94,39,2836.08
2026-10-06,US,adv_demo_001,AMAZON_DSP,,,AUDIO,,IMPRESSION,CPM,AMAZON_DSP:AUDIO:UNSPECIFIED:UNSPECIFIED:IMPRESSION,USD,45516,0,819.29,0,0
2026-10-06,US,adv_demo_001,AMAZON_DSP,,IMAGE,DISPLAY,,IMPRESSION,CPM,AMAZON_DSP:DISPLAY:UNSPECIFIED:IMAGE:IMPRESSION,USD,55057,0,688.21,0,0
2026-10-06,US,adv_demo_001,AMAZON_DSP,,VIDEO,ONLINE_VIDEO,,IMPRESSION,CPM,AMAZON_DSP:ONLINE_VIDEO:UNSPECIFIED:VIDEO:IMPRESSION,USD,42598,0,851.96,0,0
2026-10-06,US,adv_demo_001,AMAZON_DSP,,VIDEO,STREAMING_TV,,IMPRESSION,CPM,AMAZON_DSP:STREAMING_TV:UNSPECIFIED:VIDEO:IMPRESSION,USD,51139,0,1431.89,0,0
2026-10-06,US,adv_demo_001,SPONSORED_BRANDS,COMPONENT,IMAGE,,TOP_OF_SEARCH,IMPRESSION,CPM,SPONSORED_BRANDS:COMPONENT:TOP_OF_SEARCH:IMAGE:IMPRESSION,USD,23680,0,0,0,0
2026-10-06,US,adv_demo_001,SPONSORED_BRANDS,COMPONENT,IMAGE,,TOP_OF_SEARCH,CLICK,CPC,SPONSORED_BRANDS:COMPONENT:TOP_OF_SEARCH:IMAGE:CLICK,USD,0,189,226.8,10,787.2
2026-10-06,US,adv_demo_001,SPONSORED_BRANDS,DISPLAY,IMAGE,,REST_OF_SEARCH,IMPRESSION,CPM,SPONSORED_BRANDS:DISPLAY:REST_OF_SEARCH:IMAGE:IMPRESSION,USD,27221,0,0,0,0
2026-10-06,US,adv_demo_001,SPONSORED_BRANDS,VIDEO,VIDEO,,TOP_OF_SEARCH,IMPRESSION,CPM,SPONSORED_BRANDS:VIDEO:TOP_OF_SEARCH:VIDEO:IMPRESSION,USD,22762,0,0,0,0
2026-10-06,US,adv_demo_001,SPONSORED_BRANDS,VIDEO,VIDEO,,TOP_OF_SEARCH,CLICK,CPC,SPONSORED_BRANDS:VIDEO:TOP_OF_SEARCH:VIDEO:CLICK,USD,0,165,227.7,8,713.44
2026-10-06,US,adv_demo_001,SPONSORED_DISPLAY,DISPLAY,IMAGE,,PRODUCT_PAGE,IMPRESSION,CPM,SPONSORED_DISPLAY:DISPLAY:PRODUCT_PAGE:IMAGE:IMPRESSION,USD,24503,0,0,0,0
2026-10-06,US,adv_demo_001,SPONSORED_DISPLAY,DISPLAY,IMAGE,,PRODUCT_PAGE,CLICK,CPC,SPONSORED_DISPLAY:DISPLAY:PRODUCT_PAGE:IMAGE:CLICK,USD,0,134,123.28,6,451.44
2026-10-06,US,adv_demo_001,SPONSORED_DISPLAY,DISPLAY,VIDEO,,PRODUCT_PAGE,IMPRESSION,CPM,SPONSORED_DISPLAY:DISPLAY:PRODUCT_PAGE:VIDEO:IMPRESSION,USD,20044,0,0,0,0
2026-10-06,US,adv_demo_001,SPONSORED_DISPLAY,VIDEO,VIDEO,,PRODUCT_PAGE,CLICK,CPC,SPONSORED_DISPLAY:VIDEO:PRODUCT_PAGE:VIDEO:CLICK,USD,0,123,145.14,6,533.28
2026-10-06,US,adv_demo_001,SPONSORED_PRODUCTS,PRODUCT_AD,,,PRODUCT_PAGE,CLICK,CPC,SPONSORED_PRODUCTS:PRODUCT_AD:PRODUCT_PAGE:UNSPECIFIED:CLICK,USD,0,358,315.04,26,1803.36
2026-10-06,US,adv_demo_001,SPONSORED_PRODUCTS,PRODUCT_AD,,,REST_OF_SEARCH,CLICK,CPC,SPONSORED_PRODUCTS:PRODUCT_AD:REST_OF_SEARCH:UNSPECIFIED:CLICK,USD,0,356,291.92,24,1606.8
2026-10-06,US,adv_demo_001,SPONSORED_PRODUCTS,PRODUCT_AD,,,TOP_OF_SEARCH,IMPRESSION,CPM,SPONSORED_PRODUCTS:PRODUCT_AD:TOP_OF_SEARCH:UNSPECIFIED:IMPRESSION,USD,43208,0,0,0,0
2026-10-06,US,adv_demo_001,SPONSORED_PRODUCTS,PRODUCT_AD,,,TOP_OF_SEARCH,CLICK,CPC,SPONSORED_PRODUCTS:PRODUCT_AD:TOP_OF_SEARCH:UNSPECIFIED:CLICK,USD,0,513,523.26,41,3070.08
2026-10-07,US,adv_demo_001,AMAZON_DSP,,,AUDIO,,IMPRESSION,CPM,AMAZON_DSP:AUDIO:UNSPECIFIED:UNSPECIFIED:IMPRESSION,USD,46493,0,836.87,0,0
2026-10-07,US,adv_demo_001,AMAZON_DSP,,IMAGE,DISPLAY,,IMPRESSION,CPM,AMAZON_DSP:DISPLAY:UNSPECIFIED:IMAGE:IMPRESSION,USD,56034,0,700.42,0,0
2026-10-07,US,adv_demo_001,AMAZON_DSP,,VIDEO,ONLINE_VIDEO,,IMPRESSION,CPM,AMAZON_DSP:ONLINE_VIDEO:UNSPECIFIED:VIDEO:IMPRESSION,USD,43575,0,871.5,0,0
2026-10-07,US,adv_demo_001,AMAZON_DSP,,VIDEO,STREAMING_TV,,IMPRESSION,CPM,AMAZON_DSP:STREAMING_TV:UNSPECIFIED:VIDEO:IMPRESSION,USD,52116,0,1459.25,0,0
2026-10-07,US,adv_demo_001,SPONSORED_BRANDS,COMPONENT,IMAGE,,TOP_OF_SEARCH,IMPRESSION,CPM,SPONSORED_BRANDS:COMPONENT:TOP_OF_SEARCH:IMAGE:IMPRESSION,USD,24657,0,0,0,0
2026-10-07,US,adv_demo_001,SPONSORED_BRANDS,COMPONENT,IMAGE,,TOP_OF_SEARCH,CLICK,CPC,SPONSORED_BRANDS:COMPONENT:TOP_OF_SEARCH:IMAGE:CLICK,USD,0,199,238.8,11,892.98
2026-10-07,US,adv_demo_001,SPONSORED_BRANDS,DISPLAY,IMAGE,,REST_OF_SEARCH,IMPRESSION,CPM,SPONSORED_BRANDS:DISPLAY:REST_OF_SEARCH:IMAGE:IMPRESSION,USD,21398,0,0,0,0
2026-10-07,US,adv_demo_001,SPONSORED_BRANDS,VIDEO,VIDEO,,TOP_OF_SEARCH,IMPRESSION,CPM,SPONSORED_BRANDS:VIDEO:TOP_OF_SEARCH:VIDEO:IMPRESSION,USD,16939,0,0,0,0
2026-10-07,US,adv_demo_001,SPONSORED_BRANDS,VIDEO,VIDEO,,TOP_OF_SEARCH,CLICK,CPC,SPONSORED_BRANDS:VIDEO:TOP_OF_SEARCH:VIDEO:CLICK,USD,0,113,155.94,5,459.55
2026-10-07,US,adv_demo_001,SPONSORED_DISPLAY,DISPLAY,IMAGE,,PRODUCT_PAGE,IMPRESSION,CPM,SPONSORED_DISPLAY:DISPLAY:PRODUCT_PAGE:IMAGE:IMPRESSION,USD,25480,0,0,0,0
2026-10-07,US,adv_demo_001,SPONSORED_DISPLAY,DISPLAY,IMAGE,,PRODUCT_PAGE,CLICK,CPC,SPONSORED_DISPLAY:DISPLAY:PRODUCT_PAGE:IMAGE:CLICK,USD,0,140,128.8,6,465.12
2026-10-07,US,adv_demo_001,SPONSORED_DISPLAY,DISPLAY,VIDEO,,PRODUCT_PAGE,IMPRESSION,CPM,SPONSORED_DISPLAY:DISPLAY:PRODUCT_PAGE:VIDEO:IMPRESSION,USD,21021,0,0,0,0
2026-10-07,US,adv_demo_001,SPONSORED_DISPLAY,VIDEO,VIDEO,,PRODUCT_PAGE,CLICK,CPC,SPONSORED_DISPLAY:VIDEO:PRODUCT_PAGE:VIDEO:CLICK,USD,0,131,154.58,6,549.12
2026-10-07,US,adv_demo_001,SPONSORED_PRODUCTS,PRODUCT_AD,,,PRODUCT_PAGE,CLICK,CPC,SPONSORED_PRODUCTS:PRODUCT_AD:PRODUCT_PAGE:UNSPECIFIED:CLICK,USD,0,371,326.48,27,1927.8
2026-10-07,US,adv_demo_001,SPONSORED_PRODUCTS,PRODUCT_AD,,,REST_OF_SEARCH,CLICK,CPC,SPONSORED_PRODUCTS:PRODUCT_AD:REST_OF_SEARCH:UNSPECIFIED:CLICK,USD,0,369,302.58,25,1560.0
2026-10-07,US,adv_demo_001,SPONSORED_PRODUCTS,PRODUCT_AD,,,TOP_OF_SEARCH,IMPRESSION,CPM,SPONSORED_PRODUCTS:PRODUCT_AD:TOP_OF_SEARCH:UNSPECIFIED:IMPRESSION,USD,44185,0,0,0,0
2026-10-07,US,adv_demo_001,SPONSORED_PRODUCTS,PRODUCT_AD,,,TOP_OF_SEARCH,CLICK,CPC,SPONSORED_PRODUCTS:PRODUCT_AD:TOP_OF_SEARCH:UNSPECIFIED:CLICK,USD,0,530,540.6,43,3003.12
2026-10-08,US,adv_demo_001,AMAZON_DSP,,,AUDIO,,IMPRESSION,CPM,AMAZON_DSP:AUDIO:UNSPECIFIED:UNSPECIFIED:IMPRESSION,USD,47470,0,854.46,0,0
2026-10-08,US,adv_demo_001,AMAZON_DSP,,IMAGE,DISPLAY,,IMPRESSION,CPM,AMAZON_DSP:DISPLAY:UNSPECIFIED:IMAGE:IMPRESSION,USD,57011,0,712.64,0,0
2026-10-08,US,adv_demo_001,AMAZON_DSP,,VIDEO,ONLINE_VIDEO,,IMPRESSION,CPM,AMAZON_DSP:ONLINE_VIDEO:UNSPECIFIED:VIDEO:IMPRESSION,USD,44552,0,891.04,0,0
2026-10-08,US,adv_demo_001,AMAZON_DSP,,VIDEO,STREAMING_TV,,IMPRESSION,CPM,AMAZON_DSP:STREAMING_TV:UNSPECIFIED:VIDEO:IMPRESSION,USD,46293,0,1296.2,0,0
2026-10-08,US,adv_demo_001,SPONSORED_BRANDS,COMPONENT,IMAGE,,TOP_OF_SEARCH,IMPRESSION,CPM,SPONSORED_BRANDS:COMPONENT:TOP_OF_SEARCH:IMAGE:IMPRESSION,USD,18834,0,0,0,0
2026-10-08,US,adv_demo_001,SPONSORED_BRANDS,COMPONENT,IMAGE,,TOP_OF_SEARCH,CLICK,CPC,SPONSORED_BRANDS:COMPONENT:TOP_OF_SEARCH:IMAGE:CLICK,USD,0,154,184.8,8,669.12
2026-10-08,US,adv_demo_001,SPONSORED_BRANDS,DISPLAY,IMAGE,,REST_OF_SEARCH,IMPRESSION,CPM,SPONSORED_BRANDS:DISPLAY:REST_OF_SEARCH:IMAGE:IMPRESSION,USD,22375,0,0,0,0
2026-10-08,US,adv_demo_001,SPONSORED_BRANDS,VIDEO,VIDEO,,TOP_OF_SEARCH,IMPRESSION,CPM,SPONSORED_BRANDS:VIDEO:TOP_OF_SEARCH:VIDEO:IMPRESSION,USD,17916,0,0,0,0
2026-10-08,US,adv_demo_001,SPONSORED_BRANDS,VIDEO,VIDEO,,TOP_OF_SEARCH,CLICK,CPC,SPONSORED_BRANDS:VIDEO:TOP_OF_SEARCH:VIDEO:CLICK,USD,0,121,166.98,6,567.84
2026-10-08,US,adv_demo_001,SPONSORED_DISPLAY,DISPLAY,IMAGE,,PRODUCT_PAGE,IMPRESSION,CPM,SPONSORED_DISPLAY:DISPLAY:PRODUCT_PAGE:IMAGE:IMPRESSION,USD,26457,0,0,0,0
2026-10-08,US,adv_demo_001,SPONSORED_DISPLAY,DISPLAY,IMAGE,,PRODUCT_PAGE,CLICK,CPC,SPONSORED_DISPLAY:DISPLAY:PRODUCT_PAGE:IMAGE:CLICK,USD,0,147,135.24,6,478.8
2026-10-08,US,adv_demo_001,SPONSORED_DISPLAY,DISPLAY,VIDEO,,PRODUCT_PAGE,IMPRESSION,CPM,SPONSORED_DISPLAY:DISPLAY:PRODUCT_PAGE:VIDEO:IMPRESSION,USD,21998,0,0,0,0
2026-10-08,US,adv_demo_001,SPONSORED_DISPLAY,VIDEO,VIDEO,,PRODUCT_PAGE,CLICK,CPC,SPONSORED_DISPLAY:VIDEO:PRODUCT_PAGE:VIDEO:CLICK,USD,0,139,164.02,7,597.52
2026-10-08,US,adv_demo_001,SPONSORED_PRODUCTS,PRODUCT_AD,,,PRODUCT_PAGE,CLICK,CPC,SPONSORED_PRODUCTS:PRODUCT_AD:PRODUCT_PAGE:UNSPECIFIED:CLICK,USD,0,385,338.8,29,1932.56
2026-10-08,US,adv_demo_001,SPONSORED_PRODUCTS,PRODUCT_AD,,,REST_OF_SEARCH,CLICK,CPC,SPONSORED_PRODUCTS:PRODUCT_AD:REST_OF_SEARCH:UNSPECIFIED:CLICK,USD,0,382,313.24,26,1673.1
2026-10-08,US,adv_demo_001,SPONSORED_PRODUCTS,PRODUCT_AD,,,TOP_OF_SEARCH,IMPRESSION,CPM,SPONSORED_PRODUCTS:PRODUCT_AD:TOP_OF_SEARCH:UNSPECIFIED:IMPRESSION,USD,45162,0,0,0,0
2026-10-08,US,adv_demo_001,SPONSORED_PRODUCTS,PRODUCT_AD,,,TOP_OF_SEARCH,CLICK,CPC,SPONSORED_PRODUCTS:PRODUCT_AD:TOP_OF_SEARCH:UNSPECIFIED:CLICK,USD,0,547,557.94,45,3240.0
2026-10-09,US,adv_demo_001,AMAZON_DSP,,,AUDIO,,IMPRESSION,CPM,AMAZON_DSP:AUDIO:UNSPECIFIED:UNSPECIFIED:IMPRESSION,USD,48447,0,872.05,0,0
2026-10-09,US,adv_demo_001,AMAZON_DSP,,IMAGE,DISPLAY,,IMPRESSION,CPM,AMAZON_DSP:DISPLAY:UNSPECIFIED:IMAGE:IMPRESSION,USD,51188,0,639.85,0,0
2026-10-09,US,adv_demo_001,AMAZON_DSP,,VIDEO,ONLINE_VIDEO,,IMPRESSION,CPM,AMAZON_DSP:ONLINE_VIDEO:UNSPECIFIED:VIDEO:IMPRESSION,USD,38729,0,774.58,0,0
2026-10-09,US,adv_demo_001,AMAZON_DSP,,VIDEO,STREAMING_TV,,IMPRESSION,CPM,AMAZON_DSP:STREAMING_TV:UNSPECIFIED:VIDEO:IMPRESSION,USD,47270,0,1323.56,0,0
2026-10-09,US,adv_demo_001,SPONSORED_BRANDS,COMPONENT,IMAGE,,TOP_OF_SEARCH,IMPRESSION,CPM,SPONSORED_BRANDS:COMPONENT:TOP_OF_SEARCH:IMAGE:IMPRESSION,USD,19811,0,0,0,0
2026-10-09,US,adv_demo_001,SPONSORED_BRANDS,COMPONENT,IMAGE,,TOP_OF_SEARCH,CLICK,CPC,SPONSORED_BRANDS:COMPONENT:TOP_OF_SEARCH:IMAGE:CLICK,USD,0,149,178.8,8,688.8
2026-10-09,US,adv_demo_001,SPONSORED_BRANDS,DISPLAY,IMAGE,,REST_OF_SEARCH,IMPRESSION,CPM,SPONSORED_BRANDS:DISPLAY:REST_OF_SEARCH:IMAGE:IMPRESSION,USD,23352,0,0,0,0
2026-10-09,US,adv_demo_001,SPONSORED_BRANDS,VIDEO,VIDEO,,TOP_OF_SEARCH,IMPRESSION,CPM,SPONSORED_BRANDS:VIDEO:TOP_OF_SEARCH:VIDEO:IMPRESSION,USD,18893,0,0,0,0
2026-10-09,US,adv_demo_001,SPONSORED_BRANDS,VIDEO,VIDEO,,TOP_OF_SEARCH,CLICK,CPC,SPONSORED_BRANDS:VIDEO:TOP_OF_SEARCH:VIDEO:CLICK,USD,0,129,178.02,6,529.62
2026-10-09,US,adv_demo_001,SPONSORED_DISPLAY,DISPLAY,IMAGE,,PRODUCT_PAGE,IMPRESSION,CPM,SPONSORED_DISPLAY:DISPLAY:PRODUCT_PAGE:IMAGE:IMPRESSION,USD,27434,0,0,0,0
2026-10-09,US,adv_demo_001,SPONSORED_DISPLAY,DISPLAY,IMAGE,,PRODUCT_PAGE,CLICK,CPC,SPONSORED_DISPLAY:DISPLAY:PRODUCT_PAGE:IMAGE:CLICK,USD,0,154,141.68,7,521.36
2026-10-09,US,adv_demo_001,SPONSORED_DISPLAY,DISPLAY,VIDEO,,PRODUCT_PAGE,IMPRESSION,CPM,SPONSORED_DISPLAY:DISPLAY:PRODUCT_PAGE:VIDEO:IMPRESSION,USD,22975,0,0,0,0
2026-10-09,US,adv_demo_001,SPONSORED_DISPLAY,VIDEO,VIDEO,,PRODUCT_PAGE,CLICK,CPC,SPONSORED_DISPLAY:VIDEO:PRODUCT_PAGE:VIDEO:CLICK,USD,0,147,173.46,7,616.0
2026-10-09,US,adv_demo_001,SPONSORED_PRODUCTS,PRODUCT_AD,,,PRODUCT_PAGE,CLICK,CPC,SPONSORED_PRODUCTS:PRODUCT_AD:PRODUCT_PAGE:UNSPECIFIED:CLICK,USD,0,400,352.0,30,2060.4
2026-10-09,US,adv_demo_001,SPONSORED_PRODUCTS,PRODUCT_AD,,,REST_OF_SEARCH,CLICK,CPC,SPONSORED_PRODUCTS:PRODUCT_AD:REST_OF_SEARCH:UNSPECIFIED:CLICK,USD,0,395,323.9,28,1856.4
2026-10-09,US,adv_demo_001,SPONSORED_PRODUCTS,PRODUCT_AD,,,TOP_OF_SEARCH,IMPRESSION,CPM,SPONSORED_PRODUCTS:PRODUCT_AD:TOP_OF_SEARCH:UNSPECIFIED:IMPRESSION,USD,46139,0,0,0,0
2026-10-09,US,adv_demo_001,SPONSORED_PRODUCTS,PRODUCT_AD,,,TOP_OF_SEARCH,CLICK,CPC,SPONSORED_PRODUCTS:PRODUCT_AD:TOP_OF_SEARCH:UNSPECIFIED:CLICK,USD,0,565,576.3,43,3188.88
2026-10-10,US,adv_demo_001,AMAZON_DSP,,,AUDIO,,IMPRESSION,CPM,AMAZON_DSP:AUDIO:UNSPECIFIED:UNSPECIFIED:IMPRESSION,USD,42624,0,767.23,0,0
2026-10-10,US,adv_demo_001,AMAZON_DSP,,IMAGE,DISPLAY,,IMPRESSION,CPM,AMAZON_DSP:DISPLAY:UNSPECIFIED:IMAGE:IMPRESSION,USD,52165,0,652.06,0,0
2026-10-10,US,adv_demo_001,AMAZON_DSP,,VIDEO,ONLINE_VIDEO,,IMPRESSION,CPM,AMAZON_DSP:ONLINE_VIDEO:UNSPECIFIED:VIDEO:IMPRESSION,USD,39706,0,794.12,0,0
2026-10-10,US,adv_demo_001,AMAZON_DSP,,VIDEO,STREAMING_TV,,IMPRESSION,CPM,AMAZON_DSP:STREAMING_TV:UNSPECIFIED:VIDEO:IMPRESSION,USD,48247,0,1350.92,0,0
2026-10-10,US,adv_demo_001,SPONSORED_BRANDS,COMPONENT,IMAGE,,TOP_OF_SEARCH,IMPRESSION,CPM,SPONSORED_BRANDS:COMPONENT:TOP_OF_SEARCH:IMAGE:IMPRESSION,USD,20788,0,0,0,0
2026-10-10,US,adv_demo_001,SPONSORED_BRANDS,COMPONENT,IMAGE,,TOP_OF_SEARCH,CLICK,CPC,SPONSORED_BRANDS:COMPONENT:TOP_OF_SEARCH:IMAGE:CLICK,USD,0,158,189.6,8,642.88
2026-10-10,US,adv_demo_001,SPONSORED_BRANDS,DISPLAY,IMAGE,,REST_OF_SEARCH,IMPRESSION,CPM,SPONSORED_BRANDS:DISPLAY:REST_OF_SEARCH:IMAGE:IMPRESSION,USD,24329,0,0,0,0
2026-10-10,US,adv_demo_001,SPONSORED_BRANDS,VIDEO,VIDEO,,TOP_OF_SEARCH,IMPRESSION,CPM,SPONSORED_BRANDS:VIDEO:TOP_OF_SEARCH:VIDEO:IMPRESSION,USD,19870,0,0,0,0
2026-10-10,US,adv_demo_001,SPONSORED_BRANDS,VIDEO,VIDEO,,TOP_OF_SEARCH,CLICK,CPC,SPONSORED_BRANDS:VIDEO:TOP_OF_SEARCH:VIDEO:CLICK,USD,0,137,189.06,7,637.0
2026-10-10,US,adv_demo_001,SPONSORED_DISPLAY,DISPLAY,IMAGE,,PRODUCT_PAGE,IMPRESSION,CPM,SPONSORED_DISPLAY:DISPLAY:PRODUCT_PAGE:IMAGE:IMPRESSION,USD,28411,0,0,0,0
2026-10-10,US,adv_demo_001,SPONSORED_DISPLAY,DISPLAY,IMAGE,,PRODUCT_PAGE,CLICK,CPC,SPONSORED_DISPLAY:DISPLAY:PRODUCT_PAGE:IMAGE:CLICK,USD,0,161,148.12,7,537.32
2026-10-10,US,adv_demo_001,SPONSORED_DISPLAY,DISPLAY,VIDEO,,PRODUCT_PAGE,IMPRESSION,CPM,SPONSORED_DISPLAY:DISPLAY:PRODUCT_PAGE:VIDEO:IMPRESSION,USD,23952,0,0,0,0
2026-10-10,US,adv_demo_001,SPONSORED_DISPLAY,VIDEO,VIDEO,,PRODUCT_PAGE,CLICK,CPC,SPONSORED_DISPLAY:VIDEO:PRODUCT_PAGE:VIDEO:CLICK,USD,0,155,182.9,8,725.12
2026-10-10,US,adv_demo_001,SPONSORED_PRODUCTS,PRODUCT_AD,,,PRODUCT_PAGE,CLICK,CPC,SPONSORED_PRODUCTS:PRODUCT_AD:PRODUCT_PAGE:UNSPECIFIED:CLICK,USD,0,414,364.32,29,2050.88
2026-10-10,US,adv_demo_001,SPONSORED_PRODUCTS,PRODUCT_AD,,,REST_OF_SEARCH,CLICK,CPC,SPONSORED_PRODUCTS:PRODUCT_AD:REST_OF_SEARCH:UNSPECIFIED:CLICK,USD,0,408,334.56,26,1774.5
2026-10-10,US,adv_demo_001,SPONSORED_PRODUCTS,PRODUCT_AD,,,TOP_OF_SEARCH,IMPRESSION,CPM,SPONSORED_PRODUCTS:PRODUCT_AD:TOP_OF_SEARCH:UNSPECIFIED:IMPRESSION,USD,40316,0,0,0,0
2026-10-10,US,adv_demo_001,SPONSORED_PRODUCTS,PRODUCT_AD,,,TOP_OF_SEARCH,CLICK,CPC,SPONSORED_PRODUCTS:PRODUCT_AD:TOP_OF_SEARCH:UNSPECIFIED:CLICK,USD,0,455,464.1,35,2419.2
2026-10-11,US,adv_demo_001,AMAZON_DSP,,,AUDIO,,IMPRESSION,CPM,AMAZON_DSP:AUDIO:UNSPECIFIED:UNSPECIFIED:IMPRESSION,USD,43601,0,784.82,0,0
2026-10-11,US,adv_demo_001,AMAZON_DSP,,IMAGE,DISPLAY,,IMPRESSION,CPM,AMAZON_DSP:DISPLAY:UNSPECIFIED:IMAGE:IMPRESSION,USD,53142,0,664.28,0,0
2026-10-11,US,adv_demo_001,AMAZON_DSP,,VIDEO,ONLINE_VIDEO,,IMPRESSION,CPM,AMAZON_DSP:ONLINE_VIDEO:UNSPECIFIED:VIDEO:IMPRESSION,USD,40683,0,813.66,0,0
2026-10-11,US,adv_demo_001,AMAZON_DSP,,VIDEO,STREAMING_TV,,IMPRESSION,CPM,AMAZON_DSP:STREAMING_TV:UNSPECIFIED:VIDEO:IMPRESSION,USD,49224,0,1378.27,0,0
2026-10-11,US,adv_demo_001,SPONSORED_BRANDS,COMPONENT,IMAGE,,TOP_OF_SEARCH,IMPRESSION,CPM,SPONSORED_BRANDS:COMPONENT:TOP_OF_SEARCH:IMAGE:IMPRESSION,USD,21765,0,0,0,0
2026-10-11,US,adv_demo_001,SPONSORED_BRANDS,COMPONENT,IMAGE,,TOP_OF_SEARCH,CLICK,CPC,SPONSORED_BRANDS:COMPONENT:TOP_OF_SEARCH:IMAGE:CLICK,USD,0,167,200.4,9,745.38
2026-10-11,US,adv_demo_001,SPONSORED_BRANDS,DISPLAY,IMAGE,,REST_OF_SEARCH,IMPRESSION,CPM,SPONSORED_BRANDS:DISPLAY:REST_OF_SEARCH:IMAGE:IMPRESSION,USD,25306,0,0,0,0
2026-10-11,US,adv_demo_001,SPONSORED_BRANDS,VIDEO,VIDEO,,TOP_OF_SEARCH,IMPRESSION,CPM,SPONSORED_BRANDS:VIDEO:TOP_OF_SEARCH:VIDEO:IMPRESSION,USD,20847,0,0,0,0
2026-10-11,US,adv_demo_001,SPONSORED_BRANDS,VIDEO,VIDEO,,TOP_OF_SEARCH,CLICK,CPC,SPONSORED_BRANDS:VIDEO:TOP_OF_SEARCH:VIDEO:CLICK,USD,0,145,200.1,7,656.11
2026-10-11,US,adv_demo_001,SPONSORED_DISPLAY,DISPLAY,IMAGE,,PRODUCT_PAGE,IMPRESSION,CPM,SPONSORED_DISPLAY:DISPLAY:PRODUCT_PAGE:IMAGE:IMPRESSION,USD,29388,0,0,0,0
2026-10-11,US,adv_demo_001,SPONSORED_DISPLAY,DISPLAY,IMAGE,,PRODUCT_PAGE,CLICK,CPC,SPONSORED_DISPLAY:DISPLAY:PRODUCT_PAGE:IMAGE:CLICK,USD,0,169,155.48,8,632.32
2026-10-11,US,adv_demo_001,SPONSORED_DISPLAY,DISPLAY,VIDEO,,PRODUCT_PAGE,IMPRESSION,CPM,SPONSORED_DISPLAY:DISPLAY:PRODUCT_PAGE:VIDEO:IMPRESSION,USD,24929,0,0,0,0
2026-10-11,US,adv_demo_001,SPONSORED_DISPLAY,VIDEO,VIDEO,,PRODUCT_PAGE,CLICK,CPC,SPONSORED_DISPLAY:VIDEO:PRODUCT_PAGE:VIDEO:CLICK,USD,0,164,193.52,7,591.36
2026-10-11,US,adv_demo_001,SPONSORED_PRODUCTS,PRODUCT_AD,,,PRODUCT_PAGE,CLICK,CPC,SPONSORED_PRODUCTS:PRODUCT_AD:PRODUCT_PAGE:UNSPECIFIED:CLICK,USD,0,356,313.28,25,1649.0
2026-10-11,US,adv_demo_001,SPONSORED_PRODUCTS,PRODUCT_AD,,,REST_OF_SEARCH,CLICK,CPC,SPONSORED_PRODUCTS:PRODUCT_AD:REST_OF_SEARCH:UNSPECIFIED:CLICK,USD,0,325,266.5,21,1337.7
2026-10-11,US,adv_demo_001,SPONSORED_PRODUCTS,PRODUCT_AD,,,TOP_OF_SEARCH,IMPRESSION,CPM,SPONSORED_PRODUCTS:PRODUCT_AD:TOP_OF_SEARCH:UNSPECIFIED:IMPRESSION,USD,41293,0,0,0,0
2026-10-11,US,adv_demo_001,SPONSORED_PRODUCTS,PRODUCT_AD,,,TOP_OF_SEARCH,CLICK,CPC,SPONSORED_PRODUCTS:PRODUCT_AD:TOP_OF_SEARCH:UNSPECIFIED:CLICK,USD,0,471,480.42,37,2637.36
2026-10-12,US,adv_demo_001,AMAZON_DSP,,,AUDIO,,IMPRESSION,CPM,AMAZON_DSP:AUDIO:UNSPECIFIED:UNSPECIFIED:IMPRESSION,USD,44578,0,802.4,0,0
2026-10-12,US,adv_demo_001,AMAZON_DSP,,IMAGE,DISPLAY,,IMPRESSION,CPM,AMAZON_DSP:DISPLAY:UNSPECIFIED:IMAGE:IMPRESSION,USD,54119,0,676.49,0,0
2026-10-12,US,adv_demo_001,AMAZON_DSP,,VIDEO,ONLINE_VIDEO,,IMPRESSION,CPM,AMAZON_DSP:ONLINE_VIDEO:UNSPECIFIED:VIDEO:IMPRESSION,USD,41660,0,833.2,0,0
2026-10-12,US,adv_demo_001,AMAZON_DSP,,VIDEO,STREAMING_TV,,IMPRESSION,CPM,AMAZON_DSP:STREAMING_TV:UNSPECIFIED:VIDEO:IMPRESSION,USD,50201,0,1405.63,0,0
2026-10-12,US,adv_demo_001,SPONSORED_BRANDS,COMPONENT,IMAGE,,TOP_OF_SEARCH,IMPRESSION,CPM,SPONSORED_BRANDS:COMPONENT:TOP_OF_SEARCH:IMAGE:IMPRESSION,USD,22742,0,0,0,0
2026-10-12,US,adv_demo_001,SPONSORED_BRANDS,COMPONENT,IMAGE,,TOP_OF_SEARCH,CLICK,CPC,SPONSORED_BRANDS:COMPONENT:TOP_OF_SEARCH:IMAGE:CLICK,USD,0,176,211.2,10,852.8
2026-10-12,US,adv_demo_001,SPONSORED_BRANDS,DISPLAY,IMAGE,,REST_OF_SEARCH,IMPRESSION,CPM,SPONSORED_BRANDS:DISPLAY:REST_OF_SEARCH:IMAGE:IMPRESSION,USD,26283,0,0,0,0
2026-10-12,US,adv_demo_001,SPONSORED_BRANDS,VIDEO,VIDEO,,TOP_OF_SEARCH,IMPRESSION,CPM,SPONSORED_BRANDS:VIDEO:TOP_OF_SEARCH:VIDEO:IMPRESSION,USD,21824,0,0,0,0
2026-10-12,US,adv_demo_001,SPONSORED_BRANDS,VIDEO,VIDEO,,TOP_OF_SEARCH,CLICK,CPC,SPONSORED_BRANDS:VIDEO:TOP_OF_SEARCH:VIDEO:CLICK,USD,0,153,211.14,7,611.52
2026-10-12,US,adv_demo_001,SPONSORED_DISPLAY,DISPLAY,IMAGE,,PRODUCT_PAGE,IMPRESSION,CPM,SPONSORED_DISPLAY:DISPLAY:PRODUCT_PAGE:IMAGE:IMPRESSION,USD,30365,0,0,0,0
2026-10-12,US,adv_demo_001,SPONSORED_DISPLAY,DISPLAY,IMAGE,,PRODUCT_PAGE,CLICK,CPC,SPONSORED_DISPLAY:DISPLAY:PRODUCT_PAGE:IMAGE:CLICK,USD,0,176,161.92,7,516.04
2026-10-12,US,adv_demo_001,SPONSORED_DISPLAY,DISPLAY,VIDEO,,PRODUCT_PAGE,IMPRESSION,CPM,SPONSORED_DISPLAY:DISPLAY:PRODUCT_PAGE:VIDEO:IMPRESSION,USD,19106,0,0,0,0
2026-10-12,US,adv_demo_001,SPONSORED_DISPLAY,VIDEO,VIDEO,,PRODUCT_PAGE,CLICK,CPC,SPONSORED_DISPLAY:VIDEO:PRODUCT_PAGE:VIDEO:CLICK,USD,0,124,146.32,6,522.72
2026-10-12,US,adv_demo_001,SPONSORED_PRODUCTS,PRODUCT_AD,,,PRODUCT_PAGE,CLICK,CPC,SPONSORED_PRODUCTS:PRODUCT_AD:PRODUCT_PAGE:UNSPECIFIED:CLICK,USD,0,337,296.56,24,1632.0
2026-10-12,US,adv_demo_001,SPONSORED_PRODUCTS,PRODUCT_AD,,,REST_OF_SEARCH,CLICK,CPC,SPONSORED_PRODUCTS:PRODUCT_AD:REST_OF_SEARCH:UNSPECIFIED:CLICK,USD,0,337,276.34,23,1509.95
2026-10-12,US,adv_demo_001,SPONSORED_PRODUCTS,PRODUCT_AD,,,TOP_OF_SEARCH,IMPRESSION,CPM,SPONSORED_PRODUCTS:PRODUCT_AD:TOP_OF_SEARCH:UNSPECIFIED:IMPRESSION,USD,42270,0,0,0,0
2026-10-12,US,adv_demo_001,SPONSORED_PRODUCTS,PRODUCT_AD,,,TOP_OF_SEARCH,CLICK,CPC,SPONSORED_PRODUCTS:PRODUCT_AD:TOP_OF_SEARCH:UNSPECIFIED:CLICK,USD,0,487,496.74,39,2864.16
2026-10-13,US,adv_demo_001,AMAZON_DSP,,,AUDIO,,IMPRESSION,CPM,AMAZON_DSP:AUDIO:UNSPECIFIED:UNSPECIFIED:IMPRESSION,USD,45555,0,819.99,0,0
2026-10-13,US,adv_demo_001,AMAZON_DSP,,IMAGE,DISPLAY,,IMPRESSION,CPM,AMAZON_DSP:DISPLAY:UNSPECIFIED:IMAGE:IMPRESSION,USD,55096,0,688.7,0,0
2026-10-13,US,adv_demo_001,AMAZON_DSP,,VIDEO,ONLINE_VIDEO,,IMPRESSION,CPM,AMAZON_DSP:ONLINE_VIDEO:UNSPECIFIED:VIDEO:IMPRESSION,USD,42637,0,852.74,0,0
2026-10-13,US,adv_demo_001,AMAZON_DSP,,VIDEO,STREAMING_TV,,IMPRESSION,CPM,AMAZON_DSP:STREAMING_TV:UNSPECIFIED:VIDEO:IMPRESSION,USD,51178,0,1432.98,0,0
2026-10-13,US,adv_demo_001,SPONSORED_BRANDS,COMPONENT,IMAGE,,TOP_OF_SEARCH,IMPRESSION,CPM,SPONSORED_BRANDS:COMPONENT:TOP_OF_SEARCH:IMAGE:IMPRESSION,USD,23719,0,0,0,0
2026-10-13,US,adv_demo_001,SPONSORED_BRANDS,COMPONENT,IMAGE,,TOP_OF_SEARCH,CLICK,CPC,SPONSORED_BRANDS:COMPONENT:TOP_OF_SEARCH:IMAGE:CLICK,USD,0,186,223.2,9,715.86
2026-10-13,US,adv_demo_001,SPONSORED_BRANDS,DISPLAY,IMAGE,,REST_OF_SEARCH,IMPRESSION,CPM,SPONSORED_BRANDS:DISPLAY:REST_OF_SEARCH:IMAGE:IMPRESSION,USD,27260,0,0,0,0
2026-10-13,US,adv_demo_001,SPONSORED_BRANDS,VIDEO,VIDEO,,TOP_OF_SEARCH,IMPRESSION,CPM,SPONSORED_BRANDS:VIDEO:TOP_OF_SEARCH:VIDEO:IMPRESSION,USD,16001,0,0,0,0
2026-10-13,US,adv_demo_001,SPONSORED_BRANDS,VIDEO,VIDEO,,TOP_OF_SEARCH,CLICK,CPC,SPONSORED_BRANDS:VIDEO:TOP_OF_SEARCH:VIDEO:CLICK,USD,0,114,157.32,5,450.45
2026-10-13,US,adv_demo_001,SPONSORED_DISPLAY,DISPLAY,IMAGE,,PRODUCT_PAGE,IMPRESSION,CPM,SPONSORED_DISPLAY:DISPLAY:PRODUCT_PAGE:IMAGE:IMPRESSION,USD,24542,0,0,0,0
2026-10-13,US,adv_demo_001,SPONSORED_DISPLAY,DISPLAY,IMAGE,,PRODUCT_PAGE,CLICK,CPC,SPONSORED_DISPLAY:DISPLAY:PRODUCT_PAGE:IMAGE:CLICK,USD,0,144,132.48,6,456.0
2026-10-13,US,adv_demo_001,SPONSORED_DISPLAY,DISPLAY,VIDEO,,PRODUCT_PAGE,IMPRESSION,CPM,SPONSORED_DISPLAY:DISPLAY:PRODUCT_PAGE:VIDEO:IMPRESSION,USD,20083,0,0,0,0
2026-10-13,US,adv_demo_001,SPONSORED_DISPLAY,VIDEO,VIDEO,,PRODUCT_PAGE,CLICK,CPC,SPONSORED_DISPLAY:VIDEO:PRODUCT_PAGE:VIDEO:CLICK,USD,0,121,142.78,6,538.56
2026-10-13,US,adv_demo_001,SPONSORED_PRODUCTS,PRODUCT_AD,,,PRODUCT_PAGE,CLICK,CPC,SPONSORED_PRODUCTS:PRODUCT_AD:PRODUCT_PAGE:UNSPECIFIED:CLICK,USD,0,351,308.88,26,1821.04
2026-10-13,US,adv_demo_001,SPONSORED_PRODUCTS,PRODUCT_AD,,,REST_OF_SEARCH,CLICK,CPC,SPONSORED_PRODUCTS:PRODUCT_AD:REST_OF_SEARCH:UNSPECIFIED:CLICK,USD,0,349,286.18,24,1622.4
2026-10-13,US,adv_demo_001,SPONSORED_PRODUCTS,PRODUCT_AD,,,TOP_OF_SEARCH,IMPRESSION,CPM,SPONSORED_PRODUCTS:PRODUCT_AD:TOP_OF_SEARCH:UNSPECIFIED:IMPRESSION,USD,43247,0,0,0,0
2026-10-13,US,adv_demo_001,SPONSORED_PRODUCTS,PRODUCT_AD,,,TOP_OF_SEARCH,CLICK,CPC,SPONSORED_PRODUCTS:PRODUCT_AD:TOP_OF_SEARCH:UNSPECIFIED:CLICK,USD,0,503,513.06,41,3099.6
2026-10-14,US,adv_demo_001,AMAZON_DSP,,,AUDIO,,IMPRESSION,CPM,AMAZON_DSP:AUDIO:UNSPECIFIED:UNSPECIFIED:IMPRESSION,USD,46532,0,837.58,0,0
2026-10-14,US,adv_demo_001,AMAZON_DSP,,IMAGE,DISPLAY,,IMPRESSION,CPM,AMAZON_DSP:DISPLAY:UNSPECIFIED:IMAGE:IMPRESSION,USD,56073,0,700.91,0,0
2026-10-14,US,adv_demo_001,AMAZON_DSP,,VIDEO,ONLINE_VIDEO,,IMPRESSION,CPM,AMAZON_DSP:ONLINE_VIDEO:UNSPECIFIED:VIDEO:IMPRESSION,USD,43614,0,872.28,0,0
2026-10-14,US,adv_demo_001,AMAZON_DSP,,VIDEO,STREAMING_TV,,IMPRESSION,CPM,AMAZON_DSP:STREAMING_TV:UNSPECIFIED:VIDEO:IMPRESSION,USD,52155,0,1460.34,0,0
2026-10-14,US,adv_demo_001,SPONSORED_BRANDS,COMPONENT,IMAGE,,TOP_OF_SEARCH,IMPRESSION,CPM,SPONSORED_BRANDS:COMPONENT:TOP_OF_SEARCH:IMAGE:IMPRESSION,USD,24696,0,0,0,0
2026-10-14,US,adv_demo_001,SPONSORED_BRANDS,COMPONENT,IMAGE,,TOP_OF_SEARCH,CLICK,CPC,SPONSORED_BRANDS:COMPONENT:TOP_OF_SEARCH:IMAGE:CLICK,USD,0,196,235.2,10,820.0
2026-10-14,US,adv_demo_001,SPONSORED_BRANDS,DISPLAY,IMAGE,,REST_OF_SEARCH,IMPRESSION,CPM,SPONSORED_BRANDS:DISPLAY:REST_OF_SEARCH:IMAGE:IMPRESSION,USD,21437,0,0,0,0
2026-10-14,US,adv_demo_001,SPONSORED_BRANDS,VIDEO,VIDEO,,TOP_OF_SEARCH,IMPRESSION,CPM,SPONSORED_BRANDS:VIDEO:TOP_OF_SEARCH:VIDEO:IMPRESSION,USD,16978,0,0,0,0
2026-10-14,US,adv_demo_001,SPONSORED_BRANDS,VIDEO,VIDEO,,TOP_OF_SEARCH,CLICK,CPC,SPONSORED_BRANDS:VIDEO:TOP_OF_SEARCH:VIDEO:CLICK,USD,0,122,168.36,6,556.92
2026-10-14,US,adv_demo_001,SPONSORED_DISPLAY,DISPLAY,IMAGE,,PRODUCT_PAGE,IMPRESSION,CPM,SPONSORED_DISPLAY:DISPLAY:PRODUCT_PAGE:IMAGE:IMPRESSION,USD,25519,0,0,0,0
2026-10-14,US,adv_demo_001,SPONSORED_DISPLAY,DISPLAY,IMAGE,,PRODUCT_PAGE,CLICK,CPC,SPONSORED_DISPLAY:DISPLAY:PRODUCT_PAGE:IMAGE:CLICK,USD,0,151,138.92,7,547.96
2026-10-14,US,adv_demo_001,SPONSORED_DISPLAY,DISPLAY,VIDEO,,PRODUCT_PAGE,IMPRESSION,CPM,SPONSORED_DISPLAY:DISPLAY:PRODUCT_PAGE:VIDEO:IMPRESSION,USD,21060,0,0,0,0
2026-10-14,US,adv_demo_001,SPONSORED_DISPLAY,VIDEO,VIDEO,,PRODUCT_PAGE,CLICK,CPC,SPONSORED_DISPLAY:VIDEO:PRODUCT_PAGE:VIDEO:CLICK,USD,0,128,151.04,6,554.4
2026-10-14,US,adv_demo_001,SPONSORED_PRODUCTS,PRODUCT_AD,,,PRODUCT_PAGE,CLICK,CPC,SPONSORED_PRODUCTS:PRODUCT_AD:PRODUCT_PAGE:UNSPECIFIED:CLICK,USD,0,364,320.32,27,1762.56
2026-10-14,US,adv_demo_001,SPONSORED_PRODUCTS,PRODUCT_AD,,,REST_OF_SEARCH,CLICK,CPC,SPONSORED_PRODUCTS:PRODUCT_AD:REST_OF_SEARCH:UNSPECIFIED:CLICK,USD,0,362,296.84,25,1576.25
2026-10-14,US,adv_demo_001,SPONSORED_PRODUCTS,PRODUCT_AD,,,TOP_OF_SEARCH,IMPRESSION,CPM,SPONSORED_PRODUCTS:PRODUCT_AD:TOP_OF_SEARCH:UNSPECIFIED:IMPRESSION,USD,44224,0,0,0,0
2026-10-14,US,adv_demo_001,SPONSORED_PRODUCTS,PRODUCT_AD,,,TOP_OF_SEARCH,CLICK,CPC,SPONSORED_PRODUCTS:PRODUCT_AD:TOP_OF_SEARCH:UNSPECIFIED:CLICK,USD,0,520,530.4,43,3034.08
2026-10-15,US,adv_demo_001,AMAZON_DSP,,,AUDIO,,IMPRESSION,CPM,AMAZON_DSP:AUDIO:UNSPECIFIED:UNSPECIFIED:IMPRESSION,USD,47509,0,855.16,0,0
2026-10-15,US,adv_demo_001,AMAZON_DSP,,IMAGE,DISPLAY,,IMPRESSION,CPM,AMAZON_DSP:DISPLAY:UNSPECIFIED:IMAGE:IMPRESSION,USD,57050,0,713.12,0,0
2026-10-15,US,adv_demo_001,AMAZON_DSP,,VIDEO,ONLINE_VIDEO,,IMPRESSION,CPM,AMAZON_DSP:ONLINE_VIDEO:UNSPECIFIED:VIDEO:IMPRESSION,USD,44591,0,891.82,0,0
2026-10-15,US,adv_demo_001,AMAZON_DSP,,VIDEO,STREAMING_TV,,IMPRESSION,CPM,AMAZON_DSP:STREAMING_TV:UNSPECIFIED:VIDEO:IMPRESSION,USD,46332,0,1297.3,0,0
2026-10-15,US,adv_demo_001,SPONSORED_BRANDS,COMPONENT,IMAGE,,TOP_OF_SEARCH,IMPRESSION,CPM,SPONSORED_BRANDS:COMPONENT:TOP_OF_SEARCH:IMAGE:IMPRESSION,USD,18873,0,0,0,0
2026-10-15,US,adv_demo_001,SPONSORED_BRANDS,COMPONENT,IMAGE,,TOP_OF_SEARCH,CLICK,CPC,SPONSORED_BRANDS:COMPONENT:TOP_OF_SEARCH:IMAGE:CLICK,USD,0,151,181.2,8,675.68
2026-10-15,US,adv_demo_001,SPONSORED_BRANDS,DISPLAY,IMAGE,,REST_OF_SEARCH,IMPRESSION,CPM,SPONSORED_BRANDS:DISPLAY:REST_OF_SEARCH:IMAGE:IMPRESSION,USD,22414,0,0,0,0
2026-10-15,US,adv_demo_001,SPONSORED_BRANDS,VIDEO,VIDEO,,TOP_OF_SEARCH,IMPRESSION,CPM,SPONSORED_BRANDS:VIDEO:TOP_OF_SEARCH:VIDEO:IMPRESSION,USD,17955,0,0,0,0
2026-10-15,US,adv_demo_001,SPONSORED_BRANDS,VIDEO,VIDEO,,TOP_OF_SEARCH,CLICK,CPC,SPONSORED_BRANDS:VIDEO:TOP_OF_SEARCH:VIDEO:CLICK,USD,0,130,179.4,6,573.3
2026-10-15,US,adv_demo_001,SPONSORED_DISPLAY,DISPLAY,IMAGE,,PRODUCT_PAGE,IMPRESSION,CPM,SPONSORED_DISPLAY:DISPLAY:PRODUCT_PAGE:IMAGE:IMPRESSION,USD,26496,0,0,0,0
2026-10-15,US,adv_demo_001,SPONSORED_DISPLAY,DISPLAY,IMAGE,,PRODUCT_PAGE,CLICK,CPC,SPONSORED_DISPLAY:DISPLAY:PRODUCT_PAGE:IMAGE:CLICK,USD,0,144,132.48,6,437.76
2026-10-15,US,adv_demo_001,SPONSORED_DISPLAY,DISPLAY,VIDEO,,PRODUCT_PAGE,IMPRESSION,CPM,SPONSORED_DISPLAY:DISPLAY:PRODUCT_PAGE:VIDEO:IMPRESSION,USD,22037,0,0,0,0
2026-10-15,US,adv_demo_001,SPONSORED_DISPLAY,VIDEO,VIDEO,,PRODUCT_PAGE,CLICK,CPC,SPONSORED_DISPLAY:VIDEO:PRODUCT_PAGE:VIDEO:CLICK,USD,0,136,160.48,7,603.68
2026-10-15,US,adv_demo_001,SPONSORED_PRODUCTS,PRODUCT_AD,,,PRODUCT_PAGE,CLICK,CPC,SPONSORED_PRODUCTS:PRODUCT_AD:PRODUCT_PAGE:UNSPECIFIED:CLICK,USD,0,378,332.64,29,1952.28
2026-10-15,US,adv_demo_001,SPONSORED_PRODUCTS,PRODUCT_AD,,,REST_OF_SEARCH,CLICK,CPC,SPONSORED_PRODUCTS:PRODUCT_AD:REST_OF_SEARCH:UNSPECIFIED:CLICK,USD,0,375,307.5,24,1560.0
2026-10-15,US,adv_demo_001,SPONSORED_PRODUCTS,PRODUCT_AD,,,TOP_OF_SEARCH,IMPRESSION,CPM,SPONSORED_PRODUCTS:PRODUCT_AD:TOP_OF_SEARCH:UNSPECIFIED:IMPRESSION,USD,45201,0,0,0,0
2026-10-15,US,adv_demo_001,SPONSORED_PRODUCTS,PRODUCT_AD,,,TOP_OF_SEARCH,CLICK,CPC,SPONSORED_PRODUCTS:PRODUCT_AD:TOP_OF_SEARCH:UNSPECIFIED:CLICK,USD,0,537,547.74,41,2981.52
2026-10-16,US,adv_demo_001,AMAZON_DSP,,,AUDIO,,IMPRESSION,CPM,AMAZON_DSP:AUDIO:UNSPECIFIED:UNSPECIFIED:IMPRESSION,USD,48486,0,872.75,0,0
2026-10-16,US,adv_demo_001,AMAZON_DSP,,IMAGE,DISPLAY,,IMPRESSION,CPM,AMAZON_DSP:DISPLAY:UNSPECIFIED:IMAGE:IMPRESSION,USD,51227,0,640.34,0,0
2026-10-16,US,adv_demo_001,AMAZON_DSP,,VIDEO,ONLINE_VIDEO,,IMPRESSION,CPM,AMAZON_DSP:ONLINE_VIDEO:UNSPECIFIED:VIDEO:IMPRESSION,USD,38768,0,775.36,0,0
2026-10-16,US,adv_demo_001,AMAZON_DSP,,VIDEO,STREAMING_TV,,IMPRESSION,CPM,AMAZON_DSP:STREAMING_TV:UNSPECIFIED:VIDEO:IMPRESSION,USD,47309,0,1324.65,0,0
2026-10-16,US,adv_demo_001,SPONSORED_BRANDS,COMPONENT,IMAGE,,TOP_OF_SEARCH,IMPRESSION,CPM,SPONSORED_BRANDS:COMPONENT:TOP_OF_SEARCH:IMAGE:IMPRESSION,USD,19850,0,0,0,0
2026-10-16,US,adv_demo_001,SPONSORED_BRANDS,COMPONENT,IMAGE,,TOP_OF_SEARCH,CLICK,CPC,SPONSORED_BRANDS:COMPONENT:TOP_OF_SEARCH:IMAGE:CLICK,USD,0,160,192.0,9,708.48
2026-10-16,US,adv_demo_001,SPONSORED_BRANDS,DISPLAY,IMAGE,,REST_OF_SEARCH,IMPRESSION,CPM,SPONSORED_BRANDS:DISPLAY:REST_OF_SEARCH:IMAGE:IMPRESSION,USD,23391,0,0,0,0
2026-10-16,US,adv_demo_001,SPONSORED_BRANDS,VIDEO,VIDEO,,TOP_OF_SEARCH,IMPRESSION,CPM,SPONSORED_BRANDS:VIDEO:TOP_OF_SEARCH:VIDEO:IMPRESSION,USD,18932,0,0,0,0
2026-10-16,US,adv_demo_001,SPONSORED_BRANDS,VIDEO,VIDEO,,TOP_OF_SEARCH,CLICK,CPC,SPONSORED_BRANDS:VIDEO:TOP_OF_SEARCH:VIDEO:CLICK,USD,0,126,173.88,6,535.08
2026-10-16,US,adv_demo_001,SPONSORED_DISPLAY,DISPLAY,IMAGE,,PRODUCT_PAGE,IMPRESSION,CPM,SPONSORED_DISPLAY:DISPLAY:PRODUCT_PAGE:IMAGE:IMPRESSION,USD,27473,0,0,0,0
2026-10-16,US,adv_demo_001,SPONSORED_DISPLAY,DISPLAY,IMAGE,,PRODUCT_PAGE,CLICK,CPC,SPONSORED_DISPLAY:DISPLAY:PRODUCT_PAGE:IMAGE:CLICK,USD,0,151,138.92,7,526.68
2026-10-16,US,adv_demo_001,SPONSORED_DISPLAY,DISPLAY,VIDEO,,PRODUCT_PAGE,IMPRESSION,CPM,SPONSORED_DISPLAY:DISPLAY:PRODUCT_PAGE:VIDEO:IMPRESSION,USD,23014,0,0,0,0
2026-10-16,US,adv_demo_001,SPONSORED_DISPLAY,VIDEO,VIDEO,,PRODUCT_PAGE,CLICK,CPC,SPONSORED_DISPLAY:VIDEO:PRODUCT_PAGE:VIDEO:CLICK,USD,0,144,169.92,6,533.28
2026-10-16,US,adv_demo_001,SPONSORED_PRODUCTS,PRODUCT_AD,,,PRODUCT_PAGE,CLICK,CPC,SPONSORED_PRODUCTS:PRODUCT_AD:PRODUCT_PAGE:UNSPECIFIED:CLICK,USD,0,392,344.96,27,1872.72
2026-10-16,US,adv_demo_001,SPONSORED_PRODUCTS,PRODUCT_AD,,,REST_OF_SEARCH,CLICK,CPC,SPONSORED_PRODUCTS:PRODUCT_AD:REST_OF_SEARCH:UNSPECIFIED:CLICK,USD,0,387,317.34,25,1673.75
2026-10-16,US,adv_demo_001,SPONSORED_PRODUCTS,PRODUCT_AD,,,TOP_OF_SEARCH,IMPRESSION,CPM,SPONSORED_PRODUCTS:PRODUCT_AD:TOP_OF_SEARCH:UNSPECIFIED:IMPRESSION,USD,46178,0,0,0,0
2026-10-16,US,adv_demo_001,SPONSORED_PRODUCTS,PRODUCT_AD,,,TOP_OF_SEARCH,CLICK,CPC,SPONSORED_PRODUCTS:PRODUCT_AD:TOP_OF_SEARCH:UNSPECIFIED:CLICK,USD,0,554,565.08,43,3219.84
2026-10-17,US,adv_demo_001,AMAZON_DSP,,,AUDIO,,IMPRESSION,CPM,AMAZON_DSP:AUDIO:UNSPECIFIED:UNSPECIFIED:IMPRESSION,USD,42663,0,767.93,0,0
2026-10-17,US,adv_demo_001,AMAZON_DSP,,IMAGE,DISPLAY,,IMPRESSION,CPM,AMAZON_DSP:DISPLAY:UNSPECIFIED:IMAGE:IMPRESSION,USD,52204,0,652.55,0,0
2026-10-17,US,adv_demo_001,AMAZON_DSP,,VIDEO,ONLINE_VIDEO,,IMPRESSION,CPM,AMAZON_DSP:ONLINE_VIDEO:UNSPECIFIED:VIDEO:IMPRESSION,USD,39745,0,794.9,0,0
2026-10-17,US,adv_demo_001,AMAZON_DSP,,VIDEO,STREAMING_TV,,IMPRESSION,CPM,AMAZON_DSP:STREAMING_TV:UNSPECIFIED:VIDEO:IMPRESSION,USD,48286,0,1352.01,0,0
2026-10-17,US,adv_demo_001,SPONSORED_BRANDS,COMPONENT,IMAGE,,TOP_OF_SEARCH,IMPRESSION,CPM,SPONSORED_BRANDS:COMPONENT:TOP_OF_SEARCH:IMAGE:IMPRESSION,USD,20827,0,0,0,0
2026-10-17,US,adv_demo_001,SPONSORED_BRANDS,COMPONENT,IMAGE,,TOP_OF_SEARCH,CLICK,CPC,SPONSORED_BRANDS:COMPONENT:TOP_OF_SEARCH:IMAGE:CLICK,USD,0,170,204.0,9,730.62
2026-10-17,US,adv_demo_001,SPONSORED_BRANDS,DISPLAY,IMAGE,,REST_OF_SEARCH,IMPRESSION,CPM,SPONSORED_BRANDS:DISPLAY:REST_OF_SEARCH:IMAGE:IMPRESSION,USD,24368,0,0,0,0
2026-10-17,US,adv_demo_001,SPONSORED_BRANDS,VIDEO,VIDEO,,TOP_OF_SEARCH,IMPRESSION,CPM,SPONSORED_BRANDS:VIDEO:TOP_OF_SEARCH:VIDEO:IMPRESSION,USD,19909,0,0,0,0
2026-10-17,US,adv_demo_001,SPONSORED_BRANDS,VIDEO,VIDEO,,TOP_OF_SEARCH,CLICK,CPC,SPONSORED_BRANDS:VIDEO:TOP_OF_SEARCH:VIDEO:CLICK,USD,0,134,184.92,7,643.37
2026-10-17,US,adv_demo_001,SPONSORED_DISPLAY,DISPLAY,IMAGE,,PRODUCT_PAGE,IMPRESSION,CPM,SPONSORED_DISPLAY:DISPLAY:PRODUCT_PAGE:IMAGE:IMPRESSION,USD,28450,0,0,0,0
2026-10-17,US,adv_demo_001,SPONSORED_DISPLAY,DISPLAY,IMAGE,,PRODUCT_PAGE,CLICK,CPC,SPONSORED_DISPLAY:DISPLAY:PRODUCT_PAGE:IMAGE:CLICK,USD,0,158,145.36,7,542.64
2026-10-17,US,adv_demo_001,SPONSORED_DISPLAY,DISPLAY,VIDEO,,PRODUCT_PAGE,IMPRESSION,CPM,SPONSORED_DISPLAY:DISPLAY:PRODUCT_PAGE:VIDEO:IMPRESSION,USD,23991,0,0,0,0
2026-10-17,US,adv_demo_001,SPONSORED_DISPLAY,VIDEO,VIDEO,,PRODUCT_PAGE,CLICK,CPC,SPONSORED_DISPLAY:VIDEO:PRODUCT_PAGE:VIDEO:CLICK,USD,0,152,179.36,7,640.64
2026-10-17,US,adv_demo_001,SPONSORED_PRODUCTS,PRODUCT_AD,,,PRODUCT_PAGE,CLICK,CPC,SPONSORED_PRODUCTS:PRODUCT_AD:PRODUCT_PAGE:UNSPECIFIED:CLICK,USD,0,406,357.28,29,2070.6
2026-10-17,US,adv_demo_001,SPONSORED_PRODUCTS,PRODUCT_AD,,,REST_OF_SEARCH,CLICK,CPC,SPONSORED_PRODUCTS:PRODUCT_AD:REST_OF_SEARCH:UNSPECIFIED:CLICK,USD,0,401,328.82,27,1684.8
2026-10-17,US,adv_demo_001,SPONSORED_PRODUCTS,PRODUCT_AD,,,TOP_OF_SEARCH,IMPRESSION,CPM,SPONSORED_PRODUCTS:PRODUCT_AD:TOP_OF_SEARCH:UNSPECIFIED:IMPRESSION,USD,40355,0,0,0,0
2026-10-17,US,adv_demo_001,SPONSORED_PRODUCTS,PRODUCT_AD,,,TOP_OF_SEARCH,CLICK,CPC,SPONSORED_PRODUCTS:PRODUCT_AD:TOP_OF_SEARCH:UNSPECIFIED:CLICK,USD,0,489,498.78,39,2723.76
2026-10-18,US,adv_demo_001,AMAZON_DSP,,,AUDIO,,IMPRESSION,CPM,AMAZON_DSP:AUDIO:UNSPECIFIED:UNSPECIFIED:IMPRESSION,USD,43640,0,785.52,0,0
2026-10-18,US,adv_demo_001,AMAZON_DSP,,IMAGE,DISPLAY,,IMPRESSION,CPM,AMAZON_DSP:DISPLAY:UNSPECIFIED:IMAGE:IMPRESSION,USD,53181,0,664.76,0,0
2026-10-18,US,adv_demo_001,AMAZON_DSP,,VIDEO,ONLINE_VIDEO,,IMPRESSION,CPM,AMAZON_DSP:ONLINE_VIDEO:UNSPECIFIED:VIDEO:IMPRESSION,USD,40722,0,814.44,0,0
2026-10-18,US,adv_demo_001,AMAZON_DSP,,VIDEO,STREAMING_TV,,IMPRESSION,CPM,AMAZON_DSP:STREAMING_TV:UNSPECIFIED:VIDEO:IMPRESSION,USD,49263,0,1379.36,0,0
2026-10-18,US,adv_demo_001,SPONSORED_BRANDS,COMPONENT,IMAGE,,TOP_OF_SEARCH,IMPRESSION,CPM,SPONSORED_BRANDS:COMPONENT:TOP_OF_SEARCH:IMAGE:IMPRESSION,USD,21804,0,0,0,0
2026-10-18,US,adv_demo_001,SPONSORED_BRANDS,COMPONENT,IMAGE,,TOP_OF_SEARCH,CLICK,CPC,SPONSORED_BRANDS:COMPONENT:TOP_OF_SEARCH:IMAGE:CLICK,USD,0,164,196.8,9,752.76
2026-10-18,US,adv_demo_001,SPONSORED_BRANDS,DISPLAY,IMAGE,,REST_OF_SEARCH,IMPRESSION,CPM,SPONSORED_BRANDS:DISPLAY:REST_OF_SEARCH:IMAGE:IMPRESSION,USD,25345,0,0,0,0
2026-10-18,US,adv_demo_001,SPONSORED_BRANDS,VIDEO,VIDEO,,TOP_OF_SEARCH,IMPRESSION,CPM,SPONSORED_BRANDS:VIDEO:TOP_OF_SEARCH:VIDEO:IMPRESSION,USD,20886,0,0,0,0
2026-10-18,US,adv_demo_001,SPONSORED_BRANDS,VIDEO,VIDEO,,TOP_OF_SEARCH,CLICK,CPC,SPONSORED_BRANDS:VIDEO:TOP_OF_SEARCH:VIDEO:CLICK,USD,0,142,195.96,7,662.48
2026-10-18,US,adv_demo_001,SPONSORED_DISPLAY,DISPLAY,IMAGE,,PRODUCT_PAGE,IMPRESSION,CPM,SPONSORED_DISPLAY:DISPLAY:PRODUCT_PAGE:IMAGE:IMPRESSION,USD,29427,0,0,0,0
2026-10-18,US,adv_demo_001,SPONSORED_DISPLAY,DISPLAY,IMAGE,,PRODUCT_PAGE,CLICK,CPC,SPONSORED_DISPLAY:DISPLAY:PRODUCT_PAGE:IMAGE:CLICK,USD,0,166,152.72,7,558.6
2026-10-18,US,adv_demo_001,SPONSORED_DISPLAY,DISPLAY,VIDEO,,PRODUCT_PAGE,IMPRESSION,CPM,SPONSORED_DISPLAY:DISPLAY:PRODUCT_PAGE:VIDEO:IMPRESSION,USD,24968,0,0,0,0
2026-10-18,US,adv_demo_001,SPONSORED_DISPLAY,VIDEO,VIDEO,,PRODUCT_PAGE,CLICK,CPC,SPONSORED_DISPLAY:VIDEO:PRODUCT_PAGE:VIDEO:CLICK,USD,0,161,189.98,8,682.88
2026-10-18,US,adv_demo_001,SPONSORED_PRODUCTS,PRODUCT_AD,,,PRODUCT_PAGE,CLICK,CPC,SPONSORED_PRODUCTS:PRODUCT_AD:PRODUCT_PAGE:UNSPECIFIED:CLICK,USD,0,349,307.12,25,1666.0
2026-10-18,US,adv_demo_001,SPONSORED_PRODUCTS,PRODUCT_AD,,,REST_OF_SEARCH,CLICK,CPC,SPONSORED_PRODUCTS:PRODUCT_AD:REST_OF_SEARCH:UNSPECIFIED:CLICK,USD,0,349,286.18,24,1544.4
2026-10-18,US,adv_demo_001,SPONSORED_PRODUCTS,PRODUCT_AD,,,TOP_OF_SEARCH,IMPRESSION,CPM,SPONSORED_PRODUCTS:PRODUCT_AD:TOP_OF_SEARCH:UNSPECIFIED:IMPRESSION,USD,41332,0,0,0,0
2026-10-18,US,adv_demo_001,SPONSORED_PRODUCTS,PRODUCT_AD,,,TOP_OF_SEARCH,CLICK,CPC,SPONSORED_PRODUCTS:PRODUCT_AD:TOP_OF_SEARCH:UNSPECIFIED:CLICK,USD,0,506,516.12,41,2952.0
2026-10-19,US,adv_demo_001,AMAZON_DSP,,,AUDIO,,IMPRESSION,CPM,AMAZON_DSP:AUDIO:UNSPECIFIED:UNSPECIFIED:IMPRESSION,USD,44617,0,803.11,0,0
2026-10-19,US,adv_demo_001,AMAZON_DSP,,IMAGE,DISPLAY,,IMPRESSION,CPM,AMAZON_DSP:DISPLAY:UNSPECIFIED:IMAGE:IMPRESSION,USD,54158,0,676.98,0,0
2026-10-19,US,adv_demo_001,AMAZON_DSP,,VIDEO,ONLINE_VIDEO,,IMPRESSION,CPM,AMAZON_DSP:ONLINE_VIDEO:UNSPECIFIED:VIDEO:IMPRESSION,USD,41699,0,833.98,0,0
2026-10-19,US,adv_demo_001,AMAZON_DSP,,VIDEO,STREAMING_TV,,IMPRESSION,CPM,AMAZON_DSP:STREAMING_TV:UNSPECIFIED:VIDEO:IMPRESSION,USD,50240,0,1406.72,0,0
2026-10-19,US,adv_demo_001,SPONSORED_BRANDS,COMPONENT,IMAGE,,TOP_OF_SEARCH,IMPRESSION,CPM,SPONSORED_BRANDS:COMPONENT:TOP_OF_SEARCH:IMAGE:IMPRESSION,USD,22781,0,0,0,0
2026-10-19,US,adv_demo_001,SPONSORED_BRANDS,COMPONENT,IMAGE,,TOP_OF_SEARCH,CLICK,CPC,SPONSORED_BRANDS:COMPONENT:TOP_OF_SEARCH:IMAGE:CLICK,USD,0,173,207.6,9,774.9
2026-10-19,US,adv_demo_001,SPONSORED_BRANDS,DISPLAY,IMAGE,,REST_OF_SEARCH,IMPRESSION,CPM,SPONSORED_BRANDS:DISPLAY:REST_OF_SEARCH:IMAGE:IMPRESSION,USD,26322,0,0,0,0
2026-10-19,US,adv_demo_001,SPONSORED_BRANDS,VIDEO,VIDEO,,TOP_OF_SEARCH,IMPRESSION,CPM,SPONSORED_BRANDS:VIDEO:TOP_OF_SEARCH:VIDEO:IMPRESSION,USD,21863,0,0,0,0
2026-10-19,US,adv_demo_001,SPONSORED_BRANDS,VIDEO,VIDEO,,TOP_OF_SEARCH,CLICK,CPC,SPONSORED_BRANDS:VIDEO:TOP_OF_SEARCH:VIDEO:CLICK,USD,0,151,208.38,7,617.89
2026-10-19,US,adv_demo_001,SPONSORED_DISPLAY,DISPLAY,IMAGE,,PRODUCT_PAGE,IMPRESSION,CPM,SPONSORED_DISPLAY:DISPLAY:PRODUCT_PAGE:IMAGE:IMPRESSION,USD,30404,0,0,0,0
2026-10-19,US,adv_demo_001,SPONSORED_DISPLAY,DISPLAY,IMAGE,,PRODUCT_PAGE,CLICK,CPC,SPONSORED_DISPLAY:DISPLAY:PRODUCT_PAGE:IMAGE:CLICK,USD,0,173,159.16,7,521.36
2026-10-19,US,adv_demo_001,SPONSORED_DISPLAY,DISPLAY,VIDEO,,PRODUCT_PAGE,IMPRESSION,CPM,SPONSORED_DISPLAY:DISPLAY:PRODUCT_PAGE:VIDEO:IMPRESSION,USD,19145,0,0,0,0
2026-10-19,US,adv_demo_001,SPONSORED_DISPLAY,VIDEO,VIDEO,,PRODUCT_PAGE,CLICK,CPC,SPONSORED_DISPLAY:VIDEO:PRODUCT_PAGE:VIDEO:CLICK,USD,0,122,143.96,6,528.0
2026-10-19,US,adv_demo_001,SPONSORED_PRODUCTS,PRODUCT_AD,,,PRODUCT_PAGE,CLICK,CPC,SPONSORED_PRODUCTS:PRODUCT_AD:PRODUCT_PAGE:UNSPECIFIED:CLICK,USD,0,363,319.44,27,1854.36
2026-10-19,US,adv_demo_001,SPONSORED_PRODUCTS,PRODUCT_AD,,,REST_OF_SEARCH,CLICK,CPC,SPONSORED_PRODUCTS:PRODUCT_AD:REST_OF_SEARCH:UNSPECIFIED:CLICK,USD,0,362,296.84,25,1657.5
2026-10-19,US,adv_demo_001,SPONSORED_PRODUCTS,PRODUCT_AD,,,TOP_OF_SEARCH,IMPRESSION,CPM,SPONSORED_PRODUCTS:PRODUCT_AD:TOP_OF_SEARCH:UNSPECIFIED:IMPRESSION,USD,42309,0,0,0,0
2026-10-19,US,adv_demo_001,SPONSORED_PRODUCTS,PRODUCT_AD,,,TOP_OF_SEARCH,CLICK,CPC,SPONSORED_PRODUCTS:PRODUCT_AD:TOP_OF_SEARCH:UNSPECIFIED:CLICK,USD,0,477,486.54,40,2966.4
2026-10-20,US,adv_demo_001,AMAZON_DSP,,,AUDIO,,IMPRESSION,CPM,AMAZON_DSP:AUDIO:UNSPECIFIED:UNSPECIFIED:IMPRESSION,USD,45594,0,820.69,0,0
2026-10-20,US,adv_demo_001,AMAZON_DSP,,IMAGE,DISPLAY,,IMPRESSION,CPM,AMAZON_DSP:DISPLAY:UNSPECIFIED:IMAGE:IMPRESSION,USD,55135,0,689.19,0,0
2026-10-20,US,adv_demo_001,AMAZON_DSP,,VIDEO,ONLINE_VIDEO,,IMPRESSION,CPM,AMAZON_DSP:ONLINE_VIDEO:UNSPECIFIED:VIDEO:IMPRESSION,USD,42676,0,853.52,0,0
2026-10-20,US,adv_demo_001,AMAZON_DSP,,VIDEO,STREAMING_TV,,IMPRESSION,CPM,AMAZON_DSP:STREAMING_TV:UNSPECIFIED:VIDEO:IMPRESSION,USD,51217,0,1434.08,0,0
2026-10-20,US,adv_demo_001,SPONSORED_BRANDS,COMPONENT,IMAGE,,TOP_OF_SEARCH,IMPRESSION,CPM,SPONSORED_BRANDS:COMPONENT:TOP_OF_SEARCH:IMAGE:IMPRESSION,USD,23758,0,0,0,0
2026-10-20,US,adv_demo_001,SPONSORED_BRANDS,COMPONENT,IMAGE,,TOP_OF_SEARCH,CLICK,CPC,SPONSORED_BRANDS:COMPONENT:TOP_OF_SEARCH:IMAGE:CLICK,USD,0,182,218.4,10,803.6
2026-10-20,US,adv_demo_001,SPONSORED_BRANDS,DISPLAY,IMAGE,,REST_OF_SEARCH,IMPRESSION,CPM,SPONSORED_BRANDS:DISPLAY:REST_OF_SEARCH:IMAGE:IMPRESSION,USD,27299,0,0,0,0
2026-10-20,US,adv_demo_001,SPONSORED_BRANDS,VIDEO,VIDEO,,TOP_OF_SEARCH,IMPRESSION,CPM,SPONSORED_BRANDS:VIDEO:TOP_OF_SEARCH:VIDEO:IMPRESSION,USD,16040,0,0,0,0
2026-10-20,US,adv_demo_001,SPONSORED_BRANDS,VIDEO,VIDEO,,TOP_OF_SEARCH,CLICK,CPC,SPONSORED_BRANDS:VIDEO:TOP_OF_SEARCH:VIDEO:CLICK,USD,0,112,154.56,5,455.0
2026-10-20,US,adv_demo_001,SPONSORED_DISPLAY,DISPLAY,IMAGE,,PRODUCT_PAGE,IMPRESSION,CPM,SPONSORED_DISPLAY:DISPLAY:PRODUCT_PAGE:IMAGE:IMPRESSION,USD,24581,0,0,0,0
2026-10-20,US,adv_demo_001,SPONSORED_DISPLAY,DISPLAY,IMAGE,,PRODUCT_PAGE,CLICK,CPC,SPONSORED_DISPLAY:DISPLAY:PRODUCT_PAGE:IMAGE:CLICK,USD,0,141,129.72,6,460.56
2026-10-20,US,adv_demo_001,SPONSORED_DISPLAY,DISPLAY,VIDEO,,PRODUCT_PAGE,IMPRESSION,CPM,SPONSORED_DISPLAY:DISPLAY:PRODUCT_PAGE:VIDEO:IMPRESSION,USD,20122,0,0,0,0
2026-10-20,US,adv_demo_001,SPONSORED_DISPLAY,VIDEO,VIDEO,,PRODUCT_PAGE,CLICK,CPC,SPONSORED_DISPLAY:VIDEO:PRODUCT_PAGE:VIDEO:CLICK,USD,0,130,153.4,6,543.84
2026-10-20,US,adv_demo_001,SPONSORED_PRODUCTS,PRODUCT_AD,,,PRODUCT_PAGE,CLICK,CPC,SPONSORED_PRODUCTS:PRODUCT_AD:PRODUCT_PAGE:UNSPECIFIED:CLICK,USD,0,377,331.76,29,2050.88
2026-10-20,US,adv_demo_001,SPONSORED_PRODUCTS,PRODUCT_AD,,,REST_OF_SEARCH,CLICK,CPC,SPONSORED_PRODUCTS:PRODUCT_AD:REST_OF_SEARCH:UNSPECIFIED:CLICK,USD,0,342,280.44,24,1638.0
2026-10-20,US,adv_demo_001,SPONSORED_PRODUCTS,PRODUCT_AD,,,TOP_OF_SEARCH,IMPRESSION,CPM,SPONSORED_PRODUCTS:PRODUCT_AD:TOP_OF_SEARCH:UNSPECIFIED:IMPRESSION,USD,43286,0,0,0,0
2026-10-20,US,adv_demo_001,SPONSORED_PRODUCTS,PRODUCT_AD,,,TOP_OF_SEARCH,CLICK,CPC,SPONSORED_PRODUCTS:PRODUCT_AD:TOP_OF_SEARCH:UNSPECIFIED:CLICK,USD,0,493,502.86,37,2557.44
2026-10-21,US,adv_demo_001,AMAZON_DSP,,,AUDIO,,IMPRESSION,CPM,AMAZON_DSP:AUDIO:UNSPECIFIED:UNSPECIFIED:IMPRESSION,USD,46571,0,838.28,0,0
2026-10-21,US,adv_demo_001,AMAZON_DSP,,IMAGE,DISPLAY,,IMPRESSION,CPM,AMAZON_DSP:DISPLAY:UNSPECIFIED:IMAGE:IMPRESSION,USD,56112,0,701.4,0,0
2026-10-21,US,adv_demo_001,AMAZON_DSP,,VIDEO,ONLINE_VIDEO,,IMPRESSION,CPM,AMAZON_DSP:ONLINE_VIDEO:UNSPECIFIED:VIDEO:IMPRESSION,USD,43653,0,873.06,0,0
2026-10-21,US,adv_demo_001,AMAZON_DSP,,VIDEO,STREAMING_TV,,IMPRESSION,CPM,AMAZON_DSP:STREAMING_TV:UNSPECIFIED:VIDEO:IMPRESSION,USD,52194,0,1461.43,0,0
2026-10-21,US,adv_demo_001,SPONSORED_BRANDS,COMPONENT,IMAGE,,TOP_OF_SEARCH,IMPRESSION,CPM,SPONSORED_BRANDS:COMPONENT:TOP_OF_SEARCH:IMAGE:IMPRESSION,USD,24735,0,0,0,0
2026-10-21,US,adv_demo_001,SPONSORED_BRANDS,COMPONENT,IMAGE,,TOP_OF_SEARCH,CLICK,CPC,SPONSORED_BRANDS:COMPONENT:TOP_OF_SEARCH:IMAGE:CLICK,USD,0,192,230.4,10,828.2
2026-10-21,US,adv_demo_001,SPONSORED_BRANDS,DISPLAY,IMAGE,,REST_OF_SEARCH,IMPRESSION,CPM,SPONSORED_BRANDS:DISPLAY:REST_OF_SEARCH:IMAGE:IMPRESSION,USD,21476,0,0,0,0
2026-10-21,US,adv_demo_001,SPONSORED_BRANDS,VIDEO,VIDEO,,TOP_OF_SEARCH,IMPRESSION,CPM,SPONSORED_BRANDS:VIDEO:TOP_OF_SEARCH:VIDEO:IMPRESSION,USD,17017,0,0,0,0
2026-10-21,US,adv_demo_001,SPONSORED_BRANDS,VIDEO,VIDEO,,TOP_OF_SEARCH,CLICK,CPC,SPONSORED_BRANDS:VIDEO:TOP_OF_SEARCH:VIDEO:CLICK,USD,0,120,165.6,6,562.38
2026-10-21,US,adv_demo_001,SPONSORED_DISPLAY,DISPLAY,IMAGE,,PRODUCT_PAGE,IMPRESSION,CPM,SPONSORED_DISPLAY:DISPLAY:PRODUCT_PAGE:IMAGE:IMPRESSION,USD,25558,0,0,0,0
2026-10-21,US,adv_demo_001,SPONSORED_DISPLAY,DISPLAY,IMAGE,,PRODUCT_PAGE,CLICK,CPC,SPONSORED_DISPLAY:DISPLAY:PRODUCT_PAGE:IMAGE:CLICK,USD,0,148,136.16,7,553.28
2026-10-21,US,adv_demo_001,SPONSORED_DISPLAY,DISPLAY,VIDEO,,PRODUCT_PAGE,IMPRESSION,CPM,SPONSORED_DISPLAY:DISPLAY:PRODUCT_PAGE:VIDEO:IMPRESSION,USD,21099,0,0,0,0
2026-10-21,US,adv_demo_001,SPONSORED_DISPLAY,VIDEO,VIDEO,,PRODUCT_PAGE,CLICK,CPC,SPONSORED_DISPLAY:VIDEO:PRODUCT_PAGE:VIDEO:CLICK,USD,0,138,162.84,7,591.36
2026-10-21,US,adv_demo_001,SPONSORED_PRODUCTS,PRODUCT_AD,,,PRODUCT_PAGE,CLICK,CPC,SPONSORED_PRODUCTS:PRODUCT_AD:PRODUCT_PAGE:UNSPECIFIED:CLICK,USD,0,357,314.16,25,1649.0
2026-10-21,US,adv_demo_001,SPONSORED_PRODUCTS,PRODUCT_AD,,,REST_OF_SEARCH,CLICK,CPC,SPONSORED_PRODUCTS:PRODUCT_AD:REST_OF_SEARCH:UNSPECIFIED:CLICK,USD,0,355,291.1,23,1465.1
2026-10-21,US,adv_demo_001,SPONSORED_PRODUCTS,PRODUCT_AD,,,TOP_OF_SEARCH,IMPRESSION,CPM,SPONSORED_PRODUCTS:PRODUCT_AD:TOP_OF_SEARCH:UNSPECIFIED:IMPRESSION,USD,44263,0,0,0,0
2026-10-21,US,adv_demo_001,SPONSORED_PRODUCTS,PRODUCT_AD,,,TOP_OF_SEARCH,CLICK,CPC,SPONSORED_PRODUCTS:PRODUCT_AD:TOP_OF_SEARCH:UNSPECIFIED:CLICK,USD,0,510,520.2,39,2779.92
2026-10-22,US,adv_demo_001,AMAZON_DSP,,,AUDIO,,IMPRESSION,CPM,AMAZON_DSP:AUDIO:UNSPECIFIED:UNSPECIFIED:IMPRESSION,USD,47548,0,855.86,0,0
2026-10-22,US,adv_demo_001,AMAZON_DSP,,IMAGE,DISPLAY,,IMPRESSION,CPM,AMAZON_DSP:DISPLAY:UNSPECIFIED:IMAGE:IMPRESSION,USD,57089,0,713.61,0,0
2026-10-22,US,adv_demo_001,AMAZON_DSP,,VIDEO,ONLINE_VIDEO,,IMPRESSION,CPM,AMAZON_DSP:ONLINE_VIDEO:UNSPECIFIED:VIDEO:IMPRESSION,USD,44630,0,892.6,0,0
2026-10-22,US,adv_demo_001,AMAZON_DSP,,VIDEO,STREAMING_TV,,IMPRESSION,CPM,AMAZON_DSP:STREAMING_TV:UNSPECIFIED:VIDEO:IMPRESSION,USD,46371,0,1298.39,0,0
2026-10-22,US,adv_demo_001,SPONSORED_BRANDS,COMPONENT,IMAGE,,TOP_OF_SEARCH,IMPRESSION,CPM,SPONSORED_BRANDS:COMPONENT:TOP_OF_SEARCH:IMAGE:IMPRESSION,USD,18912,0,0,0,0
2026-10-22,US,adv_demo_001,SPONSORED_BRANDS,COMPONENT,IMAGE,,TOP_OF_SEARCH,CLICK,CPC,SPONSORED_BRANDS:COMPONENT:TOP_OF_SEARCH:IMAGE:CLICK,USD,0,148,177.6,8,682.24
2026-10-22,US,adv_demo_001,SPONSORED_BRANDS,DISPLAY,IMAGE,,REST_OF_SEARCH,IMPRESSION,CPM,SPONSORED_BRANDS:DISPLAY:REST_OF_SEARCH:IMAGE:IMPRESSION,USD,22453,0,0,0,0
2026-10-22,US,adv_demo_001,SPONSORED_BRANDS,VIDEO,VIDEO,,TOP_OF_SEARCH,IMPRESSION,CPM,SPONSORED_BRANDS:VIDEO:TOP_OF_SEARCH:VIDEO:IMPRESSION,USD,17994,0,0,0,0
2026-10-22,US,adv_demo_001,SPONSORED_BRANDS,VIDEO,VIDEO,,TOP_OF_SEARCH,CLICK,CPC,SPONSORED_BRANDS:VIDEO:TOP_OF_SEARCH:VIDEO:CLICK,USD,0,128,176.64,6,524.16
2026-10-22,US,adv_demo_001,SPONSORED_DISPLAY,DISPLAY,IMAGE,,PRODUCT_PAGE,IMPRESSION,CPM,SPONSORED_DISPLAY:DISPLAY:PRODUCT_PAGE:IMAGE:IMPRESSION,USD,26535,0,0,0,0
2026-10-22,US,adv_demo_001,SPONSORED_DISPLAY,DISPLAY,IMAGE,,PRODUCT_PAGE,CLICK,CPC,SPONSORED_DISPLAY:DISPLAY:PRODUCT_PAGE:IMAGE:CLICK,USD,0,155,142.6,7,516.04
2026-10-22,US,adv_demo_001,SPONSORED_DISPLAY,DISPLAY,VIDEO,,PRODUCT_PAGE,IMPRESSION,CPM,SPONSORED_DISPLAY:DISPLAY:PRODUCT_PAGE:VIDEO:IMPRESSION,USD,22076,0,0,0,0
2026-10-22,US,adv_demo_001,SPONSORED_DISPLAY,VIDEO,VIDEO,,PRODUCT_PAGE,CLICK,CPC,SPONSORED_DISPLAY:VIDEO:PRODUCT_PAGE:VIDEO:CLICK,USD,0,134,158.12,6,522.72
2026-10-22,US,adv_demo_001,SPONSORED_PRODUCTS,PRODUCT_AD,,,PRODUCT_PAGE,CLICK,CPC,SPONSORED_PRODUCTS:PRODUCT_AD:PRODUCT_PAGE:UNSPECIFIED:CLICK,USD,0,371,326.48,26,1768.0
2026-10-22,US,adv_demo_001,SPONSORED_PRODUCTS,PRODUCT_AD,,,REST_OF_SEARCH,CLICK,CPC,SPONSORED_PRODUCTS:PRODUCT_AD:REST_OF_SEARCH:UNSPECIFIED:CLICK,USD,0,367,300.94,24,1575.6
2026-10-22,US,adv_demo_001,SPONSORED_PRODUCTS,PRODUCT_AD,,,TOP_OF_SEARCH,IMPRESSION,CPM,SPONSORED_PRODUCTS:PRODUCT_AD:TOP_OF_SEARCH:UNSPECIFIED:IMPRESSION,USD,45240,0,0,0,0
2026-10-22,US,adv_demo_001,SPONSORED_PRODUCTS,PRODUCT_AD,,,TOP_OF_SEARCH,CLICK,CPC,SPONSORED_PRODUCTS:PRODUCT_AD:TOP_OF_SEARCH:UNSPECIFIED:CLICK,USD,0,527,537.54,41,3011.04
2026-10-23,US,adv_demo_001,AMAZON_DSP,,,AUDIO,,IMPRESSION,CPM,AMAZON_DSP:AUDIO:UNSPECIFIED:UNSPECIFIED:IMPRESSION,USD,48525,0,873.45,0,0
2026-10-23,US,adv_demo_001,AMAZON_DSP,,IMAGE,DISPLAY,,IMPRESSION,CPM,AMAZON_DSP:DISPLAY:UNSPECIFIED:IMAGE:IMPRESSION,USD,51266,0,640.82,0,0
2026-10-23,US,adv_demo_001,AMAZON_DSP,,VIDEO,ONLINE_VIDEO,,IMPRESSION,CPM,AMAZON_DSP:ONLINE_VIDEO:UNSPECIFIED:VIDEO:IMPRESSION,USD,38807,0,776.14,0,0
2026-10-23,US,adv_demo_001,AMAZON_DSP,,VIDEO,STREAMING_TV,,IMPRESSION,CPM,AMAZON_DSP:STREAMING_TV:UNSPECIFIED:VIDEO:IMPRESSION,USD,47348,0,1325.74,0,0
2026-10-23,US,adv_demo_001,SPONSORED_BRANDS,COMPONENT,IMAGE,,TOP_OF_SEARCH,IMPRESSION,CPM,SPONSORED_BRANDS:COMPONENT:TOP_OF_SEARCH:IMAGE:IMPRESSION,USD,19889,0,0,0,0
2026-10-23,US,adv_demo_001,SPONSORED_BRANDS,COMPONENT,IMAGE,,TOP_OF_SEARCH,CLICK,CPC,SPONSORED_BRANDS:COMPONENT:TOP_OF_SEARCH:IMAGE:CLICK,USD,0,158,189.6,9,715.86
2026-10-23,US,adv_demo_001,SPONSORED_BRANDS,DISPLAY,IMAGE,,REST_OF_SEARCH,IMPRESSION,CPM,SPONSORED_BRANDS:DISPLAY:REST_OF_SEARCH:IMAGE:IMPRESSION,USD,23430,0,0,0,0
2026-10-23,US,adv_demo_001,SPONSORED_BRANDS,VIDEO,VIDEO,,TOP_OF_SEARCH,IMPRESSION,CPM,SPONSORED_BRANDS:VIDEO:TOP_OF_SEARCH:VIDEO:IMPRESSION,USD,18971,0,0,0,0
2026-10-23,US,adv_demo_001,SPONSORED_BRANDS,VIDEO,VIDEO,,TOP_OF_SEARCH,CLICK,CPC,SPONSORED_BRANDS:VIDEO:TOP_OF_SEARCH:VIDEO:CLICK,USD,0,136,187.68,6,540.54
2026-10-23,US,adv_demo_001,SPONSORED_DISPLAY,DISPLAY,IMAGE,,PRODUCT_PAGE,IMPRESSION,CPM,SPONSORED_DISPLAY:DISPLAY:PRODUCT_PAGE:IMAGE:IMPRESSION,USD,27512,0,0,0,0
2026-10-23,US,adv_demo_001,SPONSORED_DISPLAY,DISPLAY,IMAGE,,PRODUCT_PAGE,CLICK,CPC,SPONSORED_DISPLAY:DISPLAY:PRODUCT_PAGE:IMAGE:CLICK,USD,0,163,149.96,7,532.0
2026-10-23,US,adv_demo_001,SPONSORED_DISPLAY,DISPLAY,VIDEO,,PRODUCT_PAGE,IMPRESSION,CPM,SPONSORED_DISPLAY:DISPLAY:PRODUCT_PAGE:VIDEO:IMPRESSION,USD,23053,0,0,0,0
2026-10-23,US,adv_demo_001,SPONSORED_DISPLAY,VIDEO,VIDEO,,PRODUCT_PAGE,CLICK,CPC,SPONSORED_DISPLAY:VIDEO:PRODUCT_PAGE:VIDEO:CLICK,USD,0,142,167.56,7,628.32
2026-10-23,US,adv_demo_001,SPONSORED_PRODUCTS,PRODUCT_AD,,,PRODUCT_PAGE,CLICK,CPC,SPONSORED_PRODUCTS:PRODUCT_AD:PRODUCT_PAGE:UNSPECIFIED:CLICK,USD,0,384,337.92,28,1961.12
2026-10-23,US,adv_demo_001,SPONSORED_PRODUCTS,PRODUCT_AD,,,REST_OF_SEARCH,CLICK,CPC,SPONSORED_PRODUCTS:PRODUCT_AD:REST_OF_SEARCH:UNSPECIFIED:CLICK,USD,0,380,311.6,25,1690.0
2026-10-23,US,adv_demo_001,SPONSORED_PRODUCTS,PRODUCT_AD,,,TOP_OF_SEARCH,IMPRESSION,CPM,SPONSORED_PRODUCTS:PRODUCT_AD:TOP_OF_SEARCH:UNSPECIFIED:IMPRESSION,USD,46217,0,0,0,0
2026-10-23,US,adv_demo_001,SPONSORED_PRODUCTS,PRODUCT_AD,,,TOP_OF_SEARCH,CLICK,CPC,SPONSORED_PRODUCTS:PRODUCT_AD:TOP_OF_SEARCH:UNSPECIFIED:CLICK,USD,0,544,554.88,44,3326.4
2026-10-24,US,adv_demo_001,AMAZON_DSP,,,AUDIO,,IMPRESSION,CPM,AMAZON_DSP:AUDIO:UNSPECIFIED:UNSPECIFIED:IMPRESSION,USD,42702,0,768.64,0,0
2026-10-24,US,adv_demo_001,AMAZON_DSP,,IMAGE,DISPLAY,,IMPRESSION,CPM,AMAZON_DSP:DISPLAY:UNSPECIFIED:IMAGE:IMPRESSION,USD,52243,0,653.04,0,0
2026-10-24,US,adv_demo_001,AMAZON_DSP,,VIDEO,ONLINE_VIDEO,,IMPRESSION,CPM,AMAZON_DSP:ONLINE_VIDEO:UNSPECIFIED:VIDEO:IMPRESSION,USD,39784,0,795.68,0,0
2026-10-24,US,adv_demo_001,AMAZON_DSP,,VIDEO,STREAMING_TV,,IMPRESSION,CPM,AMAZON_DSP:STREAMING_TV:UNSPECIFIED:VIDEO:IMPRESSION,USD,48325,0,1353.1,0,0
2026-10-24,US,adv_demo_001,SPONSORED_BRANDS,COMPONENT,IMAGE,,TOP_OF_SEARCH,IMPRESSION,CPM,SPONSORED_BRANDS:COMPONENT:TOP_OF_SEARCH:IMAGE:IMPRESSION,USD,20866,0,0,0,0
2026-10-24,US,adv_demo_001,SPONSORED_BRANDS,COMPONENT,IMAGE,,TOP_OF_SEARCH,CLICK,CPC,SPONSORED_BRANDS:COMPONENT:TOP_OF_SEARCH:IMAGE:CLICK,USD,0,167,200.4,8,656.0
2026-10-24,US,adv_demo_001,SPONSORED_BRANDS,DISPLAY,IMAGE,,REST_OF_SEARCH,IMPRESSION,CPM,SPONSORED_BRANDS:DISPLAY:REST_OF_SEARCH:IMAGE:IMPRESSION,USD,24407,0,0,0,0
2026-10-24,US,adv_demo_001,SPONSORED_BRANDS,VIDEO,VIDEO,,TOP_OF_SEARCH,IMPRESSION,CPM,SPONSORED_BRANDS:VIDEO:TOP_OF_SEARCH:VIDEO:IMPRESSION,USD,19948,0,0,0,0
2026-10-24,US,adv_demo_001,SPONSORED_BRANDS,VIDEO,VIDEO,,TOP_OF_SEARCH,CLICK,CPC,SPONSORED_BRANDS:VIDEO:TOP_OF_SEARCH:VIDEO:CLICK,USD,0,144,198.72,7,649.74
2026-10-24,US,adv_demo_001,SPONSORED_DISPLAY,DISPLAY,IMAGE,,PRODUCT_PAGE,IMPRESSION,CPM,SPONSORED_DISPLAY:DISPLAY:PRODUCT_PAGE:IMAGE:IMPRESSION,USD,28489,0,0,0,0
2026-10-24,US,adv_demo_001,SPONSORED_DISPLAY,DISPLAY,IMAGE,,PRODUCT_PAGE,CLICK,CPC,SPONSORED_DISPLAY:DISPLAY:PRODUCT_PAGE:IMAGE:CLICK,USD,0,155,142.6,7,547.96
2026-10-24,US,adv_demo_001,SPONSORED_DISPLAY,DISPLAY,VIDEO,,PRODUCT_PAGE,IMPRESSION,CPM,SPONSORED_DISPLAY:DISPLAY:PRODUCT_PAGE:VIDEO:IMPRESSION,USD,24030,0,0,0,0
2026-10-24,US,adv_demo_001,SPONSORED_DISPLAY,VIDEO,VIDEO,,PRODUCT_PAGE,CLICK,CPC,SPONSORED_DISPLAY:VIDEO:PRODUCT_PAGE:VIDEO:CLICK,USD,0,150,177.0,7,646.8
2026-10-24,US,adv_demo_001,SPONSORED_PRODUCTS,PRODUCT_AD,,,PRODUCT_PAGE,CLICK,CPC,SPONSORED_PRODUCTS:PRODUCT_AD:PRODUCT_PAGE:UNSPECIFIED:CLICK,USD,0,398,350.24,29,1893.12
2026-10-24,US,adv_demo_001,SPONSORED_PRODUCTS,PRODUCT_AD,,,REST_OF_SEARCH,CLICK,CPC,SPONSORED_PRODUCTS:PRODUCT_AD:REST_OF_SEARCH:UNSPECIFIED:CLICK,USD,0,393,322.26,27,1702.35
2026-10-24,US,adv_demo_001,SPONSORED_PRODUCTS,PRODUCT_AD,,,TOP_OF_SEARCH,IMPRESSION,CPM,SPONSORED_PRODUCTS:PRODUCT_AD:TOP_OF_SEARCH:UNSPECIFIED:IMPRESSION,USD,40394,0,0,0,0
2026-10-24,US,adv_demo_001,SPONSORED_PRODUCTS,PRODUCT_AD,,,TOP_OF_SEARCH,CLICK,CPC,SPONSORED_PRODUCTS:PRODUCT_AD:TOP_OF_SEARCH:UNSPECIFIED:CLICK,USD,0,480,489.6,39,2751.84
2026-10-25,US,adv_demo_001,AMAZON_DSP,,,AUDIO,,IMPRESSION,CPM,AMAZON_DSP:AUDIO:UNSPECIFIED:UNSPECIFIED:IMPRESSION,USD,43679,0,786.22,0,0
2026-10-25,US,adv_demo_001,AMAZON_DSP,,IMAGE,DISPLAY,,IMPRESSION,CPM,AMAZON_DSP:DISPLAY:UNSPECIFIED:IMAGE:IMPRESSION,USD,53220,0,665.25,0,0
2026-10-25,US,adv_demo_001,AMAZON_DSP,,VIDEO,ONLINE_VIDEO,,IMPRESSION,CPM,AMAZON_DSP:ONLINE_VIDEO:UNSPECIFIED:VIDEO:IMPRESSION,USD,40761,0,815.22,0,0
2026-10-25,US,adv_demo_001,AMAZON_DSP,,VIDEO,STREAMING_TV,,IMPRESSION,CPM,AMAZON_DSP:STREAMING_TV:UNSPECIFIED:VIDEO:IMPRESSION,USD,49302,0,1380.46,0,0
2026-10-25,US,adv_demo_001,SPONSORED_BRANDS,COMPONENT,IMAGE,,TOP_OF_SEARCH,IMPRESSION,CPM,SPONSORED_BRANDS:COMPONENT:TOP_OF_SEARCH:IMAGE:IMPRESSION,USD,21843,0,0,0,0
2026-10-25,US,adv_demo_001,SPONSORED_BRANDS,COMPONENT,IMAGE,,TOP_OF_SEARCH,CLICK,CPC,SPONSORED_BRANDS:COMPONENT:TOP_OF_SEARCH:IMAGE:CLICK,USD,0,176,211.2,9,760.14
2026-10-25,US,adv_demo_001,SPONSORED_BRANDS,DISPLAY,IMAGE,,REST_OF_SEARCH,IMPRESSION,CPM,SPONSORED_BRANDS:DISPLAY:REST_OF_SEARCH:IMAGE:IMPRESSION,USD,25384,0,0,0,0
2026-10-25,US,adv_demo_001,SPONSORED_BRANDS,VIDEO,VIDEO,,TOP_OF_SEARCH,IMPRESSION,CPM,SPONSORED_BRANDS:VIDEO:TOP_OF_SEARCH:VIDEO:IMPRESSION,USD,20925,0,0,0,0
2026-10-25,US,adv_demo_001,SPONSORED_BRANDS,VIDEO,VIDEO,,TOP_OF_SEARCH,CLICK,CPC,SPONSORED_BRANDS:VIDEO:TOP_OF_SEARCH:VIDEO:CLICK,USD,0,140,193.2,7,668.85
2026-10-25,US,adv_demo_001,SPONSORED_DISPLAY,DISPLAY,IMAGE,,PRODUCT_PAGE,IMPRESSION,CPM,SPONSORED_DISPLAY:DISPLAY:PRODUCT_PAGE:IMAGE:IMPRESSION,USD,29466,0,0,0,0
2026-10-25,US,adv_demo_001,SPONSORED_DISPLAY,DISPLAY,IMAGE,,PRODUCT_PAGE,CLICK,CPC,SPONSORED_DISPLAY:DISPLAY:PRODUCT_PAGE:IMAGE:CLICK,USD,0,162,149.04,7,510.72
2026-10-25,US,adv_demo_001,SPONSORED_DISPLAY,DISPLAY,VIDEO,,PRODUCT_PAGE,IMPRESSION,CPM,SPONSORED_DISPLAY:DISPLAY:PRODUCT_PAGE:VIDEO:IMPRESSION,USD,25007,0,0,0,0
2026-10-25,US,adv_demo_001,SPONSORED_DISPLAY,VIDEO,VIDEO,,PRODUCT_PAGE,CLICK,CPC,SPONSORED_DISPLAY:VIDEO:PRODUCT_PAGE:VIDEO:CLICK,USD,0,158,186.44,8,689.92
2026-10-25,US,adv_demo_001,SPONSORED_PRODUCTS,PRODUCT_AD,,,PRODUCT_PAGE,CLICK,CPC,SPONSORED_PRODUCTS:PRODUCT_AD:PRODUCT_PAGE:UNSPECIFIED:CLICK,USD,0,343,301.84,26,1750.32
2026-10-25,US,adv_demo_001,SPONSORED_PRODUCTS,PRODUCT_AD,,,REST_OF_SEARCH,CLICK,CPC,SPONSORED_PRODUCTS:PRODUCT_AD:REST_OF_SEARCH:UNSPECIFIED:CLICK,USD,0,343,281.26,24,1560.0
2026-10-25,US,adv_demo_001,SPONSORED_PRODUCTS,PRODUCT_AD,,,TOP_OF_SEARCH,IMPRESSION,CPM,SPONSORED_PRODUCTS:PRODUCT_AD:TOP_OF_SEARCH:UNSPECIFIED:IMPRESSION,USD,41371,0,0,0,0
2026-10-25,US,adv_demo_001,SPONSORED_PRODUCTS,PRODUCT_AD,,,TOP_OF_SEARCH,CLICK,CPC,SPONSORED_PRODUCTS:PRODUCT_AD:TOP_OF_SEARCH:UNSPECIFIED:CLICK,USD,0,496,505.92,41,2981.52
2026-10-26,US,adv_demo_001,AMAZON_DSP,,,AUDIO,,IMPRESSION,CPM,AMAZON_DSP:AUDIO:UNSPECIFIED:UNSPECIFIED:IMPRESSION,USD,44656,0,803.81,0,0
2026-10-26,US,adv_demo_001,AMAZON_DSP,,IMAGE,DISPLAY,,IMPRESSION,CPM,AMAZON_DSP:DISPLAY:UNSPECIFIED:IMAGE:IMPRESSION,USD,54197,0,677.46,0,0
2026-10-26,US,adv_demo_001,AMAZON_DSP,,VIDEO,ONLINE_VIDEO,,IMPRESSION,CPM,AMAZON_DSP:ONLINE_VIDEO:UNSPECIFIED:VIDEO:IMPRESSION,USD,41738,0,834.76,0,0
2026-10-26,US,adv_demo_001,AMAZON_DSP,,VIDEO,STREAMING_TV,,IMPRESSION,CPM,AMAZON_DSP:STREAMING_TV:UNSPECIFIED:VIDEO:IMPRESSION,USD,50279,0,1407.81,0,0
2026-10-26,US,adv_demo_001,SPONSORED_BRANDS,COMPONENT,IMAGE,,TOP_OF_SEARCH,IMPRESSION,CPM,SPONSORED_BRANDS:COMPONENT:TOP_OF_SEARCH:IMAGE:IMPRESSION,USD,22820,0,0,0,0
2026-10-26,US,adv_demo_001,SPONSORED_BRANDS,COMPONENT,IMAGE,,TOP_OF_SEARCH,CLICK,CPC,SPONSORED_BRANDS:COMPONENT:TOP_OF_SEARCH:IMAGE:CLICK,USD,0,186,223.2,10,787.2
2026-10-26,US,adv_demo_001,SPONSORED_BRANDS,DISPLAY,IMAGE,,REST_OF_SEARCH,IMPRESSION,CPM,SPONSORED_BRANDS:DISPLAY:REST_OF_SEARCH:IMAGE:IMPRESSION,USD,26361,0,0,0,0
2026-10-26,US,adv_demo_001,SPONSORED_BRANDS,VIDEO,VIDEO,,TOP_OF_SEARCH,IMPRESSION,CPM,SPONSORED_BRANDS:VIDEO:TOP_OF_SEARCH:VIDEO:IMPRESSION,USD,21902,0,0,0,0
2026-10-26,US,adv_demo_001,SPONSORED_BRANDS,VIDEO,VIDEO,,TOP_OF_SEARCH,CLICK,CPC,SPONSORED_BRANDS:VIDEO:TOP_OF_SEARCH:VIDEO:CLICK,USD,0,148,204.24,7,624.26
2026-10-26,US,adv_demo_001,SPONSORED_DISPLAY,DISPLAY,IMAGE,,PRODUCT_PAGE,IMPRESSION,CPM,SPONSORED_DISPLAY:DISPLAY:PRODUCT_PAGE:IMAGE:IMPRESSION,USD,30443,0,0,0,0
2026-10-26,US,adv_demo_001,SPONSORED_DISPLAY,DISPLAY,IMAGE,,PRODUCT_PAGE,CLICK,CPC,SPONSORED_DISPLAY:DISPLAY:PRODUCT_PAGE:IMAGE:CLICK,USD,0,170,156.4,8,601.92
2026-10-26,US,adv_demo_001,SPONSORED_DISPLAY,DISPLAY,VIDEO,,PRODUCT_PAGE,IMPRESSION,CPM,SPONSORED_DISPLAY:DISPLAY:PRODUCT_PAGE:VIDEO:IMPRESSION,USD,19184,0,0,0,0
2026-10-26,US,adv_demo_001,SPONSORED_DISPLAY,VIDEO,VIDEO,,PRODUCT_PAGE,CLICK,CPC,SPONSORED_DISPLAY:VIDEO:PRODUCT_PAGE:VIDEO:CLICK,USD,0,120,141.6,6,533.28
2026-10-26,US,adv_demo_001,SPONSORED_PRODUCTS,PRODUCT_AD,,,PRODUCT_PAGE,CLICK,CPC,SPONSORED_PRODUCTS:PRODUCT_AD:PRODUCT_PAGE:UNSPECIFIED:CLICK,USD,0,356,313.28,27,1872.72
2026-10-26,US,adv_demo_001,SPONSORED_PRODUCTS,PRODUCT_AD,,,REST_OF_SEARCH,CLICK,CPC,SPONSORED_PRODUCTS:PRODUCT_AD:REST_OF_SEARCH:UNSPECIFIED:CLICK,USD,0,355,291.1,23,1539.85
2026-10-26,US,adv_demo_001,SPONSORED_PRODUCTS,PRODUCT_AD,,,TOP_OF_SEARCH,IMPRESSION,CPM,SPONSORED_PRODUCTS:PRODUCT_AD:TOP_OF_SEARCH:UNSPECIFIED:IMPRESSION,USD,42348,0,0,0,0
2026-10-26,US,adv_demo_001,SPONSORED_PRODUCTS,PRODUCT_AD,,,TOP_OF_SEARCH,CLICK,CPC,SPONSORED_PRODUCTS:PRODUCT_AD:TOP_OF_SEARCH:UNSPECIFIED:CLICK,USD,0,513,523.26,39,2920.32
2026-10-27,US,adv_demo_001,AMAZON_DSP,,,AUDIO,,IMPRESSION,CPM,AMAZON_DSP:AUDIO:UNSPECIFIED:UNSPECIFIED:IMPRESSION,USD,45633,0,821.39,0,0
2026-10-27,US,adv_demo_001,AMAZON_DSP,,IMAGE,DISPLAY,,IMPRESSION,CPM,AMAZON_DSP:DISPLAY:UNSPECIFIED:IMAGE:IMPRESSION,USD,55174,0,689.67,0,0
2026-10-27,US,adv_demo_001,AMAZON_DSP,,VIDEO,ONLINE_VIDEO,,IMPRESSION,CPM,AMAZON_DSP:ONLINE_VIDEO:UNSPECIFIED:VIDEO:IMPRESSION,USD,42715,0,854.3,0,0
2026-10-27,US,adv_demo_001,AMAZON_DSP,,VIDEO,STREAMING_TV,,IMPRESSION,CPM,AMAZON_DSP:STREAMING_TV:UNSPECIFIED:VIDEO:IMPRESSION,USD,51256,0,1435.17,0,0
2026-10-27,US,adv_demo_001,SPONSORED_BRANDS,COMPONENT,IMAGE,,TOP_OF_SEARCH,IMPRESSION,CPM,SPONSORED_BRANDS:COMPONENT:TOP_OF_SEARCH:IMAGE:IMPRESSION,USD,23797,0,0,0,0
2026-10-27,US,adv_demo_001,SPONSORED_BRANDS,COMPONENT,IMAGE,,TOP_OF_SEARCH,CLICK,CPC,SPONSORED_BRANDS:COMPONENT:TOP_OF_SEARCH:IMAGE:CLICK,USD,0,179,214.8,10,811.8
2026-10-27,US,adv_demo_001,SPONSORED_BRANDS,DISPLAY,IMAGE,,REST_OF_SEARCH,IMPRESSION,CPM,SPONSORED_BRANDS:DISPLAY:REST_OF_SEARCH:IMAGE:IMPRESSION,USD,27338,0,0,0,0
2026-10-27,US,adv_demo_001,SPONSORED_BRANDS,VIDEO,VIDEO,,TOP_OF_SEARCH,IMPRESSION,CPM,SPONSORED_BRANDS:VIDEO:TOP_OF_SEARCH:VIDEO:IMPRESSION,USD,16079,0,0,0,0
2026-10-27,US,adv_demo_001,SPONSORED_BRANDS,VIDEO,VIDEO,,TOP_OF_SEARCH,CLICK,CPC,SPONSORED_BRANDS:VIDEO:TOP_OF_SEARCH:VIDEO:CLICK,USD,0,110,151.8,6,551.46
2026-10-27,US,adv_demo_001,SPONSORED_DISPLAY,DISPLAY,IMAGE,,PRODUCT_PAGE,IMPRESSION,CPM,SPONSORED_DISPLAY:DISPLAY:PRODUCT_PAGE:IMAGE:IMPRESSION,USD,24620,0,0,0,0
2026-10-27,US,adv_demo_001,SPONSORED_DISPLAY,DISPLAY,IMAGE,,PRODUCT_PAGE,CLICK,CPC,SPONSORED_DISPLAY:DISPLAY:PRODUCT_PAGE:IMAGE:CLICK,USD,0,139,127.88,6,465.12
2026-10-27,US,adv_demo_001,SPONSORED_DISPLAY,DISPLAY,VIDEO,,PRODUCT_PAGE,IMPRESSION,CPM,SPONSORED_DISPLAY:DISPLAY:PRODUCT_PAGE:VIDEO:IMPRESSION,USD,20161,0,0,0,0
2026-10-27,US,adv_demo_001,SPONSORED_DISPLAY,VIDEO,VIDEO,,PRODUCT_PAGE,CLICK,CPC,SPONSORED_DISPLAY:VIDEO:PRODUCT_PAGE:VIDEO:CLICK,USD,0,128,151.04,6,549.12
2026-10-27,US,adv_demo_001,SPONSORED_PRODUCTS,PRODUCT_AD,,,PRODUCT_PAGE,CLICK,CPC,SPONSORED_PRODUCTS:PRODUCT_AD:PRODUCT_PAGE:UNSPECIFIED:CLICK,USD,0,370,325.6,26,1856.4
2026-10-27,US,adv_demo_001,SPONSORED_PRODUCTS,PRODUCT_AD,,,REST_OF_SEARCH,CLICK,CPC,SPONSORED_PRODUCTS:PRODUCT_AD:REST_OF_SEARCH:UNSPECIFIED:CLICK,USD,0,368,301.76,24,1497.6
2026-10-27,US,adv_demo_001,SPONSORED_PRODUCTS,PRODUCT_AD,,,TOP_OF_SEARCH,IMPRESSION,CPM,SPONSORED_PRODUCTS:PRODUCT_AD:TOP_OF_SEARCH:UNSPECIFIED:IMPRESSION,USD,43325,0,0,0,0
2026-10-27,US,adv_demo_001,SPONSORED_PRODUCTS,PRODUCT_AD,,,TOP_OF_SEARCH,CLICK,CPC,SPONSORED_PRODUCTS:PRODUCT_AD:TOP_OF_SEARCH:UNSPECIFIED:CLICK,USD,0,530,540.6,41,2863.44
2026-10-28,US,adv_demo_001,AMAZON_DSP,,,AUDIO,,IMPRESSION,CPM,AMAZON_DSP:AUDIO:UNSPECIFIED:UNSPECIFIED:IMPRESSION,USD,46610,0,838.98,0,0
2026-10-28,US,adv_demo_001,AMAZON_DSP,,IMAGE,DISPLAY,,IMPRESSION,CPM,AMAZON_DSP:DISPLAY:UNSPECIFIED:IMAGE:IMPRESSION,USD,56151,0,701.89,0,0
2026-10-28,US,adv_demo_001,AMAZON_DSP,,VIDEO,ONLINE_VIDEO,,IMPRESSION,CPM,AMAZON_DSP:ONLINE_VIDEO:UNSPECIFIED:VIDEO:IMPRESSION,USD,43692,0,873.84,0,0
2026-10-28,US,adv_demo_001,AMAZON_DSP,,VIDEO,STREAMING_TV,,IMPRESSION,CPM,AMAZON_DSP:STREAMING_TV:UNSPECIFIED:VIDEO:IMPRESSION,USD,52233,0,1462.52,0,0
2026-10-28,US,adv_demo_001,SPONSORED_BRANDS,COMPONENT,IMAGE,,TOP_OF_SEARCH,IMPRESSION,CPM,SPONSORED_BRANDS:COMPONENT:TOP_OF_SEARCH:IMAGE:IMPRESSION,USD,24774,0,0,0,0
2026-10-28,US,adv_demo_001,SPONSORED_BRANDS,COMPONENT,IMAGE,,TOP_OF_SEARCH,CLICK,CPC,SPONSORED_BRANDS:COMPONENT:TOP_OF_SEARCH:IMAGE:CLICK,USD,0,188,225.6,10,836.4
2026-10-28,US,adv_demo_001,SPONSORED_BRANDS,DISPLAY,IMAGE,,REST_OF_SEARCH,IMPRESSION,CPM,SPONSORED_BRANDS:DISPLAY:REST_OF_SEARCH:IMAGE:IMPRESSION,USD,21515,0,0,0,0
2026-10-28,US,adv_demo_001,SPONSORED_BRANDS,VIDEO,VIDEO,,TOP_OF_SEARCH,IMPRESSION,CPM,SPONSORED_BRANDS:VIDEO:TOP_OF_SEARCH:VIDEO:IMPRESSION,USD,17056,0,0,0,0
2026-10-28,US,adv_demo_001,SPONSORED_BRANDS,VIDEO,VIDEO,,TOP_OF_SEARCH,CLICK,CPC,SPONSORED_BRANDS:VIDEO:TOP_OF_SEARCH:VIDEO:CLICK,USD,0,117,161.46,6,567.84
2026-10-28,US,adv_demo_001,SPONSORED_DISPLAY,DISPLAY,IMAGE,,PRODUCT_PAGE,IMPRESSION,CPM,SPONSORED_DISPLAY:DISPLAY:PRODUCT_PAGE:IMAGE:IMPRESSION,USD,25597,0,0,0,0
2026-10-28,US,adv_demo_001,SPONSORED_DISPLAY,DISPLAY,IMAGE,,PRODUCT_PAGE,CLICK,CPC,SPONSORED_DISPLAY:DISPLAY:PRODUCT_PAGE:IMAGE:CLICK,USD,0,145,133.4,6,478.8
2026-10-28,US,adv_demo_001,SPONSORED_DISPLAY,DISPLAY,VIDEO,,PRODUCT_PAGE,IMPRESSION,CPM,SPONSORED_DISPLAY:DISPLAY:PRODUCT_PAGE:VIDEO:IMPRESSION,USD,21138,0,0,0,0
2026-10-28,US,adv_demo_001,SPONSORED_DISPLAY,VIDEO,VIDEO,,PRODUCT_PAGE,CLICK,CPC,SPONSORED_DISPLAY:VIDEO:PRODUCT_PAGE:VIDEO:CLICK,USD,0,136,160.48,6,512.16
2026-10-28,US,adv_demo_001,SPONSORED_PRODUCTS,PRODUCT_AD,,,PRODUCT_PAGE,CLICK,CPC,SPONSORED_PRODUCTS:PRODUCT_AD:PRODUCT_PAGE:UNSPECIFIED:CLICK,USD,0,384,337.92,27,1799.28
2026-10-28,US,adv_demo_001,SPONSORED_PRODUCTS,PRODUCT_AD,,,REST_OF_SEARCH,CLICK,CPC,SPONSORED_PRODUCTS:PRODUCT_AD:REST_OF_SEARCH:UNSPECIFIED:CLICK,USD,0,381,312.42,25,1608.75
2026-10-28,US,adv_demo_001,SPONSORED_PRODUCTS,PRODUCT_AD,,,TOP_OF_SEARCH,IMPRESSION,CPM,SPONSORED_PRODUCTS:PRODUCT_AD:TOP_OF_SEARCH:UNSPECIFIED:IMPRESSION,USD,44302,0,0,0,0
2026-10-28,US,adv_demo_001,SPONSORED_PRODUCTS,PRODUCT_AD,,,TOP_OF_SEARCH,CLICK,CPC,SPONSORED_PRODUCTS:PRODUCT_AD:TOP_OF_SEARCH:UNSPECIFIED:CLICK,USD,0,500,510.0,40,2880.0
2026-10-29,US,adv_demo_001,AMAZON_DSP,,,AUDIO,,IMPRESSION,CPM,AMAZON_DSP:AUDIO:UNSPECIFIED:UNSPECIFIED:IMPRESSION,USD,47587,0,856.57,0,0
2026-10-29,US,adv_demo_001,AMAZON_DSP,,IMAGE,DISPLAY,,IMPRESSION,CPM,AMAZON_DSP:DISPLAY:UNSPECIFIED:IMAGE:IMPRESSION,USD,57128,0,714.1,0,0
2026-10-29,US,adv_demo_001,AMAZON_DSP,,VIDEO,ONLINE_VIDEO,,IMPRESSION,CPM,AMAZON_DSP:ONLINE_VIDEO:UNSPECIFIED:VIDEO:IMPRESSION,USD,44669,0,893.38,0,0
2026-10-29,US,adv_demo_001,AMAZON_DSP,,VIDEO,STREAMING_TV,,IMPRESSION,CPM,AMAZON_DSP:STREAMING_TV:UNSPECIFIED:VIDEO:IMPRESSION,USD,46410,0,1299.48,0,0
2026-10-29,US,adv_demo_001,SPONSORED_BRANDS,COMPONENT,IMAGE,,TOP_OF_SEARCH,IMPRESSION,CPM,SPONSORED_BRANDS:COMPONENT:TOP_OF_SEARCH:IMAGE:IMPRESSION,USD,18951,0,0,0,0
2026-10-29,US,adv_demo_001,SPONSORED_BRANDS,COMPONENT,IMAGE,,TOP_OF_SEARCH,CLICK,CPC,SPONSORED_BRANDS:COMPONENT:TOP_OF_SEARCH:IMAGE:CLICK,USD,0,146,175.2,8,688.8
2026-10-29,US,adv_demo_001,SPONSORED_BRANDS,DISPLAY,IMAGE,,REST_OF_SEARCH,IMPRESSION,CPM,SPONSORED_BRANDS:DISPLAY:REST_OF_SEARCH:IMAGE:IMPRESSION,USD,22492,0,0,0,0
2026-10-29,US,adv_demo_001,SPONSORED_BRANDS,VIDEO,VIDEO,,TOP_OF_SEARCH,IMPRESSION,CPM,SPONSORED_BRANDS:VIDEO:TOP_OF_SEARCH:VIDEO:IMPRESSION,USD,18033,0,0,0,0
2026-10-29,US,adv_demo_001,SPONSORED_BRANDS,VIDEO,VIDEO,,TOP_OF_SEARCH,CLICK,CPC,SPONSORED_BRANDS:VIDEO:TOP_OF_SEARCH:VIDEO:CLICK,USD,0,125,172.5,6,529.62
2026-10-29,US,adv_demo_001,SPONSORED_DISPLAY,DISPLAY,IMAGE,,PRODUCT_PAGE,IMPRESSION,CPM,SPONSORED_DISPLAY:DISPLAY:PRODUCT_PAGE:IMAGE:IMPRESSION,USD,26574,0,0,0,0
2026-10-29,US,adv_demo_001,SPONSORED_DISPLAY,DISPLAY,IMAGE,,PRODUCT_PAGE,CLICK,CPC,SPONSORED_DISPLAY:DISPLAY:PRODUCT_PAGE:IMAGE:CLICK,USD,0,153,140.76,6,446.88
2026-10-29,US,adv_demo_001,SPONSORED_DISPLAY,DISPLAY,VIDEO,,PRODUCT_PAGE,IMPRESSION,CPM,SPONSORED_DISPLAY:DISPLAY:PRODUCT_PAGE:VIDEO:IMPRESSION,USD,22115,0,0,0,0
2026-10-29,US,adv_demo_001,SPONSORED_DISPLAY,VIDEO,VIDEO,,PRODUCT_PAGE,CLICK,CPC,SPONSORED_DISPLAY:VIDEO:PRODUCT_PAGE:VIDEO:CLICK,USD,0,144,169.92,7,616.0
2026-10-29,US,adv_demo_001,SPONSORED_PRODUCTS,PRODUCT_AD,,,PRODUCT_PAGE,CLICK,CPC,SPONSORED_PRODUCTS:PRODUCT_AD:PRODUCT_PAGE:UNSPECIFIED:CLICK,USD,0,398,350.24,29,1991.72
2026-10-29,US,adv_demo_001,SPONSORED_PRODUCTS,PRODUCT_AD,,,REST_OF_SEARCH,CLICK,CPC,SPONSORED_PRODUCTS:PRODUCT_AD:REST_OF_SEARCH:UNSPECIFIED:CLICK,USD,0,360,295.2,24,1591.2
2026-10-29,US,adv_demo_001,SPONSORED_PRODUCTS,PRODUCT_AD,,,TOP_OF_SEARCH,IMPRESSION,CPM,SPONSORED_PRODUCTS:PRODUCT_AD:TOP_OF_SEARCH:UNSPECIFIED:IMPRESSION,USD,45279,0,0,0,0
2026-10-29,US,adv_demo_001,SPONSORED_PRODUCTS,PRODUCT_AD,,,TOP_OF_SEARCH,CLICK,CPC,SPONSORED_PRODUCTS:PRODUCT_AD:TOP_OF_SEARCH:UNSPECIFIED:CLICK,USD,0,516,526.32,42,3114.72
2026-10-30,US,adv_demo_001,AMAZON_DSP,,,AUDIO,,IMPRESSION,CPM,AMAZON_DSP:AUDIO:UNSPECIFIED:UNSPECIFIED:IMPRESSION,USD,48564,0,874.15,0,0
2026-10-30,US,adv_demo_001,AMAZON_DSP,,IMAGE,DISPLAY,,IMPRESSION,CPM,AMAZON_DSP:DISPLAY:UNSPECIFIED:IMAGE:IMPRESSION,USD,51305,0,641.31,0,0
2026-10-30,US,adv_demo_001,AMAZON_DSP,,VIDEO,ONLINE_VIDEO,,IMPRESSION,CPM,AMAZON_DSP:ONLINE_VIDEO:UNSPECIFIED:VIDEO:IMPRESSION,USD,38846,0,776.92,0,0
2026-10-30,US,adv_demo_001,AMAZON_DSP,,VIDEO,STREAMING_TV,,IMPRESSION,CPM,AMAZON_DSP:STREAMING_TV:UNSPECIFIED:VIDEO:IMPRESSION,USD,47387,0,1326.84,0,0
2026-10-30,US,adv_demo_001,SPONSORED_BRANDS,COMPONENT,IMAGE,,TOP_OF_SEARCH,IMPRESSION,CPM,SPONSORED_BRANDS:COMPONENT:TOP_OF_SEARCH:IMAGE:IMPRESSION,USD,19928,0,0,0,0
2026-10-30,US,adv_demo_001,SPONSORED_BRANDS,COMPONENT,IMAGE,,TOP_OF_SEARCH,CLICK,CPC,SPONSORED_BRANDS:COMPONENT:TOP_OF_SEARCH:IMAGE:CLICK,USD,0,155,186.0,8,642.88
2026-10-30,US,adv_demo_001,SPONSORED_BRANDS,DISPLAY,IMAGE,,REST_OF_SEARCH,IMPRESSION,CPM,SPONSORED_BRANDS:DISPLAY:REST_OF_SEARCH:IMAGE:IMPRESSION,USD,23469,0,0,0,0
2026-10-30,US,adv_demo_001,SPONSORED_BRANDS,VIDEO,VIDEO,,TOP_OF_SEARCH,IMPRESSION,CPM,SPONSORED_BRANDS:VIDEO:TOP_OF_SEARCH:VIDEO:IMPRESSION,USD,19010,0,0,0,0
2026-10-30,US,adv_demo_001,SPONSORED_BRANDS,VIDEO,VIDEO,,TOP_OF_SEARCH,CLICK,CPC,SPONSORED_BRANDS:VIDEO:TOP_OF_SEARCH:VIDEO:CLICK,USD,0,134,184.92,6,546.0
2026-10-30,US,adv_demo_001,SPONSORED_DISPLAY,DISPLAY,IMAGE,,PRODUCT_PAGE,IMPRESSION,CPM,SPONSORED_DISPLAY:DISPLAY:PRODUCT_PAGE:IMAGE:IMPRESSION,USD,27551,0,0,0,0
2026-10-30,US,adv_demo_001,SPONSORED_DISPLAY,DISPLAY,IMAGE,,PRODUCT_PAGE,CLICK,CPC,SPONSORED_DISPLAY:DISPLAY:PRODUCT_PAGE:IMAGE:CLICK,USD,0,160,147.2,7,537.32
2026-10-30,US,adv_demo_001,SPONSORED_DISPLAY,DISPLAY,VIDEO,,PRODUCT_PAGE,IMPRESSION,CPM,SPONSORED_DISPLAY:DISPLAY:PRODUCT_PAGE:VIDEO:IMPRESSION,USD,23092,0,0,0,0
2026-10-30,US,adv_demo_001,SPONSORED_DISPLAY,VIDEO,VIDEO,,PRODUCT_PAGE,CLICK,CPC,SPONSORED_DISPLAY:VIDEO:PRODUCT_PAGE:VIDEO:CLICK,USD,0,152,179.36,7,634.48
2026-10-30,US,adv_demo_001,SPONSORED_PRODUCTS,PRODUCT_AD,,,PRODUCT_PAGE,CLICK,CPC,SPONSORED_PRODUCTS:PRODUCT_AD:PRODUCT_PAGE:UNSPECIFIED:CLICK,USD,0,377,331.76,28,1980.16
2026-10-30,US,adv_demo_001,SPONSORED_PRODUCTS,PRODUCT_AD,,,REST_OF_SEARCH,CLICK,CPC,SPONSORED_PRODUCTS:PRODUCT_AD:REST_OF_SEARCH:UNSPECIFIED:CLICK,USD,0,373,305.86,26,1774.5
2026-10-30,US,adv_demo_001,SPONSORED_PRODUCTS,PRODUCT_AD,,,TOP_OF_SEARCH,IMPRESSION,CPM,SPONSORED_PRODUCTS:PRODUCT_AD:TOP_OF_SEARCH:UNSPECIFIED:IMPRESSION,USD,46256,0,0,0,0
2026-10-30,US,adv_demo_001,SPONSORED_PRODUCTS,PRODUCT_AD,,,TOP_OF_SEARCH,CLICK,CPC,SPONSORED_PRODUCTS:PRODUCT_AD:TOP_OF_SEARCH:UNSPECIFIED:CLICK,USD,0,533,543.66,44,3041.28
2026-10-31,US,adv_demo_001,AMAZON_DSP,,,AUDIO,,IMPRESSION,CPM,AMAZON_DSP:AUDIO:UNSPECIFIED:UNSPECIFIED:IMPRESSION,USD,42741,0,769.34,0,0
2026-10-31,US,adv_demo_001,AMAZON_DSP,,IMAGE,DISPLAY,,IMPRESSION,CPM,AMAZON_DSP:DISPLAY:UNSPECIFIED:IMAGE:IMPRESSION,USD,52282,0,653.52,0,0
2026-10-31,US,adv_demo_001,AMAZON_DSP,,VIDEO,ONLINE_VIDEO,,IMPRESSION,CPM,AMAZON_DSP:ONLINE_VIDEO:UNSPECIFIED:VIDEO:IMPRESSION,USD,39823,0,796.46,0,0
2026-10-31,US,adv_demo_001,AMAZON_DSP,,VIDEO,STREAMING_TV,,IMPRESSION,CPM,AMAZON_DSP:STREAMING_TV:UNSPECIFIED:VIDEO:IMPRESSION,USD,48364,0,1354.19,0,0
2026-10-31,US,adv_demo_001,SPONSORED_BRANDS,COMPONENT,IMAGE,,TOP_OF_SEARCH,IMPRESSION,CPM,SPONSORED_BRANDS:COMPONENT:TOP_OF_SEARCH:IMAGE:IMPRESSION,USD,20905,0,0,0,0
2026-10-31,US,adv_demo_001,SPONSORED_BRANDS,COMPONENT,IMAGE,,TOP_OF_SEARCH,CLICK,CPC,SPONSORED_BRANDS:COMPONENT:TOP_OF_SEARCH:IMAGE:CLICK,USD,0,164,196.8,9,745.38
2026-10-31,US,adv_demo_001,SPONSORED_BRANDS,DISPLAY,IMAGE,,REST_OF_SEARCH,IMPRESSION,CPM,SPONSORED_BRANDS:DISPLAY:REST_OF_SEARCH:IMAGE:IMPRESSION,USD,24446,0,0,0,0
2026-10-31,US,adv_demo_001,SPONSORED_BRANDS,VIDEO,VIDEO,,TOP_OF_SEARCH,IMPRESSION,CPM,SPONSORED_BRANDS:VIDEO:TOP_OF_SEARCH:VIDEO:IMPRESSION,USD,19987,0,0,0,0
2026-10-31,US,adv_demo_001,SPONSORED_BRANDS,VIDEO,VIDEO,,TOP_OF_SEARCH,CLICK,CPC,SPONSORED_BRANDS:VIDEO:TOP_OF_SEARCH:VIDEO:CLICK,USD,0,142,195.96,7,656.11
2026-10-31,US,adv_demo_001,SPONSORED_DISPLAY,DISPLAY,IMAGE,,PRODUCT_PAGE,IMPRESSION,CPM,SPONSORED_DISPLAY:DISPLAY:PRODUCT_PAGE:IMAGE:IMPRESSION,USD,28528,0,0,0,0
2026-10-31,US,adv_demo_001,SPONSORED_DISPLAY,DISPLAY,IMAGE,,PRODUCT_PAGE,CLICK,CPC,SPONSORED_DISPLAY:DISPLAY:PRODUCT_PAGE:IMAGE:CLICK,USD,0,167,153.64,7,553.28
2026-10-31,US,adv_demo_001,SPONSORED_DISPLAY,DISPLAY,VIDEO,,PRODUCT_PAGE,IMPRESSION,CPM,SPONSORED_DISPLAY:DISPLAY:PRODUCT_PAGE:VIDEO:IMPRESSION,USD,24069,0,0,0,0
2026-10-31,US,adv_demo_001,SPONSORED_DISPLAY,VIDEO,VIDEO,,PRODUCT_PAGE,CLICK,CPC,SPONSORED_DISPLAY:VIDEO:PRODUCT_PAGE:VIDEO:CLICK,USD,0,147,173.46,7,591.36
2026-10-31,US,adv_demo_001,SPONSORED_PRODUCTS,PRODUCT_AD,,,PRODUCT_PAGE,CLICK,CPC,SPONSORED_PRODUCTS:PRODUCT_AD:PRODUCT_PAGE:UNSPECIFIED:CLICK,USD,0,391,344.08,30,1978.8
2026-10-31,US,adv_demo_001,SPONSORED_PRODUCTS,PRODUCT_AD,,,REST_OF_SEARCH,CLICK,CPC,SPONSORED_PRODUCTS:PRODUCT_AD:REST_OF_SEARCH:UNSPECIFIED:CLICK,USD,0,385,315.7,27,1719.9
2026-10-31,US,adv_demo_001,SPONSORED_PRODUCTS,PRODUCT_AD,,,TOP_OF_SEARCH,IMPRESSION,CPM,SPONSORED_PRODUCTS:PRODUCT_AD:TOP_OF_SEARCH:UNSPECIFIED:IMPRESSION,USD,40433,0,0,0,0
2026-10-31,US,adv_demo_001,SPONSORED_PRODUCTS,PRODUCT_AD,,,TOP_OF_SEARCH,CLICK,CPC,SPONSORED_PRODUCTS:PRODUCT_AD:TOP_OF_SEARCH:UNSPECIFIED:CLICK,USD,0,471,480.42,36,2566.08
2026-11-01,US,adv_demo_001,AMAZON_DSP,,,AUDIO,,IMPRESSION,CPM,AMAZON_DSP:AUDIO:UNSPECIFIED:UNSPECIFIED:IMPRESSION,USD,43718,0,786.92,0,0
2026-11-01,US,adv_demo_001,AMAZON_DSP,,IMAGE,DISPLAY,,IMPRESSION,CPM,AMAZON_DSP:DISPLAY:UNSPECIFIED:IMAGE:IMPRESSION,USD,53259,0,665.74,0,0
2026-11-01,US,adv_demo_001,AMAZON_DSP,,VIDEO,ONLINE_VIDEO,,IMPRESSION,CPM,AMAZON_DSP:ONLINE_VIDEO:UNSPECIFIED:VIDEO:IMPRESSION,USD,40800,0,816.0,0,0
2026-11-01,US,adv_demo_001,AMAZON_DSP,,VIDEO,STREAMING_TV,,IMPRESSION,CPM,AMAZON_DSP:STREAMING_TV:UNSPECIFIED:VIDEO:IMPRESSION,USD,49341,0,1381.55,0,0
2026-11-01,US,adv_demo_001,SPONSORED_BRANDS,COMPONENT,IMAGE,,TOP_OF_SEARCH,IMPRESSION,CPM,SPONSORED_BRANDS:COMPONENT:TOP_OF_SEARCH:IMAGE:IMPRESSION,USD,21882,0,0,0,0
2026-11-01,US,adv_demo_001,SPONSORED_BRANDS,COMPONENT,IMAGE,,TOP_OF_SEARCH,CLICK,CPC,SPONSORED_BRANDS:COMPONENT:TOP_OF_SEARCH:IMAGE:CLICK,USD,0,173,207.6,9,767.52
2026-11-01,US,adv_demo_001,SPONSORED_BRANDS,DISPLAY,IMAGE,,REST_OF_SEARCH,IMPRESSION,CPM,SPONSORED_BRANDS:DISPLAY:REST_OF_SEARCH:IMAGE:IMPRESSION,USD,25423,0,0,0,0
2026-11-01,US,adv_demo_001,SPONSORED_BRANDS,VIDEO,VIDEO,,TOP_OF_SEARCH,IMPRESSION,CPM,SPONSORED_BRANDS:VIDEO:TOP_OF_SEARCH:VIDEO:IMPRESSION,USD,20964,0,0,0,0
2026-11-01,US,adv_demo_001,SPONSORED_BRANDS,VIDEO,VIDEO,,TOP_OF_SEARCH,CLICK,CPC,SPONSORED_BRANDS:VIDEO:TOP_OF_SEARCH:VIDEO:CLICK,USD,0,150,207.0,7,611.52
2026-11-01,US,adv_demo_001,SPONSORED_DISPLAY,DISPLAY,IMAGE,,PRODUCT_PAGE,IMPRESSION,CPM,SPONSORED_DISPLAY:DISPLAY:PRODUCT_PAGE:IMAGE:IMPRESSION,USD,29505,0,0,0,0
2026-11-01,US,adv_demo_001,SPONSORED_DISPLAY,DISPLAY,IMAGE,,PRODUCT_PAGE,CLICK,CPC,SPONSORED_DISPLAY:DISPLAY:PRODUCT_PAGE:IMAGE:CLICK,USD,0,175,161.0,8,589.76
2026-11-01,US,adv_demo_001,SPONSORED_DISPLAY,DISPLAY,VIDEO,,PRODUCT_PAGE,IMPRESSION,CPM,SPONSORED_DISPLAY:DISPLAY:PRODUCT_PAGE:VIDEO:IMPRESSION,USD,25046,0,0,0,0
2026-11-01,US,adv_demo_001,SPONSORED_DISPLAY,VIDEO,VIDEO,,PRODUCT_PAGE,CLICK,CPC,SPONSORED_DISPLAY:VIDEO:PRODUCT_PAGE:VIDEO:CLICK,USD,0,155,182.9,8,696.96
2026-11-01,US,adv_demo_001,SPONSORED_PRODUCTS,PRODUCT_AD,,,PRODUCT_PAGE,CLICK,CPC,SPONSORED_PRODUCTS:PRODUCT_AD:PRODUCT_PAGE:UNSPECIFIED:CLICK,USD,0,336,295.68,23,1564.0
2026-11-01,US,adv_demo_001,SPONSORED_PRODUCTS,PRODUCT_AD,,,REST_OF_SEARCH,CLICK,CPC,SPONSORED_PRODUCTS:PRODUCT_AD:REST_OF_SEARCH:UNSPECIFIED:CLICK,USD,0,336,275.52,22,1444.3
2026-11-01,US,adv_demo_001,SPONSORED_PRODUCTS,PRODUCT_AD,,,TOP_OF_SEARCH,IMPRESSION,CPM,SPONSORED_PRODUCTS:PRODUCT_AD:TOP_OF_SEARCH:UNSPECIFIED:IMPRESSION,USD,41410,0,0,0,0
2026-11-01,US,adv_demo_001,SPONSORED_PRODUCTS,PRODUCT_AD,,,TOP_OF_SEARCH,CLICK,CPC,SPONSORED_PRODUCTS:PRODUCT_AD:TOP_OF_SEARCH:UNSPECIFIED:CLICK,USD,0,487,496.74,38,2790.72
2026-11-02,US,adv_demo_001,AMAZON_DSP,,,AUDIO,,IMPRESSION,CPM,AMAZON_DSP:AUDIO:UNSPECIFIED:UNSPECIFIED:IMPRESSION,USD,44695,0,804.51,0,0
2026-11-02,US,adv_demo_001,AMAZON_DSP,,IMAGE,DISPLAY,,IMPRESSION,CPM,AMAZON_DSP:DISPLAY:UNSPECIFIED:IMAGE:IMPRESSION,USD,54236,0,677.95,0,0
2026-11-02,US,adv_demo_001,AMAZON_DSP,,VIDEO,ONLINE_VIDEO,,IMPRESSION,CPM,AMAZON_DSP:ONLINE_VIDEO:UNSPECIFIED:VIDEO:IMPRESSION,USD,41777,0,835.54,0,0
2026-11-02,US,adv_demo_001,AMAZON_DSP,,VIDEO,STREAMING_TV,,IMPRESSION,CPM,AMAZON_DSP:STREAMING_TV:UNSPECIFIED:VIDEO:IMPRESSION,USD,50318,0,1408.9,0,0
2026-11-02,US,adv_demo_001,SPONSORED_BRANDS,COMPONENT,IMAGE,,TOP_OF_SEARCH,IMPRESSION,CPM,SPONSORED_BRANDS:COMPONENT:TOP_OF_SEARCH:IMAGE:IMPRESSION,USD,22859,0,0,0,0
2026-11-02,US,adv_demo_001,SPONSORED_BRANDS,COMPONENT,IMAGE,,TOP_OF_SEARCH,CLICK,CPC,SPONSORED_BRANDS:COMPONENT:TOP_OF_SEARCH:IMAGE:CLICK,USD,0,183,219.6,10,795.4
2026-11-02,US,adv_demo_001,SPONSORED_BRANDS,DISPLAY,IMAGE,,REST_OF_SEARCH,IMPRESSION,CPM,SPONSORED_BRANDS:DISPLAY:REST_OF_SEARCH:IMAGE:IMPRESSION,USD,26400,0,0,0,0
2026-11-02,US,adv_demo_001,SPONSORED_BRANDS,VIDEO,VIDEO,,TOP_OF_SEARCH,IMPRESSION,CPM,SPONSORED_BRANDS:VIDEO:TOP_OF_SEARCH:VIDEO:IMPRESSION,USD,21941,0,0,0,0
2026-11-02,US,adv_demo_001,SPONSORED_BRANDS,VIDEO,VIDEO,,TOP_OF_SEARCH,CLICK,CPC,SPONSORED_BRANDS:VIDEO:TOP_OF_SEARCH:VIDEO:CLICK,USD,0,159,219.42,8,720.72
2026-11-02,US,adv_demo_001,SPONSORED_DISPLAY,DISPLAY,IMAGE,,PRODUCT_PAGE,IMPRESSION,CPM,SPONSORED_DISPLAY:DISPLAY:PRODUCT_PAGE:IMAGE:IMPRESSION,USD,30482,0,0,0,0
2026-11-02,US,adv_demo_001,SPONSORED_DISPLAY,DISPLAY,IMAGE,,PRODUCT_PAGE,CLICK,CPC,SPONSORED_DISPLAY:DISPLAY:PRODUCT_PAGE:IMAGE:CLICK,USD,0,166,152.72,8,608.0
2026-11-02,US,adv_demo_001,SPONSORED_DISPLAY,DISPLAY,VIDEO,,PRODUCT_PAGE,IMPRESSION,CPM,SPONSORED_DISPLAY:DISPLAY:PRODUCT_PAGE:VIDEO:IMPRESSION,USD,19223,0,0,0,0
2026-11-02,US,adv_demo_001,SPONSORED_DISPLAY,VIDEO,VIDEO,,PRODUCT_PAGE,CLICK,CPC,SPONSORED_DISPLAY:VIDEO:PRODUCT_PAGE:VIDEO:CLICK,USD,0,118,139.24,5,448.8
2026-11-02,US,adv_demo_001,SPONSORED_PRODUCTS,PRODUCT_AD,,,PRODUCT_PAGE,CLICK,CPC,SPONSORED_PRODUCTS:PRODUCT_AD:PRODUCT_PAGE:UNSPECIFIED:CLICK,USD,0,349,307.12,25,1751.0
2026-11-02,US,adv_demo_001,SPONSORED_PRODUCTS,PRODUCT_AD,,,REST_OF_SEARCH,CLICK,CPC,SPONSORED_PRODUCTS:PRODUCT_AD:REST_OF_SEARCH:UNSPECIFIED:CLICK,USD,0,349,286.18,23,1554.8
2026-11-02,US,adv_demo_001,SPONSORED_PRODUCTS,PRODUCT_AD,,,TOP_OF_SEARCH,IMPRESSION,CPM,SPONSORED_PRODUCTS:PRODUCT_AD:TOP_OF_SEARCH:UNSPECIFIED:IMPRESSION,USD,42387,0,0,0,0
2026-11-02,US,adv_demo_001,SPONSORED_PRODUCTS,PRODUCT_AD,,,TOP_OF_SEARCH,CLICK,CPC,SPONSORED_PRODUCTS:PRODUCT_AD:TOP_OF_SEARCH:UNSPECIFIED:CLICK,USD,0,504,514.08,40,3024.0
2026-11-03,US,adv_demo_001,AMAZON_DSP,,,AUDIO,,IMPRESSION,CPM,AMAZON_DSP:AUDIO:UNSPECIFIED:UNSPECIFIED:IMPRESSION,USD,45672,0,822.1,0,0
2026-11-03,US,adv_demo_001,AMAZON_DSP,,IMAGE,DISPLAY,,IMPRESSION,CPM,AMAZON_DSP:DISPLAY:UNSPECIFIED:IMAGE:IMPRESSION,USD,55213,0,690.16,0,0
2026-11-03,US,adv_demo_001,AMAZON_DSP,,VIDEO,ONLINE_VIDEO,,IMPRESSION,CPM,AMAZON_DSP:ONLINE_VIDEO:UNSPECIFIED:VIDEO:IMPRESSION,USD,42754,0,855.08,0,0
2026-11-03,US,adv_demo_001,AMAZON_DSP,,VIDEO,STREAMING_TV,,IMPRESSION,CPM,AMAZON_DSP:STREAMING_TV:UNSPECIFIED:VIDEO:IMPRESSION,USD,51295,0,1436.26,0,0
2026-11-03,US,adv_demo_001,SPONSORED_BRANDS,COMPONENT,IMAGE,,TOP_OF_SEARCH,IMPRESSION,CPM,SPONSORED_BRANDS:COMPONENT:TOP_OF_SEARCH:IMAGE:IMPRESSION,USD,23836,0,0,0,0
2026-11-03,US,adv_demo_001,SPONSORED_BRANDS,COMPONENT,IMAGE,,TOP_OF_SEARCH,CLICK,CPC,SPONSORED_BRANDS:COMPONENT:TOP_OF_SEARCH:IMAGE:CLICK,USD,0,193,231.6,11,902.0
2026-11-03,US,adv_demo_001,SPONSORED_BRANDS,DISPLAY,IMAGE,,REST_OF_SEARCH,IMPRESSION,CPM,SPONSORED_BRANDS:DISPLAY:REST_OF_SEARCH:IMAGE:IMPRESSION,USD,27377,0,0,0,0
2026-11-03,US,adv_demo_001,SPONSORED_BRANDS,VIDEO,VIDEO,,TOP_OF_SEARCH,IMPRESSION,CPM,SPONSORED_BRANDS:VIDEO:TOP_OF_SEARCH:VIDEO:IMPRESSION,USD,16118,0,0,0,0
2026-11-03,US,adv_demo_001,SPONSORED_BRANDS,VIDEO,VIDEO,,TOP_OF_SEARCH,CLICK,CPC,SPONSORED_BRANDS:VIDEO:TOP_OF_SEARCH:VIDEO:CLICK,USD,0,108,149.04,5,464.1
2026-11-03,US,adv_demo_001,SPONSORED_DISPLAY,DISPLAY,IMAGE,,PRODUCT_PAGE,IMPRESSION,CPM,SPONSORED_DISPLAY:DISPLAY:PRODUCT_PAGE:IMAGE:IMPRESSION,USD,24659,0,0,0,0
2026-11-03,US,adv_demo_001,SPONSORED_DISPLAY,DISPLAY,IMAGE,,PRODUCT_PAGE,CLICK,CPC,SPONSORED_DISPLAY:DISPLAY:PRODUCT_PAGE:IMAGE:CLICK,USD,0,136,125.12,6,469.68
2026-11-03,US,adv_demo_001,SPONSORED_DISPLAY,DISPLAY,VIDEO,,PRODUCT_PAGE,IMPRESSION,CPM,SPONSORED_DISPLAY:DISPLAY:PRODUCT_PAGE:VIDEO:IMPRESSION,USD,20200,0,0,0,0
2026-11-03,US,adv_demo_001,SPONSORED_DISPLAY,VIDEO,VIDEO,,PRODUCT_PAGE,CLICK,CPC,SPONSORED_DISPLAY:VIDEO:PRODUCT_PAGE:VIDEO:CLICK,USD,0,125,147.5,6,554.4
2026-11-03,US,adv_demo_001,SPONSORED_PRODUCTS,PRODUCT_AD,,,PRODUCT_PAGE,CLICK,CPC,SPONSORED_PRODUCTS:PRODUCT_AD:PRODUCT_PAGE:UNSPECIFIED:CLICK,USD,0,363,319.44,26,1697.28
2026-11-03,US,adv_demo_001,SPONSORED_PRODUCTS,PRODUCT_AD,,,REST_OF_SEARCH,CLICK,CPC,SPONSORED_PRODUCTS:PRODUCT_AD:REST_OF_SEARCH:UNSPECIFIED:CLICK,USD,0,361,296.02,24,1513.2
2026-11-03,US,adv_demo_001,SPONSORED_PRODUCTS,PRODUCT_AD,,,TOP_OF_SEARCH,IMPRESSION,CPM,SPONSORED_PRODUCTS:PRODUCT_AD:TOP_OF_SEARCH:UNSPECIFIED:IMPRESSION,USD,43364,0,0,0,0
2026-11-03,US,adv_demo_001,SPONSORED_PRODUCTS,PRODUCT_AD,,,TOP_OF_SEARCH,CLICK,CPC,SPONSORED_PRODUCTS:PRODUCT_AD:TOP_OF_SEARCH:UNSPECIFIED:CLICK,USD,0,520,530.4,42,2963.52
2026-11-04,US,adv_demo_001,AMAZON_DSP,,,AUDIO,,IMPRESSION,CPM,AMAZON_DSP:AUDIO:UNSPECIFIED:UNSPECIFIED:IMPRESSION,USD,46649,0,839.68,0,0
2026-11-04,US,adv_demo_001,AMAZON_DSP,,IMAGE,DISPLAY,,IMPRESSION,CPM,AMAZON_DSP:DISPLAY:UNSPECIFIED:IMAGE:IMPRESSION,USD,56190,0,702.38,0,0
2026-11-04,US,adv_demo_001,AMAZON_DSP,,VIDEO,ONLINE_VIDEO,,IMPRESSION,CPM,AMAZON_DSP:ONLINE_VIDEO:UNSPECIFIED:VIDEO:IMPRESSION,USD,43731,0,874.62,0,0
2026-11-04,US,adv_demo_001,AMAZON_DSP,,VIDEO,STREAMING_TV,,IMPRESSION,CPM,AMAZON_DSP:STREAMING_TV:UNSPECIFIED:VIDEO:IMPRESSION,USD,52272,0,1463.62,0,0
2026-11-04,US,adv_demo_001,SPONSORED_BRANDS,COMPONENT,IMAGE,,TOP_OF_SEARCH,IMPRESSION,CPM,SPONSORED_BRANDS:COMPONENT:TOP_OF_SEARCH:IMAGE:IMPRESSION,USD,18013,0,0,0,0
2026-11-04,US,adv_demo_001,SPONSORED_BRANDS,COMPONENT,IMAGE,,TOP_OF_SEARCH,CLICK,CPC,SPONSORED_BRANDS:COMPONENT:TOP_OF_SEARCH:IMAGE:CLICK,USD,0,147,176.4,7,591.22
2026-11-04,US,adv_demo_001,SPONSORED_BRANDS,DISPLAY,IMAGE,,REST_OF_SEARCH,IMPRESSION,CPM,SPONSORED_BRANDS:DISPLAY:REST_OF_SEARCH:IMAGE:IMPRESSION,USD,21554,0,0,0,0
2026-11-04,US,adv_demo_001,SPONSORED_BRANDS,VIDEO,VIDEO,,TOP_OF_SEARCH,IMPRESSION,CPM,SPONSORED_BRANDS:VIDEO:TOP_OF_SEARCH:VIDEO:IMPRESSION,USD,17095,0,0,0,0
2026-11-04,US,adv_demo_001,SPONSORED_BRANDS,VIDEO,VIDEO,,TOP_OF_SEARCH,CLICK,CPC,SPONSORED_BRANDS:VIDEO:TOP_OF_SEARCH:VIDEO:CLICK,USD,0,115,158.7,5,477.75
2026-11-04,US,adv_demo_001,SPONSORED_DISPLAY,DISPLAY,IMAGE,,PRODUCT_PAGE,IMPRESSION,CPM,SPONSORED_DISPLAY:DISPLAY:PRODUCT_PAGE:IMAGE:IMPRESSION,USD,25636,0,0,0,0
2026-11-04,US,adv_demo_001,SPONSORED_DISPLAY,DISPLAY,IMAGE,,PRODUCT_PAGE,CLICK,CPC,SPONSORED_DISPLAY:DISPLAY:PRODUCT_PAGE:IMAGE:CLICK,USD,0,143,131.56,6,437.76
2026-11-04,US,adv_demo_001,SPONSORED_DISPLAY,DISPLAY,VIDEO,,PRODUCT_PAGE,IMPRESSION,CPM,SPONSORED_DISPLAY:DISPLAY:PRODUCT_PAGE:VIDEO:IMPRESSION,USD,21177,0,0,0,0
2026-11-04,US,adv_demo_001,SPONSORED_DISPLAY,VIDEO,VIDEO,,PRODUCT_PAGE,CLICK,CPC,SPONSORED_DISPLAY:VIDEO:PRODUCT_PAGE:VIDEO:CLICK,USD,0,133,156.94,6,517.44
2026-11-04,US,adv_demo_001,SPONSORED_PRODUCTS,PRODUCT_AD,,,PRODUCT_PAGE,CLICK,CPC,SPONSORED_PRODUCTS:PRODUCT_AD:PRODUCT_PAGE:UNSPECIFIED:CLICK,USD,0,377,331.76,28,1884.96
2026-11-04,US,adv_demo_001,SPONSORED_PRODUCTS,PRODUCT_AD,,,REST_OF_SEARCH,CLICK,CPC,SPONSORED_PRODUCTS:PRODUCT_AD:REST_OF_SEARCH:UNSPECIFIED:CLICK,USD,0,374,306.68,26,1690.0
2026-11-04,US,adv_demo_001,SPONSORED_PRODUCTS,PRODUCT_AD,,,TOP_OF_SEARCH,IMPRESSION,CPM,SPONSORED_PRODUCTS:PRODUCT_AD:TOP_OF_SEARCH:UNSPECIFIED:IMPRESSION,USD,44341,0,0,0,0
2026-11-04,US,adv_demo_001,SPONSORED_PRODUCTS,PRODUCT_AD,,,TOP_OF_SEARCH,CLICK,CPC,SPONSORED_PRODUCTS:PRODUCT_AD:TOP_OF_SEARCH:UNSPECIFIED:CLICK,USD,0,537,547.74,44,3199.68
2026-11-05,US,adv_demo_001,AMAZON_DSP,,,AUDIO,,IMPRESSION,CPM,AMAZON_DSP:AUDIO:UNSPECIFIED:UNSPECIFIED:IMPRESSION,USD,47626,0,857.27,0,0
2026-11-05,US,adv_demo_001,AMAZON_DSP,,IMAGE,DISPLAY,,IMPRESSION,CPM,AMAZON_DSP:DISPLAY:UNSPECIFIED:IMAGE:IMPRESSION,USD,57167,0,714.59,0,0
2026-11-05,US,adv_demo_001,AMAZON_DSP,,VIDEO,ONLINE_VIDEO,,IMPRESSION,CPM,AMAZON_DSP:ONLINE_VIDEO:UNSPECIFIED:VIDEO:IMPRESSION,USD,44708,0,894.16,0,0
2026-11-05,US,adv_demo_001,AMAZON_DSP,,VIDEO,STREAMING_TV,,IMPRESSION,CPM,AMAZON_DSP:STREAMING_TV:UNSPECIFIED:VIDEO:IMPRESSION,USD,46449,0,1300.57,0,0
2026-11-05,US,adv_demo_001,SPONSORED_BRANDS,COMPONENT,IMAGE,,TOP_OF_SEARCH,IMPRESSION,CPM,SPONSORED_BRANDS:COMPONENT:TOP_OF_SEARCH:IMAGE:IMPRESSION,USD,18990,0,0,0,0
2026-11-05,US,adv_demo_001,SPONSORED_BRANDS,COMPONENT,IMAGE,,TOP_OF_SEARCH,CLICK,CPC,SPONSORED_BRANDS:COMPONENT:TOP_OF_SEARCH:IMAGE:CLICK,USD,0,143,171.6,7,551.04
2026-11-05,US,adv_demo_001,SPONSORED_BRANDS,DISPLAY,IMAGE,,REST_OF_SEARCH,IMPRESSION,CPM,SPONSORED_BRANDS:DISPLAY:REST_OF_SEARCH:IMAGE:IMPRESSION,USD,22531,0,0,0,0
2026-11-05,US,adv_demo_001,SPONSORED_BRANDS,VIDEO,VIDEO,,TOP_OF_SEARCH,IMPRESSION,CPM,SPONSORED_BRANDS:VIDEO:TOP_OF_SEARCH:VIDEO:IMPRESSION,USD,18072,0,0,0,0
2026-11-05,US,adv_demo_001,SPONSORED_BRANDS,VIDEO,VIDEO,,TOP_OF_SEARCH,CLICK,CPC,SPONSORED_BRANDS:VIDEO:TOP_OF_SEARCH:VIDEO:CLICK,USD,0,123,169.74,6,535.08
2026-11-05,US,adv_demo_001,SPONSORED_DISPLAY,DISPLAY,IMAGE,,PRODUCT_PAGE,IMPRESSION,CPM,SPONSORED_DISPLAY:DISPLAY:PRODUCT_PAGE:IMAGE:IMPRESSION,USD,26613,0,0,0,0
2026-11-05,US,adv_demo_001,SPONSORED_DISPLAY,DISPLAY,IMAGE,,PRODUCT_PAGE,CLICK,CPC,SPONSORED_DISPLAY:DISPLAY:PRODUCT_PAGE:IMAGE:CLICK,USD,0,150,138.0,7,526.68
2026-11-05,US,adv_demo_001,SPONSORED_DISPLAY,DISPLAY,VIDEO,,PRODUCT_PAGE,IMPRESSION,CPM,SPONSORED_DISPLAY:DISPLAY:PRODUCT_PAGE:VIDEO:IMPRESSION,USD,22154,0,0,0,0
2026-11-05,US,adv_demo_001,SPONSORED_DISPLAY,VIDEO,VIDEO,,PRODUCT_PAGE,CLICK,CPC,SPONSORED_DISPLAY:VIDEO:PRODUCT_PAGE:VIDEO:CLICK,USD,0,141,166.38,7,622.16
2026-11-05,US,adv_demo_001,SPONSORED_PRODUCTS,PRODUCT_AD,,,PRODUCT_PAGE,CLICK,CPC,SPONSORED_PRODUCTS:PRODUCT_AD:PRODUCT_PAGE:UNSPECIFIED:CLICK,USD,0,391,344.08,29,2011.44
2026-11-05,US,adv_demo_001,SPONSORED_PRODUCTS,PRODUCT_AD,,,REST_OF_SEARCH,CLICK,CPC,SPONSORED_PRODUCTS:PRODUCT_AD:REST_OF_SEARCH:UNSPECIFIED:CLICK,USD,0,387,317.34,27,1807.65
2026-11-05,US,adv_demo_001,SPONSORED_PRODUCTS,PRODUCT_AD,,,TOP_OF_SEARCH,IMPRESSION,CPM,SPONSORED_PRODUCTS:PRODUCT_AD:TOP_OF_SEARCH:UNSPECIFIED:IMPRESSION,USD,45318,0,0,0,0
2026-11-05,US,adv_demo_001,SPONSORED_PRODUCTS,PRODUCT_AD,,,TOP_OF_SEARCH,CLICK,CPC,SPONSORED_PRODUCTS:PRODUCT_AD:TOP_OF_SEARCH:UNSPECIFIED:CLICK,USD,0,555,566.1,46,3444.48
2026-11-06,US,adv_demo_001,AMAZON_DSP,,,AUDIO,,IMPRESSION,CPM,AMAZON_DSP:AUDIO:UNSPECIFIED:UNSPECIFIED:IMPRESSION,USD,48603,0,874.85,0,0
2026-11-06,US,adv_demo_001,AMAZON_DSP,,IMAGE,DISPLAY,,IMPRESSION,CPM,AMAZON_DSP:DISPLAY:UNSPECIFIED:IMAGE:IMPRESSION,USD,51344,0,641.8,0,0
2026-11-06,US,adv_demo_001,AMAZON_DSP,,VIDEO,ONLINE_VIDEO,,IMPRESSION,CPM,AMAZON_DSP:ONLINE_VIDEO:UNSPECIFIED:VIDEO:IMPRESSION,USD,38885,0,777.7,0,0
2026-11-06,US,adv_demo_001,AMAZON_DSP,,VIDEO,STREAMING_TV,,IMPRESSION,CPM,AMAZON_DSP:STREAMING_TV:UNSPECIFIED:VIDEO:IMPRESSION,USD,47426,0,1327.93,0,0
2026-11-06,US,adv_demo_001,SPONSORED_BRANDS,COMPONENT,IMAGE,,TOP_OF_SEARCH,IMPRESSION,CPM,SPONSORED_BRANDS:COMPONENT:TOP_OF_SEARCH:IMAGE:IMPRESSION,USD,19967,0,0,0,0
2026-11-06,US,adv_demo_001,SPONSORED_BRANDS,COMPONENT,IMAGE,,TOP_OF_SEARCH,CLICK,CPC,SPONSORED_BRANDS:COMPONENT:TOP_OF_SEARCH:IMAGE:CLICK,USD,0,152,182.4,8,649.44
2026-11-06,US,adv_demo_001,SPONSORED_BRANDS,DISPLAY,IMAGE,,REST_OF_SEARCH,IMPRESSION,CPM,SPONSORED_BRANDS:DISPLAY:REST_OF_SEARCH:IMAGE:IMPRESSION,USD,23508,0,0,0,0
2026-11-06,US,adv_demo_001,SPONSORED_BRANDS,VIDEO,VIDEO,,TOP_OF_SEARCH,IMPRESSION,CPM,SPONSORED_BRANDS:VIDEO:TOP_OF_SEARCH:VIDEO:IMPRESSION,USD,19049,0,0,0,0
2026-11-06,US,adv_demo_001,SPONSORED_BRANDS,VIDEO,VIDEO,,TOP_OF_SEARCH,CLICK,CPC,SPONSORED_BRANDS:VIDEO:TOP_OF_SEARCH:VIDEO:CLICK,USD,0,131,180.78,6,551.46
2026-11-06,US,adv_demo_001,SPONSORED_DISPLAY,DISPLAY,IMAGE,,PRODUCT_PAGE,IMPRESSION,CPM,SPONSORED_DISPLAY:DISPLAY:PRODUCT_PAGE:IMAGE:IMPRESSION,USD,27590,0,0,0,0
2026-11-06,US,adv_demo_001,SPONSORED_DISPLAY,DISPLAY,IMAGE,,PRODUCT_PAGE,CLICK,CPC,SPONSORED_DISPLAY:DISPLAY:PRODUCT_PAGE:IMAGE:CLICK,USD,0,157,144.44,7,542.64
2026-11-06,US,adv_demo_001,SPONSORED_DISPLAY,DISPLAY,VIDEO,,PRODUCT_PAGE,IMPRESSION,CPM,SPONSORED_DISPLAY:DISPLAY:PRODUCT_PAGE:VIDEO:IMPRESSION,USD,23131,0,0,0,0
2026-11-06,US,adv_demo_001,SPONSORED_DISPLAY,VIDEO,VIDEO,,PRODUCT_PAGE,CLICK,CPC,SPONSORED_DISPLAY:VIDEO:PRODUCT_PAGE:VIDEO:CLICK,USD,0,150,177.0,7,640.64
2026-11-06,US,adv_demo_001,SPONSORED_PRODUCTS,PRODUCT_AD,,,PRODUCT_PAGE,CLICK,CPC,SPONSORED_PRODUCTS:PRODUCT_AD:PRODUCT_PAGE:UNSPECIFIED:CLICK,USD,0,405,356.4,31,2213.4
2026-11-06,US,adv_demo_001,SPONSORED_PRODUCTS,PRODUCT_AD,,,REST_OF_SEARCH,CLICK,CPC,SPONSORED_PRODUCTS:PRODUCT_AD:REST_OF_SEARCH:UNSPECIFIED:CLICK,USD,0,400,328.0,25,1560.0
2026-11-06,US,adv_demo_001,SPONSORED_PRODUCTS,PRODUCT_AD,,,TOP_OF_SEARCH,IMPRESSION,CPM,SPONSORED_PRODUCTS:PRODUCT_AD:TOP_OF_SEARCH:UNSPECIFIED:IMPRESSION,USD,46295,0,0,0,0
2026-11-06,US,adv_demo_001,SPONSORED_PRODUCTS,PRODUCT_AD,,,TOP_OF_SEARCH,CLICK,CPC,SPONSORED_PRODUCTS:PRODUCT_AD:TOP_OF_SEARCH:UNSPECIFIED:CLICK,USD,0,522,532.44,40,2793.6
2026-11-07,US,adv_demo_001,AMAZON_DSP,,,AUDIO,,IMPRESSION,CPM,AMAZON_DSP:AUDIO:UNSPECIFIED:UNSPECIFIED:IMPRESSION,USD,42780,0,770.04,0,0
2026-11-07,US,adv_demo_001,AMAZON_DSP,,IMAGE,DISPLAY,,IMPRESSION,CPM,AMAZON_DSP:DISPLAY:UNSPECIFIED:IMAGE:IMPRESSION,USD,52321,0,654.01,0,0
2026-11-07,US,adv_demo_001,AMAZON_DSP,,VIDEO,ONLINE_VIDEO,,IMPRESSION,CPM,AMAZON_DSP:ONLINE_VIDEO:UNSPECIFIED:VIDEO:IMPRESSION,USD,39862,0,797.24,0,0
2026-11-07,US,adv_demo_001,AMAZON_DSP,,VIDEO,STREAMING_TV,,IMPRESSION,CPM,AMAZON_DSP:STREAMING_TV:UNSPECIFIED:VIDEO:IMPRESSION,USD,48403,0,1355.28,0,0
2026-11-07,US,adv_demo_001,SPONSORED_BRANDS,COMPONENT,IMAGE,,TOP_OF_SEARCH,IMPRESSION,CPM,SPONSORED_BRANDS:COMPONENT:TOP_OF_SEARCH:IMAGE:IMPRESSION,USD,20944,0,0,0,0
2026-11-07,US,adv_demo_001,SPONSORED_BRANDS,COMPONENT,IMAGE,,TOP_OF_SEARCH,CLICK,CPC,SPONSORED_BRANDS:COMPONENT:TOP_OF_SEARCH:IMAGE:CLICK,USD,0,161,193.2,9,752.76
2026-11-07,US,adv_demo_001,SPONSORED_BRANDS,DISPLAY,IMAGE,,REST_OF_SEARCH,IMPRESSION,CPM,SPONSORED_BRANDS:DISPLAY:REST_OF_SEARCH:IMAGE:IMPRESSION,USD,24485,0,0,0,0
2026-11-07,US,adv_demo_001,SPONSORED_BRANDS,VIDEO,VIDEO,,TOP_OF_SEARCH,IMPRESSION,CPM,SPONSORED_BRANDS:VIDEO:TOP_OF_SEARCH:VIDEO:IMPRESSION,USD,20026,0,0,0,0
2026-11-07,US,adv_demo_001,SPONSORED_BRANDS,VIDEO,VIDEO,,TOP_OF_SEARCH,CLICK,CPC,SPONSORED_BRANDS:VIDEO:TOP_OF_SEARCH:VIDEO:CLICK,USD,0,139,191.82,7,662.48
2026-11-07,US,adv_demo_001,SPONSORED_DISPLAY,DISPLAY,IMAGE,,PRODUCT_PAGE,IMPRESSION,CPM,SPONSORED_DISPLAY:DISPLAY:PRODUCT_PAGE:IMAGE:IMPRESSION,USD,28567,0,0,0,0
2026-11-07,US,adv_demo_001,SPONSORED_DISPLAY,DISPLAY,IMAGE,,PRODUCT_PAGE,CLICK,CPC,SPONSORED_DISPLAY:DISPLAY:PRODUCT_PAGE:IMAGE:CLICK,USD,0,164,150.88,7,558.6
2026-11-07,US,adv_demo_001,SPONSORED_DISPLAY,DISPLAY,VIDEO,,PRODUCT_PAGE,IMPRESSION,CPM,SPONSORED_DISPLAY:DISPLAY:PRODUCT_PAGE:VIDEO:IMPRESSION,USD,24108,0,0,0,0
2026-11-07,US,adv_demo_001,SPONSORED_DISPLAY,VIDEO,VIDEO,,PRODUCT_PAGE,CLICK,CPC,SPONSORED_DISPLAY:VIDEO:PRODUCT_PAGE:VIDEO:CLICK,USD,0,158,186.44,7,597.52
2026-11-07,US,adv_demo_001,SPONSORED_PRODUCTS,PRODUCT_AD,,,PRODUCT_PAGE,CLICK,CPC,SPONSORED_PRODUCTS:PRODUCT_AD:PRODUCT_PAGE:UNSPECIFIED:CLICK,USD,0,420,369.6,29,1932.56
2026-11-07,US,adv_demo_001,SPONSORED_PRODUCTS,PRODUCT_AD,,,REST_OF_SEARCH,CLICK,CPC,SPONSORED_PRODUCTS:PRODUCT_AD:REST_OF_SEARCH:UNSPECIFIED:CLICK,USD,0,378,309.96,25,1608.75
2026-11-07,US,adv_demo_001,SPONSORED_PRODUCTS,PRODUCT_AD,,,TOP_OF_SEARCH,IMPRESSION,CPM,SPONSORED_PRODUCTS:PRODUCT_AD:TOP_OF_SEARCH:UNSPECIFIED:IMPRESSION,USD,40472,0,0,0,0
2026-11-07,US,adv_demo_001,SPONSORED_PRODUCTS,PRODUCT_AD,,,TOP_OF_SEARCH,CLICK,CPC,SPONSORED_PRODUCTS:PRODUCT_AD:TOP_OF_SEARCH:UNSPECIFIED:CLICK,USD,0,461,470.22,36,2592.0
2026-11-08,US,adv_demo_001,AMAZON_DSP,,,AUDIO,,IMPRESSION,CPM,AMAZON_DSP:AUDIO:UNSPECIFIED:UNSPECIFIED:IMPRESSION,USD,43757,0,787.63,0,0
2026-11-08,US,adv_demo_001,AMAZON_DSP,,IMAGE,DISPLAY,,IMPRESSION,CPM,AMAZON_DSP:DISPLAY:UNSPECIFIED:IMAGE:IMPRESSION,USD,53298,0,666.23,0,0
2026-11-08,US,adv_demo_001,AMAZON_DSP,,VIDEO,ONLINE_VIDEO,,IMPRESSION,CPM,AMAZON_DSP:ONLINE_VIDEO:UNSPECIFIED:VIDEO:IMPRESSION,USD,40839,0,816.78,0,0
2026-11-08,US,adv_demo_001,AMAZON_DSP,,VIDEO,STREAMING_TV,,IMPRESSION,CPM,AMAZON_DSP:STREAMING_TV:UNSPECIFIED:VIDEO:IMPRESSION,USD,49380,0,1382.64,0,0
2026-11-08,US,adv_demo_001,SPONSORED_BRANDS,COMPONENT,IMAGE,,TOP_OF_SEARCH,IMPRESSION,CPM,SPONSORED_BRANDS:COMPONENT:TOP_OF_SEARCH:IMAGE:IMPRESSION,USD,21921,0,0,0,0
2026-11-08,US,adv_demo_001,SPONSORED_BRANDS,COMPONENT,IMAGE,,TOP_OF_SEARCH,CLICK,CPC,SPONSORED_BRANDS:COMPONENT:TOP_OF_SEARCH:IMAGE:CLICK,USD,0,170,204.0,9,774.9
2026-11-08,US,adv_demo_001,SPONSORED_BRANDS,DISPLAY,IMAGE,,REST_OF_SEARCH,IMPRESSION,CPM,SPONSORED_BRANDS:DISPLAY:REST_OF_SEARCH:IMAGE:IMPRESSION,USD,25462,0,0,0,0
2026-11-08,US,adv_demo_001,SPONSORED_BRANDS,VIDEO,VIDEO,,TOP_OF_SEARCH,IMPRESSION,CPM,SPONSORED_BRANDS:VIDEO:TOP_OF_SEARCH:VIDEO:IMPRESSION,USD,21003,0,0,0,0
2026-11-08,US,adv_demo_001,SPONSORED_BRANDS,VIDEO,VIDEO,,TOP_OF_SEARCH,CLICK,CPC,SPONSORED_BRANDS:VIDEO:TOP_OF_SEARCH:VIDEO:CLICK,USD,0,148,204.24,8,706.16
2026-11-08,US,adv_demo_001,SPONSORED_DISPLAY,DISPLAY,IMAGE,,PRODUCT_PAGE,IMPRESSION,CPM,SPONSORED_DISPLAY:DISPLAY:PRODUCT_PAGE:IMAGE:IMPRESSION,USD,29544,0,0,0,0
2026-11-08,US,adv_demo_001,SPONSORED_DISPLAY,DISPLAY,IMAGE,,PRODUCT_PAGE,CLICK,CPC,SPONSORED_DISPLAY:DISPLAY:PRODUCT_PAGE:IMAGE:CLICK,USD,0,171,157.32,7,521.36
2026-11-08,US,adv_demo_001,SPONSORED_DISPLAY,DISPLAY,VIDEO,,PRODUCT_PAGE,IMPRESSION,CPM,SPONSORED_DISPLAY:DISPLAY:PRODUCT_PAGE:VIDEO:IMPRESSION,USD,25085,0,0,0,0
2026-11-08,US,adv_demo_001,SPONSORED_DISPLAY,VIDEO,VIDEO,,PRODUCT_PAGE,CLICK,CPC,SPONSORED_DISPLAY:VIDEO:PRODUCT_PAGE:VIDEO:CLICK,USD,0,166,195.88,8,704.0
2026-11-08,US,adv_demo_001,SPONSORED_PRODUCTS,PRODUCT_AD,,,PRODUCT_PAGE,CLICK,CPC,SPONSORED_PRODUCTS:PRODUCT_AD:PRODUCT_PAGE:UNSPECIFIED:CLICK,USD,0,329,289.52,23,1579.64
2026-11-08,US,adv_demo_001,SPONSORED_PRODUCTS,PRODUCT_AD,,,REST_OF_SEARCH,CLICK,CPC,SPONSORED_PRODUCTS:PRODUCT_AD:REST_OF_SEARCH:UNSPECIFIED:CLICK,USD,0,330,270.6,22,1458.6
2026-11-08,US,adv_demo_001,SPONSORED_PRODUCTS,PRODUCT_AD,,,TOP_OF_SEARCH,IMPRESSION,CPM,SPONSORED_PRODUCTS:PRODUCT_AD:TOP_OF_SEARCH:UNSPECIFIED:IMPRESSION,USD,41449,0,0,0,0
2026-11-08,US,adv_demo_001,SPONSORED_PRODUCTS,PRODUCT_AD,,,TOP_OF_SEARCH,CLICK,CPC,SPONSORED_PRODUCTS:PRODUCT_AD:TOP_OF_SEARCH:UNSPECIFIED:CLICK,USD,0,477,486.54,38,2818.08
2026-11-09,US,adv_demo_001,AMAZON_DSP,,,AUDIO,,IMPRESSION,CPM,AMAZON_DSP:AUDIO:UNSPECIFIED:UNSPECIFIED:IMPRESSION,USD,44734,0,805.21,0,0
2026-11-09,US,adv_demo_001,AMAZON_DSP,,IMAGE,DISPLAY,,IMPRESSION,CPM,AMAZON_DSP:DISPLAY:UNSPECIFIED:IMAGE:IMPRESSION,USD,54275,0,678.44,0,0
2026-11-09,US,adv_demo_001,AMAZON_DSP,,VIDEO,ONLINE_VIDEO,,IMPRESSION,CPM,AMAZON_DSP:ONLINE_VIDEO:UNSPECIFIED:VIDEO:IMPRESSION,USD,41816,0,836.32,0,0
2026-11-09,US,adv_demo_001,AMAZON_DSP,,VIDEO,STREAMING_TV,,IMPRESSION,CPM,AMAZON_DSP:STREAMING_TV:UNSPECIFIED:VIDEO:IMPRESSION,USD,50357,0,1410.0,0,0
2026-11-09,US,adv_demo_001,SPONSORED_BRANDS,COMPONENT,IMAGE,,TOP_OF_SEARCH,IMPRESSION,CPM,SPONSORED_BRANDS:COMPONENT:TOP_OF_SEARCH:IMAGE:IMPRESSION,USD,22898,0,0,0,0
2026-11-09,US,adv_demo_001,SPONSORED_BRANDS,COMPONENT,IMAGE,,TOP_OF_SEARCH,CLICK,CPC,SPONSORED_BRANDS:COMPONENT:TOP_OF_SEARCH:IMAGE:CLICK,USD,0,180,216.0,10,803.6
2026-11-09,US,adv_demo_001,SPONSORED_BRANDS,DISPLAY,IMAGE,,REST_OF_SEARCH,IMPRESSION,CPM,SPONSORED_BRANDS:DISPLAY:REST_OF_SEARCH:IMAGE:IMPRESSION,USD,26439,0,0,0,0
2026-11-09,US,adv_demo_001,SPONSORED_BRANDS,VIDEO,VIDEO,,TOP_OF_SEARCH,IMPRESSION,CPM,SPONSORED_BRANDS:VIDEO:TOP_OF_SEARCH:VIDEO:IMPRESSION,USD,21980,0,0,0,0
2026-11-09,US,adv_demo_001,SPONSORED_BRANDS,VIDEO,VIDEO,,TOP_OF_SEARCH,CLICK,CPC,SPONSORED_BRANDS:VIDEO:TOP_OF_SEARCH:VIDEO:CLICK,USD,0,156,215.28,7,637.0
2026-11-09,US,adv_demo_001,SPONSORED_DISPLAY,DISPLAY,IMAGE,,PRODUCT_PAGE,IMPRESSION,CPM,SPONSORED_DISPLAY:DISPLAY:PRODUCT_PAGE:IMAGE:IMPRESSION,USD,30521,0,0,0,0
2026-11-09,US,adv_demo_001,SPONSORED_DISPLAY,DISPLAY,IMAGE,,PRODUCT_PAGE,CLICK,CPC,SPONSORED_DISPLAY:DISPLAY:PRODUCT_PAGE:IMAGE:CLICK,USD,0,179,164.68,8,614.08
2026-11-09,US,adv_demo_001,SPONSORED_DISPLAY,DISPLAY,VIDEO,,PRODUCT_PAGE,IMPRESSION,CPM,SPONSORED_DISPLAY:DISPLAY:PRODUCT_PAGE:VIDEO:IMPRESSION,USD,19262,0,0,0,0
2026-11-09,US,adv_demo_001,SPONSORED_DISPLAY,VIDEO,VIDEO,,PRODUCT_PAGE,CLICK,CPC,SPONSORED_DISPLAY:VIDEO:PRODUCT_PAGE:VIDEO:CLICK,USD,0,115,135.7,5,453.2
2026-11-09,US,adv_demo_001,SPONSORED_PRODUCTS,PRODUCT_AD,,,PRODUCT_PAGE,CLICK,CPC,SPONSORED_PRODUCTS:PRODUCT_AD:PRODUCT_PAGE:UNSPECIFIED:CLICK,USD,0,343,301.84,25,1768.0
2026-11-09,US,adv_demo_001,SPONSORED_PRODUCTS,PRODUCT_AD,,,REST_OF_SEARCH,CLICK,CPC,SPONSORED_PRODUCTS:PRODUCT_AD:REST_OF_SEARCH:UNSPECIFIED:CLICK,USD,0,342,280.44,23,1569.75
2026-11-09,US,adv_demo_001,SPONSORED_PRODUCTS,PRODUCT_AD,,,TOP_OF_SEARCH,IMPRESSION,CPM,SPONSORED_PRODUCTS:PRODUCT_AD:TOP_OF_SEARCH:UNSPECIFIED:IMPRESSION,USD,42426,0,0,0,0
2026-11-09,US,adv_demo_001,SPONSORED_PRODUCTS,PRODUCT_AD,,,TOP_OF_SEARCH,CLICK,CPC,SPONSORED_PRODUCTS:PRODUCT_AD:TOP_OF_SEARCH:UNSPECIFIED:CLICK,USD,0,494,503.88,40,2764.8
2026-11-10,US,adv_demo_001,AMAZON_DSP,,,AUDIO,,IMPRESSION,CPM,AMAZON_DSP:AUDIO:UNSPECIFIED:UNSPECIFIED:IMPRESSION,USD,45711,0,822.8,0,0
2026-11-10,US,adv_demo_001,AMAZON_DSP,,IMAGE,DISPLAY,,IMPRESSION,CPM,AMAZON_DSP:DISPLAY:UNSPECIFIED:IMAGE:IMPRESSION,USD,55252,0,690.65,0,0
2026-11-10,US,adv_demo_001,AMAZON_DSP,,VIDEO,ONLINE_VIDEO,,IMPRESSION,CPM,AMAZON_DSP:ONLINE_VIDEO:UNSPECIFIED:VIDEO:IMPRESSION,USD,42793,0,855.86,0,0
2026-11-10,US,adv_demo_001,AMAZON_DSP,,VIDEO,STREAMING_TV,,IMPRESSION,CPM,AMAZON_DSP:STREAMING_TV:UNSPECIFIED:VIDEO:IMPRESSION,USD,51334,0,1437.35,0,0
2026-11-10,US,adv_demo_001,SPONSORED_BRANDS,COMPONENT,IMAGE,,TOP_OF_SEARCH,IMPRESSION,CPM,SPONSORED_BRANDS:COMPONENT:TOP_OF_SEARCH:IMAGE:IMPRESSION,USD,23875,0,0,0,0
2026-11-10,US,adv_demo_001,SPONSORED_BRANDS,COMPONENT,IMAGE,,TOP_OF_SEARCH,CLICK,CPC,SPONSORED_BRANDS:COMPONENT:TOP_OF_SEARCH:IMAGE:CLICK,USD,0,189,226.8,10,828.2
2026-11-10,US,adv_demo_001,SPONSORED_BRANDS,DISPLAY,IMAGE,,REST_OF_SEARCH,IMPRESSION,CPM,SPONSORED_BRANDS:DISPLAY:REST_OF_SEARCH:IMAGE:IMPRESSION,USD,27416,0,0,0,0
2026-11-10,US,adv_demo_001,SPONSORED_BRANDS,VIDEO,VIDEO,,TOP_OF_SEARCH,IMPRESSION,CPM,SPONSORED_BRANDS:VIDEO:TOP_OF_SEARCH:VIDEO:IMPRESSION,USD,16157,0,0,0,0
2026-11-10,US,adv_demo_001,SPONSORED_BRANDS,VIDEO,VIDEO,,TOP_OF_SEARCH,CLICK,CPC,SPONSORED_BRANDS:VIDEO:TOP_OF_SEARCH:VIDEO:CLICK,USD,0,116,160.08,6,562.38
2026-11-10,US,adv_demo_001,SPONSORED_DISPLAY,DISPLAY,IMAGE,,PRODUCT_PAGE,IMPRESSION,CPM,SPONSORED_DISPLAY:DISPLAY:PRODUCT_PAGE:IMAGE:IMPRESSION,USD,24698,0,0,0,0
2026-11-10,US,adv_demo_001,SPONSORED_DISPLAY,DISPLAY,IMAGE,,PRODUCT_PAGE,CLICK,CPC,SPONSORED_DISPLAY:DISPLAY:PRODUCT_PAGE:IMAGE:CLICK,USD,0,146,134.32,6,474.24
2026-11-10,US,adv_demo_001,SPONSORED_DISPLAY,DISPLAY,VIDEO,,PRODUCT_PAGE,IMPRESSION,CPM,SPONSORED_DISPLAY:DISPLAY:PRODUCT_PAGE:VIDEO:IMPRESSION,USD,20239,0,0,0,0
2026-11-10,US,adv_demo_001,SPONSORED_DISPLAY,VIDEO,VIDEO,,PRODUCT_PAGE,CLICK,CPC,SPONSORED_DISPLAY:VIDEO:PRODUCT_PAGE:VIDEO:CLICK,USD,0,123,145.14,6,506.88
2026-11-10,US,adv_demo_001,SPONSORED_PRODUCTS,PRODUCT_AD,,,PRODUCT_PAGE,CLICK,CPC,SPONSORED_PRODUCTS:PRODUCT_AD:PRODUCT_PAGE:UNSPECIFIED:CLICK,USD,0,356,313.28,26,1714.96
2026-11-10,US,adv_demo_001,SPONSORED_PRODUCTS,PRODUCT_AD,,,REST_OF_SEARCH,CLICK,CPC,SPONSORED_PRODUCTS:PRODUCT_AD:REST_OF_SEARCH:UNSPECIFIED:CLICK,USD,0,354,290.28,24,1528.8
2026-11-10,US,adv_demo_001,SPONSORED_PRODUCTS,PRODUCT_AD,,,TOP_OF_SEARCH,IMPRESSION,CPM,SPONSORED_PRODUCTS:PRODUCT_AD:TOP_OF_SEARCH:UNSPECIFIED:IMPRESSION,USD,43403,0,0,0,0
2026-11-10,US,adv_demo_001,SPONSORED_PRODUCTS,PRODUCT_AD,,,TOP_OF_SEARCH,CLICK,CPC,SPONSORED_PRODUCTS:PRODUCT_AD:TOP_OF_SEARCH:UNSPECIFIED:CLICK,USD,0,510,520.2,42,2993.76
2026-11-11,US,adv_demo_001,AMAZON_DSP,,,AUDIO,,IMPRESSION,CPM,AMAZON_DSP:AUDIO:UNSPECIFIED:UNSPECIFIED:IMPRESSION,USD,46688,0,840.38,0,0
2026-11-11,US,adv_demo_001,AMAZON_DSP,,IMAGE,DISPLAY,,IMPRESSION,CPM,AMAZON_DSP:DISPLAY:UNSPECIFIED:IMAGE:IMPRESSION,USD,56229,0,702.86,0,0
2026-11-11,US,adv_demo_001,AMAZON_DSP,,VIDEO,ONLINE_VIDEO,,IMPRESSION,CPM,AMAZON_DSP:ONLINE_VIDEO:UNSPECIFIED:VIDEO:IMPRESSION,USD,43770,0,875.4,0,0
2026-11-11,US,adv_demo_001,AMAZON_DSP,,VIDEO,STREAMING_TV,,IMPRESSION,CPM,AMAZON_DSP:STREAMING_TV:UNSPECIFIED:VIDEO:IMPRESSION,USD,52311,0,1464.71,0,0
2026-11-11,US,adv_demo_001,SPONSORED_BRANDS,COMPONENT,IMAGE,,TOP_OF_SEARCH,IMPRESSION,CPM,SPONSORED_BRANDS:COMPONENT:TOP_OF_SEARCH:IMAGE:IMPRESSION,USD,18052,0,0,0,0
2026-11-11,US,adv_demo_001,SPONSORED_BRANDS,COMPONENT,IMAGE,,TOP_OF_SEARCH,CLICK,CPC,SPONSORED_BRANDS:COMPONENT:TOP_OF_SEARCH:IMAGE:CLICK,USD,0,144,172.8,8,682.24
2026-11-11,US,adv_demo_001,SPONSORED_BRANDS,DISPLAY,IMAGE,,REST_OF_SEARCH,IMPRESSION,CPM,SPONSORED_BRANDS:DISPLAY:REST_OF_SEARCH:IMAGE:IMPRESSION,USD,21593,0,0,0,0
2026-11-11,US,adv_demo_001,SPONSORED_BRANDS,VIDEO,VIDEO,,TOP_OF_SEARCH,IMPRESSION,CPM,SPONSORED_BRANDS:VIDEO:TOP_OF_SEARCH:VIDEO:IMPRESSION,USD,17134,0,0,0,0
2026-11-11,US,adv_demo_001,SPONSORED_BRANDS,VIDEO,VIDEO,,TOP_OF_SEARCH,CLICK,CPC,SPONSORED_BRANDS:VIDEO:TOP_OF_SEARCH:VIDEO:CLICK,USD,0,124,171.12,6,524.16
2026-11-11,US,adv_demo_001,SPONSORED_DISPLAY,DISPLAY,IMAGE,,PRODUCT_PAGE,IMPRESSION,CPM,SPONSORED_DISPLAY:DISPLAY:PRODUCT_PAGE:IMAGE:IMPRESSION,USD,25675,0,0,0,0
2026-11-11,US,adv_demo_001,SPONSORED_DISPLAY,DISPLAY,IMAGE,,PRODUCT_PAGE,CLICK,CPC,SPONSORED_DISPLAY:DISPLAY:PRODUCT_PAGE:IMAGE:CLICK,USD,0,140,128.8,6,442.32
2026-11-11,US,adv_demo_001,SPONSORED_DISPLAY,DISPLAY,VIDEO,,PRODUCT_PAGE,IMPRESSION,CPM,SPONSORED_DISPLAY:DISPLAY:PRODUCT_PAGE:VIDEO:IMPRESSION,USD,21216,0,0,0,0
2026-11-11,US,adv_demo_001,SPONSORED_DISPLAY,VIDEO,VIDEO,,PRODUCT_PAGE,CLICK,CPC,SPONSORED_DISPLAY:VIDEO:PRODUCT_PAGE:VIDEO:CLICK,USD,0,131,154.58,6,522.72
2026-11-11,US,adv_demo_001,SPONSORED_PRODUCTS,PRODUCT_AD,,,PRODUCT_PAGE,CLICK,CPC,SPONSORED_PRODUCTS:PRODUCT_AD:PRODUCT_PAGE:UNSPECIFIED:CLICK,USD,0,370,325.6,28,1904.0
2026-11-11,US,adv_demo_001,SPONSORED_PRODUCTS,PRODUCT_AD,,,REST_OF_SEARCH,CLICK,CPC,SPONSORED_PRODUCTS:PRODUCT_AD:REST_OF_SEARCH:UNSPECIFIED:CLICK,USD,0,367,300.94,26,1706.9
2026-11-11,US,adv_demo_001,SPONSORED_PRODUCTS,PRODUCT_AD,,,TOP_OF_SEARCH,IMPRESSION,CPM,SPONSORED_PRODUCTS:PRODUCT_AD:TOP_OF_SEARCH:UNSPECIFIED:IMPRESSION,USD,44380,0,0,0,0
2026-11-11,US,adv_demo_001,SPONSORED_PRODUCTS,PRODUCT_AD,,,TOP_OF_SEARCH,CLICK,CPC,SPONSORED_PRODUCTS:PRODUCT_AD:TOP_OF_SEARCH:UNSPECIFIED:CLICK,USD,0,527,537.54,40,2937.6
2026-11-12,US,adv_demo_001,AMAZON_DSP,,,AUDIO,,IMPRESSION,CPM,AMAZON_DSP:AUDIO:UNSPECIFIED:UNSPECIFIED:IMPRESSION,USD,47665,0,857.97,0,0
2026-11-12,US,adv_demo_001,AMAZON_DSP,,IMAGE,DISPLAY,,IMPRESSION,CPM,AMAZON_DSP:DISPLAY:UNSPECIFIED:IMAGE:IMPRESSION,USD,57206,0,715.08,0,0
2026-11-12,US,adv_demo_001,AMAZON_DSP,,VIDEO,ONLINE_VIDEO,,IMPRESSION,CPM,AMAZON_DSP:ONLINE_VIDEO:UNSPECIFIED:VIDEO:IMPRESSION,USD,44747,0,894.94,0,0
2026-11-12,US,adv_demo_001,AMAZON_DSP,,VIDEO,STREAMING_TV,,IMPRESSION,CPM,AMAZON_DSP:STREAMING_TV:UNSPECIFIED:VIDEO:IMPRESSION,USD,46488,0,1301.66,0,0
2026-11-12,US,adv_demo_001,SPONSORED_BRANDS,COMPONENT,IMAGE,,TOP_OF_SEARCH,IMPRESSION,CPM,SPONSORED_BRANDS:COMPONENT:TOP_OF_SEARCH:IMAGE:IMPRESSION,USD,19029,0,0,0,0
2026-11-12,US,adv_demo_001,SPONSORED_BRANDS,COMPONENT,IMAGE,,TOP_OF_SEARCH,CLICK,CPC,SPONSORED_BRANDS:COMPONENT:TOP_OF_SEARCH:IMAGE:CLICK,USD,0,154,184.8,8,636.32
2026-11-12,US,adv_demo_001,SPONSORED_BRANDS,DISPLAY,IMAGE,,REST_OF_SEARCH,IMPRESSION,CPM,SPONSORED_BRANDS:DISPLAY:REST_OF_SEARCH:IMAGE:IMPRESSION,USD,22570,0,0,0,0
2026-11-12,US,adv_demo_001,SPONSORED_BRANDS,VIDEO,VIDEO,,TOP_OF_SEARCH,IMPRESSION,CPM,SPONSORED_BRANDS:VIDEO:TOP_OF_SEARCH:VIDEO:IMPRESSION,USD,18111,0,0,0,0
2026-11-12,US,adv_demo_001,SPONSORED_BRANDS,VIDEO,VIDEO,,TOP_OF_SEARCH,CLICK,CPC,SPONSORED_BRANDS:VIDEO:TOP_OF_SEARCH:VIDEO:CLICK,USD,0,121,166.98,6,540.54
2026-11-12,US,adv_demo_001,SPONSORED_DISPLAY,DISPLAY,IMAGE,,PRODUCT_PAGE,IMPRESSION,CPM,SPONSORED_DISPLAY:DISPLAY:PRODUCT_PAGE:IMAGE:IMPRESSION,USD,26652,0,0,0,0
2026-11-12,US,adv_demo_001,SPONSORED_DISPLAY,DISPLAY,IMAGE,,PRODUCT_PAGE,CLICK,CPC,SPONSORED_DISPLAY:DISPLAY:PRODUCT_PAGE:IMAGE:CLICK,USD,0,147,135.24,7,532.0
2026-11-12,US,adv_demo_001,SPONSORED_DISPLAY,DISPLAY,VIDEO,,PRODUCT_PAGE,IMPRESSION,CPM,SPONSORED_DISPLAY:DISPLAY:PRODUCT_PAGE:VIDEO:IMPRESSION,USD,22193,0,0,0,0
2026-11-12,US,adv_demo_001,SPONSORED_DISPLAY,VIDEO,VIDEO,,PRODUCT_PAGE,CLICK,CPC,SPONSORED_DISPLAY:VIDEO:PRODUCT_PAGE:VIDEO:CLICK,USD,0,139,164.02,7,628.32
2026-11-12,US,adv_demo_001,SPONSORED_PRODUCTS,PRODUCT_AD,,,PRODUCT_PAGE,CLICK,CPC,SPONSORED_PRODUCTS:PRODUCT_AD:PRODUCT_PAGE:UNSPECIFIED:CLICK,USD,0,384,337.92,26,1821.04
2026-11-12,US,adv_demo_001,SPONSORED_PRODUCTS,PRODUCT_AD,,,REST_OF_SEARCH,CLICK,CPC,SPONSORED_PRODUCTS:PRODUCT_AD:REST_OF_SEARCH:UNSPECIFIED:CLICK,USD,0,380,311.6,24,1622.4
2026-11-12,US,adv_demo_001,SPONSORED_PRODUCTS,PRODUCT_AD,,,TOP_OF_SEARCH,IMPRESSION,CPM,SPONSORED_PRODUCTS:PRODUCT_AD:TOP_OF_SEARCH:UNSPECIFIED:IMPRESSION,USD,45357,0,0,0,0
2026-11-12,US,adv_demo_001,SPONSORED_PRODUCTS,PRODUCT_AD,,,TOP_OF_SEARCH,CLICK,CPC,SPONSORED_PRODUCTS:PRODUCT_AD:TOP_OF_SEARCH:UNSPECIFIED:CLICK,USD,0,544,554.88,42,3175.2
2026-11-13,US,adv_demo_001,AMAZON_DSP,,,AUDIO,,IMPRESSION,CPM,AMAZON_DSP:AUDIO:UNSPECIFIED:UNSPECIFIED:IMPRESSION,USD,48642,0,875.56,0,0
2026-11-13,US,adv_demo_001,AMAZON_DSP,,IMAGE,DISPLAY,,IMPRESSION,CPM,AMAZON_DSP:DISPLAY:UNSPECIFIED:IMAGE:IMPRESSION,USD,51383,0,642.29,0,0
2026-11-13,US,adv_demo_001,AMAZON_DSP,,VIDEO,ONLINE_VIDEO,,IMPRESSION,CPM,AMAZON_DSP:ONLINE_VIDEO:UNSPECIFIED:VIDEO:IMPRESSION,USD,38924,0,778.48,0,0
2026-11-13,US,adv_demo_001,AMAZON_DSP,,VIDEO,STREAMING_TV,,IMPRESSION,CPM,AMAZON_DSP:STREAMING_TV:UNSPECIFIED:VIDEO:IMPRESSION,USD,47465,0,1329.02,0,0
2026-11-13,US,adv_demo_001,SPONSORED_BRANDS,COMPONENT,IMAGE,,TOP_OF_SEARCH,IMPRESSION,CPM,SPONSORED_BRANDS:COMPONENT:TOP_OF_SEARCH:IMAGE:IMPRESSION,USD,20006,0,0,0,0
2026-11-13,US,adv_demo_001,SPONSORED_BRANDS,COMPONENT,IMAGE,,TOP_OF_SEARCH,CLICK,CPC,SPONSORED_BRANDS:COMPONENT:TOP_OF_SEARCH:IMAGE:CLICK,USD,0,163,195.6,9,738.0
2026-11-13,US,adv_demo_001,SPONSORED_BRANDS,DISPLAY,IMAGE,,REST_OF_SEARCH,IMPRESSION,CPM,SPONSORED_BRANDS:DISPLAY:REST_OF_SEARCH:IMAGE:IMPRESSION,USD,23547,0,0,0,0
2026-11-13,US,adv_demo_001,SPONSORED_BRANDS,VIDEO,VIDEO,,TOP_OF_SEARCH,IMPRESSION,CPM,SPONSORED_BRANDS:VIDEO:TOP_OF_SEARCH:VIDEO:IMPRESSION,USD,19088,0,0,0,0
2026-11-13,US,adv_demo_001,SPONSORED_BRANDS,VIDEO,VIDEO,,TOP_OF_SEARCH,CLICK,CPC,SPONSORED_BRANDS:VIDEO:TOP_OF_SEARCH:VIDEO:CLICK,USD,0,129,178.02,7,649.74
2026-11-13,US,adv_demo_001,SPONSORED_DISPLAY,DISPLAY,IMAGE,,PRODUCT_PAGE,IMPRESSION,CPM,SPONSORED_DISPLAY:DISPLAY:PRODUCT_PAGE:IMAGE:IMPRESSION,USD,27629,0,0,0,0
2026-11-13,US,adv_demo_001,SPONSORED_DISPLAY,DISPLAY,IMAGE,,PRODUCT_PAGE,CLICK,CPC,SPONSORED_DISPLAY:DISPLAY:PRODUCT_PAGE:IMAGE:CLICK,USD,0,154,141.68,7,547.96
2026-11-13,US,adv_demo_001,SPONSORED_DISPLAY,DISPLAY,VIDEO,,PRODUCT_PAGE,IMPRESSION,CPM,SPONSORED_DISPLAY:DISPLAY:PRODUCT_PAGE:VIDEO:IMPRESSION,USD,23170,0,0,0,0
2026-11-13,US,adv_demo_001,SPONSORED_DISPLAY,VIDEO,VIDEO,,PRODUCT_PAGE,CLICK,CPC,SPONSORED_DISPLAY:VIDEO:PRODUCT_PAGE:VIDEO:CLICK,USD,0,147,173.46,7,646.8
2026-11-13,US,adv_demo_001,SPONSORED_PRODUCTS,PRODUCT_AD,,,PRODUCT_PAGE,CLICK,CPC,SPONSORED_PRODUCTS:PRODUCT_AD:PRODUCT_PAGE:UNSPECIFIED:CLICK,USD,0,398,350.24,28,1827.84
2026-11-13,US,adv_demo_001,SPONSORED_PRODUCTS,PRODUCT_AD,,,REST_OF_SEARCH,CLICK,CPC,SPONSORED_PRODUCTS:PRODUCT_AD:REST_OF_SEARCH:UNSPECIFIED:CLICK,USD,0,393,322.26,26,1639.3
2026-11-13,US,adv_demo_001,SPONSORED_PRODUCTS,PRODUCT_AD,,,TOP_OF_SEARCH,IMPRESSION,CPM,SPONSORED_PRODUCTS:PRODUCT_AD:TOP_OF_SEARCH:UNSPECIFIED:IMPRESSION,USD,46334,0,0,0,0
2026-11-13,US,adv_demo_001,SPONSORED_PRODUCTS,PRODUCT_AD,,,TOP_OF_SEARCH,CLICK,CPC,SPONSORED_PRODUCTS:PRODUCT_AD:TOP_OF_SEARCH:UNSPECIFIED:CLICK,USD,0,562,573.24,44,3104.64
2026-11-14,US,adv_demo_001,AMAZON_DSP,,,AUDIO,,IMPRESSION,CPM,AMAZON_DSP:AUDIO:UNSPECIFIED:UNSPECIFIED:IMPRESSION,USD,42819,0,770.74,0,0
2026-11-14,US,adv_demo_001,AMAZON_DSP,,IMAGE,DISPLAY,,IMPRESSION,CPM,AMAZON_DSP:DISPLAY:UNSPECIFIED:IMAGE:IMPRESSION,USD,52360,0,654.5,0,0
2026-11-14,US,adv_demo_001,AMAZON_DSP,,VIDEO,ONLINE_VIDEO,,IMPRESSION,CPM,AMAZON_DSP:ONLINE_VIDEO:UNSPECIFIED:VIDEO:IMPRESSION,USD,39901,0,798.02,0,0
2026-11-14,US,adv_demo_001,AMAZON_DSP,,VIDEO,STREAMING_TV,,IMPRESSION,CPM,AMAZON_DSP:STREAMING_TV:UNSPECIFIED:VIDEO:IMPRESSION,USD,48442,0,1356.38,0,0
2026-11-14,US,adv_demo_001,SPONSORED_BRANDS,COMPONENT,IMAGE,,TOP_OF_SEARCH,IMPRESSION,CPM,SPONSORED_BRANDS:COMPONENT:TOP_OF_SEARCH:IMAGE:IMPRESSION,USD,20983,0,0,0,0
2026-11-14,US,adv_demo_001,SPONSORED_BRANDS,COMPONENT,IMAGE,,TOP_OF_SEARCH,CLICK,CPC,SPONSORED_BRANDS:COMPONENT:TOP_OF_SEARCH:IMAGE:CLICK,USD,0,158,189.6,9,760.14
2026-11-14,US,adv_demo_001,SPONSORED_BRANDS,DISPLAY,IMAGE,,REST_OF_SEARCH,IMPRESSION,CPM,SPONSORED_BRANDS:DISPLAY:REST_OF_SEARCH:IMAGE:IMPRESSION,USD,24524,0,0,0,0
2026-11-14,US,adv_demo_001,SPONSORED_BRANDS,VIDEO,VIDEO,,TOP_OF_SEARCH,IMPRESSION,CPM,SPONSORED_BRANDS:VIDEO:TOP_OF_SEARCH:VIDEO:IMPRESSION,USD,20065,0,0,0,0
2026-11-14,US,adv_demo_001,SPONSORED_BRANDS,VIDEO,VIDEO,,TOP_OF_SEARCH,CLICK,CPC,SPONSORED_BRANDS:VIDEO:TOP_OF_SEARCH:VIDEO:CLICK,USD,0,137,189.06,6,573.3
2026-11-14,US,adv_demo_001,SPONSORED_DISPLAY,DISPLAY,IMAGE,,PRODUCT_PAGE,IMPRESSION,CPM,SPONSORED_DISPLAY:DISPLAY:PRODUCT_PAGE:IMAGE:IMPRESSION,USD,28606,0,0,0,0
2026-11-14,US,adv_demo_001,SPONSORED_DISPLAY,DISPLAY,IMAGE,,PRODUCT_PAGE,CLICK,CPC,SPONSORED_DISPLAY:DISPLAY:PRODUCT_PAGE:IMAGE:CLICK,USD,0,161,148.12,7,510.72
2026-11-14,US,adv_demo_001,SPONSORED_DISPLAY,DISPLAY,VIDEO,,PRODUCT_PAGE,IMPRESSION,CPM,SPONSORED_DISPLAY:DISPLAY:PRODUCT_PAGE:VIDEO:IMPRESSION,USD,24147,0,0,0,0
2026-11-14,US,adv_demo_001,SPONSORED_DISPLAY,VIDEO,VIDEO,,PRODUCT_PAGE,CLICK,CPC,SPONSORED_DISPLAY:VIDEO:PRODUCT_PAGE:VIDEO:CLICK,USD,0,155,182.9,7,603.68
2026-11-14,US,adv_demo_001,SPONSORED_PRODUCTS,PRODUCT_AD,,,PRODUCT_PAGE,CLICK,CPC,SPONSORED_PRODUCTS:PRODUCT_AD:PRODUCT_PAGE:UNSPECIFIED:CLICK,USD,0,412,362.56,30,2019.6
2026-11-14,US,adv_demo_001,SPONSORED_PRODUCTS,PRODUCT_AD,,,REST_OF_SEARCH,CLICK,CPC,SPONSORED_PRODUCTS:PRODUCT_AD:REST_OF_SEARCH:UNSPECIFIED:CLICK,USD,0,406,332.92,27,1755.0
2026-11-14,US,adv_demo_001,SPONSORED_PRODUCTS,PRODUCT_AD,,,TOP_OF_SEARCH,IMPRESSION,CPM,SPONSORED_PRODUCTS:PRODUCT_AD:TOP_OF_SEARCH:UNSPECIFIED:IMPRESSION,USD,40511,0,0,0,0
2026-11-14,US,adv_demo_001,SPONSORED_PRODUCTS,PRODUCT_AD,,,TOP_OF_SEARCH,CLICK,CPC,SPONSORED_PRODUCTS:PRODUCT_AD:TOP_OF_SEARCH:UNSPECIFIED:CLICK,USD,0,496,505.92,40,2908.8
2026-11-15,US,adv_demo_001,AMAZON_DSP,,,AUDIO,,IMPRESSION,CPM,AMAZON_DSP:AUDIO:UNSPECIFIED:UNSPECIFIED:IMPRESSION,USD,43796,0,788.33,0,0
2026-11-15,US,adv_demo_001,AMAZON_DSP,,IMAGE,DISPLAY,,IMPRESSION,CPM,AMAZON_DSP:DISPLAY:UNSPECIFIED:IMAGE:IMPRESSION,USD,53337,0,666.71,0,0
2026-11-15,US,adv_demo_001,AMAZON_DSP,,VIDEO,ONLINE_VIDEO,,IMPRESSION,CPM,AMAZON_DSP:ONLINE_VIDEO:UNSPECIFIED:VIDEO:IMPRESSION,USD,40878,0,817.56,0,0
2026-11-15,US,adv_demo_001,AMAZON_DSP,,VIDEO,STREAMING_TV,,IMPRESSION,CPM,AMAZON_DSP:STREAMING_TV:UNSPECIFIED:VIDEO:IMPRESSION,USD,49419,0,1383.73,0,0
2026-11-15,US,adv_demo_001,SPONSORED_BRANDS,COMPONENT,IMAGE,,TOP_OF_SEARCH,IMPRESSION,CPM,SPONSORED_BRANDS:COMPONENT:TOP_OF_SEARCH:IMAGE:IMPRESSION,USD,21960,0,0,0,0
2026-11-15,US,adv_demo_001,SPONSORED_BRANDS,COMPONENT,IMAGE,,TOP_OF_SEARCH,CLICK,CPC,SPONSORED_BRANDS:COMPONENT:TOP_OF_SEARCH:IMAGE:CLICK,USD,0,167,200.4,8,629.76
2026-11-15,US,adv_demo_001,SPONSORED_BRANDS,DISPLAY,IMAGE,,REST_OF_SEARCH,IMPRESSION,CPM,SPONSORED_BRANDS:DISPLAY:REST_OF_SEARCH:IMAGE:IMPRESSION,USD,25501,0,0,0,0
2026-11-15,US,adv_demo_001,SPONSORED_BRANDS,VIDEO,VIDEO,,TOP_OF_SEARCH,IMPRESSION,CPM,SPONSORED_BRANDS:VIDEO:TOP_OF_SEARCH:VIDEO:IMPRESSION,USD,21042,0,0,0,0
2026-11-15,US,adv_demo_001,SPONSORED_BRANDS,VIDEO,VIDEO,,TOP_OF_SEARCH,CLICK,CPC,SPONSORED_BRANDS:VIDEO:TOP_OF_SEARCH:VIDEO:CLICK,USD,0,145,200.1,7,624.26
2026-11-15,US,adv_demo_001,SPONSORED_DISPLAY,DISPLAY,IMAGE,,PRODUCT_PAGE,IMPRESSION,CPM,SPONSORED_DISPLAY:DISPLAY:PRODUCT_PAGE:IMAGE:IMPRESSION,USD,29583,0,0,0,0
2026-11-15,US,adv_demo_001,SPONSORED_DISPLAY,DISPLAY,IMAGE,,PRODUCT_PAGE,CLICK,CPC,SPONSORED_DISPLAY:DISPLAY:PRODUCT_PAGE:IMAGE:CLICK,USD,0,168,154.56,7,526.68
2026-11-15,US,adv_demo_001,SPONSORED_DISPLAY,DISPLAY,VIDEO,,PRODUCT_PAGE,IMPRESSION,CPM,SPONSORED_DISPLAY:DISPLAY:PRODUCT_PAGE:VIDEO:IMPRESSION,USD,25124,0,0,0,0
2026-11-15,US,adv_demo_001,SPONSORED_DISPLAY,VIDEO,VIDEO,,PRODUCT_PAGE,CLICK,CPC,SPONSORED_DISPLAY:VIDEO:PRODUCT_PAGE:VIDEO:CLICK,USD,0,163,192.34,8,711.04
2026-11-15,US,adv_demo_001,SPONSORED_PRODUCTS,PRODUCT_AD,,,PRODUCT_PAGE,CLICK,CPC,SPONSORED_PRODUCTS:PRODUCT_AD:PRODUCT_PAGE:UNSPECIFIED:CLICK,USD,0,354,311.52,26,1803.36
2026-11-15,US,adv_demo_001,SPONSORED_PRODUCTS,PRODUCT_AD,,,REST_OF_SEARCH,CLICK,CPC,SPONSORED_PRODUCTS:PRODUCT_AD:REST_OF_SEARCH:UNSPECIFIED:CLICK,USD,0,354,290.28,24,1606.8
2026-11-15,US,adv_demo_001,SPONSORED_PRODUCTS,PRODUCT_AD,,,TOP_OF_SEARCH,IMPRESSION,CPM,SPONSORED_PRODUCTS:PRODUCT_AD:TOP_OF_SEARCH:UNSPECIFIED:IMPRESSION,USD,41488,0,0,0,0
2026-11-15,US,adv_demo_001,SPONSORED_PRODUCTS,PRODUCT_AD,,,TOP_OF_SEARCH,CLICK,CPC,SPONSORED_PRODUCTS:PRODUCT_AD:TOP_OF_SEARCH:UNSPECIFIED:CLICK,USD,0,468,477.36,38,2845.44
2026-11-16,US,adv_demo_001,AMAZON_DSP,,,AUDIO,,IMPRESSION,CPM,AMAZON_DSP:AUDIO:UNSPECIFIED:UNSPECIFIED:IMPRESSION,USD,44773,0,805.91,0,0
2026-11-16,US,adv_demo_001,AMAZON_DSP,,IMAGE,DISPLAY,,IMPRESSION,CPM,AMAZON_DSP:DISPLAY:UNSPECIFIED:IMAGE:IMPRESSION,USD,54314,0,678.92,0,0
2026-11-16,US,adv_demo_001,AMAZON_DSP,,VIDEO,ONLINE_VIDEO,,IMPRESSION,CPM,AMAZON_DSP:ONLINE_VIDEO:UNSPECIFIED:VIDEO:IMPRESSION,USD,41855,0,837.1,0,0
2026-11-16,US,adv_demo_001,AMAZON_DSP,,VIDEO,STREAMING_TV,,IMPRESSION,CPM,AMAZON_DSP:STREAMING_TV:UNSPECIFIED:VIDEO:IMPRESSION,USD,50396,0,1411.09,0,0
2026-11-16,US,adv_demo_001,SPONSORED_BRANDS,COMPONENT,IMAGE,,TOP_OF_SEARCH,IMPRESSION,CPM,SPONSORED_BRANDS:COMPONENT:TOP_OF_SEARCH:IMAGE:IMPRESSION,USD,22937,0,0,0,0
2026-11-16,US,adv_demo_001,SPONSORED_BRANDS,COMPONENT,IMAGE,,TOP_OF_SEARCH,CLICK,CPC,SPONSORED_BRANDS:COMPONENT:TOP_OF_SEARCH:IMAGE:CLICK,USD,0,176,211.2,9,730.62
2026-11-16,US,adv_demo_001,SPONSORED_BRANDS,DISPLAY,IMAGE,,REST_OF_SEARCH,IMPRESSION,CPM,SPONSORED_BRANDS:DISPLAY:REST_OF_SEARCH:IMAGE:IMPRESSION,USD,26478,0,0,0,0
2026-11-16,US,adv_demo_001,SPONSORED_BRANDS,VIDEO,VIDEO,,TOP_OF_SEARCH,IMPRESSION,CPM,SPONSORED_BRANDS:VIDEO:TOP_OF_SEARCH:VIDEO:IMPRESSION,USD,22019,0,0,0,0
2026-11-16,US,adv_demo_001,SPONSORED_BRANDS,VIDEO,VIDEO,,TOP_OF_SEARCH,CLICK,CPC,SPONSORED_BRANDS:VIDEO:TOP_OF_SEARCH:VIDEO:CLICK,USD,0,153,211.14,7,643.37
2026-11-16,US,adv_demo_001,SPONSORED_DISPLAY,DISPLAY,IMAGE,,PRODUCT_PAGE,IMPRESSION,CPM,SPONSORED_DISPLAY:DISPLAY:PRODUCT_PAGE:IMAGE:IMPRESSION,USD,30560,0,0,0,0
2026-11-16,US,adv_demo_001,SPONSORED_DISPLAY,DISPLAY,IMAGE,,PRODUCT_PAGE,CLICK,CPC,SPONSORED_DISPLAY:DISPLAY:PRODUCT_PAGE:IMAGE:CLICK,USD,0,175,161.0,8,620.16
2026-11-16,US,adv_demo_001,SPONSORED_DISPLAY,DISPLAY,VIDEO,,PRODUCT_PAGE,IMPRESSION,CPM,SPONSORED_DISPLAY:DISPLAY:PRODUCT_PAGE:VIDEO:IMPRESSION,USD,19301,0,0,0,0
2026-11-16,US,adv_demo_001,SPONSORED_DISPLAY,VIDEO,VIDEO,,PRODUCT_PAGE,CLICK,CPC,SPONSORED_DISPLAY:VIDEO:PRODUCT_PAGE:VIDEO:CLICK,USD,0,124,146.32,6,549.12
2026-11-16,US,adv_demo_001,SPONSORED_PRODUCTS,PRODUCT_AD,,,PRODUCT_PAGE,CLICK,CPC,SPONSORED_PRODUCTS:PRODUCT_AD:PRODUCT_PAGE:UNSPECIFIED:CLICK,USD,0,368,323.84,28,1999.2
2026-11-16,US,adv_demo_001,SPONSORED_PRODUCTS,PRODUCT_AD,,,REST_OF_SEARCH,CLICK,CPC,SPONSORED_PRODUCTS:PRODUCT_AD:REST_OF_SEARCH:UNSPECIFIED:CLICK,USD,0,335,274.7,23,1435.2
2026-11-16,US,adv_demo_001,SPONSORED_PRODUCTS,PRODUCT_AD,,,TOP_OF_SEARCH,IMPRESSION,CPM,SPONSORED_PRODUCTS:PRODUCT_AD:TOP_OF_SEARCH:UNSPECIFIED:IMPRESSION,USD,42465,0,0,0,0
2026-11-16,US,adv_demo_001,SPONSORED_PRODUCTS,PRODUCT_AD,,,TOP_OF_SEARCH,CLICK,CPC,SPONSORED_PRODUCTS:PRODUCT_AD:TOP_OF_SEARCH:UNSPECIFIED:CLICK,USD,0,484,493.68,40,2793.6
2026-11-17,US,adv_demo_001,AMAZON_DSP,,,AUDIO,,IMPRESSION,CPM,AMAZON_DSP:AUDIO:UNSPECIFIED:UNSPECIFIED:IMPRESSION,USD,45750,0,823.5,0,0
2026-11-17,US,adv_demo_001,AMAZON_DSP,,IMAGE,DISPLAY,,IMPRESSION,CPM,AMAZON_DSP:DISPLAY:UNSPECIFIED:IMAGE:IMPRESSION,USD,55291,0,691.14,0,0
2026-11-17,US,adv_demo_001,AMAZON_DSP,,VIDEO,ONLINE_VIDEO,,IMPRESSION,CPM,AMAZON_DSP:ONLINE_VIDEO:UNSPECIFIED:VIDEO:IMPRESSION,USD,42832,0,856.64,0,0
2026-11-17,US,adv_demo_001,AMAZON_DSP,,VIDEO,STREAMING_TV,,IMPRESSION,CPM,AMAZON_DSP:STREAMING_TV:UNSPECIFIED:VIDEO:IMPRESSION,USD,51373,0,1438.44,0,0
2026-11-17,US,adv_demo_001,SPONSORED_BRANDS,COMPONENT,IMAGE,,TOP_OF_SEARCH,IMPRESSION,CPM,SPONSORED_BRANDS:COMPONENT:TOP_OF_SEARCH:IMAGE:IMPRESSION,USD,23914,0,0,0,0
2026-11-17,US,adv_demo_001,SPONSORED_BRANDS,COMPONENT,IMAGE,,TOP_OF_SEARCH,CLICK,CPC,SPONSORED_BRANDS:COMPONENT:TOP_OF_SEARCH:IMAGE:CLICK,USD,0,186,223.2,10,836.4
2026-11-17,US,adv_demo_001,SPONSORED_BRANDS,DISPLAY,IMAGE,,REST_OF_SEARCH,IMPRESSION,CPM,SPONSORED_BRANDS:DISPLAY:REST_OF_SEARCH:IMAGE:IMPRESSION,USD,27455,0,0,0,0
2026-11-17,US,adv_demo_001,SPONSORED_BRANDS,VIDEO,VIDEO,,TOP_OF_SEARCH,IMPRESSION,CPM,SPONSORED_BRANDS:VIDEO:TOP_OF_SEARCH:VIDEO:IMPRESSION,USD,16196,0,0,0,0
2026-11-17,US,adv_demo_001,SPONSORED_BRANDS,VIDEO,VIDEO,,TOP_OF_SEARCH,CLICK,CPC,SPONSORED_BRANDS:VIDEO:TOP_OF_SEARCH:VIDEO:CLICK,USD,0,114,157.32,6,567.84
2026-11-17,US,adv_demo_001,SPONSORED_DISPLAY,DISPLAY,IMAGE,,PRODUCT_PAGE,IMPRESSION,CPM,SPONSORED_DISPLAY:DISPLAY:PRODUCT_PAGE:IMAGE:IMPRESSION,USD,24737,0,0,0,0
2026-11-17,US,adv_demo_001,SPONSORED_DISPLAY,DISPLAY,IMAGE,,PRODUCT_PAGE,CLICK,CPC,SPONSORED_DISPLAY:DISPLAY:PRODUCT_PAGE:IMAGE:CLICK,USD,0,143,131.56,6,478.8
2026-11-17,US,adv_demo_001,SPONSORED_DISPLAY,DISPLAY,VIDEO,,PRODUCT_PAGE,IMPRESSION,CPM,SPONSORED_DISPLAY:DISPLAY:PRODUCT_PAGE:VIDEO:IMPRESSION,USD,20278,0,0,0,0
2026-11-17,US,adv_demo_001,SPONSORED_DISPLAY,VIDEO,VIDEO,,PRODUCT_PAGE,CLICK,CPC,SPONSORED_DISPLAY:VIDEO:PRODUCT_PAGE:VIDEO:CLICK,USD,0,132,155.76,7,597.52
2026-11-17,US,adv_demo_001,SPONSORED_PRODUCTS,PRODUCT_AD,,,PRODUCT_PAGE,CLICK,CPC,SPONSORED_PRODUCTS:PRODUCT_AD:PRODUCT_PAGE:UNSPECIFIED:CLICK,USD,0,349,307.12,27,1799.28
2026-11-17,US,adv_demo_001,SPONSORED_PRODUCTS,PRODUCT_AD,,,REST_OF_SEARCH,CLICK,CPC,SPONSORED_PRODUCTS:PRODUCT_AD:REST_OF_SEARCH:UNSPECIFIED:CLICK,USD,0,347,284.54,22,1415.7
2026-11-17,US,adv_demo_001,SPONSORED_PRODUCTS,PRODUCT_AD,,,TOP_OF_SEARCH,IMPRESSION,CPM,SPONSORED_PRODUCTS:PRODUCT_AD:TOP_OF_SEARCH:UNSPECIFIED:IMPRESSION,USD,43442,0,0,0,0
2026-11-17,US,adv_demo_001,SPONSORED_PRODUCTS,PRODUCT_AD,,,TOP_OF_SEARCH,CLICK,CPC,SPONSORED_PRODUCTS:PRODUCT_AD:TOP_OF_SEARCH:UNSPECIFIED:CLICK,USD,0,500,510.0,38,2736.0
2026-11-18,US,adv_demo_001,AMAZON_DSP,,,AUDIO,,IMPRESSION,CPM,AMAZON_DSP:AUDIO:UNSPECIFIED:UNSPECIFIED:IMPRESSION,USD,46727,0,841.09,0,0
2026-11-18,US,adv_demo_001,AMAZON_DSP,,IMAGE,DISPLAY,,IMPRESSION,CPM,AMAZON_DSP:DISPLAY:UNSPECIFIED:IMAGE:IMPRESSION,USD,56268,0,703.35,0,0
2026-11-18,US,adv_demo_001,AMAZON_DSP,,VIDEO,ONLINE_VIDEO,,IMPRESSION,CPM,AMAZON_DSP:ONLINE_VIDEO:UNSPECIFIED:VIDEO:IMPRESSION,USD,43809,0,876.18,0,0
2026-11-18,US,adv_demo_001,AMAZON_DSP,,VIDEO,STREAMING_TV,,IMPRESSION,CPM,AMAZON_DSP:STREAMING_TV:UNSPECIFIED:VIDEO:IMPRESSION,USD,52350,0,1465.8,0,0
2026-11-18,US,adv_demo_001,SPONSORED_BRANDS,COMPONENT,IMAGE,,TOP_OF_SEARCH,IMPRESSION,CPM,SPONSORED_BRANDS:COMPONENT:TOP_OF_SEARCH:IMAGE:IMPRESSION,USD,18091,0,0,0,0
2026-11-18,US,adv_demo_001,SPONSORED_BRANDS,COMPONENT,IMAGE,,TOP_OF_SEARCH,CLICK,CPC,SPONSORED_BRANDS:COMPONENT:TOP_OF_SEARCH:IMAGE:CLICK,USD,0,142,170.4,8,688.8
2026-11-18,US,adv_demo_001,SPONSORED_BRANDS,DISPLAY,IMAGE,,REST_OF_SEARCH,IMPRESSION,CPM,SPONSORED_BRANDS:DISPLAY:REST_OF_SEARCH:IMAGE:IMPRESSION,USD,21632,0,0,0,0
2026-11-18,US,adv_demo_001,SPONSORED_BRANDS,VIDEO,VIDEO,,TOP_OF_SEARCH,IMPRESSION,CPM,SPONSORED_BRANDS:VIDEO:TOP_OF_SEARCH:VIDEO:IMPRESSION,USD,17173,0,0,0,0
2026-11-18,US,adv_demo_001,SPONSORED_BRANDS,VIDEO,VIDEO,,TOP_OF_SEARCH,CLICK,CPC,SPONSORED_BRANDS:VIDEO:TOP_OF_SEARCH:VIDEO:CLICK,USD,0,122,168.36,6,529.62
2026-11-18,US,adv_demo_001,SPONSORED_DISPLAY,DISPLAY,IMAGE,,PRODUCT_PAGE,IMPRESSION,CPM,SPONSORED_DISPLAY:DISPLAY:PRODUCT_PAGE:IMAGE:IMPRESSION,USD,25714,0,0,0,0
2026-11-18,US,adv_demo_001,SPONSORED_DISPLAY,DISPLAY,IMAGE,,PRODUCT_PAGE,CLICK,CPC,SPONSORED_DISPLAY:DISPLAY:PRODUCT_PAGE:IMAGE:CLICK,USD,0,151,138.92,7,521.36
2026-11-18,US,adv_demo_001,SPONSORED_DISPLAY,DISPLAY,VIDEO,,PRODUCT_PAGE,IMPRESSION,CPM,SPONSORED_DISPLAY:DISPLAY:PRODUCT_PAGE:VIDEO:IMPRESSION,USD,21255,0,0,0,0
2026-11-18,US,adv_demo_001,SPONSORED_DISPLAY,VIDEO,VIDEO,,PRODUCT_PAGE,CLICK,CPC,SPONSORED_DISPLAY:VIDEO:PRODUCT_PAGE:VIDEO:CLICK,USD,0,128,151.04,6,528.0
2026-11-18,US,adv_demo_001,SPONSORED_PRODUCTS,PRODUCT_AD,,,PRODUCT_PAGE,CLICK,CPC,SPONSORED_PRODUCTS:PRODUCT_AD:PRODUCT_PAGE:UNSPECIFIED:CLICK,USD,0,362,318.56,25,1717.0
2026-11-18,US,adv_demo_001,SPONSORED_PRODUCTS,PRODUCT_AD,,,REST_OF_SEARCH,CLICK,CPC,SPONSORED_PRODUCTS:PRODUCT_AD:REST_OF_SEARCH:UNSPECIFIED:CLICK,USD,0,360,295.2,23,1524.9
2026-11-18,US,adv_demo_001,SPONSORED_PRODUCTS,PRODUCT_AD,,,TOP_OF_SEARCH,IMPRESSION,CPM,SPONSORED_PRODUCTS:PRODUCT_AD:TOP_OF_SEARCH:UNSPECIFIED:IMPRESSION,USD,44419,0,0,0,0
2026-11-18,US,adv_demo_001,SPONSORED_PRODUCTS,PRODUCT_AD,,,TOP_OF_SEARCH,CLICK,CPC,SPONSORED_PRODUCTS:PRODUCT_AD:TOP_OF_SEARCH:UNSPECIFIED:CLICK,USD,0,517,527.34,40,2966.4
2026-11-19,US,adv_demo_001,AMAZON_DSP,,,AUDIO,,IMPRESSION,CPM,AMAZON_DSP:AUDIO:UNSPECIFIED:UNSPECIFIED:IMPRESSION,USD,47704,0,858.67,0,0
2026-11-19,US,adv_demo_001,AMAZON_DSP,,IMAGE,DISPLAY,,IMPRESSION,CPM,AMAZON_DSP:DISPLAY:UNSPECIFIED:IMAGE:IMPRESSION,USD,57245,0,715.56,0,0
2026-11-19,US,adv_demo_001,AMAZON_DSP,,VIDEO,ONLINE_VIDEO,,IMPRESSION,CPM,AMAZON_DSP:ONLINE_VIDEO:UNSPECIFIED:VIDEO:IMPRESSION,USD,44786,0,895.72,0,0
2026-11-19,US,adv_demo_001,AMAZON_DSP,,VIDEO,STREAMING_TV,,IMPRESSION,CPM,AMAZON_DSP:STREAMING_TV:UNSPECIFIED:VIDEO:IMPRESSION,USD,46527,0,1302.76,0,0
2026-11-19,US,adv_demo_001,SPONSORED_BRANDS,COMPONENT,IMAGE,,TOP_OF_SEARCH,IMPRESSION,CPM,SPONSORED_BRANDS:COMPONENT:TOP_OF_SEARCH:IMAGE:IMPRESSION,USD,19068,0,0,0,0
2026-11-19,US,adv_demo_001,SPONSORED_BRANDS,COMPONENT,IMAGE,,TOP_OF_SEARCH,CLICK,CPC,SPONSORED_BRANDS:COMPONENT:TOP_OF_SEARCH:IMAGE:CLICK,USD,0,151,181.2,8,642.88
2026-11-19,US,adv_demo_001,SPONSORED_BRANDS,DISPLAY,IMAGE,,REST_OF_SEARCH,IMPRESSION,CPM,SPONSORED_BRANDS:DISPLAY:REST_OF_SEARCH:IMAGE:IMPRESSION,USD,22609,0,0,0,0
2026-11-19,US,adv_demo_001,SPONSORED_BRANDS,VIDEO,VIDEO,,TOP_OF_SEARCH,IMPRESSION,CPM,SPONSORED_BRANDS:VIDEO:TOP_OF_SEARCH:VIDEO:IMPRESSION,USD,18150,0,0,0,0
2026-11-19,US,adv_demo_001,SPONSORED_BRANDS,VIDEO,VIDEO,,TOP_OF_SEARCH,CLICK,CPC,SPONSORED_BRANDS:VIDEO:TOP_OF_SEARCH:VIDEO:CLICK,USD,0,130,179.4,7,637.0
2026-11-19,US,adv_demo_001,SPONSORED_DISPLAY,DISPLAY,IMAGE,,PRODUCT_PAGE,IMPRESSION,CPM,SPONSORED_DISPLAY:DISPLAY:PRODUCT_PAGE:IMAGE:IMPRESSION,USD,26691,0,0,0,0
2026-11-19,US,adv_demo_001,SPONSORED_DISPLAY,DISPLAY,IMAGE,,PRODUCT_PAGE,CLICK,CPC,SPONSORED_DISPLAY:DISPLAY:PRODUCT_PAGE:IMAGE:CLICK,USD,0,158,145.36,7,537.32
2026-11-19,US,adv_demo_001,SPONSORED_DISPLAY,DISPLAY,VIDEO,,PRODUCT_PAGE,IMPRESSION,CPM,SPONSORED_DISPLAY:DISPLAY:PRODUCT_PAGE:VIDEO:IMPRESSION,USD,22232,0,0,0,0
2026-11-19,US,adv_demo_001,SPONSORED_DISPLAY,VIDEO,VIDEO,,PRODUCT_PAGE,CLICK,CPC,SPONSORED_DISPLAY:VIDEO:PRODUCT_PAGE:VIDEO:CLICK,USD,0,136,160.48,6,543.84
2026-11-19,US,adv_demo_001,SPONSORED_PRODUCTS,PRODUCT_AD,,,PRODUCT_PAGE,CLICK,CPC,SPONSORED_PRODUCTS:PRODUCT_AD:PRODUCT_PAGE:UNSPECIFIED:CLICK,USD,0,376,330.88,27,1909.44
2026-11-19,US,adv_demo_001,SPONSORED_PRODUCTS,PRODUCT_AD,,,REST_OF_SEARCH,CLICK,CPC,SPONSORED_PRODUCTS:PRODUCT_AD:REST_OF_SEARCH:UNSPECIFIED:CLICK,USD,0,373,305.86,25,1706.25
2026-11-19,US,adv_demo_001,SPONSORED_PRODUCTS,PRODUCT_AD,,,TOP_OF_SEARCH,IMPRESSION,CPM,SPONSORED_PRODUCTS:PRODUCT_AD:TOP_OF_SEARCH:UNSPECIFIED:IMPRESSION,USD,45396,0,0,0,0
2026-11-19,US,adv_demo_001,SPONSORED_PRODUCTS,PRODUCT_AD,,,TOP_OF_SEARCH,CLICK,CPC,SPONSORED_PRODUCTS:PRODUCT_AD:TOP_OF_SEARCH:UNSPECIFIED:CLICK,USD,0,534,544.68,42,2903.04
2026-11-20,US,adv_demo_001,AMAZON_DSP,,,AUDIO,,IMPRESSION,CPM,AMAZON_DSP:AUDIO:UNSPECIFIED:UNSPECIFIED:IMPRESSION,USD,48681,0,876.26,0,0
2026-11-20,US,adv_demo_001,AMAZON_DSP,,IMAGE,DISPLAY,,IMPRESSION,CPM,AMAZON_DSP:DISPLAY:UNSPECIFIED:IMAGE:IMPRESSION,USD,51422,0,642.77,0,0
2026-11-20,US,adv_demo_001,AMAZON_DSP,,VIDEO,ONLINE_VIDEO,,IMPRESSION,CPM,AMAZON_DSP:ONLINE_VIDEO:UNSPECIFIED:VIDEO:IMPRESSION,USD,38963,0,779.26,0,0
2026-11-20,US,adv_demo_001,AMAZON_DSP,,VIDEO,STREAMING_TV,,IMPRESSION,CPM,AMAZON_DSP:STREAMING_TV:UNSPECIFIED:VIDEO:IMPRESSION,USD,47504,0,1330.11,0,0
2026-11-20,US,adv_demo_001,SPONSORED_BRANDS,COMPONENT,IMAGE,,TOP_OF_SEARCH,IMPRESSION,CPM,SPONSORED_BRANDS:COMPONENT:TOP_OF_SEARCH:IMAGE:IMPRESSION,USD,20045,0,0,0,0
2026-11-20,US,adv_demo_001,SPONSORED_BRANDS,COMPONENT,IMAGE,,TOP_OF_SEARCH,CLICK,CPC,SPONSORED_BRANDS:COMPONENT:TOP_OF_SEARCH:IMAGE:CLICK,USD,0,160,192.0,9,745.38
2026-11-20,US,adv_demo_001,SPONSORED_BRANDS,DISPLAY,IMAGE,,REST_OF_SEARCH,IMPRESSION,CPM,SPONSORED_BRANDS:DISPLAY:REST_OF_SEARCH:IMAGE:IMPRESSION,USD,23586,0,0,0,0
2026-11-20,US,adv_demo_001,SPONSORED_BRANDS,VIDEO,VIDEO,,TOP_OF_SEARCH,IMPRESSION,CPM,SPONSORED_BRANDS:VIDEO:TOP_OF_SEARCH:VIDEO:IMPRESSION,USD,19127,0,0,0,0
2026-11-20,US,adv_demo_001,SPONSORED_BRANDS,VIDEO,VIDEO,,TOP_OF_SEARCH,CLICK,CPC,SPONSORED_BRANDS:VIDEO:TOP_OF_SEARCH:VIDEO:CLICK,USD,0,139,191.82,6,562.38
2026-11-20,US,adv_demo_001,SPONSORED_DISPLAY,DISPLAY,IMAGE,,PRODUCT_PAGE,IMPRESSION,CPM,SPONSORED_DISPLAY:DISPLAY:PRODUCT_PAGE:IMAGE:IMPRESSION,USD,27668,0,0,0,0
2026-11-20,US,adv_demo_001,SPONSORED_DISPLAY,DISPLAY,IMAGE,,PRODUCT_PAGE,CLICK,CPC,SPONSORED_DISPLAY:DISPLAY:PRODUCT_PAGE:IMAGE:CLICK,USD,0,151,138.92,6,474.24
2026-11-20,US,adv_demo_001,SPONSORED_DISPLAY,DISPLAY,VIDEO,,PRODUCT_PAGE,IMPRESSION,CPM,SPONSORED_DISPLAY:DISPLAY:PRODUCT_PAGE:VIDEO:IMPRESSION,USD,23209,0,0,0,0
2026-11-20,US,adv_demo_001,SPONSORED_DISPLAY,VIDEO,VIDEO,,PRODUCT_PAGE,CLICK,CPC,SPONSORED_DISPLAY:VIDEO:PRODUCT_PAGE:VIDEO:CLICK,USD,0,144,169.92,7,591.36
2026-11-20,US,adv_demo_001,SPONSORED_PRODUCTS,PRODUCT_AD,,,PRODUCT_PAGE,CLICK,CPC,SPONSORED_PRODUCTS:PRODUCT_AD:PRODUCT_PAGE:UNSPECIFIED:CLICK,USD,0,390,343.2,28,1846.88
2026-11-20,US,adv_demo_001,SPONSORED_PRODUCTS,PRODUCT_AD,,,REST_OF_SEARCH,CLICK,CPC,SPONSORED_PRODUCTS:PRODUCT_AD:REST_OF_SEARCH:UNSPECIFIED:CLICK,USD,0,385,315.7,26,1656.2
2026-11-20,US,adv_demo_001,SPONSORED_PRODUCTS,PRODUCT_AD,,,TOP_OF_SEARCH,IMPRESSION,CPM,SPONSORED_PRODUCTS:PRODUCT_AD:TOP_OF_SEARCH:UNSPECIFIED:IMPRESSION,USD,46373,0,0,0,0
2026-11-20,US,adv_demo_001,SPONSORED_PRODUCTS,PRODUCT_AD,,,TOP_OF_SEARCH,CLICK,CPC,SPONSORED_PRODUCTS:PRODUCT_AD:TOP_OF_SEARCH:UNSPECIFIED:CLICK,USD,0,551,562.02,45,3207.6
2026-11-21,US,adv_demo_001,AMAZON_DSP,,,AUDIO,,IMPRESSION,CPM,AMAZON_DSP:AUDIO:UNSPECIFIED:UNSPECIFIED:IMPRESSION,USD,42858,0,771.44,0,0
2026-11-21,US,adv_demo_001,AMAZON_DSP,,IMAGE,DISPLAY,,IMPRESSION,CPM,AMAZON_DSP:DISPLAY:UNSPECIFIED:IMAGE:IMPRESSION,USD,52399,0,654.99,0,0
2026-11-21,US,adv_demo_001,AMAZON_DSP,,VIDEO,ONLINE_VIDEO,,IMPRESSION,CPM,AMAZON_DSP:ONLINE_VIDEO:UNSPECIFIED:VIDEO:IMPRESSION,USD,39940,0,798.8,0,0
2026-11-21,US,adv_demo_001,AMAZON_DSP,,VIDEO,STREAMING_TV,,IMPRESSION,CPM,AMAZON_DSP:STREAMING_TV:UNSPECIFIED:VIDEO:IMPRESSION,USD,48481,0,1357.47,0,0
2026-11-21,US,adv_demo_001,SPONSORED_BRANDS,COMPONENT,IMAGE,,TOP_OF_SEARCH,IMPRESSION,CPM,SPONSORED_BRANDS:COMPONENT:TOP_OF_SEARCH:IMAGE:IMPRESSION,USD,21022,0,0,0,0
2026-11-21,US,adv_demo_001,SPONSORED_BRANDS,COMPONENT,IMAGE,,TOP_OF_SEARCH,CLICK,CPC,SPONSORED_BRANDS:COMPONENT:TOP_OF_SEARCH:IMAGE:CLICK,USD,0,170,204.0,9,767.52
2026-11-21,US,adv_demo_001,SPONSORED_BRANDS,DISPLAY,IMAGE,,REST_OF_SEARCH,IMPRESSION,CPM,SPONSORED_BRANDS:DISPLAY:REST_OF_SEARCH:IMAGE:IMPRESSION,USD,24563,0,0,0,0
2026-11-21,US,adv_demo_001,SPONSORED_BRANDS,VIDEO,VIDEO,,TOP_OF_SEARCH,IMPRESSION,CPM,SPONSORED_BRANDS:VIDEO:TOP_OF_SEARCH:VIDEO:IMPRESSION,USD,20104,0,0,0,0
2026-11-21,US,adv_demo_001,SPONSORED_BRANDS,VIDEO,VIDEO,,TOP_OF_SEARCH,CLICK,CPC,SPONSORED_BRANDS:VIDEO:TOP_OF_SEARCH:VIDEO:CLICK,USD,0,134,184.92,6,524.16
2026-11-21,US,adv_demo_001,SPONSORED_DISPLAY,DISPLAY,IMAGE,,PRODUCT_PAGE,IMPRESSION,CPM,SPONSORED_DISPLAY:DISPLAY:PRODUCT_PAGE:IMAGE:IMPRESSION,USD,28645,0,0,0,0
2026-11-21,US,adv_demo_001,SPONSORED_DISPLAY,DISPLAY,IMAGE,,PRODUCT_PAGE,CLICK,CPC,SPONSORED_DISPLAY:DISPLAY:PRODUCT_PAGE:IMAGE:CLICK,USD,0,158,145.36,7,516.04
2026-11-21,US,adv_demo_001,SPONSORED_DISPLAY,DISPLAY,VIDEO,,PRODUCT_PAGE,IMPRESSION,CPM,SPONSORED_DISPLAY:DISPLAY:PRODUCT_PAGE:VIDEO:IMPRESSION,USD,24186,0,0,0,0
2026-11-21,US,adv_demo_001,SPONSORED_DISPLAY,VIDEO,VIDEO,,PRODUCT_PAGE,CLICK,CPC,SPONSORED_DISPLAY:VIDEO:PRODUCT_PAGE:VIDEO:CLICK,USD,0,152,179.36,7,609.84
2026-11-21,US,adv_demo_001,SPONSORED_PRODUCTS,PRODUCT_AD,,,PRODUCT_PAGE,CLICK,CPC,SPONSORED_PRODUCTS:PRODUCT_AD:PRODUCT_PAGE:UNSPECIFIED:CLICK,USD,0,404,355.52,30,2040.0
2026-11-21,US,adv_demo_001,SPONSORED_PRODUCTS,PRODUCT_AD,,,REST_OF_SEARCH,CLICK,CPC,SPONSORED_PRODUCTS:PRODUCT_AD:REST_OF_SEARCH:UNSPECIFIED:CLICK,USD,0,335,274.7,23,1509.95
2026-11-21,US,adv_demo_001,SPONSORED_PRODUCTS,PRODUCT_AD,,,TOP_OF_SEARCH,IMPRESSION,CPM,SPONSORED_PRODUCTS:PRODUCT_AD:TOP_OF_SEARCH:UNSPECIFIED:IMPRESSION,USD,40550,0,0,0,0
2026-11-21,US,adv_demo_001,SPONSORED_PRODUCTS,PRODUCT_AD,,,TOP_OF_SEARCH,CLICK,CPC,SPONSORED_PRODUCTS:PRODUCT_AD:TOP_OF_SEARCH:UNSPECIFIED:CLICK,USD,0,487,496.74,40,2937.6
2026-11-22,US,adv_demo_001,AMAZON_DSP,,,AUDIO,,IMPRESSION,CPM,AMAZON_DSP:AUDIO:UNSPECIFIED:UNSPECIFIED:IMPRESSION,USD,43835,0,789.03,0,0
2026-11-22,US,adv_demo_001,AMAZON_DSP,,IMAGE,DISPLAY,,IMPRESSION,CPM,AMAZON_DSP:DISPLAY:UNSPECIFIED:IMAGE:IMPRESSION,USD,53376,0,667.2,0,0
2026-11-22,US,adv_demo_001,AMAZON_DSP,,VIDEO,ONLINE_VIDEO,,IMPRESSION,CPM,AMAZON_DSP:ONLINE_VIDEO:UNSPECIFIED:VIDEO:IMPRESSION,USD,40917,0,818.34,0,0
2026-11-22,US,adv_demo_001,AMAZON_DSP,,VIDEO,STREAMING_TV,,IMPRESSION,CPM,AMAZON_DSP:STREAMING_TV:UNSPECIFIED:VIDEO:IMPRESSION,USD,49458,0,1384.82,0,0
2026-11-22,US,adv_demo_001,SPONSORED_BRANDS,COMPONENT,IMAGE,,TOP_OF_SEARCH,IMPRESSION,CPM,SPONSORED_BRANDS:COMPONENT:TOP_OF_SEARCH:IMAGE:IMPRESSION,USD,21999,0,0,0,0
2026-11-22,US,adv_demo_001,SPONSORED_BRANDS,COMPONENT,IMAGE,,TOP_OF_SEARCH,CLICK,CPC,SPONSORED_BRANDS:COMPONENT:TOP_OF_SEARCH:IMAGE:CLICK,USD,0,180,216.0,9,715.86
2026-11-22,US,adv_demo_001,SPONSORED_BRANDS,DISPLAY,IMAGE,,REST_OF_SEARCH,IMPRESSION,CPM,SPONSORED_BRANDS:DISPLAY:REST_OF_SEARCH:IMAGE:IMPRESSION,USD,25540,0,0,0,0
2026-11-22,US,adv_demo_001,SPONSORED_BRANDS,VIDEO,VIDEO,,TOP_OF_SEARCH,IMPRESSION,CPM,SPONSORED_BRANDS:VIDEO:TOP_OF_SEARCH:VIDEO:IMPRESSION,USD,21081,0,0,0,0
2026-11-22,US,adv_demo_001,SPONSORED_BRANDS,VIDEO,VIDEO,,TOP_OF_SEARCH,CLICK,CPC,SPONSORED_BRANDS:VIDEO:TOP_OF_SEARCH:VIDEO:CLICK,USD,0,142,195.96,7,630.63
2026-11-22,US,adv_demo_001,SPONSORED_DISPLAY,DISPLAY,IMAGE,,PRODUCT_PAGE,IMPRESSION,CPM,SPONSORED_DISPLAY:DISPLAY:PRODUCT_PAGE:IMAGE:IMPRESSION,USD,29622,0,0,0,0
2026-11-22,US,adv_demo_001,SPONSORED_DISPLAY,DISPLAY,IMAGE,,PRODUCT_PAGE,CLICK,CPC,SPONSORED_DISPLAY:DISPLAY:PRODUCT_PAGE:IMAGE:CLICK,USD,0,165,151.8,7,532.0
2026-11-22,US,adv_demo_001,SPONSORED_DISPLAY,DISPLAY,VIDEO,,PRODUCT_PAGE,IMPRESSION,CPM,SPONSORED_DISPLAY:DISPLAY:PRODUCT_PAGE:VIDEO:IMPRESSION,USD,25163,0,0,0,0
2026-11-22,US,adv_demo_001,SPONSORED_DISPLAY,VIDEO,VIDEO,,PRODUCT_PAGE,CLICK,CPC,SPONSORED_DISPLAY:VIDEO:PRODUCT_PAGE:VIDEO:CLICK,USD,0,160,188.8,8,718.08
2026-11-22,US,adv_demo_001,SPONSORED_PRODUCTS,PRODUCT_AD,,,PRODUCT_PAGE,CLICK,CPC,SPONSORED_PRODUCTS:PRODUCT_AD:PRODUCT_PAGE:UNSPECIFIED:CLICK,USD,0,348,306.24,26,1821.04
2026-11-22,US,adv_demo_001,SPONSORED_PRODUCTS,PRODUCT_AD,,,REST_OF_SEARCH,CLICK,CPC,SPONSORED_PRODUCTS:PRODUCT_AD:REST_OF_SEARCH:UNSPECIFIED:CLICK,USD,0,348,285.36,24,1622.4
2026-11-22,US,adv_demo_001,SPONSORED_PRODUCTS,PRODUCT_AD,,,TOP_OF_SEARCH,IMPRESSION,CPM,SPONSORED_PRODUCTS:PRODUCT_AD:TOP_OF_SEARCH:UNSPECIFIED:IMPRESSION,USD,41527,0,0,0,0
2026-11-22,US,adv_demo_001,SPONSORED_PRODUCTS,PRODUCT_AD,,,TOP_OF_SEARCH,CLICK,CPC,SPONSORED_PRODUCTS:PRODUCT_AD:TOP_OF_SEARCH:UNSPECIFIED:CLICK,USD,0,503,513.06,38,2872.8
2026-11-23,US,adv_demo_001,AMAZON_DSP,,,AUDIO,,IMPRESSION,CPM,AMAZON_DSP:AUDIO:UNSPECIFIED:UNSPECIFIED:IMPRESSION,USD,44812,0,806.62,0,0
2026-11-23,US,adv_demo_001,AMAZON_DSP,,IMAGE,DISPLAY,,IMPRESSION,CPM,AMAZON_DSP:DISPLAY:UNSPECIFIED:IMAGE:IMPRESSION,USD,54353,0,679.41,0,0
2026-11-23,US,adv_demo_001,AMAZON_DSP,,VIDEO,ONLINE_VIDEO,,IMPRESSION,CPM,AMAZON_DSP:ONLINE_VIDEO:UNSPECIFIED:VIDEO:IMPRESSION,USD,41894,0,837.88,0,0
2026-11-23,US,adv_demo_001,AMAZON_DSP,,VIDEO,STREAMING_TV,,IMPRESSION,CPM,AMAZON_DSP:STREAMING_TV:UNSPECIFIED:VIDEO:IMPRESSION,USD,50435,0,1412.18,0,0
2026-11-23,US,adv_demo_001,SPONSORED_BRANDS,COMPONENT,IMAGE,,TOP_OF_SEARCH,IMPRESSION,CPM,SPONSORED_BRANDS:COMPONENT:TOP_OF_SEARCH:IMAGE:IMPRESSION,USD,22976,0,0,0,0
2026-11-23,US,adv_demo_001,SPONSORED_BRANDS,COMPONENT,IMAGE,,TOP_OF_SEARCH,CLICK,CPC,SPONSORED_BRANDS:COMPONENT:TOP_OF_SEARCH:IMAGE:CLICK,USD,0,173,207.6,9,738.0
2026-11-23,US,adv_demo_001,SPONSORED_BRANDS,DISPLAY,IMAGE,,REST_OF_SEARCH,IMPRESSION,CPM,SPONSORED_BRANDS:DISPLAY:REST_OF_SEARCH:IMAGE:IMPRESSION,USD,26517,0,0,0,0
2026-11-23,US,adv_demo_001,SPONSORED_BRANDS,VIDEO,VIDEO,,TOP_OF_SEARCH,IMPRESSION,CPM,SPONSORED_BRANDS:VIDEO:TOP_OF_SEARCH:VIDEO:IMPRESSION,USD,22058,0,0,0,0
2026-11-23,US,adv_demo_001,SPONSORED_BRANDS,VIDEO,VIDEO,,TOP_OF_SEARCH,CLICK,CPC,SPONSORED_BRANDS:VIDEO:TOP_OF_SEARCH:VIDEO:CLICK,USD,0,150,207.0,7,649.74
2026-11-23,US,adv_demo_001,SPONSORED_DISPLAY,DISPLAY,IMAGE,,PRODUCT_PAGE,IMPRESSION,CPM,SPONSORED_DISPLAY:DISPLAY:PRODUCT_PAGE:IMAGE:IMPRESSION,USD,30599,0,0,0,0
2026-11-23,US,adv_demo_001,SPONSORED_DISPLAY,DISPLAY,IMAGE,,PRODUCT_PAGE,CLICK,CPC,SPONSORED_DISPLAY:DISPLAY:PRODUCT_PAGE:IMAGE:CLICK,USD,0,172,158.24,8,626.24
2026-11-23,US,adv_demo_001,SPONSORED_DISPLAY,DISPLAY,VIDEO,,PRODUCT_PAGE,IMPRESSION,CPM,SPONSORED_DISPLAY:DISPLAY:PRODUCT_PAGE:VIDEO:IMPRESSION,USD,19340,0,0,0,0
2026-11-23,US,adv_demo_001,SPONSORED_DISPLAY,VIDEO,VIDEO,,PRODUCT_PAGE,CLICK,CPC,SPONSORED_DISPLAY:VIDEO:PRODUCT_PAGE:VIDEO:CLICK,USD,0,122,143.96,6,554.4
2026-11-23,US,adv_demo_001,SPONSORED_PRODUCTS,PRODUCT_AD,,,PRODUCT_PAGE,CLICK,CPC,SPONSORED_PRODUCTS:PRODUCT_AD:PRODUCT_PAGE:UNSPECIFIED:CLICK,USD,0,361,317.68,25,1632.0
2026-11-23,US,adv_demo_001,SPONSORED_PRODUCTS,PRODUCT_AD,,,REST_OF_SEARCH,CLICK,CPC,SPONSORED_PRODUCTS:PRODUCT_AD:REST_OF_SEARCH:UNSPECIFIED:CLICK,USD,0,360,295.2,23,1450.15
2026-11-23,US,adv_demo_001,SPONSORED_PRODUCTS,PRODUCT_AD,,,TOP_OF_SEARCH,IMPRESSION,CPM,SPONSORED_PRODUCTS:PRODUCT_AD:TOP_OF_SEARCH:UNSPECIFIED:IMPRESSION,USD,42504,0,0,0,0
2026-11-23,US,adv_demo_001,SPONSORED_PRODUCTS,PRODUCT_AD,,,TOP_OF_SEARCH,CLICK,CPC,SPONSORED_PRODUCTS:PRODUCT_AD:TOP_OF_SEARCH:UNSPECIFIED:CLICK,USD,0,520,530.4,40,2822.4
2026-11-24,US,adv_demo_001,AMAZON_DSP,,,AUDIO,,IMPRESSION,CPM,AMAZON_DSP:AUDIO:UNSPECIFIED:UNSPECIFIED:IMPRESSION,USD,45789,0,824.2,0,0
2026-11-24,US,adv_demo_001,AMAZON_DSP,,IMAGE,DISPLAY,,IMPRESSION,CPM,AMAZON_DSP:DISPLAY:UNSPECIFIED:IMAGE:IMPRESSION,USD,55330,0,691.62,0,0
2026-11-24,US,adv_demo_001,AMAZON_DSP,,VIDEO,ONLINE_VIDEO,,IMPRESSION,CPM,AMAZON_DSP:ONLINE_VIDEO:UNSPECIFIED:VIDEO:IMPRESSION,USD,42871,0,857.42,0,0
2026-11-24,US,adv_demo_001,AMAZON_DSP,,VIDEO,STREAMING_TV,,IMPRESSION,CPM,AMAZON_DSP:STREAMING_TV:UNSPECIFIED:VIDEO:IMPRESSION,USD,51412,0,1439.54,0,0
2026-11-24,US,adv_demo_001,SPONSORED_BRANDS,COMPONENT,IMAGE,,TOP_OF_SEARCH,IMPRESSION,CPM,SPONSORED_BRANDS:COMPONENT:TOP_OF_SEARCH:IMAGE:IMPRESSION,USD,23953,0,0,0,0
2026-11-24,US,adv_demo_001,SPONSORED_BRANDS,COMPONENT,IMAGE,,TOP_OF_SEARCH,CLICK,CPC,SPONSORED_BRANDS:COMPONENT:TOP_OF_SEARCH:IMAGE:CLICK,USD,0,182,218.4,10,844.6
2026-11-24,US,adv_demo_001,SPONSORED_BRANDS,DISPLAY,IMAGE,,REST_OF_SEARCH,IMPRESSION,CPM,SPONSORED_BRANDS:DISPLAY:REST_OF_SEARCH:IMAGE:IMPRESSION,USD,27494,0,0,0,0
2026-11-24,US,adv_demo_001,SPONSORED_BRANDS,VIDEO,VIDEO,,TOP_OF_SEARCH,IMPRESSION,CPM,SPONSORED_BRANDS:VIDEO:TOP_OF_SEARCH:VIDEO:IMPRESSION,USD,16235,0,0,0,0
2026-11-24,US,adv_demo_001,SPONSORED_BRANDS,VIDEO,VIDEO,,TOP_OF_SEARCH,CLICK,CPC,SPONSORED_BRANDS:VIDEO:TOP_OF_SEARCH:VIDEO:CLICK,USD,0,112,154.56,6,573.3
2026-11-24,US,adv_demo_001,SPONSORED_DISPLAY,DISPLAY,IMAGE,,PRODUCT_PAGE,IMPRESSION,CPM,SPONSORED_DISPLAY:DISPLAY:PRODUCT_PAGE:IMAGE:IMPRESSION,USD,24776,0,0,0,0
2026-11-24,US,adv_demo_001,SPONSORED_DISPLAY,DISPLAY,IMAGE,,PRODUCT_PAGE,CLICK,CPC,SPONSORED_DISPLAY:DISPLAY:PRODUCT_PAGE:IMAGE:CLICK,USD,0,141,129.72,6,437.76
2026-11-24,US,adv_demo_001,SPONSORED_DISPLAY,DISPLAY,VIDEO,,PRODUCT_PAGE,IMPRESSION,CPM,SPONSORED_DISPLAY:DISPLAY:PRODUCT_PAGE:VIDEO:IMPRESSION,USD,20317,0,0,0,0
2026-11-24,US,adv_demo_001,SPONSORED_DISPLAY,VIDEO,VIDEO,,PRODUCT_PAGE,CLICK,CPC,SPONSORED_DISPLAY:VIDEO:PRODUCT_PAGE:VIDEO:CLICK,USD,0,130,153.4,6,517.44
2026-11-24,US,adv_demo_001,SPONSORED_PRODUCTS,PRODUCT_AD,,,PRODUCT_PAGE,CLICK,CPC,SPONSORED_PRODUCTS:PRODUCT_AD:PRODUCT_PAGE:UNSPECIFIED:CLICK,USD,0,375,330.0,26,1750.32
2026-11-24,US,adv_demo_001,SPONSORED_PRODUCTS,PRODUCT_AD,,,REST_OF_SEARCH,CLICK,CPC,SPONSORED_PRODUCTS:PRODUCT_AD:REST_OF_SEARCH:UNSPECIFIED:CLICK,USD,0,373,305.86,24,1560.0
2026-11-24,US,adv_demo_001,SPONSORED_PRODUCTS,PRODUCT_AD,,,TOP_OF_SEARCH,IMPRESSION,CPM,SPONSORED_PRODUCTS:PRODUCT_AD:TOP_OF_SEARCH:UNSPECIFIED:IMPRESSION,USD,43481,0,0,0,0
2026-11-24,US,adv_demo_001,SPONSORED_PRODUCTS,PRODUCT_AD,,,TOP_OF_SEARCH,CLICK,CPC,SPONSORED_PRODUCTS:PRODUCT_AD:TOP_OF_SEARCH:UNSPECIFIED:CLICK,USD,0,490,499.8,39,2836.08
2026-11-25,US,adv_demo_001,AMAZON_DSP,,,AUDIO,,IMPRESSION,CPM,AMAZON_DSP:AUDIO:UNSPECIFIED:UNSPECIFIED:IMPRESSION,USD,46766,0,841.79,0,0
2026-11-25,US,adv_demo_001,AMAZON_DSP,,IMAGE,DISPLAY,,IMPRESSION,CPM,AMAZON_DSP:DISPLAY:UNSPECIFIED:IMAGE:IMPRESSION,USD,56307,0,703.84,0,0
2026-11-25,US,adv_demo_001,AMAZON_DSP,,VIDEO,ONLINE_VIDEO,,IMPRESSION,CPM,AMAZON_DSP:ONLINE_VIDEO:UNSPECIFIED:VIDEO:IMPRESSION,USD,43848,0,876.96,0,0
2026-11-25,US,adv_demo_001,AMAZON_DSP,,VIDEO,STREAMING_TV,,IMPRESSION,CPM,AMAZON_DSP:STREAMING_TV:UNSPECIFIED:VIDEO:IMPRESSION,USD,52389,0,1466.89,0,0
2026-11-25,US,adv_demo_001,SPONSORED_BRANDS,COMPONENT,IMAGE,,TOP_OF_SEARCH,IMPRESSION,CPM,SPONSORED_BRANDS:COMPONENT:TOP_OF_SEARCH:IMAGE:IMPRESSION,USD,18130,0,0,0,0
2026-11-25,US,adv_demo_001,SPONSORED_BRANDS,COMPONENT,IMAGE,,TOP_OF_SEARCH,CLICK,CPC,SPONSORED_BRANDS:COMPONENT:TOP_OF_SEARCH:IMAGE:CLICK,USD,0,139,166.8,8,629.76
2026-11-25,US,adv_demo_001,SPONSORED_BRANDS,DISPLAY,IMAGE,,REST_OF_SEARCH,IMPRESSION,CPM,SPONSORED_BRANDS:DISPLAY:REST_OF_SEARCH:IMAGE:IMPRESSION,USD,21671,0,0,0,0
2026-11-25,US,adv_demo_001,SPONSORED_BRANDS,VIDEO,VIDEO,,TOP_OF_SEARCH,IMPRESSION,CPM,SPONSORED_BRANDS:VIDEO:TOP_OF_SEARCH:VIDEO:IMPRESSION,USD,17212,0,0,0,0
2026-11-25,US,adv_demo_001,SPONSORED_BRANDS,VIDEO,VIDEO,,TOP_OF_SEARCH,CLICK,CPC,SPONSORED_BRANDS:VIDEO:TOP_OF_SEARCH:VIDEO:CLICK,USD,0,120,165.6,6,535.08
2026-11-25,US,adv_demo_001,SPONSORED_DISPLAY,DISPLAY,IMAGE,,PRODUCT_PAGE,IMPRESSION,CPM,SPONSORED_DISPLAY:DISPLAY:PRODUCT_PAGE:IMAGE:IMPRESSION,USD,25753,0,0,0,0
2026-11-25,US,adv_demo_001,SPONSORED_DISPLAY,DISPLAY,IMAGE,,PRODUCT_PAGE,CLICK,CPC,SPONSORED_DISPLAY:DISPLAY:PRODUCT_PAGE:IMAGE:CLICK,USD,0,148,136.16,6,451.44
2026-11-25,US,adv_demo_001,SPONSORED_DISPLAY,DISPLAY,VIDEO,,PRODUCT_PAGE,IMPRESSION,CPM,SPONSORED_DISPLAY:DISPLAY:PRODUCT_PAGE:VIDEO:IMPRESSION,USD,21294,0,0,0,0
2026-11-25,US,adv_demo_001,SPONSORED_DISPLAY,VIDEO,VIDEO,,PRODUCT_PAGE,CLICK,CPC,SPONSORED_DISPLAY:VIDEO:PRODUCT_PAGE:VIDEO:CLICK,USD,0,138,162.84,6,533.28
2026-11-25,US,adv_demo_001,SPONSORED_PRODUCTS,PRODUCT_AD,,,PRODUCT_PAGE,CLICK,CPC,SPONSORED_PRODUCTS:PRODUCT_AD:PRODUCT_PAGE:UNSPECIFIED:CLICK,USD,0,390,343.2,28,1942.08
2026-11-25,US,adv_demo_001,SPONSORED_PRODUCTS,PRODUCT_AD,,,REST_OF_SEARCH,CLICK,CPC,SPONSORED_PRODUCTS:PRODUCT_AD:REST_OF_SEARCH:UNSPECIFIED:CLICK,USD,0,353,289.46,24,1606.8
2026-11-25,US,adv_demo_001,SPONSORED_PRODUCTS,PRODUCT_AD,,,TOP_OF_SEARCH,IMPRESSION,CPM,SPONSORED_PRODUCTS:PRODUCT_AD:TOP_OF_SEARCH:UNSPECIFIED:IMPRESSION,USD,44458,0,0,0,0
2026-11-25,US,adv_demo_001,SPONSORED_PRODUCTS,PRODUCT_AD,,,TOP_OF_SEARCH,CLICK,CPC,SPONSORED_PRODUCTS:PRODUCT_AD:TOP_OF_SEARCH:UNSPECIFIED:CLICK,USD,0,507,517.14,41,3070.08
2026-11-26,US,adv_demo_001,AMAZON_DSP,,,AUDIO,,IMPRESSION,CPM,AMAZON_DSP:AUDIO:UNSPECIFIED:UNSPECIFIED:IMPRESSION,USD,47743,0,859.37,0,0
2026-11-26,US,adv_demo_001,AMAZON_DSP,,IMAGE,DISPLAY,,IMPRESSION,CPM,AMAZON_DSP:DISPLAY:UNSPECIFIED:IMAGE:IMPRESSION,USD,57284,0,716.05,0,0
2026-11-26,US,adv_demo_001,AMAZON_DSP,,VIDEO,ONLINE_VIDEO,,IMPRESSION,CPM,AMAZON_DSP:ONLINE_VIDEO:UNSPECIFIED:VIDEO:IMPRESSION,USD,38025,0,760.5,0,0
2026-11-26,US,adv_demo_001,AMAZON_DSP,,VIDEO,STREAMING_TV,,IMPRESSION,CPM,AMAZON_DSP:STREAMING_TV:UNSPECIFIED:VIDEO:IMPRESSION,USD,46566,0,1303.85,0,0
2026-11-26,US,adv_demo_001,SPONSORED_BRANDS,COMPONENT,IMAGE,,TOP_OF_SEARCH,IMPRESSION,CPM,SPONSORED_BRANDS:COMPONENT:TOP_OF_SEARCH:IMAGE:IMPRESSION,USD,19107,0,0,0,0
2026-11-26,US,adv_demo_001,SPONSORED_BRANDS,COMPONENT,IMAGE,,TOP_OF_SEARCH,CLICK,CPC,SPONSORED_BRANDS:COMPONENT:TOP_OF_SEARCH:IMAGE:CLICK,USD,0,148,177.6,7,568.26
2026-11-26,US,adv_demo_001,SPONSORED_BRANDS,DISPLAY,IMAGE,,REST_OF_SEARCH,IMPRESSION,CPM,SPONSORED_BRANDS:DISPLAY:REST_OF_SEARCH:IMAGE:IMPRESSION,USD,22648,0,0,0,0
2026-11-26,US,adv_demo_001,SPONSORED_BRANDS,VIDEO,VIDEO,,TOP_OF_SEARCH,IMPRESSION,CPM,SPONSORED_BRANDS:VIDEO:TOP_OF_SEARCH:VIDEO:IMPRESSION,USD,18189,0,0,0,0
2026-11-26,US,adv_demo_001,SPONSORED_BRANDS,VIDEO,VIDEO,,TOP_OF_SEARCH,CLICK,CPC,SPONSORED_BRANDS:VIDEO:TOP_OF_SEARCH:VIDEO:CLICK,USD,0,128,176.64,6,551.46
2026-11-26,US,adv_demo_001,SPONSORED_DISPLAY,DISPLAY,IMAGE,,PRODUCT_PAGE,IMPRESSION,CPM,SPONSORED_DISPLAY:DISPLAY:PRODUCT_PAGE:IMAGE:IMPRESSION,USD,26730,0,0,0,0
2026-11-26,US,adv_demo_001,SPONSORED_DISPLAY,DISPLAY,IMAGE,,PRODUCT_PAGE,CLICK,CPC,SPONSORED_DISPLAY:DISPLAY:PRODUCT_PAGE:IMAGE:CLICK,USD,0,155,142.6,7,542.64
2026-11-26,US,adv_demo_001,SPONSORED_DISPLAY,DISPLAY,VIDEO,,PRODUCT_PAGE,IMPRESSION,CPM,SPONSORED_DISPLAY:DISPLAY:PRODUCT_PAGE:VIDEO:IMPRESSION,USD,22271,0,0,0,0
2026-11-26,US,adv_demo_001,SPONSORED_DISPLAY,VIDEO,VIDEO,,PRODUCT_PAGE,CLICK,CPC,SPONSORED_DISPLAY:VIDEO:PRODUCT_PAGE:VIDEO:CLICK,USD,0,146,172.28,7,640.64
2026-11-26,US,adv_demo_001,SPONSORED_PRODUCTS,PRODUCT_AD,,,PRODUCT_PAGE,CLICK,CPC,SPONSORED_PRODUCTS:PRODUCT_AD:PRODUCT_PAGE:UNSPECIFIED:CLICK,USD,0,369,324.72,27,1927.8
2026-11-26,US,adv_demo_001,SPONSORED_PRODUCTS,PRODUCT_AD,,,REST_OF_SEARCH,CLICK,CPC,SPONSORED_PRODUCTS:PRODUCT_AD:REST_OF_SEARCH:UNSPECIFIED:CLICK,USD,0,365,299.3,25,1560.0
2026-11-26,US,adv_demo_001,SPONSORED_PRODUCTS,PRODUCT_AD,,,TOP_OF_SEARCH,IMPRESSION,CPM,SPONSORED_PRODUCTS:PRODUCT_AD:TOP_OF_SEARCH:UNSPECIFIED:IMPRESSION,USD,45435,0,0,0,0
2026-11-26,US,adv_demo_001,SPONSORED_PRODUCTS,PRODUCT_AD,,,TOP_OF_SEARCH,CLICK,CPC,SPONSORED_PRODUCTS:PRODUCT_AD:TOP_OF_SEARCH:UNSPECIFIED:CLICK,USD,0,523,533.46,43,3003.12
2026-11-27,US,adv_demo_001,AMAZON_DSP,,,AUDIO,,IMPRESSION,CPM,AMAZON_DSP:AUDIO:UNSPECIFIED:UNSPECIFIED:IMPRESSION,USD,48720,0,876.96,0,0
2026-11-27,US,adv_demo_001,AMAZON_DSP,,IMAGE,DISPLAY,,IMPRESSION,CPM,AMAZON_DSP:DISPLAY:UNSPECIFIED:IMAGE:IMPRESSION,USD,51461,0,643.26,0,0
2026-11-27,US,adv_demo_001,AMAZON_DSP,,VIDEO,ONLINE_VIDEO,,IMPRESSION,CPM,AMAZON_DSP:ONLINE_VIDEO:UNSPECIFIED:VIDEO:IMPRESSION,USD,39002,0,780.04,0,0
2026-11-27,US,adv_demo_001,AMAZON_DSP,,VIDEO,STREAMING_TV,,IMPRESSION,CPM,AMAZON_DSP:STREAMING_TV:UNSPECIFIED:VIDEO:IMPRESSION,USD,47543,0,1331.2,0,0
2026-11-27,US,adv_demo_001,SPONSORED_BRANDS,COMPONENT,IMAGE,,TOP_OF_SEARCH,IMPRESSION,CPM,SPONSORED_BRANDS:COMPONENT:TOP_OF_SEARCH:IMAGE:IMPRESSION,USD,20084,0,0,0,0
2026-11-27,US,adv_demo_001,SPONSORED_BRANDS,COMPONENT,IMAGE,,TOP_OF_SEARCH,CLICK,CPC,SPONSORED_BRANDS:COMPONENT:TOP_OF_SEARCH:IMAGE:CLICK,USD,0,157,188.4,8,669.12
2026-11-27,US,adv_demo_001,SPONSORED_BRANDS,DISPLAY,IMAGE,,REST_OF_SEARCH,IMPRESSION,CPM,SPONSORED_BRANDS:DISPLAY:REST_OF_SEARCH:IMAGE:IMPRESSION,USD,23625,0,0,0,0
2026-11-27,US,adv_demo_001,SPONSORED_BRANDS,VIDEO,VIDEO,,TOP_OF_SEARCH,IMPRESSION,CPM,SPONSORED_BRANDS:VIDEO:TOP_OF_SEARCH:VIDEO:IMPRESSION,USD,19166,0,0,0,0
2026-11-27,US,adv_demo_001,SPONSORED_BRANDS,VIDEO,VIDEO,,TOP_OF_SEARCH,CLICK,CPC,SPONSORED_BRANDS:VIDEO:TOP_OF_SEARCH:VIDEO:CLICK,USD,0,136,187.68,7,662.48
2026-11-27,US,adv_demo_001,SPONSORED_DISPLAY,DISPLAY,IMAGE,,PRODUCT_PAGE,IMPRESSION,CPM,SPONSORED_DISPLAY:DISPLAY:PRODUCT_PAGE:IMAGE:IMPRESSION,USD,27707,0,0,0,0
2026-11-27,US,adv_demo_001,SPONSORED_DISPLAY,DISPLAY,IMAGE,,PRODUCT_PAGE,CLICK,CPC,SPONSORED_DISPLAY:DISPLAY:PRODUCT_PAGE:IMAGE:CLICK,USD,0,162,149.04,7,558.6
2026-11-27,US,adv_demo_001,SPONSORED_DISPLAY,DISPLAY,VIDEO,,PRODUCT_PAGE,IMPRESSION,CPM,SPONSORED_DISPLAY:DISPLAY:PRODUCT_PAGE:VIDEO:IMPRESSION,USD,23248,0,0,0,0
2026-11-27,US,adv_demo_001,SPONSORED_DISPLAY,VIDEO,VIDEO,,PRODUCT_PAGE,CLICK,CPC,SPONSORED_DISPLAY:VIDEO:PRODUCT_PAGE:VIDEO:CLICK,USD,0,141,166.38,7,597.52
2026-11-27,US,adv_demo_001,SPONSORED_PRODUCTS,PRODUCT_AD,,,PRODUCT_PAGE,CLICK,CPC,SPONSORED_PRODUCTS:PRODUCT_AD:PRODUCT_PAGE:UNSPECIFIED:CLICK,USD,0,382,336.16,29,1932.56
2026-11-27,US,adv_demo_001,SPONSORED_PRODUCTS,PRODUCT_AD,,,REST_OF_SEARCH,CLICK,CPC,SPONSORED_PRODUCTS:PRODUCT_AD:REST_OF_SEARCH:UNSPECIFIED:CLICK,USD,0,378,309.96,26,1673.1
2026-11-27,US,adv_demo_001,SPONSORED_PRODUCTS,PRODUCT_AD,,,TOP_OF_SEARCH,IMPRESSION,CPM,SPONSORED_PRODUCTS:PRODUCT_AD:TOP_OF_SEARCH:UNSPECIFIED:IMPRESSION,USD,46412,0,0,0,0
2026-11-27,US,adv_demo_001,SPONSORED_PRODUCTS,PRODUCT_AD,,,TOP_OF_SEARCH,CLICK,CPC,SPONSORED_PRODUCTS:PRODUCT_AD:TOP_OF_SEARCH:UNSPECIFIED:CLICK,USD,0,540,550.8,45,3240.0
2026-11-28,US,adv_demo_001,AMAZON_DSP,,,AUDIO,,IMPRESSION,CPM,AMAZON_DSP:AUDIO:UNSPECIFIED:UNSPECIFIED:IMPRESSION,USD,42897,0,772.15,0,0
2026-11-28,US,adv_demo_001,AMAZON_DSP,,IMAGE,DISPLAY,,IMPRESSION,CPM,AMAZON_DSP:DISPLAY:UNSPECIFIED:IMAGE:IMPRESSION,USD,52438,0,655.48,0,0
2026-11-28,US,adv_demo_001,AMAZON_DSP,,VIDEO,ONLINE_VIDEO,,IMPRESSION,CPM,AMAZON_DSP:ONLINE_VIDEO:UNSPECIFIED:VIDEO:IMPRESSION,USD,39979,0,799.58,0,0
2026-11-28,US,adv_demo_001,AMAZON_DSP,,VIDEO,STREAMING_TV,,IMPRESSION,CPM,AMAZON_DSP:STREAMING_TV:UNSPECIFIED:VIDEO:IMPRESSION,USD,48520,0,1358.56,0,0
2026-11-28,US,adv_demo_001,SPONSORED_BRANDS,COMPONENT,IMAGE,,TOP_OF_SEARCH,IMPRESSION,CPM,SPONSORED_BRANDS:COMPONENT:TOP_OF_SEARCH:IMAGE:IMPRESSION,USD,21061,0,0,0,0
2026-11-28,US,adv_demo_001,SPONSORED_BRANDS,COMPONENT,IMAGE,,TOP_OF_SEARCH,CLICK,CPC,SPONSORED_BRANDS:COMPONENT:TOP_OF_SEARCH:IMAGE:CLICK,USD,0,167,200.4,9,774.9
2026-11-28,US,adv_demo_001,SPONSORED_BRANDS,DISPLAY,IMAGE,,REST_OF_SEARCH,IMPRESSION,CPM,SPONSORED_BRANDS:DISPLAY:REST_OF_SEARCH:IMAGE:IMPRESSION,USD,24602,0,0,0,0
2026-11-28,US,adv_demo_001,SPONSORED_BRANDS,VIDEO,VIDEO,,TOP_OF_SEARCH,IMPRESSION,CPM,SPONSORED_BRANDS:VIDEO:TOP_OF_SEARCH:VIDEO:IMPRESSION,USD,20143,0,0,0,0
2026-11-28,US,adv_demo_001,SPONSORED_BRANDS,VIDEO,VIDEO,,TOP_OF_SEARCH,CLICK,CPC,SPONSORED_BRANDS:VIDEO:TOP_OF_SEARCH:VIDEO:CLICK,USD,0,144,198.72,7,617.89
2026-11-28,US,adv_demo_001,SPONSORED_DISPLAY,DISPLAY,IMAGE,,PRODUCT_PAGE,IMPRESSION,CPM,SPONSORED_DISPLAY:DISPLAY:PRODUCT_PAGE:IMAGE:IMPRESSION,USD,28684,0,0,0,0
2026-11-28,US,adv_demo_001,SPONSORED_DISPLAY,DISPLAY,IMAGE,,PRODUCT_PAGE,CLICK,CPC,SPONSORED_DISPLAY:DISPLAY:PRODUCT_PAGE:IMAGE:CLICK,USD,0,170,156.4,8,595.84
2026-11-28,US,adv_demo_001,SPONSORED_DISPLAY,DISPLAY,VIDEO,,PRODUCT_PAGE,IMPRESSION,CPM,SPONSORED_DISPLAY:DISPLAY:PRODUCT_PAGE:VIDEO:IMPRESSION,USD,24225,0,0,0,0
2026-11-28,US,adv_demo_001,SPONSORED_DISPLAY,VIDEO,VIDEO,,PRODUCT_PAGE,CLICK,CPC,SPONSORED_DISPLAY:VIDEO:PRODUCT_PAGE:VIDEO:CLICK,USD,0,149,175.82,7,616.0
2026-11-28,US,adv_demo_001,SPONSORED_PRODUCTS,PRODUCT_AD,,,PRODUCT_PAGE,CLICK,CPC,SPONSORED_PRODUCTS:PRODUCT_AD:PRODUCT_PAGE:UNSPECIFIED:CLICK,USD,0,396,348.48,30,2060.4
2026-11-28,US,adv_demo_001,SPONSORED_PRODUCTS,PRODUCT_AD,,,REST_OF_SEARCH,CLICK,CPC,SPONSORED_PRODUCTS:PRODUCT_AD:REST_OF_SEARCH:UNSPECIFIED:CLICK,USD,0,329,269.78,21,1392.3
2026-11-28,US,adv_demo_001,SPONSORED_PRODUCTS,PRODUCT_AD,,,TOP_OF_SEARCH,IMPRESSION,CPM,SPONSORED_PRODUCTS:PRODUCT_AD:TOP_OF_SEARCH:UNSPECIFIED:IMPRESSION,USD,40589,0,0,0,0
2026-11-28,US,adv_demo_001,SPONSORED_PRODUCTS,PRODUCT_AD,,,TOP_OF_SEARCH,CLICK,CPC,SPONSORED_PRODUCTS:PRODUCT_AD:TOP_OF_SEARCH:UNSPECIFIED:CLICK,USD,0,477,486.54,36,2669.76
2026-11-29,US,adv_demo_001,AMAZON_DSP,,,AUDIO,,IMPRESSION,CPM,AMAZON_DSP:AUDIO:UNSPECIFIED:UNSPECIFIED:IMPRESSION,USD,43874,0,789.73,0,0
2026-11-29,US,adv_demo_001,AMAZON_DSP,,IMAGE,DISPLAY,,IMPRESSION,CPM,AMAZON_DSP:DISPLAY:UNSPECIFIED:IMAGE:IMPRESSION,USD,53415,0,667.69,0,0
2026-11-29,US,adv_demo_001,AMAZON_DSP,,VIDEO,ONLINE_VIDEO,,IMPRESSION,CPM,AMAZON_DSP:ONLINE_VIDEO:UNSPECIFIED:VIDEO:IMPRESSION,USD,40956,0,819.12,0,0
2026-11-29,US,adv_demo_001,AMAZON_DSP,,VIDEO,STREAMING_TV,,IMPRESSION,CPM,AMAZON_DSP:STREAMING_TV:UNSPECIFIED:VIDEO:IMPRESSION,USD,49497,0,1385.92,0,0
2026-11-29,US,adv_demo_001,SPONSORED_BRANDS,COMPONENT,IMAGE,,TOP_OF_SEARCH,IMPRESSION,CPM,SPONSORED_BRANDS:COMPONENT:TOP_OF_SEARCH:IMAGE:IMPRESSION,USD,22038,0,0,0,0
2026-11-29,US,adv_demo_001,SPONSORED_BRANDS,COMPONENT,IMAGE,,TOP_OF_SEARCH,CLICK,CPC,SPONSORED_BRANDS:COMPONENT:TOP_OF_SEARCH:IMAGE:CLICK,USD,0,176,211.2,9,723.24
2026-11-29,US,adv_demo_001,SPONSORED_BRANDS,DISPLAY,IMAGE,,REST_OF_SEARCH,IMPRESSION,CPM,SPONSORED_BRANDS:DISPLAY:REST_OF_SEARCH:IMAGE:IMPRESSION,USD,25579,0,0,0,0
2026-11-29,US,adv_demo_001,SPONSORED_BRANDS,VIDEO,VIDEO,,TOP_OF_SEARCH,IMPRESSION,CPM,SPONSORED_BRANDS:VIDEO:TOP_OF_SEARCH:VIDEO:IMPRESSION,USD,21120,0,0,0,0
2026-11-29,US,adv_demo_001,SPONSORED_BRANDS,VIDEO,VIDEO,,TOP_OF_SEARCH,CLICK,CPC,SPONSORED_BRANDS:VIDEO:TOP_OF_SEARCH:VIDEO:CLICK,USD,0,153,211.14,8,728.0
2026-11-29,US,adv_demo_001,SPONSORED_DISPLAY,DISPLAY,IMAGE,,PRODUCT_PAGE,IMPRESSION,CPM,SPONSORED_DISPLAY:DISPLAY:PRODUCT_PAGE:IMAGE:IMPRESSION,USD,29661,0,0,0,0
2026-11-29,US,adv_demo_001,SPONSORED_DISPLAY,DISPLAY,IMAGE,,PRODUCT_PAGE,CLICK,CPC,SPONSORED_DISPLAY:DISPLAY:PRODUCT_PAGE:IMAGE:CLICK,USD,0,162,149.04,7,537.32
2026-11-29,US,adv_demo_001,SPONSORED_DISPLAY,DISPLAY,VIDEO,,PRODUCT_PAGE,IMPRESSION,CPM,SPONSORED_DISPLAY:DISPLAY:PRODUCT_PAGE:VIDEO:IMPRESSION,USD,25202,0,0,0,0
2026-11-29,US,adv_demo_001,SPONSORED_DISPLAY,VIDEO,VIDEO,,PRODUCT_PAGE,CLICK,CPC,SPONSORED_DISPLAY:VIDEO:PRODUCT_PAGE:VIDEO:CLICK,USD,0,157,185.26,7,634.48
2026-11-29,US,adv_demo_001,SPONSORED_PRODUCTS,PRODUCT_AD,,,PRODUCT_PAGE,CLICK,CPC,SPONSORED_PRODUCTS:PRODUCT_AD:PRODUCT_PAGE:UNSPECIFIED:CLICK,USD,0,341,300.08,24,1697.28
2026-11-29,US,adv_demo_001,SPONSORED_PRODUCTS,PRODUCT_AD,,,REST_OF_SEARCH,CLICK,CPC,SPONSORED_PRODUCTS:PRODUCT_AD:REST_OF_SEARCH:UNSPECIFIED:CLICK,USD,0,341,279.62,22,1501.5
2026-11-29,US,adv_demo_001,SPONSORED_PRODUCTS,PRODUCT_AD,,,TOP_OF_SEARCH,IMPRESSION,CPM,SPONSORED_PRODUCTS:PRODUCT_AD:TOP_OF_SEARCH:UNSPECIFIED:IMPRESSION,USD,41566,0,0,0,0
2026-11-29,US,adv_demo_001,SPONSORED_PRODUCTS,PRODUCT_AD,,,TOP_OF_SEARCH,CLICK,CPC,SPONSORED_PRODUCTS:PRODUCT_AD:TOP_OF_SEARCH:UNSPECIFIED:CLICK,USD,0,494,503.88,38,2626.56
2026-11-30,US,adv_demo_001,AMAZON_DSP,,,AUDIO,,IMPRESSION,CPM,AMAZON_DSP:AUDIO:UNSPECIFIED:UNSPECIFIED:IMPRESSION,USD,44851,0,807.32,0,0
2026-11-30,US,adv_demo_001,AMAZON_DSP,,IMAGE,DISPLAY,,IMPRESSION,CPM,AMAZON_DSP:DISPLAY:UNSPECIFIED:IMAGE:IMPRESSION,USD,54392,0,679.9,0,0
2026-11-30,US,adv_demo_001,AMAZON_DSP,,VIDEO,ONLINE_VIDEO,,IMPRESSION,CPM,AMAZON_DSP:ONLINE_VIDEO:UNSPECIFIED:VIDEO:IMPRESSION,USD,41933,0,838.66,0,0
2026-11-30,US,adv_demo_001,AMAZON_DSP,,VIDEO,STREAMING_TV,,IMPRESSION,CPM,AMAZON_DSP:STREAMING_TV:UNSPECIFIED:VIDEO:IMPRESSION,USD,50474,0,1413.27,0,0
2026-11-30,US,adv_demo_001,SPONSORED_BRANDS,COMPONENT,IMAGE,,TOP_OF_SEARCH,IMPRESSION,CPM,SPONSORED_BRANDS:COMPONENT:TOP_OF_SEARCH:IMAGE:IMPRESSION,USD,23015,0,0,0,0
2026-11-30,US,adv_demo_001,SPONSORED_BRANDS,COMPONENT,IMAGE,,TOP_OF_SEARCH,CLICK,CPC,SPONSORED_BRANDS:COMPONENT:TOP_OF_SEARCH:IMAGE:CLICK,USD,0,186,223.2,10,828.2
2026-11-30,US,adv_demo_001,SPONSORED_BRANDS,DISPLAY,IMAGE,,REST_OF_SEARCH,IMPRESSION,CPM,SPONSORED_BRANDS:DISPLAY:REST_OF_SEARCH:IMAGE:IMPRESSION,USD,26556,0,0,0,0
2026-11-30,US,adv_demo_001,SPONSORED_BRANDS,VIDEO,VIDEO,,TOP_OF_SEARCH,IMPRESSION,CPM,SPONSORED_BRANDS:VIDEO:TOP_OF_SEARCH:VIDEO:IMPRESSION,USD,22097,0,0,0,0
2026-11-30,US,adv_demo_001,SPONSORED_BRANDS,VIDEO,VIDEO,,TOP_OF_SEARCH,CLICK,CPC,SPONSORED_BRANDS:VIDEO:TOP_OF_SEARCH:VIDEO:CLICK,USD,0,147,202.86,7,656.11
2026-11-30,US,adv_demo_001,SPONSORED_DISPLAY,DISPLAY,IMAGE,,PRODUCT_PAGE,IMPRESSION,CPM,SPONSORED_DISPLAY:DISPLAY:PRODUCT_PAGE:IMAGE:IMPRESSION,USD,30638,0,0,0,0
2026-11-30,US,adv_demo_001,SPONSORED_DISPLAY,DISPLAY,IMAGE,,PRODUCT_PAGE,CLICK,CPC,SPONSORED_DISPLAY:DISPLAY:PRODUCT_PAGE:IMAGE:CLICK,USD,0,169,155.48,7,553.28
2026-11-30,US,adv_demo_001,SPONSORED_DISPLAY,DISPLAY,VIDEO,,PRODUCT_PAGE,IMPRESSION,CPM,SPONSORED_DISPLAY:DISPLAY:PRODUCT_PAGE:VIDEO:IMPRESSION,USD,19379,0,0,0,0
2026-11-30,US,adv_demo_001,SPONSORED_DISPLAY,VIDEO,VIDEO,,PRODUCT_PAGE,CLICK,CPC,SPONSORED_DISPLAY:VIDEO:PRODUCT_PAGE:VIDEO:CLICK,USD,0,120,141.6,6,506.88
2026-11-30,US,adv_demo_001,SPONSORED_PRODUCTS,PRODUCT_AD,,,PRODUCT_PAGE,CLICK,CPC,SPONSORED_PRODUCTS:PRODUCT_AD:PRODUCT_PAGE:UNSPECIFIED:CLICK,USD,0,355,312.4,25,1649.0
2026-11-30,US,adv_demo_001,SPONSORED_PRODUCTS,PRODUCT_AD,,,REST_OF_SEARCH,CLICK,CPC,SPONSORED_PRODUCTS:PRODUCT_AD:REST_OF_SEARCH:UNSPECIFIED:CLICK,USD,0,354,290.28,23,1465.1
2026-11-30,US,adv_demo_001,SPONSORED_PRODUCTS,PRODUCT_AD,,,TOP_OF_SEARCH,IMPRESSION,CPM,SPONSORED_PRODUCTS:PRODUCT_AD:TOP_OF_SEARCH:UNSPECIFIED:IMPRESSION,USD,42543,0,0,0,0
2026-11-30,US,adv_demo_001,SPONSORED_PRODUCTS,PRODUCT_AD,,,TOP_OF_SEARCH,CLICK,CPC,SPONSORED_PRODUCTS:PRODUCT_AD:TOP_OF_SEARCH:UNSPECIFIED:CLICK,USD,0,511,521.22,41,2922.48
2026-12-01,US,adv_demo_001,AMAZON_DSP,,,AUDIO,,IMPRESSION,CPM,AMAZON_DSP:AUDIO:UNSPECIFIED:UNSPECIFIED:IMPRESSION,USD,45828,0,824.9,0,0
2026-12-01,US,adv_demo_001,AMAZON_DSP,,IMAGE,DISPLAY,,IMPRESSION,CPM,AMAZON_DSP:DISPLAY:UNSPECIFIED:IMAGE:IMPRESSION,USD,55369,0,692.11,0,0
2026-12-01,US,adv_demo_001,AMAZON_DSP,,VIDEO,ONLINE_VIDEO,,IMPRESSION,CPM,AMAZON_DSP:ONLINE_VIDEO:UNSPECIFIED:VIDEO:IMPRESSION,USD,42910,0,858.2,0,0
2026-12-01,US,adv_demo_001,AMAZON_DSP,,VIDEO,STREAMING_TV,,IMPRESSION,CPM,AMAZON_DSP:STREAMING_TV:UNSPECIFIED:VIDEO:IMPRESSION,USD,51451,0,1440.63,0,0
2026-12-01,US,adv_demo_001,SPONSORED_BRANDS,COMPONENT,IMAGE,,TOP_OF_SEARCH,IMPRESSION,CPM,SPONSORED_BRANDS:COMPONENT:TOP_OF_SEARCH:IMAGE:IMPRESSION,USD,23992,0,0,0,0
2026-12-01,US,adv_demo_001,SPONSORED_BRANDS,COMPONENT,IMAGE,,TOP_OF_SEARCH,CLICK,CPC,SPONSORED_BRANDS:COMPONENT:TOP_OF_SEARCH:IMAGE:CLICK,USD,0,196,235.2,11,938.08
2026-12-01,US,adv_demo_001,SPONSORED_BRANDS,DISPLAY,IMAGE,,REST_OF_SEARCH,IMPRESSION,CPM,SPONSORED_BRANDS:DISPLAY:REST_OF_SEARCH:IMAGE:IMPRESSION,USD,27533,0,0,0,0
2026-12-01,US,adv_demo_001,SPONSORED_BRANDS,VIDEO,VIDEO,,TOP_OF_SEARCH,IMPRESSION,CPM,SPONSORED_BRANDS:VIDEO:TOP_OF_SEARCH:VIDEO:IMPRESSION,USD,16274,0,0,0,0
2026-12-01,US,adv_demo_001,SPONSORED_BRANDS,VIDEO,VIDEO,,TOP_OF_SEARCH,CLICK,CPC,SPONSORED_BRANDS:VIDEO:TOP_OF_SEARCH:VIDEO:CLICK,USD,0,110,151.8,5,436.8
2026-12-01,US,adv_demo_001,SPONSORED_DISPLAY,DISPLAY,IMAGE,,PRODUCT_PAGE,IMPRESSION,CPM,SPONSORED_DISPLAY:DISPLAY:PRODUCT_PAGE:IMAGE:IMPRESSION,USD,24815,0,0,0,0
2026-12-01,US,adv_demo_001,SPONSORED_DISPLAY,DISPLAY,IMAGE,,PRODUCT_PAGE,CLICK,CPC,SPONSORED_DISPLAY:DISPLAY:PRODUCT_PAGE:IMAGE:CLICK,USD,0,138,126.96,6,442.32
2026-12-01,US,adv_demo_001,SPONSORED_DISPLAY,DISPLAY,VIDEO,,PRODUCT_PAGE,IMPRESSION,CPM,SPONSORED_DISPLAY:DISPLAY:PRODUCT_PAGE:VIDEO:IMPRESSION,USD,20356,0,0,0,0
2026-12-01,US,adv_demo_001,SPONSORED_DISPLAY,VIDEO,VIDEO,,PRODUCT_PAGE,CLICK,CPC,SPONSORED_DISPLAY:VIDEO:PRODUCT_PAGE:VIDEO:CLICK,USD,0,128,151.04,6,522.72
2026-12-01,US,adv_demo_001,SPONSORED_PRODUCTS,PRODUCT_AD,,,PRODUCT_PAGE,CLICK,CPC,SPONSORED_PRODUCTS:PRODUCT_AD:PRODUCT_PAGE:UNSPECIFIED:CLICK,USD,0,368,323.84,27,1836.0
2026-12-01,US,adv_demo_001,SPONSORED_PRODUCTS,PRODUCT_AD,,,REST_OF_SEARCH,CLICK,CPC,SPONSORED_PRODUCTS:PRODUCT_AD:REST_OF_SEARCH:UNSPECIFIED:CLICK,USD,0,366,300.12,25,1641.25
2026-12-01,US,adv_demo_001,SPONSORED_PRODUCTS,PRODUCT_AD,,,TOP_OF_SEARCH,IMPRESSION,CPM,SPONSORED_PRODUCTS:PRODUCT_AD:TOP_OF_SEARCH:UNSPECIFIED:IMPRESSION,USD,43520,0,0,0,0
2026-12-01,US,adv_demo_001,SPONSORED_PRODUCTS,PRODUCT_AD,,,TOP_OF_SEARCH,CLICK,CPC,SPONSORED_PRODUCTS:PRODUCT_AD:TOP_OF_SEARCH:UNSPECIFIED:CLICK,USD,0,527,537.54,43,3157.92
2026-12-02,US,adv_demo_001,AMAZON_DSP,,,AUDIO,,IMPRESSION,CPM,AMAZON_DSP:AUDIO:UNSPECIFIED:UNSPECIFIED:IMPRESSION,USD,46805,0,842.49,0,0
2026-12-02,US,adv_demo_001,AMAZON_DSP,,IMAGE,DISPLAY,,IMPRESSION,CPM,AMAZON_DSP:DISPLAY:UNSPECIFIED:IMAGE:IMPRESSION,USD,56346,0,704.32,0,0
2026-12-02,US,adv_demo_001,AMAZON_DSP,,VIDEO,ONLINE_VIDEO,,IMPRESSION,CPM,AMAZON_DSP:ONLINE_VIDEO:UNSPECIFIED:VIDEO:IMPRESSION,USD,43887,0,877.74,0,0
2026-12-02,US,adv_demo_001,AMAZON_DSP,,VIDEO,STREAMING_TV,,IMPRESSION,CPM,AMAZON_DSP:STREAMING_TV:UNSPECIFIED:VIDEO:IMPRESSION,USD,52428,0,1467.98,0,0
2026-12-02,US,adv_demo_001,SPONSORED_BRANDS,COMPONENT,IMAGE,,TOP_OF_SEARCH,IMPRESSION,CPM,SPONSORED_BRANDS:COMPONENT:TOP_OF_SEARCH:IMAGE:IMPRESSION,USD,18169,0,0,0,0
2026-12-02,US,adv_demo_001,SPONSORED_BRANDS,COMPONENT,IMAGE,,TOP_OF_SEARCH,CLICK,CPC,SPONSORED_BRANDS:COMPONENT:TOP_OF_SEARCH:IMAGE:CLICK,USD,0,137,164.4,7,556.78
2026-12-02,US,adv_demo_001,SPONSORED_BRANDS,DISPLAY,IMAGE,,REST_OF_SEARCH,IMPRESSION,CPM,SPONSORED_BRANDS:DISPLAY:REST_OF_SEARCH:IMAGE:IMPRESSION,USD,21710,0,0,0,0
2026-12-02,US,adv_demo_001,SPONSORED_BRANDS,VIDEO,VIDEO,,TOP_OF_SEARCH,IMPRESSION,CPM,SPONSORED_BRANDS:VIDEO:TOP_OF_SEARCH:VIDEO:IMPRESSION,USD,17251,0,0,0,0
2026-12-02,US,adv_demo_001,SPONSORED_BRANDS,VIDEO,VIDEO,,TOP_OF_SEARCH,CLICK,CPC,SPONSORED_BRANDS:VIDEO:TOP_OF_SEARCH:VIDEO:CLICK,USD,0,118,162.84,6,540.54
2026-12-02,US,adv_demo_001,SPONSORED_DISPLAY,DISPLAY,IMAGE,,PRODUCT_PAGE,IMPRESSION,CPM,SPONSORED_DISPLAY:DISPLAY:PRODUCT_PAGE:IMAGE:IMPRESSION,USD,25792,0,0,0,0
2026-12-02,US,adv_demo_001,SPONSORED_DISPLAY,DISPLAY,IMAGE,,PRODUCT_PAGE,CLICK,CPC,SPONSORED_DISPLAY:DISPLAY:PRODUCT_PAGE:IMAGE:CLICK,USD,0,145,133.4,6,456.0
2026-12-02,US,adv_demo_001,SPONSORED_DISPLAY,DISPLAY,VIDEO,,PRODUCT_PAGE,IMPRESSION,CPM,SPONSORED_DISPLAY:DISPLAY:PRODUCT_PAGE:VIDEO:IMPRESSION,USD,21333,0,0,0,0
2026-12-02,US,adv_demo_001,SPONSORED_DISPLAY,VIDEO,VIDEO,,PRODUCT_PAGE,CLICK,CPC,SPONSORED_DISPLAY:VIDEO:PRODUCT_PAGE:VIDEO:CLICK,USD,0,136,160.48,7,628.32
2026-12-02,US,adv_demo_001,SPONSORED_PRODUCTS,PRODUCT_AD,,,PRODUCT_PAGE,CLICK,CPC,SPONSORED_PRODUCTS:PRODUCT_AD:PRODUCT_PAGE:UNSPECIFIED:CLICK,USD,0,382,336.16,28,1961.12
2026-12-02,US,adv_demo_001,SPONSORED_PRODUCTS,PRODUCT_AD,,,REST_OF_SEARCH,CLICK,CPC,SPONSORED_PRODUCTS:PRODUCT_AD:REST_OF_SEARCH:UNSPECIFIED:CLICK,USD,0,379,310.78,26,1757.6
2026-12-02,US,adv_demo_001,SPONSORED_PRODUCTS,PRODUCT_AD,,,TOP_OF_SEARCH,IMPRESSION,CPM,SPONSORED_PRODUCTS:PRODUCT_AD:TOP_OF_SEARCH:UNSPECIFIED:IMPRESSION,USD,44497,0,0,0,0
2026-12-02,US,adv_demo_001,SPONSORED_PRODUCTS,PRODUCT_AD,,,TOP_OF_SEARCH,CLICK,CPC,SPONSORED_PRODUCTS:PRODUCT_AD:TOP_OF_SEARCH:UNSPECIFIED:CLICK,USD,0,545,555.9,45,3402.0
2026-12-03,US,adv_demo_001,AMAZON_DSP,,,AUDIO,,IMPRESSION,CPM,AMAZON_DSP:AUDIO:UNSPECIFIED:UNSPECIFIED:IMPRESSION,USD,47782,0,860.08,0,0
2026-12-03,US,adv_demo_001,AMAZON_DSP,,IMAGE,DISPLAY,,IMPRESSION,CPM,AMAZON_DSP:DISPLAY:UNSPECIFIED:IMAGE:IMPRESSION,USD,57323,0,716.54,0,0
2026-12-03,US,adv_demo_001,AMAZON_DSP,,VIDEO,ONLINE_VIDEO,,IMPRESSION,CPM,AMAZON_DSP:ONLINE_VIDEO:UNSPECIFIED:VIDEO:IMPRESSION,USD,38064,0,761.28,0,0
2026-12-03,US,adv_demo_001,AMAZON_DSP,,VIDEO,STREAMING_TV,,IMPRESSION,CPM,AMAZON_DSP:STREAMING_TV:UNSPECIFIED:VIDEO:IMPRESSION,USD,46605,0,1304.94,0,0
2026-12-03,US,adv_demo_001,SPONSORED_BRANDS,COMPONENT,IMAGE,,TOP_OF_SEARCH,IMPRESSION,CPM,SPONSORED_BRANDS:COMPONENT:TOP_OF_SEARCH:IMAGE:IMPRESSION,USD,19146,0,0,0,0
2026-12-03,US,adv_demo_001,SPONSORED_BRANDS,COMPONENT,IMAGE,,TOP_OF_SEARCH,CLICK,CPC,SPONSORED_BRANDS:COMPONENT:TOP_OF_SEARCH:IMAGE:CLICK,USD,0,146,175.2,8,656.0
2026-12-03,US,adv_demo_001,SPONSORED_BRANDS,DISPLAY,IMAGE,,REST_OF_SEARCH,IMPRESSION,CPM,SPONSORED_BRANDS:DISPLAY:REST_OF_SEARCH:IMAGE:IMPRESSION,USD,22687,0,0,0,0
2026-12-03,US,adv_demo_001,SPONSORED_BRANDS,VIDEO,VIDEO,,TOP_OF_SEARCH,IMPRESSION,CPM,SPONSORED_BRANDS:VIDEO:TOP_OF_SEARCH:VIDEO:IMPRESSION,USD,18228,0,0,0,0
2026-12-03,US,adv_demo_001,SPONSORED_BRANDS,VIDEO,VIDEO,,TOP_OF_SEARCH,CLICK,CPC,SPONSORED_BRANDS:VIDEO:TOP_OF_SEARCH:VIDEO:CLICK,USD,0,126,173.88,6,556.92
2026-12-03,US,adv_demo_001,SPONSORED_DISPLAY,DISPLAY,IMAGE,,PRODUCT_PAGE,IMPRESSION,CPM,SPONSORED_DISPLAY:DISPLAY:PRODUCT_PAGE:IMAGE:IMPRESSION,USD,26769,0,0,0,0
2026-12-03,US,adv_demo_001,SPONSORED_DISPLAY,DISPLAY,IMAGE,,PRODUCT_PAGE,CLICK,CPC,SPONSORED_DISPLAY:DISPLAY:PRODUCT_PAGE:IMAGE:CLICK,USD,0,152,139.84,7,547.96
2026-12-03,US,adv_demo_001,SPONSORED_DISPLAY,DISPLAY,VIDEO,,PRODUCT_PAGE,IMPRESSION,CPM,SPONSORED_DISPLAY:DISPLAY:PRODUCT_PAGE:VIDEO:IMPRESSION,USD,22310,0,0,0,0
2026-12-03,US,adv_demo_001,SPONSORED_DISPLAY,VIDEO,VIDEO,,PRODUCT_PAGE,CLICK,CPC,SPONSORED_DISPLAY:VIDEO:PRODUCT_PAGE:VIDEO:CLICK,USD,0,144,169.92,7,646.8
2026-12-03,US,adv_demo_001,SPONSORED_PRODUCTS,PRODUCT_AD,,,PRODUCT_PAGE,CLICK,CPC,SPONSORED_PRODUCTS:PRODUCT_AD:PRODUCT_PAGE:UNSPECIFIED:CLICK,USD,0,397,349.36,30,1958.4
2026-12-03,US,adv_demo_001,SPONSORED_PRODUCTS,PRODUCT_AD,,,REST_OF_SEARCH,CLICK,CPC,SPONSORED_PRODUCTS:PRODUCT_AD:REST_OF_SEARCH:UNSPECIFIED:CLICK,USD,0,392,321.44,28,1765.4
2026-12-03,US,adv_demo_001,SPONSORED_PRODUCTS,PRODUCT_AD,,,TOP_OF_SEARCH,IMPRESSION,CPM,SPONSORED_PRODUCTS:PRODUCT_AD:TOP_OF_SEARCH:UNSPECIFIED:IMPRESSION,USD,45474,0,0,0,0
2026-12-03,US,adv_demo_001,SPONSORED_PRODUCTS,PRODUCT_AD,,,TOP_OF_SEARCH,CLICK,CPC,SPONSORED_PRODUCTS:PRODUCT_AD:TOP_OF_SEARCH:UNSPECIFIED:CLICK,USD,0,513,523.26,39,2751.84
2026-12-04,US,adv_demo_001,AMAZON_DSP,,,AUDIO,,IMPRESSION,CPM,AMAZON_DSP:AUDIO:UNSPECIFIED:UNSPECIFIED:IMPRESSION,USD,48759,0,877.66,0,0
2026-12-04,US,adv_demo_001,AMAZON_DSP,,IMAGE,DISPLAY,,IMPRESSION,CPM,AMAZON_DSP:DISPLAY:UNSPECIFIED:IMAGE:IMPRESSION,USD,51500,0,643.75,0,0
2026-12-04,US,adv_demo_001,AMAZON_DSP,,VIDEO,ONLINE_VIDEO,,IMPRESSION,CPM,AMAZON_DSP:ONLINE_VIDEO:UNSPECIFIED:VIDEO:IMPRESSION,USD,39041,0,780.82,0,0
2026-12-04,US,adv_demo_001,AMAZON_DSP,,VIDEO,STREAMING_TV,,IMPRESSION,CPM,AMAZON_DSP:STREAMING_TV:UNSPECIFIED:VIDEO:IMPRESSION,USD,47582,0,1332.3,0,0
2026-12-04,US,adv_demo_001,SPONSORED_BRANDS,COMPONENT,IMAGE,,TOP_OF_SEARCH,IMPRESSION,CPM,SPONSORED_BRANDS:COMPONENT:TOP_OF_SEARCH:IMAGE:IMPRESSION,USD,20123,0,0,0,0
2026-12-04,US,adv_demo_001,SPONSORED_BRANDS,COMPONENT,IMAGE,,TOP_OF_SEARCH,CLICK,CPC,SPONSORED_BRANDS:COMPONENT:TOP_OF_SEARCH:IMAGE:CLICK,USD,0,155,186.0,8,675.68
2026-12-04,US,adv_demo_001,SPONSORED_BRANDS,DISPLAY,IMAGE,,REST_OF_SEARCH,IMPRESSION,CPM,SPONSORED_BRANDS:DISPLAY:REST_OF_SEARCH:IMAGE:IMPRESSION,USD,23664,0,0,0,0
2026-12-04,US,adv_demo_001,SPONSORED_BRANDS,VIDEO,VIDEO,,TOP_OF_SEARCH,IMPRESSION,CPM,SPONSORED_BRANDS:VIDEO:TOP_OF_SEARCH:VIDEO:IMPRESSION,USD,19205,0,0,0,0
2026-12-04,US,adv_demo_001,SPONSORED_BRANDS,VIDEO,VIDEO,,TOP_OF_SEARCH,CLICK,CPC,SPONSORED_BRANDS:VIDEO:TOP_OF_SEARCH:VIDEO:CLICK,USD,0,134,184.92,7,668.85
2026-12-04,US,adv_demo_001,SPONSORED_DISPLAY,DISPLAY,IMAGE,,PRODUCT_PAGE,IMPRESSION,CPM,SPONSORED_DISPLAY:DISPLAY:PRODUCT_PAGE:IMAGE:IMPRESSION,USD,27746,0,0,0,0
2026-12-04,US,adv_demo_001,SPONSORED_DISPLAY,DISPLAY,IMAGE,,PRODUCT_PAGE,CLICK,CPC,SPONSORED_DISPLAY:DISPLAY:PRODUCT_PAGE:IMAGE:CLICK,USD,0,159,146.28,7,510.72
2026-12-04,US,adv_demo_001,SPONSORED_DISPLAY,DISPLAY,VIDEO,,PRODUCT_PAGE,IMPRESSION,CPM,SPONSORED_DISPLAY:DISPLAY:PRODUCT_PAGE:VIDEO:IMPRESSION,USD,23287,0,0,0,0
2026-12-04,US,adv_demo_001,SPONSORED_DISPLAY,VIDEO,VIDEO,,PRODUCT_PAGE,CLICK,CPC,SPONSORED_DISPLAY:VIDEO:PRODUCT_PAGE:VIDEO:CLICK,USD,0,152,179.36,8,689.92
2026-12-04,US,adv_demo_001,SPONSORED_PRODUCTS,PRODUCT_AD,,,PRODUCT_PAGE,CLICK,CPC,SPONSORED_PRODUCTS:PRODUCT_AD:PRODUCT_PAGE:UNSPECIFIED:CLICK,USD,0,411,361.68,28,1884.96
2026-12-04,US,adv_demo_001,SPONSORED_PRODUCTS,PRODUCT_AD,,,REST_OF_SEARCH,CLICK,CPC,SPONSORED_PRODUCTS:PRODUCT_AD:REST_OF_SEARCH:UNSPECIFIED:CLICK,USD,0,370,303.4,24,1560.0
2026-12-04,US,adv_demo_001,SPONSORED_PRODUCTS,PRODUCT_AD,,,TOP_OF_SEARCH,IMPRESSION,CPM,SPONSORED_PRODUCTS:PRODUCT_AD:TOP_OF_SEARCH:UNSPECIFIED:IMPRESSION,USD,46451,0,0,0,0
2026-12-04,US,adv_demo_001,SPONSORED_PRODUCTS,PRODUCT_AD,,,TOP_OF_SEARCH,CLICK,CPC,SPONSORED_PRODUCTS:PRODUCT_AD:TOP_OF_SEARCH:UNSPECIFIED:CLICK,USD,0,530,540.6,41,2981.52
2026-12-05,US,adv_demo_001,AMAZON_DSP,,,AUDIO,,IMPRESSION,CPM,AMAZON_DSP:AUDIO:UNSPECIFIED:UNSPECIFIED:IMPRESSION,USD,42936,0,772.85,0,0
2026-12-05,US,adv_demo_001,AMAZON_DSP,,IMAGE,DISPLAY,,IMPRESSION,CPM,AMAZON_DSP:DISPLAY:UNSPECIFIED:IMAGE:IMPRESSION,USD,52477,0,655.96,0,0
2026-12-05,US,adv_demo_001,AMAZON_DSP,,VIDEO,ONLINE_VIDEO,,IMPRESSION,CPM,AMAZON_DSP:ONLINE_VIDEO:UNSPECIFIED:VIDEO:IMPRESSION,USD,40018,0,800.36,0,0
2026-12-05,US,adv_demo_001,AMAZON_DSP,,VIDEO,STREAMING_TV,,IMPRESSION,CPM,AMAZON_DSP:STREAMING_TV:UNSPECIFIED:VIDEO:IMPRESSION,USD,48559,0,1359.65,0,0
2026-12-05,US,adv_demo_001,SPONSORED_BRANDS,COMPONENT,IMAGE,,TOP_OF_SEARCH,IMPRESSION,CPM,SPONSORED_BRANDS:COMPONENT:TOP_OF_SEARCH:IMAGE:IMPRESSION,USD,21100,0,0,0,0
2026-12-05,US,adv_demo_001,SPONSORED_BRANDS,COMPONENT,IMAGE,,TOP_OF_SEARCH,CLICK,CPC,SPONSORED_BRANDS:COMPONENT:TOP_OF_SEARCH:IMAGE:CLICK,USD,0,164,196.8,9,708.48
2026-12-05,US,adv_demo_001,SPONSORED_BRANDS,DISPLAY,IMAGE,,REST_OF_SEARCH,IMPRESSION,CPM,SPONSORED_BRANDS:DISPLAY:REST_OF_SEARCH:IMAGE:IMPRESSION,USD,24641,0,0,0,0
2026-12-05,US,adv_demo_001,SPONSORED_BRANDS,VIDEO,VIDEO,,TOP_OF_SEARCH,IMPRESSION,CPM,SPONSORED_BRANDS:VIDEO:TOP_OF_SEARCH:VIDEO:IMPRESSION,USD,20182,0,0,0,0
2026-12-05,US,adv_demo_001,SPONSORED_BRANDS,VIDEO,VIDEO,,TOP_OF_SEARCH,CLICK,CPC,SPONSORED_BRANDS:VIDEO:TOP_OF_SEARCH:VIDEO:CLICK,USD,0,142,195.96,7,624.26
2026-12-05,US,adv_demo_001,SPONSORED_DISPLAY,DISPLAY,IMAGE,,PRODUCT_PAGE,IMPRESSION,CPM,SPONSORED_DISPLAY:DISPLAY:PRODUCT_PAGE:IMAGE:IMPRESSION,USD,28723,0,0,0,0
2026-12-05,US,adv_demo_001,SPONSORED_DISPLAY,DISPLAY,IMAGE,,PRODUCT_PAGE,CLICK,CPC,SPONSORED_DISPLAY:DISPLAY:PRODUCT_PAGE:IMAGE:CLICK,USD,0,167,153.64,8,601.92
2026-12-05,US,adv_demo_001,SPONSORED_DISPLAY,DISPLAY,VIDEO,,PRODUCT_PAGE,IMPRESSION,CPM,SPONSORED_DISPLAY:DISPLAY:PRODUCT_PAGE:VIDEO:IMPRESSION,USD,24264,0,0,0,0
2026-12-05,US,adv_demo_001,SPONSORED_DISPLAY,VIDEO,VIDEO,,PRODUCT_PAGE,CLICK,CPC,SPONSORED_DISPLAY:VIDEO:PRODUCT_PAGE:VIDEO:CLICK,USD,0,161,189.98,7,622.16
2026-12-05,US,adv_demo_001,SPONSORED_PRODUCTS,PRODUCT_AD,,,PRODUCT_PAGE,CLICK,CPC,SPONSORED_PRODUCTS:PRODUCT_AD:PRODUCT_PAGE:UNSPECIFIED:CLICK,USD,0,388,341.44,27,1872.72
2026-12-05,US,adv_demo_001,SPONSORED_PRODUCTS,PRODUCT_AD,,,REST_OF_SEARCH,CLICK,CPC,SPONSORED_PRODUCTS:PRODUCT_AD:REST_OF_SEARCH:UNSPECIFIED:CLICK,USD,0,322,264.04,21,1405.95
2026-12-05,US,adv_demo_001,SPONSORED_PRODUCTS,PRODUCT_AD,,,TOP_OF_SEARCH,IMPRESSION,CPM,SPONSORED_PRODUCTS:PRODUCT_AD:TOP_OF_SEARCH:UNSPECIFIED:IMPRESSION,USD,40628,0,0,0,0
2026-12-05,US,adv_demo_001,SPONSORED_PRODUCTS,PRODUCT_AD,,,TOP_OF_SEARCH,CLICK,CPC,SPONSORED_PRODUCTS:PRODUCT_AD:TOP_OF_SEARCH:UNSPECIFIED:CLICK,USD,0,468,477.36,37,2770.56
2026-12-06,US,adv_demo_001,AMAZON_DSP,,,AUDIO,,IMPRESSION,CPM,AMAZON_DSP:AUDIO:UNSPECIFIED:UNSPECIFIED:IMPRESSION,USD,43913,0,790.43,0,0
2026-12-06,US,adv_demo_001,AMAZON_DSP,,IMAGE,DISPLAY,,IMPRESSION,CPM,AMAZON_DSP:DISPLAY:UNSPECIFIED:IMAGE:IMPRESSION,USD,53454,0,668.17,0,0
2026-12-06,US,adv_demo_001,AMAZON_DSP,,VIDEO,ONLINE_VIDEO,,IMPRESSION,CPM,AMAZON_DSP:ONLINE_VIDEO:UNSPECIFIED:VIDEO:IMPRESSION,USD,40995,0,819.9,0,0
2026-12-06,US,adv_demo_001,AMAZON_DSP,,VIDEO,STREAMING_TV,,IMPRESSION,CPM,AMAZON_DSP:STREAMING_TV:UNSPECIFIED:VIDEO:IMPRESSION,USD,49536,0,1387.01,0,0
2026-12-06,US,adv_demo_001,SPONSORED_BRANDS,COMPONENT,IMAGE,,TOP_OF_SEARCH,IMPRESSION,CPM,SPONSORED_BRANDS:COMPONENT:TOP_OF_SEARCH:IMAGE:IMPRESSION,USD,22077,0,0,0,0
2026-12-06,US,adv_demo_001,SPONSORED_BRANDS,COMPONENT,IMAGE,,TOP_OF_SEARCH,CLICK,CPC,SPONSORED_BRANDS:COMPONENT:TOP_OF_SEARCH:IMAGE:CLICK,USD,0,173,207.6,10,811.8
2026-12-06,US,adv_demo_001,SPONSORED_BRANDS,DISPLAY,IMAGE,,REST_OF_SEARCH,IMPRESSION,CPM,SPONSORED_BRANDS:DISPLAY:REST_OF_SEARCH:IMAGE:IMPRESSION,USD,25618,0,0,0,0
2026-12-06,US,adv_demo_001,SPONSORED_BRANDS,VIDEO,VIDEO,,TOP_OF_SEARCH,IMPRESSION,CPM,SPONSORED_BRANDS:VIDEO:TOP_OF_SEARCH:VIDEO:IMPRESSION,USD,21159,0,0,0,0
2026-12-06,US,adv_demo_001,SPONSORED_BRANDS,VIDEO,VIDEO,,TOP_OF_SEARCH,CLICK,CPC,SPONSORED_BRANDS:VIDEO:TOP_OF_SEARCH:VIDEO:CLICK,USD,0,150,207.0,7,643.37
2026-12-06,US,adv_demo_001,SPONSORED_DISPLAY,DISPLAY,IMAGE,,PRODUCT_PAGE,IMPRESSION,CPM,SPONSORED_DISPLAY:DISPLAY:PRODUCT_PAGE:IMAGE:IMPRESSION,USD,29700,0,0,0,0
2026-12-06,US,adv_demo_001,SPONSORED_DISPLAY,DISPLAY,IMAGE,,PRODUCT_PAGE,CLICK,CPC,SPONSORED_DISPLAY:DISPLAY:PRODUCT_PAGE:IMAGE:CLICK,USD,0,174,160.08,7,542.64
2026-12-06,US,adv_demo_001,SPONSORED_DISPLAY,DISPLAY,VIDEO,,PRODUCT_PAGE,IMPRESSION,CPM,SPONSORED_DISPLAY:DISPLAY:PRODUCT_PAGE:VIDEO:IMPRESSION,USD,25241,0,0,0,0
2026-12-06,US,adv_demo_001,SPONSORED_DISPLAY,VIDEO,VIDEO,,PRODUCT_PAGE,CLICK,CPC,SPONSORED_DISPLAY:VIDEO:PRODUCT_PAGE:VIDEO:CLICK,USD,0,154,181.72,7,640.64
2026-12-06,US,adv_demo_001,SPONSORED_PRODUCTS,PRODUCT_AD,,,PRODUCT_PAGE,CLICK,CPC,SPONSORED_PRODUCTS:PRODUCT_AD:PRODUCT_PAGE:UNSPECIFIED:CLICK,USD,0,334,293.92,24,1713.6
2026-12-06,US,adv_demo_001,SPONSORED_PRODUCTS,PRODUCT_AD,,,REST_OF_SEARCH,CLICK,CPC,SPONSORED_PRODUCTS:PRODUCT_AD:REST_OF_SEARCH:UNSPECIFIED:CLICK,USD,0,334,273.88,22,1372.8
2026-12-06,US,adv_demo_001,SPONSORED_PRODUCTS,PRODUCT_AD,,,TOP_OF_SEARCH,IMPRESSION,CPM,SPONSORED_PRODUCTS:PRODUCT_AD:TOP_OF_SEARCH:UNSPECIFIED:IMPRESSION,USD,41605,0,0,0,0
2026-12-06,US,adv_demo_001,SPONSORED_PRODUCTS,PRODUCT_AD,,,TOP_OF_SEARCH,CLICK,CPC,SPONSORED_PRODUCTS:PRODUCT_AD:TOP_OF_SEARCH:UNSPECIFIED:CLICK,USD,0,484,493.68,39,2723.76
2026-12-07,US,adv_demo_001,AMAZON_DSP,,,AUDIO,,IMPRESSION,CPM,AMAZON_DSP:AUDIO:UNSPECIFIED:UNSPECIFIED:IMPRESSION,USD,44890,0,808.02,0,0
2026-12-07,US,adv_demo_001,AMAZON_DSP,,IMAGE,DISPLAY,,IMPRESSION,CPM,AMAZON_DSP:DISPLAY:UNSPECIFIED:IMAGE:IMPRESSION,USD,54431,0,680.39,0,0
2026-12-07,US,adv_demo_001,AMAZON_DSP,,VIDEO,ONLINE_VIDEO,,IMPRESSION,CPM,AMAZON_DSP:ONLINE_VIDEO:UNSPECIFIED:VIDEO:IMPRESSION,USD,41972,0,839.44,0,0
2026-12-07,US,adv_demo_001,AMAZON_DSP,,VIDEO,STREAMING_TV,,IMPRESSION,CPM,AMAZON_DSP:STREAMING_TV:UNSPECIFIED:VIDEO:IMPRESSION,USD,50513,0,1414.36,0,0
2026-12-07,US,adv_demo_001,SPONSORED_BRANDS,COMPONENT,IMAGE,,TOP_OF_SEARCH,IMPRESSION,CPM,SPONSORED_BRANDS:COMPONENT:TOP_OF_SEARCH:IMAGE:IMPRESSION,USD,23054,0,0,0,0
2026-12-07,US,adv_demo_001,SPONSORED_BRANDS,COMPONENT,IMAGE,,TOP_OF_SEARCH,CLICK,CPC,SPONSORED_BRANDS:COMPONENT:TOP_OF_SEARCH:IMAGE:CLICK,USD,0,183,219.6,9,752.76
2026-12-07,US,adv_demo_001,SPONSORED_BRANDS,DISPLAY,IMAGE,,REST_OF_SEARCH,IMPRESSION,CPM,SPONSORED_BRANDS:DISPLAY:REST_OF_SEARCH:IMAGE:IMPRESSION,USD,26595,0,0,0,0
2026-12-07,US,adv_demo_001,SPONSORED_BRANDS,VIDEO,VIDEO,,TOP_OF_SEARCH,IMPRESSION,CPM,SPONSORED_BRANDS:VIDEO:TOP_OF_SEARCH:VIDEO:IMPRESSION,USD,22136,0,0,0,0
2026-12-07,US,adv_demo_001,SPONSORED_BRANDS,VIDEO,VIDEO,,TOP_OF_SEARCH,CLICK,CPC,SPONSORED_BRANDS:VIDEO:TOP_OF_SEARCH:VIDEO:CLICK,USD,0,159,219.42,7,662.48
2026-12-07,US,adv_demo_001,SPONSORED_DISPLAY,DISPLAY,IMAGE,,PRODUCT_PAGE,IMPRESSION,CPM,SPONSORED_DISPLAY:DISPLAY:PRODUCT_PAGE:IMAGE:IMPRESSION,USD,30677,0,0,0,0
2026-12-07,US,adv_demo_001,SPONSORED_DISPLAY,DISPLAY,IMAGE,,PRODUCT_PAGE,CLICK,CPC,SPONSORED_DISPLAY:DISPLAY:PRODUCT_PAGE:IMAGE:CLICK,USD,0,181,166.52,8,638.4
2026-12-07,US,adv_demo_001,SPONSORED_DISPLAY,DISPLAY,VIDEO,,PRODUCT_PAGE,IMPRESSION,CPM,SPONSORED_DISPLAY:DISPLAY:PRODUCT_PAGE:VIDEO:IMPRESSION,USD,19418,0,0,0,0
2026-12-07,US,adv_demo_001,SPONSORED_DISPLAY,VIDEO,VIDEO,,PRODUCT_PAGE,CLICK,CPC,SPONSORED_DISPLAY:VIDEO:PRODUCT_PAGE:VIDEO:CLICK,USD,0,118,139.24,6,512.16
2026-12-07,US,adv_demo_001,SPONSORED_PRODUCTS,PRODUCT_AD,,,PRODUCT_PAGE,CLICK,CPC,SPONSORED_PRODUCTS:PRODUCT_AD:PRODUCT_PAGE:UNSPECIFIED:CLICK,USD,0,348,306.24,26,1732.64
2026-12-07,US,adv_demo_001,SPONSORED_PRODUCTS,PRODUCT_AD,,,REST_OF_SEARCH,CLICK,CPC,SPONSORED_PRODUCTS:PRODUCT_AD:REST_OF_SEARCH:UNSPECIFIED:CLICK,USD,0,347,284.54,24,1544.4
2026-12-07,US,adv_demo_001,SPONSORED_PRODUCTS,PRODUCT_AD,,,TOP_OF_SEARCH,IMPRESSION,CPM,SPONSORED_PRODUCTS:PRODUCT_AD:TOP_OF_SEARCH:UNSPECIFIED:IMPRESSION,USD,42582,0,0,0,0
2026-12-07,US,adv_demo_001,SPONSORED_PRODUCTS,PRODUCT_AD,,,TOP_OF_SEARCH,CLICK,CPC,SPONSORED_PRODUCTS:PRODUCT_AD:TOP_OF_SEARCH:UNSPECIFIED:CLICK,USD,0,501,511.02,41,2952.0
2026-12-08,US,adv_demo_001,AMAZON_DSP,,,AUDIO,,IMPRESSION,CPM,AMAZON_DSP:AUDIO:UNSPECIFIED:UNSPECIFIED:IMPRESSION,USD,45867,0,825.61,0,0
2026-12-08,US,adv_demo_001,AMAZON_DSP,,IMAGE,DISPLAY,,IMPRESSION,CPM,AMAZON_DSP:DISPLAY:UNSPECIFIED:IMAGE:IMPRESSION,USD,55408,0,692.6,0,0
2026-12-08,US,adv_demo_001,AMAZON_DSP,,VIDEO,ONLINE_VIDEO,,IMPRESSION,CPM,AMAZON_DSP:ONLINE_VIDEO:UNSPECIFIED:VIDEO:IMPRESSION,USD,42949,0,858.98,0,0
2026-12-08,US,adv_demo_001,AMAZON_DSP,,VIDEO,STREAMING_TV,,IMPRESSION,CPM,AMAZON_DSP:STREAMING_TV:UNSPECIFIED:VIDEO:IMPRESSION,USD,51490,0,1441.72,0,0
2026-12-08,US,adv_demo_001,SPONSORED_BRANDS,COMPONENT,IMAGE,,TOP_OF_SEARCH,IMPRESSION,CPM,SPONSORED_BRANDS:COMPONENT:TOP_OF_SEARCH:IMAGE:IMPRESSION,USD,24031,0,0,0,0
2026-12-08,US,adv_demo_001,SPONSORED_BRANDS,COMPONENT,IMAGE,,TOP_OF_SEARCH,CLICK,CPC,SPONSORED_BRANDS:COMPONENT:TOP_OF_SEARCH:IMAGE:CLICK,USD,0,192,230.4,10,861.0
2026-12-08,US,adv_demo_001,SPONSORED_BRANDS,DISPLAY,IMAGE,,REST_OF_SEARCH,IMPRESSION,CPM,SPONSORED_BRANDS:DISPLAY:REST_OF_SEARCH:IMAGE:IMPRESSION,USD,27572,0,0,0,0
2026-12-08,US,adv_demo_001,SPONSORED_BRANDS,VIDEO,VIDEO,,TOP_OF_SEARCH,IMPRESSION,CPM,SPONSORED_BRANDS:VIDEO:TOP_OF_SEARCH:VIDEO:IMPRESSION,USD,16313,0,0,0,0
2026-12-08,US,adv_demo_001,SPONSORED_BRANDS,VIDEO,VIDEO,,TOP_OF_SEARCH,CLICK,CPC,SPONSORED_BRANDS:VIDEO:TOP_OF_SEARCH:VIDEO:CLICK,USD,0,118,162.84,6,529.62
2026-12-08,US,adv_demo_001,SPONSORED_DISPLAY,DISPLAY,IMAGE,,PRODUCT_PAGE,IMPRESSION,CPM,SPONSORED_DISPLAY:DISPLAY:PRODUCT_PAGE:IMAGE:IMPRESSION,USD,24854,0,0,0,0
2026-12-08,US,adv_demo_001,SPONSORED_DISPLAY,DISPLAY,IMAGE,,PRODUCT_PAGE,CLICK,CPC,SPONSORED_DISPLAY:DISPLAY:PRODUCT_PAGE:IMAGE:CLICK,USD,0,136,125.12,6,446.88
2026-12-08,US,adv_demo_001,SPONSORED_DISPLAY,DISPLAY,VIDEO,,PRODUCT_PAGE,IMPRESSION,CPM,SPONSORED_DISPLAY:DISPLAY:PRODUCT_PAGE:VIDEO:IMPRESSION,USD,20395,0,0,0,0
2026-12-08,US,adv_demo_001,SPONSORED_DISPLAY,VIDEO,VIDEO,,PRODUCT_PAGE,CLICK,CPC,SPONSORED_DISPLAY:VIDEO:PRODUCT_PAGE:VIDEO:CLICK,USD,0,125,147.5,6,528.0
2026-12-08,US,adv_demo_001,SPONSORED_PRODUCTS,PRODUCT_AD,,,PRODUCT_PAGE,CLICK,CPC,SPONSORED_PRODUCTS:PRODUCT_AD:PRODUCT_PAGE:UNSPECIFIED:CLICK,USD,0,361,317.68,27,1854.36
2026-12-08,US,adv_demo_001,SPONSORED_PRODUCTS,PRODUCT_AD,,,REST_OF_SEARCH,CLICK,CPC,SPONSORED_PRODUCTS:PRODUCT_AD:REST_OF_SEARCH:UNSPECIFIED:CLICK,USD,0,359,294.38,25,1657.5
2026-12-08,US,adv_demo_001,SPONSORED_PRODUCTS,PRODUCT_AD,,,TOP_OF_SEARCH,IMPRESSION,CPM,SPONSORED_PRODUCTS:PRODUCT_AD:TOP_OF_SEARCH:UNSPECIFIED:IMPRESSION,USD,43559,0,0,0,0
2026-12-08,US,adv_demo_001,SPONSORED_PRODUCTS,PRODUCT_AD,,,TOP_OF_SEARCH,CLICK,CPC,SPONSORED_PRODUCTS:PRODUCT_AD:TOP_OF_SEARCH:UNSPECIFIED:CLICK,USD,0,517,527.34,43,3188.88
2026-12-09,US,adv_demo_001,AMAZON_DSP,,,AUDIO,,IMPRESSION,CPM,AMAZON_DSP:AUDIO:UNSPECIFIED:UNSPECIFIED:IMPRESSION,USD,46844,0,843.19,0,0
2026-12-09,US,adv_demo_001,AMAZON_DSP,,IMAGE,DISPLAY,,IMPRESSION,CPM,AMAZON_DSP:DISPLAY:UNSPECIFIED:IMAGE:IMPRESSION,USD,56385,0,704.81,0,0
2026-12-09,US,adv_demo_001,AMAZON_DSP,,VIDEO,ONLINE_VIDEO,,IMPRESSION,CPM,AMAZON_DSP:ONLINE_VIDEO:UNSPECIFIED:VIDEO:IMPRESSION,USD,43926,0,878.52,0,0
2026-12-09,US,adv_demo_001,AMAZON_DSP,,VIDEO,STREAMING_TV,,IMPRESSION,CPM,AMAZON_DSP:STREAMING_TV:UNSPECIFIED:VIDEO:IMPRESSION,USD,52467,0,1469.08,0,0
2026-12-09,US,adv_demo_001,SPONSORED_BRANDS,COMPONENT,IMAGE,,TOP_OF_SEARCH,IMPRESSION,CPM,SPONSORED_BRANDS:COMPONENT:TOP_OF_SEARCH:IMAGE:IMPRESSION,USD,18208,0,0,0,0
2026-12-09,US,adv_demo_001,SPONSORED_BRANDS,COMPONENT,IMAGE,,TOP_OF_SEARCH,CLICK,CPC,SPONSORED_BRANDS:COMPONENT:TOP_OF_SEARCH:IMAGE:CLICK,USD,0,147,176.4,8,642.88
2026-12-09,US,adv_demo_001,SPONSORED_BRANDS,DISPLAY,IMAGE,,REST_OF_SEARCH,IMPRESSION,CPM,SPONSORED_BRANDS:DISPLAY:REST_OF_SEARCH:IMAGE:IMPRESSION,USD,21749,0,0,0,0
2026-12-09,US,adv_demo_001,SPONSORED_BRANDS,VIDEO,VIDEO,,TOP_OF_SEARCH,IMPRESSION,CPM,SPONSORED_BRANDS:VIDEO:TOP_OF_SEARCH:VIDEO:IMPRESSION,USD,17290,0,0,0,0
2026-12-09,US,adv_demo_001,SPONSORED_BRANDS,VIDEO,VIDEO,,TOP_OF_SEARCH,CLICK,CPC,SPONSORED_BRANDS:VIDEO:TOP_OF_SEARCH:VIDEO:CLICK,USD,0,115,158.7,6,546.0
2026-12-09,US,adv_demo_001,SPONSORED_DISPLAY,DISPLAY,IMAGE,,PRODUCT_PAGE,IMPRESSION,CPM,SPONSORED_DISPLAY:DISPLAY:PRODUCT_PAGE:IMAGE:IMPRESSION,USD,25831,0,0,0,0
2026-12-09,US,adv_demo_001,SPONSORED_DISPLAY,DISPLAY,IMAGE,,PRODUCT_PAGE,CLICK,CPC,SPONSORED_DISPLAY:DISPLAY:PRODUCT_PAGE:IMAGE:CLICK,USD,0,142,130.64,6,460.56
2026-12-09,US,adv_demo_001,SPONSORED_DISPLAY,DISPLAY,VIDEO,,PRODUCT_PAGE,IMPRESSION,CPM,SPONSORED_DISPLAY:DISPLAY:PRODUCT_PAGE:VIDEO:IMPRESSION,USD,21372,0,0,0,0
2026-12-09,US,adv_demo_001,SPONSORED_DISPLAY,VIDEO,VIDEO,,PRODUCT_PAGE,CLICK,CPC,SPONSORED_DISPLAY:VIDEO:PRODUCT_PAGE:VIDEO:CLICK,USD,0,133,156.94,7,634.48
2026-12-09,US,adv_demo_001,SPONSORED_PRODUCTS,PRODUCT_AD,,,PRODUCT_PAGE,CLICK,CPC,SPONSORED_PRODUCTS:PRODUCT_AD:PRODUCT_PAGE:UNSPECIFIED:CLICK,USD,0,375,330.0,29,2050.88
2026-12-09,US,adv_demo_001,SPONSORED_PRODUCTS,PRODUCT_AD,,,REST_OF_SEARCH,CLICK,CPC,SPONSORED_PRODUCTS:PRODUCT_AD:REST_OF_SEARCH:UNSPECIFIED:CLICK,USD,0,372,305.04,24,1638.0
2026-12-09,US,adv_demo_001,SPONSORED_PRODUCTS,PRODUCT_AD,,,TOP_OF_SEARCH,IMPRESSION,CPM,SPONSORED_PRODUCTS:PRODUCT_AD:TOP_OF_SEARCH:UNSPECIFIED:IMPRESSION,USD,44536,0,0,0,0
2026-12-09,US,adv_demo_001,SPONSORED_PRODUCTS,PRODUCT_AD,,,TOP_OF_SEARCH,CLICK,CPC,SPONSORED_PRODUCTS:PRODUCT_AD:TOP_OF_SEARCH:UNSPECIFIED:CLICK,USD,0,534,544.68,41,2833.92
2026-12-10,US,adv_demo_001,AMAZON_DSP,,,AUDIO,,IMPRESSION,CPM,AMAZON_DSP:AUDIO:UNSPECIFIED:UNSPECIFIED:IMPRESSION,USD,47821,0,860.78,0,0
2026-12-10,US,adv_demo_001,AMAZON_DSP,,IMAGE,DISPLAY,,IMPRESSION,CPM,AMAZON_DSP:DISPLAY:UNSPECIFIED:IMAGE:IMPRESSION,USD,57362,0,717.02,0,0
2026-12-10,US,adv_demo_001,AMAZON_DSP,,VIDEO,ONLINE_VIDEO,,IMPRESSION,CPM,AMAZON_DSP:ONLINE_VIDEO:UNSPECIFIED:VIDEO:IMPRESSION,USD,38103,0,762.06,0,0
2026-12-10,US,adv_demo_001,AMAZON_DSP,,VIDEO,STREAMING_TV,,IMPRESSION,CPM,AMAZON_DSP:STREAMING_TV:UNSPECIFIED:VIDEO:IMPRESSION,USD,46644,0,1306.03,0,0
2026-12-10,US,adv_demo_001,SPONSORED_BRANDS,COMPONENT,IMAGE,,TOP_OF_SEARCH,IMPRESSION,CPM,SPONSORED_BRANDS:COMPONENT:TOP_OF_SEARCH:IMAGE:IMPRESSION,USD,19185,0,0,0,0
2026-12-10,US,adv_demo_001,SPONSORED_BRANDS,COMPONENT,IMAGE,,TOP_OF_SEARCH,CLICK,CPC,SPONSORED_BRANDS:COMPONENT:TOP_OF_SEARCH:IMAGE:CLICK,USD,0,157,188.4,8,662.56
2026-12-10,US,adv_demo_001,SPONSORED_BRANDS,DISPLAY,IMAGE,,REST_OF_SEARCH,IMPRESSION,CPM,SPONSORED_BRANDS:DISPLAY:REST_OF_SEARCH:IMAGE:IMPRESSION,USD,22726,0,0,0,0
2026-12-10,US,adv_demo_001,SPONSORED_BRANDS,VIDEO,VIDEO,,TOP_OF_SEARCH,IMPRESSION,CPM,SPONSORED_BRANDS:VIDEO:TOP_OF_SEARCH:VIDEO:IMPRESSION,USD,18267,0,0,0,0
2026-12-10,US,adv_demo_001,SPONSORED_BRANDS,VIDEO,VIDEO,,TOP_OF_SEARCH,CLICK,CPC,SPONSORED_BRANDS:VIDEO:TOP_OF_SEARCH:VIDEO:CLICK,USD,0,123,169.74,6,562.38
2026-12-10,US,adv_demo_001,SPONSORED_DISPLAY,DISPLAY,IMAGE,,PRODUCT_PAGE,IMPRESSION,CPM,SPONSORED_DISPLAY:DISPLAY:PRODUCT_PAGE:IMAGE:IMPRESSION,USD,26808,0,0,0,0
2026-12-10,US,adv_demo_001,SPONSORED_DISPLAY,DISPLAY,IMAGE,,PRODUCT_PAGE,CLICK,CPC,SPONSORED_DISPLAY:DISPLAY:PRODUCT_PAGE:IMAGE:CLICK,USD,0,149,137.08,7,553.28
2026-12-10,US,adv_demo_001,SPONSORED_DISPLAY,DISPLAY,VIDEO,,PRODUCT_PAGE,IMPRESSION,CPM,SPONSORED_DISPLAY:DISPLAY:PRODUCT_PAGE:VIDEO:IMPRESSION,USD,22349,0,0,0,0
2026-12-10,US,adv_demo_001,SPONSORED_DISPLAY,VIDEO,VIDEO,,PRODUCT_PAGE,CLICK,CPC,SPONSORED_DISPLAY:VIDEO:PRODUCT_PAGE:VIDEO:CLICK,USD,0,141,166.38,6,506.88
2026-12-10,US,adv_demo_001,SPONSORED_PRODUCTS,PRODUCT_AD,,,PRODUCT_PAGE,CLICK,CPC,SPONSORED_PRODUCTS:PRODUCT_AD:PRODUCT_PAGE:UNSPECIFIED:CLICK,USD,0,389,342.32,27,1780.92
2026-12-10,US,adv_demo_001,SPONSORED_PRODUCTS,PRODUCT_AD,,,REST_OF_SEARCH,CLICK,CPC,SPONSORED_PRODUCTS:PRODUCT_AD:REST_OF_SEARCH:UNSPECIFIED:CLICK,USD,0,385,315.7,25,1592.5
2026-12-10,US,adv_demo_001,SPONSORED_PRODUCTS,PRODUCT_AD,,,TOP_OF_SEARCH,IMPRESSION,CPM,SPONSORED_PRODUCTS:PRODUCT_AD:TOP_OF_SEARCH:UNSPECIFIED:IMPRESSION,USD,45513,0,0,0,0
2026-12-10,US,adv_demo_001,SPONSORED_PRODUCTS,PRODUCT_AD,,,TOP_OF_SEARCH,CLICK,CPC,SPONSORED_PRODUCTS:PRODUCT_AD:TOP_OF_SEARCH:UNSPECIFIED:CLICK,USD,0,552,563.04,43,3065.04
2026-12-11,US,adv_demo_001,AMAZON_DSP,,,AUDIO,,IMPRESSION,CPM,AMAZON_DSP:AUDIO:UNSPECIFIED:UNSPECIFIED:IMPRESSION,USD,48798,0,878.36,0,0
2026-12-11,US,adv_demo_001,AMAZON_DSP,,IMAGE,DISPLAY,,IMPRESSION,CPM,AMAZON_DSP:DISPLAY:UNSPECIFIED:IMAGE:IMPRESSION,USD,51539,0,644.24,0,0
2026-12-11,US,adv_demo_001,AMAZON_DSP,,VIDEO,ONLINE_VIDEO,,IMPRESSION,CPM,AMAZON_DSP:ONLINE_VIDEO:UNSPECIFIED:VIDEO:IMPRESSION,USD,39080,0,781.6,0,0
2026-12-11,US,adv_demo_001,AMAZON_DSP,,VIDEO,STREAMING_TV,,IMPRESSION,CPM,AMAZON_DSP:STREAMING_TV:UNSPECIFIED:VIDEO:IMPRESSION,USD,47621,0,1333.39,0,0
2026-12-11,US,adv_demo_001,SPONSORED_BRANDS,COMPONENT,IMAGE,,TOP_OF_SEARCH,IMPRESSION,CPM,SPONSORED_BRANDS:COMPONENT:TOP_OF_SEARCH:IMAGE:IMPRESSION,USD,20162,0,0,0,0
2026-12-11,US,adv_demo_001,SPONSORED_BRANDS,COMPONENT,IMAGE,,TOP_OF_SEARCH,CLICK,CPC,SPONSORED_BRANDS:COMPONENT:TOP_OF_SEARCH:IMAGE:CLICK,USD,0,152,182.4,8,682.24
2026-12-11,US,adv_demo_001,SPONSORED_BRANDS,DISPLAY,IMAGE,,REST_OF_SEARCH,IMPRESSION,CPM,SPONSORED_BRANDS:DISPLAY:REST_OF_SEARCH:IMAGE:IMPRESSION,USD,23703,0,0,0,0
2026-12-11,US,adv_demo_001,SPONSORED_BRANDS,VIDEO,VIDEO,,TOP_OF_SEARCH,IMPRESSION,CPM,SPONSORED_BRANDS:VIDEO:TOP_OF_SEARCH:VIDEO:IMPRESSION,USD,19244,0,0,0,0
2026-12-11,US,adv_demo_001,SPONSORED_BRANDS,VIDEO,VIDEO,,TOP_OF_SEARCH,CLICK,CPC,SPONSORED_BRANDS:VIDEO:TOP_OF_SEARCH:VIDEO:CLICK,USD,0,131,180.78,7,611.52
2026-12-11,US,adv_demo_001,SPONSORED_DISPLAY,DISPLAY,IMAGE,,PRODUCT_PAGE,IMPRESSION,CPM,SPONSORED_DISPLAY:DISPLAY:PRODUCT_PAGE:IMAGE:IMPRESSION,USD,27785,0,0,0,0
2026-12-11,US,adv_demo_001,SPONSORED_DISPLAY,DISPLAY,IMAGE,,PRODUCT_PAGE,CLICK,CPC,SPONSORED_DISPLAY:DISPLAY:PRODUCT_PAGE:IMAGE:CLICK,USD,0,156,143.52,6,442.32
2026-12-11,US,adv_demo_001,SPONSORED_DISPLAY,DISPLAY,VIDEO,,PRODUCT_PAGE,IMPRESSION,CPM,SPONSORED_DISPLAY:DISPLAY:PRODUCT_PAGE:VIDEO:IMPRESSION,USD,23326,0,0,0,0
2026-12-11,US,adv_demo_001,SPONSORED_DISPLAY,VIDEO,VIDEO,,PRODUCT_PAGE,CLICK,CPC,SPONSORED_DISPLAY:VIDEO:PRODUCT_PAGE:VIDEO:CLICK,USD,0,149,175.82,7,609.84
2026-12-11,US,adv_demo_001,SPONSORED_PRODUCTS,PRODUCT_AD,,,PRODUCT_PAGE,CLICK,CPC,SPONSORED_PRODUCTS:PRODUCT_AD:PRODUCT_PAGE:UNSPECIFIED:CLICK,USD,0,403,354.64,29,1972.0
2026-12-11,US,adv_demo_001,SPONSORED_PRODUCTS,PRODUCT_AD,,,REST_OF_SEARCH,CLICK,CPC,SPONSORED_PRODUCTS:PRODUCT_AD:REST_OF_SEARCH:UNSPECIFIED:CLICK,USD,0,398,326.36,26,1706.9
2026-12-11,US,adv_demo_001,SPONSORED_PRODUCTS,PRODUCT_AD,,,TOP_OF_SEARCH,IMPRESSION,CPM,SPONSORED_PRODUCTS:PRODUCT_AD:TOP_OF_SEARCH:UNSPECIFIED:IMPRESSION,USD,46490,0,0,0,0
2026-12-11,US,adv_demo_001,SPONSORED_PRODUCTS,PRODUCT_AD,,,TOP_OF_SEARCH,CLICK,CPC,SPONSORED_PRODUCTS:PRODUCT_AD:TOP_OF_SEARCH:UNSPECIFIED:CLICK,USD,0,569,580.38,45,3304.8
2026-12-12,US,adv_demo_001,AMAZON_DSP,,,AUDIO,,IMPRESSION,CPM,AMAZON_DSP:AUDIO:UNSPECIFIED:UNSPECIFIED:IMPRESSION,USD,42975,0,773.55,0,0
2026-12-12,US,adv_demo_001,AMAZON_DSP,,IMAGE,DISPLAY,,IMPRESSION,CPM,AMAZON_DSP:DISPLAY:UNSPECIFIED:IMAGE:IMPRESSION,USD,52516,0,656.45,0,0
2026-12-12,US,adv_demo_001,AMAZON_DSP,,VIDEO,ONLINE_VIDEO,,IMPRESSION,CPM,AMAZON_DSP:ONLINE_VIDEO:UNSPECIFIED:VIDEO:IMPRESSION,USD,40057,0,801.14,0,0
2026-12-12,US,adv_demo_001,AMAZON_DSP,,VIDEO,STREAMING_TV,,IMPRESSION,CPM,AMAZON_DSP:STREAMING_TV:UNSPECIFIED:VIDEO:IMPRESSION,USD,48598,0,1360.74,0,0
2026-12-12,US,adv_demo_001,SPONSORED_BRANDS,COMPONENT,IMAGE,,TOP_OF_SEARCH,IMPRESSION,CPM,SPONSORED_BRANDS:COMPONENT:TOP_OF_SEARCH:IMAGE:IMPRESSION,USD,21139,0,0,0,0
2026-12-12,US,adv_demo_001,SPONSORED_BRANDS,COMPONENT,IMAGE,,TOP_OF_SEARCH,CLICK,CPC,SPONSORED_BRANDS:COMPONENT:TOP_OF_SEARCH:IMAGE:CLICK,USD,0,161,193.2,9,715.86
2026-12-12,US,adv_demo_001,SPONSORED_BRANDS,DISPLAY,IMAGE,,REST_OF_SEARCH,IMPRESSION,CPM,SPONSORED_BRANDS:DISPLAY:REST_OF_SEARCH:IMAGE:IMPRESSION,USD,24680,0,0,0,0
2026-12-12,US,adv_demo_001,SPONSORED_BRANDS,VIDEO,VIDEO,,TOP_OF_SEARCH,IMPRESSION,CPM,SPONSORED_BRANDS:VIDEO:TOP_OF_SEARCH:VIDEO:IMPRESSION,USD,20221,0,0,0,0
2026-12-12,US,adv_demo_001,SPONSORED_BRANDS,VIDEO,VIDEO,,TOP_OF_SEARCH,CLICK,CPC,SPONSORED_BRANDS:VIDEO:TOP_OF_SEARCH:VIDEO:CLICK,USD,0,139,191.82,6,540.54
2026-12-12,US,adv_demo_001,SPONSORED_DISPLAY,DISPLAY,IMAGE,,PRODUCT_PAGE,IMPRESSION,CPM,SPONSORED_DISPLAY:DISPLAY:PRODUCT_PAGE:IMAGE:IMPRESSION,USD,28762,0,0,0,0
2026-12-12,US,adv_demo_001,SPONSORED_DISPLAY,DISPLAY,IMAGE,,PRODUCT_PAGE,CLICK,CPC,SPONSORED_DISPLAY:DISPLAY:PRODUCT_PAGE:IMAGE:CLICK,USD,0,163,149.96,7,532.0
2026-12-12,US,adv_demo_001,SPONSORED_DISPLAY,DISPLAY,VIDEO,,PRODUCT_PAGE,IMPRESSION,CPM,SPONSORED_DISPLAY:DISPLAY:PRODUCT_PAGE:VIDEO:IMPRESSION,USD,24303,0,0,0,0
2026-12-12,US,adv_demo_001,SPONSORED_DISPLAY,VIDEO,VIDEO,,PRODUCT_PAGE,CLICK,CPC,SPONSORED_DISPLAY:VIDEO:PRODUCT_PAGE:VIDEO:CLICK,USD,0,158,186.44,7,628.32
2026-12-12,US,adv_demo_001,SPONSORED_PRODUCTS,PRODUCT_AD,,,PRODUCT_PAGE,CLICK,CPC,SPONSORED_PRODUCTS:PRODUCT_AD:PRODUCT_PAGE:UNSPECIFIED:CLICK,USD,0,418,367.84,30,2101.2
2026-12-12,US,adv_demo_001,SPONSORED_PRODUCTS,PRODUCT_AD,,,REST_OF_SEARCH,CLICK,CPC,SPONSORED_PRODUCTS:PRODUCT_AD:REST_OF_SEARCH:UNSPECIFIED:CLICK,USD,0,346,283.72,23,1554.8
2026-12-12,US,adv_demo_001,SPONSORED_PRODUCTS,PRODUCT_AD,,,TOP_OF_SEARCH,IMPRESSION,CPM,SPONSORED_PRODUCTS:PRODUCT_AD:TOP_OF_SEARCH:UNSPECIFIED:IMPRESSION,USD,40667,0,0,0,0
2026-12-12,US,adv_demo_001,SPONSORED_PRODUCTS,PRODUCT_AD,,,TOP_OF_SEARCH,CLICK,CPC,SPONSORED_PRODUCTS:PRODUCT_AD:TOP_OF_SEARCH:UNSPECIFIED:CLICK,USD,0,459,468.18,37,2797.2
2026-12-13,US,adv_demo_001,AMAZON_DSP,,,AUDIO,,IMPRESSION,CPM,AMAZON_DSP:AUDIO:UNSPECIFIED:UNSPECIFIED:IMPRESSION,USD,43952,0,791.14,0,0
2026-12-13,US,adv_demo_001,AMAZON_DSP,,IMAGE,DISPLAY,,IMPRESSION,CPM,AMAZON_DSP:DISPLAY:UNSPECIFIED:IMAGE:IMPRESSION,USD,53493,0,668.66,0,0
2026-12-13,US,adv_demo_001,AMAZON_DSP,,VIDEO,ONLINE_VIDEO,,IMPRESSION,CPM,AMAZON_DSP:ONLINE_VIDEO:UNSPECIFIED:VIDEO:IMPRESSION,USD,41034,0,820.68,0,0
2026-12-13,US,adv_demo_001,AMAZON_DSP,,VIDEO,STREAMING_TV,,IMPRESSION,CPM,AMAZON_DSP:STREAMING_TV:UNSPECIFIED:VIDEO:IMPRESSION,USD,49575,0,1388.1,0,0
2026-12-13,US,adv_demo_001,SPONSORED_BRANDS,COMPONENT,IMAGE,,TOP_OF_SEARCH,IMPRESSION,CPM,SPONSORED_BRANDS:COMPONENT:TOP_OF_SEARCH:IMAGE:IMPRESSION,USD,22116,0,0,0,0
2026-12-13,US,adv_demo_001,SPONSORED_BRANDS,COMPONENT,IMAGE,,TOP_OF_SEARCH,CLICK,CPC,SPONSORED_BRANDS:COMPONENT:TOP_OF_SEARCH:IMAGE:CLICK,USD,0,170,204.0,9,738.0
2026-12-13,US,adv_demo_001,SPONSORED_BRANDS,DISPLAY,IMAGE,,REST_OF_SEARCH,IMPRESSION,CPM,SPONSORED_BRANDS:DISPLAY:REST_OF_SEARCH:IMAGE:IMPRESSION,USD,25657,0,0,0,0
2026-12-13,US,adv_demo_001,SPONSORED_BRANDS,VIDEO,VIDEO,,TOP_OF_SEARCH,IMPRESSION,CPM,SPONSORED_BRANDS:VIDEO:TOP_OF_SEARCH:VIDEO:IMPRESSION,USD,21198,0,0,0,0
2026-12-13,US,adv_demo_001,SPONSORED_BRANDS,VIDEO,VIDEO,,TOP_OF_SEARCH,CLICK,CPC,SPONSORED_BRANDS:VIDEO:TOP_OF_SEARCH:VIDEO:CLICK,USD,0,147,202.86,7,649.74
2026-12-13,US,adv_demo_001,SPONSORED_DISPLAY,DISPLAY,IMAGE,,PRODUCT_PAGE,IMPRESSION,CPM,SPONSORED_DISPLAY:DISPLAY:PRODUCT_PAGE:IMAGE:IMPRESSION,USD,29739,0,0,0,0
2026-12-13,US,adv_demo_001,SPONSORED_DISPLAY,DISPLAY,IMAGE,,PRODUCT_PAGE,CLICK,CPC,SPONSORED_DISPLAY:DISPLAY:PRODUCT_PAGE:IMAGE:CLICK,USD,0,171,157.32,7,547.96
2026-12-13,US,adv_demo_001,SPONSORED_DISPLAY,DISPLAY,VIDEO,,PRODUCT_PAGE,IMPRESSION,CPM,SPONSORED_DISPLAY:DISPLAY:PRODUCT_PAGE:VIDEO:IMPRESSION,USD,25280,0,0,0,0
2026-12-13,US,adv_demo_001,SPONSORED_DISPLAY,VIDEO,VIDEO,,PRODUCT_PAGE,CLICK,CPC,SPONSORED_DISPLAY:VIDEO:PRODUCT_PAGE:VIDEO:CLICK,USD,0,119,140.42,6,554.4
2026-12-13,US,adv_demo_001,SPONSORED_PRODUCTS,PRODUCT_AD,,,PRODUCT_PAGE,CLICK,CPC,SPONSORED_PRODUCTS:PRODUCT_AD:PRODUCT_PAGE:UNSPECIFIED:CLICK,USD,0,359,315.92,27,1762.56
2026-12-13,US,adv_demo_001,SPONSORED_PRODUCTS,PRODUCT_AD,,,REST_OF_SEARCH,CLICK,CPC,SPONSORED_PRODUCTS:PRODUCT_AD:REST_OF_SEARCH:UNSPECIFIED:CLICK,USD,0,328,268.96,23,1450.15
2026-12-13,US,adv_demo_001,SPONSORED_PRODUCTS,PRODUCT_AD,,,TOP_OF_SEARCH,IMPRESSION,CPM,SPONSORED_PRODUCTS:PRODUCT_AD:TOP_OF_SEARCH:UNSPECIFIED:IMPRESSION,USD,41644,0,0,0,0
2026-12-13,US,adv_demo_001,SPONSORED_PRODUCTS,PRODUCT_AD,,,TOP_OF_SEARCH,CLICK,CPC,SPONSORED_PRODUCTS:PRODUCT_AD:TOP_OF_SEARCH:UNSPECIFIED:CLICK,USD,0,475,484.5,39,2751.84
2026-12-14,US,adv_demo_001,AMAZON_DSP,,,AUDIO,,IMPRESSION,CPM,AMAZON_DSP:AUDIO:UNSPECIFIED:UNSPECIFIED:IMPRESSION,USD,44929,0,808.72,0,0
2026-12-14,US,adv_demo_001,AMAZON_DSP,,IMAGE,DISPLAY,,IMPRESSION,CPM,AMAZON_DSP:DISPLAY:UNSPECIFIED:IMAGE:IMPRESSION,USD,54470,0,680.88,0,0
2026-12-14,US,adv_demo_001,AMAZON_DSP,,VIDEO,ONLINE_VIDEO,,IMPRESSION,CPM,AMAZON_DSP:ONLINE_VIDEO:UNSPECIFIED:VIDEO:IMPRESSION,USD,42011,0,840.22,0,0
2026-12-14,US,adv_demo_001,AMAZON_DSP,,VIDEO,STREAMING_TV,,IMPRESSION,CPM,AMAZON_DSP:STREAMING_TV:UNSPECIFIED:VIDEO:IMPRESSION,USD,50552,0,1415.46,0,0
2026-12-14,US,adv_demo_001,SPONSORED_BRANDS,COMPONENT,IMAGE,,TOP_OF_SEARCH,IMPRESSION,CPM,SPONSORED_BRANDS:COMPONENT:TOP_OF_SEARCH:IMAGE:IMPRESSION,USD,23093,0,0,0,0
2026-12-14,US,adv_demo_001,SPONSORED_BRANDS,COMPONENT,IMAGE,,TOP_OF_SEARCH,CLICK,CPC,SPONSORED_BRANDS:COMPONENT:TOP_OF_SEARCH:IMAGE:CLICK,USD,0,179,214.8,9,760.14
2026-12-14,US,adv_demo_001,SPONSORED_BRANDS,DISPLAY,IMAGE,,REST_OF_SEARCH,IMPRESSION,CPM,SPONSORED_BRANDS:DISPLAY:REST_OF_SEARCH:IMAGE:IMPRESSION,USD,26634,0,0,0,0
2026-12-14,US,adv_demo_001,SPONSORED_BRANDS,VIDEO,VIDEO,,TOP_OF_SEARCH,IMPRESSION,CPM,SPONSORED_BRANDS:VIDEO:TOP_OF_SEARCH:VIDEO:IMPRESSION,USD,22175,0,0,0,0
2026-12-14,US,adv_demo_001,SPONSORED_BRANDS,VIDEO,VIDEO,,TOP_OF_SEARCH,CLICK,CPC,SPONSORED_BRANDS:VIDEO:TOP_OF_SEARCH:VIDEO:CLICK,USD,0,156,215.28,8,764.4
2026-12-14,US,adv_demo_001,SPONSORED_DISPLAY,DISPLAY,IMAGE,,PRODUCT_PAGE,IMPRESSION,CPM,SPONSORED_DISPLAY:DISPLAY:PRODUCT_PAGE:IMAGE:IMPRESSION,USD,30716,0,0,0,0
2026-12-14,US,adv_demo_001,SPONSORED_DISPLAY,DISPLAY,IMAGE,,PRODUCT_PAGE,CLICK,CPC,SPONSORED_DISPLAY:DISPLAY:PRODUCT_PAGE:IMAGE:CLICK,USD,0,178,163.76,8,583.68
2026-12-14,US,adv_demo_001,SPONSORED_DISPLAY,DISPLAY,VIDEO,,PRODUCT_PAGE,IMPRESSION,CPM,SPONSORED_DISPLAY:DISPLAY:PRODUCT_PAGE:VIDEO:IMPRESSION,USD,19457,0,0,0,0
2026-12-14,US,adv_demo_001,SPONSORED_DISPLAY,VIDEO,VIDEO,,PRODUCT_PAGE,CLICK,CPC,SPONSORED_DISPLAY:VIDEO:PRODUCT_PAGE:VIDEO:CLICK,USD,0,127,149.86,6,517.44
2026-12-14,US,adv_demo_001,SPONSORED_PRODUCTS,PRODUCT_AD,,,PRODUCT_PAGE,CLICK,CPC,SPONSORED_PRODUCTS:PRODUCT_AD:PRODUCT_PAGE:UNSPECIFIED:CLICK,USD,0,341,300.08,26,1750.32
2026-12-14,US,adv_demo_001,SPONSORED_PRODUCTS,PRODUCT_AD,,,REST_OF_SEARCH,CLICK,CPC,SPONSORED_PRODUCTS:PRODUCT_AD:REST_OF_SEARCH:UNSPECIFIED:CLICK,USD,0,340,278.8,24,1560.0
2026-12-14,US,adv_demo_001,SPONSORED_PRODUCTS,PRODUCT_AD,,,TOP_OF_SEARCH,IMPRESSION,CPM,SPONSORED_PRODUCTS:PRODUCT_AD:TOP_OF_SEARCH:UNSPECIFIED:IMPRESSION,USD,42621,0,0,0,0
2026-12-14,US,adv_demo_001,SPONSORED_PRODUCTS,PRODUCT_AD,,,TOP_OF_SEARCH,CLICK,CPC,SPONSORED_PRODUCTS:PRODUCT_AD:TOP_OF_SEARCH:UNSPECIFIED:CLICK,USD,0,491,500.82,37,2690.64
2026-12-15,US,adv_demo_001,AMAZON_DSP,,,AUDIO,,IMPRESSION,CPM,AMAZON_DSP:AUDIO:UNSPECIFIED:UNSPECIFIED:IMPRESSION,USD,45906,0,826.31,0,0
2026-12-15,US,adv_demo_001,AMAZON_DSP,,IMAGE,DISPLAY,,IMPRESSION,CPM,AMAZON_DSP:DISPLAY:UNSPECIFIED:IMAGE:IMPRESSION,USD,55447,0,693.09,0,0
2026-12-15,US,adv_demo_001,AMAZON_DSP,,VIDEO,ONLINE_VIDEO,,IMPRESSION,CPM,AMAZON_DSP:ONLINE_VIDEO:UNSPECIFIED:VIDEO:IMPRESSION,USD,42988,0,859.76,0,0
2026-12-15,US,adv_demo_001,AMAZON_DSP,,VIDEO,STREAMING_TV,,IMPRESSION,CPM,AMAZON_DSP:STREAMING_TV:UNSPECIFIED:VIDEO:IMPRESSION,USD,51529,0,1442.81,0,0
2026-12-15,US,adv_demo_001,SPONSORED_BRANDS,COMPONENT,IMAGE,,TOP_OF_SEARCH,IMPRESSION,CPM,SPONSORED_BRANDS:COMPONENT:TOP_OF_SEARCH:IMAGE:IMPRESSION,USD,24070,0,0,0,0
2026-12-15,US,adv_demo_001,SPONSORED_BRANDS,COMPONENT,IMAGE,,TOP_OF_SEARCH,CLICK,CPC,SPONSORED_BRANDS:COMPONENT:TOP_OF_SEARCH:IMAGE:CLICK,USD,0,189,226.8,10,787.2
2026-12-15,US,adv_demo_001,SPONSORED_BRANDS,DISPLAY,IMAGE,,REST_OF_SEARCH,IMPRESSION,CPM,SPONSORED_BRANDS:DISPLAY:REST_OF_SEARCH:IMAGE:IMPRESSION,USD,27611,0,0,0,0
2026-12-15,US,adv_demo_001,SPONSORED_BRANDS,VIDEO,VIDEO,,TOP_OF_SEARCH,IMPRESSION,CPM,SPONSORED_BRANDS:VIDEO:TOP_OF_SEARCH:VIDEO:IMPRESSION,USD,16352,0,0,0,0
2026-12-15,US,adv_demo_001,SPONSORED_BRANDS,VIDEO,VIDEO,,TOP_OF_SEARCH,CLICK,CPC,SPONSORED_BRANDS:VIDEO:TOP_OF_SEARCH:VIDEO:CLICK,USD,0,116,160.08,6,535.08
2026-12-15,US,adv_demo_001,SPONSORED_DISPLAY,DISPLAY,IMAGE,,PRODUCT_PAGE,IMPRESSION,CPM,SPONSORED_DISPLAY:DISPLAY:PRODUCT_PAGE:IMAGE:IMPRESSION,USD,24893,0,0,0,0
2026-12-15,US,adv_demo_001,SPONSORED_DISPLAY,DISPLAY,IMAGE,,PRODUCT_PAGE,CLICK,CPC,SPONSORED_DISPLAY:DISPLAY:PRODUCT_PAGE:IMAGE:CLICK,USD,0,146,134.32,7,526.68
2026-12-15,US,adv_demo_001,SPONSORED_DISPLAY,DISPLAY,VIDEO,,PRODUCT_PAGE,IMPRESSION,CPM,SPONSORED_DISPLAY:DISPLAY:PRODUCT_PAGE:VIDEO:IMPRESSION,USD,20434,0,0,0,0
2026-12-15,US,adv_demo_001,SPONSORED_DISPLAY,VIDEO,VIDEO,,PRODUCT_PAGE,CLICK,CPC,SPONSORED_DISPLAY:VIDEO:PRODUCT_PAGE:VIDEO:CLICK,USD,0,123,145.14,6,533.28
2026-12-15,US,adv_demo_001,SPONSORED_PRODUCTS,PRODUCT_AD,,,PRODUCT_PAGE,CLICK,CPC,SPONSORED_PRODUCTS:PRODUCT_AD:PRODUCT_PAGE:UNSPECIFIED:CLICK,USD,0,354,311.52,24,1664.64
2026-12-15,US,adv_demo_001,SPONSORED_PRODUCTS,PRODUCT_AD,,,REST_OF_SEARCH,CLICK,CPC,SPONSORED_PRODUCTS:PRODUCT_AD:REST_OF_SEARCH:UNSPECIFIED:CLICK,USD,0,352,288.64,23,1539.85
2026-12-15,US,adv_demo_001,SPONSORED_PRODUCTS,PRODUCT_AD,,,TOP_OF_SEARCH,IMPRESSION,CPM,SPONSORED_PRODUCTS:PRODUCT_AD:TOP_OF_SEARCH:UNSPECIFIED:IMPRESSION,USD,43598,0,0,0,0
2026-12-15,US,adv_demo_001,SPONSORED_PRODUCTS,PRODUCT_AD,,,TOP_OF_SEARCH,CLICK,CPC,SPONSORED_PRODUCTS:PRODUCT_AD:TOP_OF_SEARCH:UNSPECIFIED:CLICK,USD,0,507,517.14,39,2920.32
2026-12-16,US,adv_demo_001,AMAZON_DSP,,,AUDIO,,IMPRESSION,CPM,AMAZON_DSP:AUDIO:UNSPECIFIED:UNSPECIFIED:IMPRESSION,USD,46883,0,843.89,0,0
2026-12-16,US,adv_demo_001,AMAZON_DSP,,IMAGE,DISPLAY,,IMPRESSION,CPM,AMAZON_DSP:DISPLAY:UNSPECIFIED:IMAGE:IMPRESSION,USD,56424,0,705.3,0,0
2026-12-16,US,adv_demo_001,AMAZON_DSP,,VIDEO,ONLINE_VIDEO,,IMPRESSION,CPM,AMAZON_DSP:ONLINE_VIDEO:UNSPECIFIED:VIDEO:IMPRESSION,USD,43965,0,879.3,0,0
2026-12-16,US,adv_demo_001,AMAZON_DSP,,VIDEO,STREAMING_TV,,IMPRESSION,CPM,AMAZON_DSP:STREAMING_TV:UNSPECIFIED:VIDEO:IMPRESSION,USD,52506,0,1470.17,0,0
2026-12-16,US,adv_demo_001,SPONSORED_BRANDS,COMPONENT,IMAGE,,TOP_OF_SEARCH,IMPRESSION,CPM,SPONSORED_BRANDS:COMPONENT:TOP_OF_SEARCH:IMAGE:IMPRESSION,USD,18247,0,0,0,0
2026-12-16,US,adv_demo_001,SPONSORED_BRANDS,COMPONENT,IMAGE,,TOP_OF_SEARCH,CLICK,CPC,SPONSORED_BRANDS:COMPONENT:TOP_OF_SEARCH:IMAGE:CLICK,USD,0,145,174.0,8,649.44
2026-12-16,US,adv_demo_001,SPONSORED_BRANDS,DISPLAY,IMAGE,,REST_OF_SEARCH,IMPRESSION,CPM,SPONSORED_BRANDS:DISPLAY:REST_OF_SEARCH:IMAGE:IMPRESSION,USD,21788,0,0,0,0
2026-12-16,US,adv_demo_001,SPONSORED_BRANDS,VIDEO,VIDEO,,TOP_OF_SEARCH,IMPRESSION,CPM,SPONSORED_BRANDS:VIDEO:TOP_OF_SEARCH:VIDEO:IMPRESSION,USD,17329,0,0,0,0
2026-12-16,US,adv_demo_001,SPONSORED_BRANDS,VIDEO,VIDEO,,TOP_OF_SEARCH,CLICK,CPC,SPONSORED_BRANDS:VIDEO:TOP_OF_SEARCH:VIDEO:CLICK,USD,0,124,171.12,6,551.46
2026-12-16,US,adv_demo_001,SPONSORED_DISPLAY,DISPLAY,IMAGE,,PRODUCT_PAGE,IMPRESSION,CPM,SPONSORED_DISPLAY:DISPLAY:PRODUCT_PAGE:IMAGE:IMPRESSION,USD,25870,0,0,0,0
2026-12-16,US,adv_demo_001,SPONSORED_DISPLAY,DISPLAY,IMAGE,,PRODUCT_PAGE,CLICK,CPC,SPONSORED_DISPLAY:DISPLAY:PRODUCT_PAGE:IMAGE:CLICK,USD,0,153,140.76,7,542.64
2026-12-16,US,adv_demo_001,SPONSORED_DISPLAY,DISPLAY,VIDEO,,PRODUCT_PAGE,IMPRESSION,CPM,SPONSORED_DISPLAY:DISPLAY:PRODUCT_PAGE:VIDEO:IMPRESSION,USD,21411,0,0,0,0
2026-12-16,US,adv_demo_001,SPONSORED_DISPLAY,VIDEO,VIDEO,,PRODUCT_PAGE,CLICK,CPC,SPONSORED_DISPLAY:VIDEO:PRODUCT_PAGE:VIDEO:CLICK,USD,0,131,154.58,6,549.12
2026-12-16,US,adv_demo_001,SPONSORED_PRODUCTS,PRODUCT_AD,,,PRODUCT_PAGE,CLICK,CPC,SPONSORED_PRODUCTS:PRODUCT_AD:PRODUCT_PAGE:UNSPECIFIED:CLICK,USD,0,368,323.84,26,1856.4
2026-12-16,US,adv_demo_001,SPONSORED_PRODUCTS,PRODUCT_AD,,,REST_OF_SEARCH,CLICK,CPC,SPONSORED_PRODUCTS:PRODUCT_AD:REST_OF_SEARCH:UNSPECIFIED:CLICK,USD,0,365,299.3,24,1497.6
2026-12-16,US,adv_demo_001,SPONSORED_PRODUCTS,PRODUCT_AD,,,TOP_OF_SEARCH,IMPRESSION,CPM,SPONSORED_PRODUCTS:PRODUCT_AD:TOP_OF_SEARCH:UNSPECIFIED:IMPRESSION,USD,44575,0,0,0,0
2026-12-16,US,adv_demo_001,SPONSORED_PRODUCTS,PRODUCT_AD,,,TOP_OF_SEARCH,CLICK,CPC,SPONSORED_PRODUCTS:PRODUCT_AD:TOP_OF_SEARCH:UNSPECIFIED:CLICK,USD,0,524,534.48,41,2863.44
2026-12-17,US,adv_demo_001,AMAZON_DSP,,,AUDIO,,IMPRESSION,CPM,AMAZON_DSP:AUDIO:UNSPECIFIED:UNSPECIFIED:IMPRESSION,USD,47860,0,861.48,0,0
2026-12-17,US,adv_demo_001,AMAZON_DSP,,IMAGE,DISPLAY,,IMPRESSION,CPM,AMAZON_DSP:DISPLAY:UNSPECIFIED:IMAGE:IMPRESSION,USD,57401,0,717.51,0,0
2026-12-17,US,adv_demo_001,AMAZON_DSP,,VIDEO,ONLINE_VIDEO,,IMPRESSION,CPM,AMAZON_DSP:ONLINE_VIDEO:UNSPECIFIED:VIDEO:IMPRESSION,USD,38142,0,762.84,0,0
2026-12-17,US,adv_demo_001,AMAZON_DSP,,VIDEO,STREAMING_TV,,IMPRESSION,CPM,AMAZON_DSP:STREAMING_TV:UNSPECIFIED:VIDEO:IMPRESSION,USD,46683,0,1307.12,0,0
2026-12-17,US,adv_demo_001,SPONSORED_BRANDS,COMPONENT,IMAGE,,TOP_OF_SEARCH,IMPRESSION,CPM,SPONSORED_BRANDS:COMPONENT:TOP_OF_SEARCH:IMAGE:IMPRESSION,USD,19224,0,0,0,0
2026-12-17,US,adv_demo_001,SPONSORED_BRANDS,COMPONENT,IMAGE,,TOP_OF_SEARCH,CLICK,CPC,SPONSORED_BRANDS:COMPONENT:TOP_OF_SEARCH:IMAGE:CLICK,USD,0,154,184.8,9,752.76
2026-12-17,US,adv_demo_001,SPONSORED_BRANDS,DISPLAY,IMAGE,,REST_OF_SEARCH,IMPRESSION,CPM,SPONSORED_BRANDS:DISPLAY:REST_OF_SEARCH:IMAGE:IMPRESSION,USD,22765,0,0,0,0
2026-12-17,US,adv_demo_001,SPONSORED_BRANDS,VIDEO,VIDEO,,TOP_OF_SEARCH,IMPRESSION,CPM,SPONSORED_BRANDS:VIDEO:TOP_OF_SEARCH:VIDEO:IMPRESSION,USD,18306,0,0,0,0
2026-12-17,US,adv_demo_001,SPONSORED_BRANDS,VIDEO,VIDEO,,TOP_OF_SEARCH,CLICK,CPC,SPONSORED_BRANDS:VIDEO:TOP_OF_SEARCH:VIDEO:CLICK,USD,0,133,183.54,6,567.84
2026-12-17,US,adv_demo_001,SPONSORED_DISPLAY,DISPLAY,IMAGE,,PRODUCT_PAGE,IMPRESSION,CPM,SPONSORED_DISPLAY:DISPLAY:PRODUCT_PAGE:IMAGE:IMPRESSION,USD,26847,0,0,0,0
2026-12-17,US,adv_demo_001,SPONSORED_DISPLAY,DISPLAY,IMAGE,,PRODUCT_PAGE,CLICK,CPC,SPONSORED_DISPLAY:DISPLAY:PRODUCT_PAGE:IMAGE:CLICK,USD,0,146,134.32,6,478.8
2026-12-17,US,adv_demo_001,SPONSORED_DISPLAY,DISPLAY,VIDEO,,PRODUCT_PAGE,IMPRESSION,CPM,SPONSORED_DISPLAY:DISPLAY:PRODUCT_PAGE:VIDEO:IMPRESSION,USD,22388,0,0,0,0
2026-12-17,US,adv_demo_001,SPONSORED_DISPLAY,VIDEO,VIDEO,,PRODUCT_PAGE,CLICK,CPC,SPONSORED_DISPLAY:VIDEO:PRODUCT_PAGE:VIDEO:CLICK,USD,0,139,164.02,6,512.16
2026-12-17,US,adv_demo_001,SPONSORED_PRODUCTS,PRODUCT_AD,,,PRODUCT_PAGE,CLICK,CPC,SPONSORED_PRODUCTS:PRODUCT_AD:PRODUCT_PAGE:UNSPECIFIED:CLICK,USD,0,382,336.16,28,1865.92
2026-12-17,US,adv_demo_001,SPONSORED_PRODUCTS,PRODUCT_AD,,,REST_OF_SEARCH,CLICK,CPC,SPONSORED_PRODUCTS:PRODUCT_AD:REST_OF_SEARCH:UNSPECIFIED:CLICK,USD,0,378,309.96,25,1608.75
2026-12-17,US,adv_demo_001,SPONSORED_PRODUCTS,PRODUCT_AD,,,TOP_OF_SEARCH,IMPRESSION,CPM,SPONSORED_PRODUCTS:PRODUCT_AD:TOP_OF_SEARCH:UNSPECIFIED:IMPRESSION,USD,45552,0,0,0,0
2026-12-17,US,adv_demo_001,SPONSORED_PRODUCTS,PRODUCT_AD,,,TOP_OF_SEARCH,CLICK,CPC,SPONSORED_PRODUCTS:PRODUCT_AD:TOP_OF_SEARCH:UNSPECIFIED:CLICK,USD,0,541,551.82,43,3096.0
2026-12-18,US,adv_demo_001,AMAZON_DSP,,,AUDIO,,IMPRESSION,CPM,AMAZON_DSP:AUDIO:UNSPECIFIED:UNSPECIFIED:IMPRESSION,USD,42037,0,756.67,0,0
2026-12-18,US,adv_demo_001,AMAZON_DSP,,IMAGE,DISPLAY,,IMPRESSION,CPM,AMAZON_DSP:DISPLAY:UNSPECIFIED:IMAGE:IMPRESSION,USD,51578,0,644.73,0,0
2026-12-18,US,adv_demo_001,AMAZON_DSP,,VIDEO,ONLINE_VIDEO,,IMPRESSION,CPM,AMAZON_DSP:ONLINE_VIDEO:UNSPECIFIED:VIDEO:IMPRESSION,USD,39119,0,782.38,0,0
2026-12-18,US,adv_demo_001,AMAZON_DSP,,VIDEO,STREAMING_TV,,IMPRESSION,CPM,AMAZON_DSP:STREAMING_TV:UNSPECIFIED:VIDEO:IMPRESSION,USD,47660,0,1334.48,0,0
2026-12-18,US,adv_demo_001,SPONSORED_BRANDS,COMPONENT,IMAGE,,TOP_OF_SEARCH,IMPRESSION,CPM,SPONSORED_BRANDS:COMPONENT:TOP_OF_SEARCH:IMAGE:IMPRESSION,USD,20201,0,0,0,0
2026-12-18,US,adv_demo_001,SPONSORED_BRANDS,COMPONENT,IMAGE,,TOP_OF_SEARCH,CLICK,CPC,SPONSORED_BRANDS:COMPONENT:TOP_OF_SEARCH:IMAGE:CLICK,USD,0,163,195.6,8,688.8
2026-12-18,US,adv_demo_001,SPONSORED_BRANDS,DISPLAY,IMAGE,,REST_OF_SEARCH,IMPRESSION,CPM,SPONSORED_BRANDS:DISPLAY:REST_OF_SEARCH:IMAGE:IMPRESSION,USD,23742,0,0,0,0
2026-12-18,US,adv_demo_001,SPONSORED_BRANDS,VIDEO,VIDEO,,TOP_OF_SEARCH,IMPRESSION,CPM,SPONSORED_BRANDS:VIDEO:TOP_OF_SEARCH:VIDEO:IMPRESSION,USD,19283,0,0,0,0
2026-12-18,US,adv_demo_001,SPONSORED_BRANDS,VIDEO,VIDEO,,TOP_OF_SEARCH,CLICK,CPC,SPONSORED_BRANDS:VIDEO:TOP_OF_SEARCH:VIDEO:CLICK,USD,0,129,178.02,6,529.62
2026-12-18,US,adv_demo_001,SPONSORED_DISPLAY,DISPLAY,IMAGE,,PRODUCT_PAGE,IMPRESSION,CPM,SPONSORED_DISPLAY:DISPLAY:PRODUCT_PAGE:IMAGE:IMPRESSION,USD,27824,0,0,0,0
2026-12-18,US,adv_demo_001,SPONSORED_DISPLAY,DISPLAY,IMAGE,,PRODUCT_PAGE,CLICK,CPC,SPONSORED_DISPLAY:DISPLAY:PRODUCT_PAGE:IMAGE:CLICK,USD,0,153,140.76,7,521.36
2026-12-18,US,adv_demo_001,SPONSORED_DISPLAY,DISPLAY,VIDEO,,PRODUCT_PAGE,IMPRESSION,CPM,SPONSORED_DISPLAY:DISPLAY:PRODUCT_PAGE:VIDEO:IMPRESSION,USD,23365,0,0,0,0
2026-12-18,US,adv_demo_001,SPONSORED_DISPLAY,VIDEO,VIDEO,,PRODUCT_PAGE,CLICK,CPC,SPONSORED_DISPLAY:VIDEO:PRODUCT_PAGE:VIDEO:CLICK,USD,0,147,173.46,7,616.0
2026-12-18,US,adv_demo_001,SPONSORED_PRODUCTS,PRODUCT_AD,,,PRODUCT_PAGE,CLICK,CPC,SPONSORED_PRODUCTS:PRODUCT_AD:PRODUCT_PAGE:UNSPECIFIED:CLICK,USD,0,396,348.48,29,1991.72
2026-12-18,US,adv_demo_001,SPONSORED_PRODUCTS,PRODUCT_AD,,,REST_OF_SEARCH,CLICK,CPC,SPONSORED_PRODUCTS:PRODUCT_AD:REST_OF_SEARCH:UNSPECIFIED:CLICK,USD,0,391,320.62,27,1790.1
2026-12-18,US,adv_demo_001,SPONSORED_PRODUCTS,PRODUCT_AD,,,TOP_OF_SEARCH,IMPRESSION,CPM,SPONSORED_PRODUCTS:PRODUCT_AD:TOP_OF_SEARCH:UNSPECIFIED:IMPRESSION,USD,46529,0,0,0,0
2026-12-18,US,adv_demo_001,SPONSORED_PRODUCTS,PRODUCT_AD,,,TOP_OF_SEARCH,CLICK,CPC,SPONSORED_PRODUCTS:PRODUCT_AD:TOP_OF_SEARCH:UNSPECIFIED:CLICK,USD,0,558,569.16,46,3411.36
2026-12-19,US,adv_demo_001,AMAZON_DSP,,,AUDIO,,IMPRESSION,CPM,AMAZON_DSP:AUDIO:UNSPECIFIED:UNSPECIFIED:IMPRESSION,USD,43014,0,774.25,0,0
2026-12-19,US,adv_demo_001,AMAZON_DSP,,IMAGE,DISPLAY,,IMPRESSION,CPM,AMAZON_DSP:DISPLAY:UNSPECIFIED:IMAGE:IMPRESSION,USD,52555,0,656.94,0,0
2026-12-19,US,adv_demo_001,AMAZON_DSP,,VIDEO,ONLINE_VIDEO,,IMPRESSION,CPM,AMAZON_DSP:ONLINE_VIDEO:UNSPECIFIED:VIDEO:IMPRESSION,USD,40096,0,801.92,0,0
2026-12-19,US,adv_demo_001,AMAZON_DSP,,VIDEO,STREAMING_TV,,IMPRESSION,CPM,AMAZON_DSP:STREAMING_TV:UNSPECIFIED:VIDEO:IMPRESSION,USD,48637,0,1361.84,0,0
2026-12-19,US,adv_demo_001,SPONSORED_BRANDS,COMPONENT,IMAGE,,TOP_OF_SEARCH,IMPRESSION,CPM,SPONSORED_BRANDS:COMPONENT:TOP_OF_SEARCH:IMAGE:IMPRESSION,USD,21178,0,0,0,0
2026-12-19,US,adv_demo_001,SPONSORED_BRANDS,COMPONENT,IMAGE,,TOP_OF_SEARCH,CLICK,CPC,SPONSORED_BRANDS:COMPONENT:TOP_OF_SEARCH:IMAGE:CLICK,USD,0,173,207.6,9,723.24
2026-12-19,US,adv_demo_001,SPONSORED_BRANDS,DISPLAY,IMAGE,,REST_OF_SEARCH,IMPRESSION,CPM,SPONSORED_BRANDS:DISPLAY:REST_OF_SEARCH:IMAGE:IMPRESSION,USD,24719,0,0,0,0
2026-12-19,US,adv_demo_001,SPONSORED_BRANDS,VIDEO,VIDEO,,TOP_OF_SEARCH,IMPRESSION,CPM,SPONSORED_BRANDS:VIDEO:TOP_OF_SEARCH:VIDEO:IMPRESSION,USD,20260,0,0,0,0
2026-12-19,US,adv_demo_001,SPONSORED_BRANDS,VIDEO,VIDEO,,TOP_OF_SEARCH,CLICK,CPC,SPONSORED_BRANDS:VIDEO:TOP_OF_SEARCH:VIDEO:CLICK,USD,0,137,189.06,7,637.0
2026-12-19,US,adv_demo_001,SPONSORED_DISPLAY,DISPLAY,IMAGE,,PRODUCT_PAGE,IMPRESSION,CPM,SPONSORED_DISPLAY:DISPLAY:PRODUCT_PAGE:IMAGE:IMPRESSION,USD,28801,0,0,0,0
2026-12-19,US,adv_demo_001,SPONSORED_DISPLAY,DISPLAY,IMAGE,,PRODUCT_PAGE,CLICK,CPC,SPONSORED_DISPLAY:DISPLAY:PRODUCT_PAGE:IMAGE:CLICK,USD,0,160,147.2,7,537.32
2026-12-19,US,adv_demo_001,SPONSORED_DISPLAY,DISPLAY,VIDEO,,PRODUCT_PAGE,IMPRESSION,CPM,SPONSORED_DISPLAY:DISPLAY:PRODUCT_PAGE:VIDEO:IMPRESSION,USD,24342,0,0,0,0
2026-12-19,US,adv_demo_001,SPONSORED_DISPLAY,VIDEO,VIDEO,,PRODUCT_PAGE,CLICK,CPC,SPONSORED_DISPLAY:VIDEO:PRODUCT_PAGE:VIDEO:CLICK,USD,0,155,182.9,8,725.12
2026-12-19,US,adv_demo_001,SPONSORED_PRODUCTS,PRODUCT_AD,,,PRODUCT_PAGE,CLICK,CPC,SPONSORED_PRODUCTS:PRODUCT_AD:PRODUCT_PAGE:UNSPECIFIED:CLICK,USD,0,410,360.8,31,2192.32
2026-12-19,US,adv_demo_001,SPONSORED_PRODUCTS,PRODUCT_AD,,,REST_OF_SEARCH,CLICK,CPC,SPONSORED_PRODUCTS:PRODUCT_AD:REST_OF_SEARCH:UNSPECIFIED:CLICK,USD,0,340,278.8,24,1638.0
2026-12-19,US,adv_demo_001,SPONSORED_PRODUCTS,PRODUCT_AD,,,TOP_OF_SEARCH,IMPRESSION,CPM,SPONSORED_PRODUCTS:PRODUCT_AD:TOP_OF_SEARCH:UNSPECIFIED:IMPRESSION,USD,40706,0,0,0,0
2026-12-19,US,adv_demo_001,SPONSORED_PRODUCTS,PRODUCT_AD,,,TOP_OF_SEARCH,CLICK,CPC,SPONSORED_PRODUCTS:PRODUCT_AD:TOP_OF_SEARCH:UNSPECIFIED:CLICK,USD,0,493,502.86,41,2833.92
2026-12-20,US,adv_demo_001,AMAZON_DSP,,,AUDIO,,IMPRESSION,CPM,AMAZON_DSP:AUDIO:UNSPECIFIED:UNSPECIFIED:IMPRESSION,USD,43991,0,791.84,0,0
2026-12-20,US,adv_demo_001,AMAZON_DSP,,IMAGE,DISPLAY,,IMPRESSION,CPM,AMAZON_DSP:DISPLAY:UNSPECIFIED:IMAGE:IMPRESSION,USD,53532,0,669.15,0,0
2026-12-20,US,adv_demo_001,AMAZON_DSP,,VIDEO,ONLINE_VIDEO,,IMPRESSION,CPM,AMAZON_DSP:ONLINE_VIDEO:UNSPECIFIED:VIDEO:IMPRESSION,USD,41073,0,821.46,0,0
2026-12-20,US,adv_demo_001,AMAZON_DSP,,VIDEO,STREAMING_TV,,IMPRESSION,CPM,AMAZON_DSP:STREAMING_TV:UNSPECIFIED:VIDEO:IMPRESSION,USD,49614,0,1389.19,0,0
2026-12-20,US,adv_demo_001,SPONSORED_BRANDS,COMPONENT,IMAGE,,TOP_OF_SEARCH,IMPRESSION,CPM,SPONSORED_BRANDS:COMPONENT:TOP_OF_SEARCH:IMAGE:IMPRESSION,USD,22155,0,0,0,0
2026-12-20,US,adv_demo_001,SPONSORED_BRANDS,COMPONENT,IMAGE,,TOP_OF_SEARCH,CLICK,CPC,SPONSORED_BRANDS:COMPONENT:TOP_OF_SEARCH:IMAGE:CLICK,USD,0,167,200.4,9,745.38
2026-12-20,US,adv_demo_001,SPONSORED_BRANDS,DISPLAY,IMAGE,,REST_OF_SEARCH,IMPRESSION,CPM,SPONSORED_BRANDS:DISPLAY:REST_OF_SEARCH:IMAGE:IMPRESSION,USD,25696,0,0,0,0
2026-12-20,US,adv_demo_001,SPONSORED_BRANDS,VIDEO,VIDEO,,TOP_OF_SEARCH,IMPRESSION,CPM,SPONSORED_BRANDS:VIDEO:TOP_OF_SEARCH:VIDEO:IMPRESSION,USD,21237,0,0,0,0
2026-12-20,US,adv_demo_001,SPONSORED_BRANDS,VIDEO,VIDEO,,TOP_OF_SEARCH,CLICK,CPC,SPONSORED_BRANDS:VIDEO:TOP_OF_SEARCH:VIDEO:CLICK,USD,0,145,200.1,7,656.11
2026-12-20,US,adv_demo_001,SPONSORED_DISPLAY,DISPLAY,IMAGE,,PRODUCT_PAGE,IMPRESSION,CPM,SPONSORED_DISPLAY:DISPLAY:PRODUCT_PAGE:IMAGE:IMPRESSION,USD,29778,0,0,0,0
2026-12-20,US,adv_demo_001,SPONSORED_DISPLAY,DISPLAY,IMAGE,,PRODUCT_PAGE,CLICK,CPC,SPONSORED_DISPLAY:DISPLAY:PRODUCT_PAGE:IMAGE:CLICK,USD,0,168,154.56,7,553.28
2026-12-20,US,adv_demo_001,SPONSORED_DISPLAY,DISPLAY,VIDEO,,PRODUCT_PAGE,IMPRESSION,CPM,SPONSORED_DISPLAY:DISPLAY:PRODUCT_PAGE:VIDEO:IMPRESSION,USD,25319,0,0,0,0
2026-12-20,US,adv_demo_001,SPONSORED_DISPLAY,VIDEO,VIDEO,,PRODUCT_PAGE,CLICK,CPC,SPONSORED_DISPLAY:VIDEO:PRODUCT_PAGE:VIDEO:CLICK,USD,0,117,138.06,6,506.88
2026-12-20,US,adv_demo_001,SPONSORED_PRODUCTS,PRODUCT_AD,,,PRODUCT_PAGE,CLICK,CPC,SPONSORED_PRODUCTS:PRODUCT_AD:PRODUCT_PAGE:UNSPECIFIED:CLICK,USD,0,353,310.64,27,1780.92
2026-12-20,US,adv_demo_001,SPONSORED_PRODUCTS,PRODUCT_AD,,,REST_OF_SEARCH,CLICK,CPC,SPONSORED_PRODUCTS:PRODUCT_AD:REST_OF_SEARCH:UNSPECIFIED:CLICK,USD,0,353,289.46,22,1401.4
2026-12-20,US,adv_demo_001,SPONSORED_PRODUCTS,PRODUCT_AD,,,TOP_OF_SEARCH,IMPRESSION,CPM,SPONSORED_PRODUCTS:PRODUCT_AD:TOP_OF_SEARCH:UNSPECIFIED:IMPRESSION,USD,41683,0,0,0,0
2026-12-20,US,adv_demo_001,SPONSORED_PRODUCTS,PRODUCT_AD,,,TOP_OF_SEARCH,CLICK,CPC,SPONSORED_PRODUCTS:PRODUCT_AD:TOP_OF_SEARCH:UNSPECIFIED:CLICK,USD,0,510,520.2,39,2779.92
2026-12-21,US,adv_demo_001,AMAZON_DSP,,,AUDIO,,IMPRESSION,CPM,AMAZON_DSP:AUDIO:UNSPECIFIED:UNSPECIFIED:IMPRESSION,USD,44968,0,809.42,0,0
2026-12-21,US,adv_demo_001,AMAZON_DSP,,IMAGE,DISPLAY,,IMPRESSION,CPM,AMAZON_DSP:DISPLAY:UNSPECIFIED:IMAGE:IMPRESSION,USD,54509,0,681.36,0,0
2026-12-21,US,adv_demo_001,AMAZON_DSP,,VIDEO,ONLINE_VIDEO,,IMPRESSION,CPM,AMAZON_DSP:ONLINE_VIDEO:UNSPECIFIED:VIDEO:IMPRESSION,USD,42050,0,841.0,0,0
2026-12-21,US,adv_demo_001,AMAZON_DSP,,VIDEO,STREAMING_TV,,IMPRESSION,CPM,AMAZON_DSP:STREAMING_TV:UNSPECIFIED:VIDEO:IMPRESSION,USD,50591,0,1416.55,0,0
2026-12-21,US,adv_demo_001,SPONSORED_BRANDS,COMPONENT,IMAGE,,TOP_OF_SEARCH,IMPRESSION,CPM,SPONSORED_BRANDS:COMPONENT:TOP_OF_SEARCH:IMAGE:IMPRESSION,USD,23132,0,0,0,0
2026-12-21,US,adv_demo_001,SPONSORED_BRANDS,COMPONENT,IMAGE,,TOP_OF_SEARCH,CLICK,CPC,SPONSORED_BRANDS:COMPONENT:TOP_OF_SEARCH:IMAGE:CLICK,USD,0,176,211.2,9,767.52
2026-12-21,US,adv_demo_001,SPONSORED_BRANDS,DISPLAY,IMAGE,,REST_OF_SEARCH,IMPRESSION,CPM,SPONSORED_BRANDS:DISPLAY:REST_OF_SEARCH:IMAGE:IMPRESSION,USD,26673,0,0,0,0
2026-12-21,US,adv_demo_001,SPONSORED_BRANDS,VIDEO,VIDEO,,TOP_OF_SEARCH,IMPRESSION,CPM,SPONSORED_BRANDS:VIDEO:TOP_OF_SEARCH:VIDEO:IMPRESSION,USD,22214,0,0,0,0
2026-12-21,US,adv_demo_001,SPONSORED_BRANDS,VIDEO,VIDEO,,TOP_OF_SEARCH,CLICK,CPC,SPONSORED_BRANDS:VIDEO:TOP_OF_SEARCH:VIDEO:CLICK,USD,0,153,211.14,8,698.88
2026-12-21,US,adv_demo_001,SPONSORED_DISPLAY,DISPLAY,IMAGE,,PRODUCT_PAGE,IMPRESSION,CPM,SPONSORED_DISPLAY:DISPLAY:PRODUCT_PAGE:IMAGE:IMPRESSION,USD,30755,0,0,0,0
2026-12-21,US,adv_demo_001,SPONSORED_DISPLAY,DISPLAY,IMAGE,,PRODUCT_PAGE,CLICK,CPC,SPONSORED_DISPLAY:DISPLAY:PRODUCT_PAGE:IMAGE:CLICK,USD,0,175,161.0,8,589.76
2026-12-21,US,adv_demo_001,SPONSORED_DISPLAY,DISPLAY,VIDEO,,PRODUCT_PAGE,IMPRESSION,CPM,SPONSORED_DISPLAY:DISPLAY:PRODUCT_PAGE:VIDEO:IMPRESSION,USD,19496,0,0,0,0
2026-12-21,US,adv_demo_001,SPONSORED_DISPLAY,VIDEO,VIDEO,,PRODUCT_PAGE,CLICK,CPC,SPONSORED_DISPLAY:VIDEO:PRODUCT_PAGE:VIDEO:CLICK,USD,0,124,146.32,6,522.72
2026-12-21,US,adv_demo_001,SPONSORED_PRODUCTS,PRODUCT_AD,,,PRODUCT_PAGE,CLICK,CPC,SPONSORED_PRODUCTS:PRODUCT_AD:PRODUCT_PAGE:UNSPECIFIED:CLICK,USD,0,367,322.96,26,1768.0
2026-12-21,US,adv_demo_001,SPONSORED_PRODUCTS,PRODUCT_AD,,,REST_OF_SEARCH,CLICK,CPC,SPONSORED_PRODUCTS:PRODUCT_AD:REST_OF_SEARCH:UNSPECIFIED:CLICK,USD,0,365,299.3,24,1575.6
2026-12-21,US,adv_demo_001,SPONSORED_PRODUCTS,PRODUCT_AD,,,TOP_OF_SEARCH,IMPRESSION,CPM,SPONSORED_PRODUCTS:PRODUCT_AD:TOP_OF_SEARCH:UNSPECIFIED:IMPRESSION,USD,42660,0,0,0,0
2026-12-21,US,adv_demo_001,SPONSORED_PRODUCTS,PRODUCT_AD,,,TOP_OF_SEARCH,CLICK,CPC,SPONSORED_PRODUCTS:PRODUCT_AD:TOP_OF_SEARCH:UNSPECIFIED:CLICK,USD,0,481,490.62,37,2717.28
2026-12-22,US,adv_demo_001,AMAZON_DSP,,,AUDIO,,IMPRESSION,CPM,AMAZON_DSP:AUDIO:UNSPECIFIED:UNSPECIFIED:IMPRESSION,USD,45945,0,827.01,0,0
2026-12-22,US,adv_demo_001,AMAZON_DSP,,IMAGE,DISPLAY,,IMPRESSION,CPM,AMAZON_DSP:DISPLAY:UNSPECIFIED:IMAGE:IMPRESSION,USD,55486,0,693.57,0,0
2026-12-22,US,adv_demo_001,AMAZON_DSP,,VIDEO,ONLINE_VIDEO,,IMPRESSION,CPM,AMAZON_DSP:ONLINE_VIDEO:UNSPECIFIED:VIDEO:IMPRESSION,USD,43027,0,860.54,0,0
2026-12-22,US,adv_demo_001,AMAZON_DSP,,VIDEO,STREAMING_TV,,IMPRESSION,CPM,AMAZON_DSP:STREAMING_TV:UNSPECIFIED:VIDEO:IMPRESSION,USD,51568,0,1443.9,0,0
2026-12-22,US,adv_demo_001,SPONSORED_BRANDS,COMPONENT,IMAGE,,TOP_OF_SEARCH,IMPRESSION,CPM,SPONSORED_BRANDS:COMPONENT:TOP_OF_SEARCH:IMAGE:IMPRESSION,USD,24109,0,0,0,0
2026-12-22,US,adv_demo_001,SPONSORED_BRANDS,COMPONENT,IMAGE,,TOP_OF_SEARCH,CLICK,CPC,SPONSORED_BRANDS:COMPONENT:TOP_OF_SEARCH:IMAGE:CLICK,USD,0,185,222.0,10,795.4
2026-12-22,US,adv_demo_001,SPONSORED_BRANDS,DISPLAY,IMAGE,,REST_OF_SEARCH,IMPRESSION,CPM,SPONSORED_BRANDS:DISPLAY:REST_OF_SEARCH:IMAGE:IMPRESSION,USD,27650,0,0,0,0
2026-12-22,US,adv_demo_001,SPONSORED_BRANDS,VIDEO,VIDEO,,TOP_OF_SEARCH,IMPRESSION,CPM,SPONSORED_BRANDS:VIDEO:TOP_OF_SEARCH:VIDEO:IMPRESSION,USD,16391,0,0,0,0
2026-12-22,US,adv_demo_001,SPONSORED_BRANDS,VIDEO,VIDEO,,TOP_OF_SEARCH,CLICK,CPC,SPONSORED_BRANDS:VIDEO:TOP_OF_SEARCH:VIDEO:CLICK,USD,0,114,157.32,6,540.54
2026-12-22,US,adv_demo_001,SPONSORED_DISPLAY,DISPLAY,IMAGE,,PRODUCT_PAGE,IMPRESSION,CPM,SPONSORED_DISPLAY:DISPLAY:PRODUCT_PAGE:IMAGE:IMPRESSION,USD,24932,0,0,0,0
2026-12-22,US,adv_demo_001,SPONSORED_DISPLAY,DISPLAY,IMAGE,,PRODUCT_PAGE,CLICK,CPC,SPONSORED_DISPLAY:DISPLAY:PRODUCT_PAGE:IMAGE:CLICK,USD,0,143,131.56,6,456.0
2026-12-22,US,adv_demo_001,SPONSORED_DISPLAY,DISPLAY,VIDEO,,PRODUCT_PAGE,IMPRESSION,CPM,SPONSORED_DISPLAY:DISPLAY:PRODUCT_PAGE:VIDEO:IMPRESSION,USD,20473,0,0,0,0
2026-12-22,US,adv_demo_001,SPONSORED_DISPLAY,VIDEO,VIDEO,,PRODUCT_PAGE,CLICK,CPC,SPONSORED_DISPLAY:VIDEO:PRODUCT_PAGE:VIDEO:CLICK,USD,0,133,156.94,6,538.56
2026-12-22,US,adv_demo_001,SPONSORED_PRODUCTS,PRODUCT_AD,,,PRODUCT_PAGE,CLICK,CPC,SPONSORED_PRODUCTS:PRODUCT_AD:PRODUCT_PAGE:UNSPECIFIED:CLICK,USD,0,381,335.28,27,1891.08
2026-12-22,US,adv_demo_001,SPONSORED_PRODUCTS,PRODUCT_AD,,,REST_OF_SEARCH,CLICK,CPC,SPONSORED_PRODUCTS:PRODUCT_AD:REST_OF_SEARCH:UNSPECIFIED:CLICK,USD,0,345,282.9,23,1554.8
2026-12-22,US,adv_demo_001,SPONSORED_PRODUCTS,PRODUCT_AD,,,TOP_OF_SEARCH,IMPRESSION,CPM,SPONSORED_PRODUCTS:PRODUCT_AD:TOP_OF_SEARCH:UNSPECIFIED:IMPRESSION,USD,43637,0,0,0,0
2026-12-22,US,adv_demo_001,SPONSORED_PRODUCTS,PRODUCT_AD,,,TOP_OF_SEARCH,CLICK,CPC,SPONSORED_PRODUCTS:PRODUCT_AD:TOP_OF_SEARCH:UNSPECIFIED:CLICK,USD,0,497,506.94,40,3024.0
2026-12-23,US,adv_demo_001,AMAZON_DSP,,,AUDIO,,IMPRESSION,CPM,AMAZON_DSP:AUDIO:UNSPECIFIED:UNSPECIFIED:IMPRESSION,USD,46922,0,844.6,0,0
2026-12-23,US,adv_demo_001,AMAZON_DSP,,IMAGE,DISPLAY,,IMPRESSION,CPM,AMAZON_DSP:DISPLAY:UNSPECIFIED:IMAGE:IMPRESSION,USD,56463,0,705.79,0,0
2026-12-23,US,adv_demo_001,AMAZON_DSP,,VIDEO,ONLINE_VIDEO,,IMPRESSION,CPM,AMAZON_DSP:ONLINE_VIDEO:UNSPECIFIED:VIDEO:IMPRESSION,USD,44004,0,880.08,0,0
2026-12-23,US,adv_demo_001,AMAZON_DSP,,VIDEO,STREAMING_TV,,IMPRESSION,CPM,AMAZON_DSP:STREAMING_TV:UNSPECIFIED:VIDEO:IMPRESSION,USD,52545,0,1471.26,0,0
2026-12-23,US,adv_demo_001,SPONSORED_BRANDS,COMPONENT,IMAGE,,TOP_OF_SEARCH,IMPRESSION,CPM,SPONSORED_BRANDS:COMPONENT:TOP_OF_SEARCH:IMAGE:IMPRESSION,USD,18286,0,0,0,0
2026-12-23,US,adv_demo_001,SPONSORED_BRANDS,COMPONENT,IMAGE,,TOP_OF_SEARCH,CLICK,CPC,SPONSORED_BRANDS:COMPONENT:TOP_OF_SEARCH:IMAGE:CLICK,USD,0,142,170.4,8,656.0
2026-12-23,US,adv_demo_001,SPONSORED_BRANDS,DISPLAY,IMAGE,,REST_OF_SEARCH,IMPRESSION,CPM,SPONSORED_BRANDS:DISPLAY:REST_OF_SEARCH:IMAGE:IMPRESSION,USD,21827,0,0,0,0
2026-12-23,US,adv_demo_001,SPONSORED_BRANDS,VIDEO,VIDEO,,TOP_OF_SEARCH,IMPRESSION,CPM,SPONSORED_BRANDS:VIDEO:TOP_OF_SEARCH:VIDEO:IMPRESSION,USD,17368,0,0,0,0
2026-12-23,US,adv_demo_001,SPONSORED_BRANDS,VIDEO,VIDEO,,TOP_OF_SEARCH,CLICK,CPC,SPONSORED_BRANDS:VIDEO:TOP_OF_SEARCH:VIDEO:CLICK,USD,0,122,168.36,6,556.92
2026-12-23,US,adv_demo_001,SPONSORED_DISPLAY,DISPLAY,IMAGE,,PRODUCT_PAGE,IMPRESSION,CPM,SPONSORED_DISPLAY:DISPLAY:PRODUCT_PAGE:IMAGE:IMPRESSION,USD,25909,0,0,0,0
2026-12-23,US,adv_demo_001,SPONSORED_DISPLAY,DISPLAY,IMAGE,,PRODUCT_PAGE,CLICK,CPC,SPONSORED_DISPLAY:DISPLAY:PRODUCT_PAGE:IMAGE:CLICK,USD,0,150,138.0,6,469.68
2026-12-23,US,adv_demo_001,SPONSORED_DISPLAY,DISPLAY,VIDEO,,PRODUCT_PAGE,IMPRESSION,CPM,SPONSORED_DISPLAY:DISPLAY:PRODUCT_PAGE:VIDEO:IMPRESSION,USD,21450,0,0,0,0
2026-12-23,US,adv_demo_001,SPONSORED_DISPLAY,VIDEO,VIDEO,,PRODUCT_PAGE,CLICK,CPC,SPONSORED_DISPLAY:VIDEO:PRODUCT_PAGE:VIDEO:CLICK,USD,0,141,166.38,7,646.8
2026-12-23,US,adv_demo_001,SPONSORED_PRODUCTS,PRODUCT_AD,,,PRODUCT_PAGE,CLICK,CPC,SPONSORED_PRODUCTS:PRODUCT_AD:PRODUCT_PAGE:UNSPECIFIED:CLICK,USD,0,361,317.68,26,1697.28
2026-12-23,US,adv_demo_001,SPONSORED_PRODUCTS,PRODUCT_AD,,,REST_OF_SEARCH,CLICK,CPC,SPONSORED_PRODUCTS:PRODUCT_AD:REST_OF_SEARCH:UNSPECIFIED:CLICK,USD,0,358,293.56,24,1513.2
2026-12-23,US,adv_demo_001,SPONSORED_PRODUCTS,PRODUCT_AD,,,TOP_OF_SEARCH,IMPRESSION,CPM,SPONSORED_PRODUCTS:PRODUCT_AD:TOP_OF_SEARCH:UNSPECIFIED:IMPRESSION,USD,44614,0,0,0,0
2026-12-23,US,adv_demo_001,SPONSORED_PRODUCTS,PRODUCT_AD,,,TOP_OF_SEARCH,CLICK,CPC,SPONSORED_PRODUCTS:PRODUCT_AD:TOP_OF_SEARCH:UNSPECIFIED:CLICK,USD,0,514,524.28,42,2963.52
2026-12-24,US,adv_demo_001,AMAZON_DSP,,,AUDIO,,IMPRESSION,CPM,AMAZON_DSP:AUDIO:UNSPECIFIED:UNSPECIFIED:IMPRESSION,USD,47899,0,862.18,0,0
2026-12-24,US,adv_demo_001,AMAZON_DSP,,IMAGE,DISPLAY,,IMPRESSION,CPM,AMAZON_DSP:DISPLAY:UNSPECIFIED:IMAGE:IMPRESSION,USD,57440,0,718.0,0,0
2026-12-24,US,adv_demo_001,AMAZON_DSP,,VIDEO,ONLINE_VIDEO,,IMPRESSION,CPM,AMAZON_DSP:ONLINE_VIDEO:UNSPECIFIED:VIDEO:IMPRESSION,USD,38181,0,763.62,0,0
2026-12-24,US,adv_demo_001,AMAZON_DSP,,VIDEO,STREAMING_TV,,IMPRESSION,CPM,AMAZON_DSP:STREAMING_TV:UNSPECIFIED:VIDEO:IMPRESSION,USD,46722,0,1308.22,0,0
2026-12-24,US,adv_demo_001,SPONSORED_BRANDS,COMPONENT,IMAGE,,TOP_OF_SEARCH,IMPRESSION,CPM,SPONSORED_BRANDS:COMPONENT:TOP_OF_SEARCH:IMAGE:IMPRESSION,USD,19263,0,0,0,0
2026-12-24,US,adv_demo_001,SPONSORED_BRANDS,COMPONENT,IMAGE,,TOP_OF_SEARCH,CLICK,CPC,SPONSORED_BRANDS:COMPONENT:TOP_OF_SEARCH:IMAGE:CLICK,USD,0,151,181.2,8,675.68
2026-12-24,US,adv_demo_001,SPONSORED_BRANDS,DISPLAY,IMAGE,,REST_OF_SEARCH,IMPRESSION,CPM,SPONSORED_BRANDS:DISPLAY:REST_OF_SEARCH:IMAGE:IMPRESSION,USD,22804,0,0,0,0
2026-12-24,US,adv_demo_001,SPONSORED_BRANDS,VIDEO,VIDEO,,TOP_OF_SEARCH,IMPRESSION,CPM,SPONSORED_BRANDS:VIDEO:TOP_OF_SEARCH:VIDEO:IMPRESSION,USD,18345,0,0,0,0
2026-12-24,US,adv_demo_001,SPONSORED_BRANDS,VIDEO,VIDEO,,TOP_OF_SEARCH,CLICK,CPC,SPONSORED_BRANDS:VIDEO:TOP_OF_SEARCH:VIDEO:CLICK,USD,0,130,179.4,6,573.3
2026-12-24,US,adv_demo_001,SPONSORED_DISPLAY,DISPLAY,IMAGE,,PRODUCT_PAGE,IMPRESSION,CPM,SPONSORED_DISPLAY:DISPLAY:PRODUCT_PAGE:IMAGE:IMPRESSION,USD,26886,0,0,0,0
2026-12-24,US,adv_demo_001,SPONSORED_DISPLAY,DISPLAY,IMAGE,,PRODUCT_PAGE,CLICK,CPC,SPONSORED_DISPLAY:DISPLAY:PRODUCT_PAGE:IMAGE:CLICK,USD,0,157,144.44,7,510.72
2026-12-24,US,adv_demo_001,SPONSORED_DISPLAY,DISPLAY,VIDEO,,PRODUCT_PAGE,IMPRESSION,CPM,SPONSORED_DISPLAY:DISPLAY:PRODUCT_PAGE:VIDEO:IMPRESSION,USD,22427,0,0,0,0
2026-12-24,US,adv_demo_001,SPONSORED_DISPLAY,VIDEO,VIDEO,,PRODUCT_PAGE,CLICK,CPC,SPONSORED_DISPLAY:VIDEO:PRODUCT_PAGE:VIDEO:CLICK,USD,0,136,160.48,7,603.68
2026-12-24,US,adv_demo_001,SPONSORED_PRODUCTS,PRODUCT_AD,,,PRODUCT_PAGE,CLICK,CPC,SPONSORED_PRODUCTS:PRODUCT_AD:PRODUCT_PAGE:UNSPECIFIED:CLICK,USD,0,374,329.12,28,1884.96
2026-12-24,US,adv_demo_001,SPONSORED_PRODUCTS,PRODUCT_AD,,,REST_OF_SEARCH,CLICK,CPC,SPONSORED_PRODUCTS:PRODUCT_AD:REST_OF_SEARCH:UNSPECIFIED:CLICK,USD,0,370,303.4,26,1690.0
2026-12-24,US,adv_demo_001,SPONSORED_PRODUCTS,PRODUCT_AD,,,TOP_OF_SEARCH,IMPRESSION,CPM,SPONSORED_PRODUCTS:PRODUCT_AD:TOP_OF_SEARCH:UNSPECIFIED:IMPRESSION,USD,45591,0,0,0,0
2026-12-24,US,adv_demo_001,SPONSORED_PRODUCTS,PRODUCT_AD,,,TOP_OF_SEARCH,CLICK,CPC,SPONSORED_PRODUCTS:PRODUCT_AD:TOP_OF_SEARCH:UNSPECIFIED:CLICK,USD,0,531,541.62,44,3199.68
2026-12-25,US,adv_demo_001,AMAZON_DSP,,,AUDIO,,IMPRESSION,CPM,AMAZON_DSP:AUDIO:UNSPECIFIED:UNSPECIFIED:IMPRESSION,USD,42076,0,757.37,0,0
2026-12-25,US,adv_demo_001,AMAZON_DSP,,IMAGE,DISPLAY,,IMPRESSION,CPM,AMAZON_DSP:DISPLAY:UNSPECIFIED:IMAGE:IMPRESSION,USD,51617,0,645.21,0,0
2026-12-25,US,adv_demo_001,AMAZON_DSP,,VIDEO,ONLINE_VIDEO,,IMPRESSION,CPM,AMAZON_DSP:ONLINE_VIDEO:UNSPECIFIED:VIDEO:IMPRESSION,USD,39158,0,783.16,0,0
2026-12-25,US,adv_demo_001,AMAZON_DSP,,VIDEO,STREAMING_TV,,IMPRESSION,CPM,AMAZON_DSP:STREAMING_TV:UNSPECIFIED:VIDEO:IMPRESSION,USD,47699,0,1335.57,0,0
2026-12-25,US,adv_demo_001,SPONSORED_BRANDS,COMPONENT,IMAGE,,TOP_OF_SEARCH,IMPRESSION,CPM,SPONSORED_BRANDS:COMPONENT:TOP_OF_SEARCH:IMAGE:IMPRESSION,USD,20240,0,0,0,0
2026-12-25,US,adv_demo_001,SPONSORED_BRANDS,COMPONENT,IMAGE,,TOP_OF_SEARCH,CLICK,CPC,SPONSORED_BRANDS:COMPONENT:TOP_OF_SEARCH:IMAGE:CLICK,USD,0,160,192.0,8,629.76
2026-12-25,US,adv_demo_001,SPONSORED_BRANDS,DISPLAY,IMAGE,,REST_OF_SEARCH,IMPRESSION,CPM,SPONSORED_BRANDS:DISPLAY:REST_OF_SEARCH:IMAGE:IMPRESSION,USD,23781,0,0,0,0
2026-12-25,US,adv_demo_001,SPONSORED_BRANDS,VIDEO,VIDEO,,TOP_OF_SEARCH,IMPRESSION,CPM,SPONSORED_BRANDS:VIDEO:TOP_OF_SEARCH:VIDEO:IMPRESSION,USD,19322,0,0,0,0
2026-12-25,US,adv_demo_001,SPONSORED_BRANDS,VIDEO,VIDEO,,TOP_OF_SEARCH,CLICK,CPC,SPONSORED_BRANDS:VIDEO:TOP_OF_SEARCH:VIDEO:CLICK,USD,0,139,191.82,7,624.26
2026-12-25,US,adv_demo_001,SPONSORED_DISPLAY,DISPLAY,IMAGE,,PRODUCT_PAGE,IMPRESSION,CPM,SPONSORED_DISPLAY:DISPLAY:PRODUCT_PAGE:IMAGE:IMPRESSION,USD,27863,0,0,0,0
2026-12-25,US,adv_demo_001,SPONSORED_DISPLAY,DISPLAY,IMAGE,,PRODUCT_PAGE,CLICK,CPC,SPONSORED_DISPLAY:DISPLAY:PRODUCT_PAGE:IMAGE:CLICK,USD,0,165,151.8,7,526.68
2026-12-25,US,adv_demo_001,SPONSORED_DISPLAY,DISPLAY,VIDEO,,PRODUCT_PAGE,IMPRESSION,CPM,SPONSORED_DISPLAY:DISPLAY:PRODUCT_PAGE:VIDEO:IMPRESSION,USD,23404,0,0,0,0
2026-12-25,US,adv_demo_001,SPONSORED_DISPLAY,VIDEO,VIDEO,,PRODUCT_PAGE,CLICK,CPC,SPONSORED_DISPLAY:VIDEO:PRODUCT_PAGE:VIDEO:CLICK,USD,0,144,169.92,7,622.16
2026-12-25,US,adv_demo_001,SPONSORED_PRODUCTS,PRODUCT_AD,,,PRODUCT_PAGE,CLICK,CPC,SPONSORED_PRODUCTS:PRODUCT_AD:PRODUCT_PAGE:UNSPECIFIED:CLICK,USD,0,388,341.44,29,2011.44
2026-12-25,US,adv_demo_001,SPONSORED_PRODUCTS,PRODUCT_AD,,,REST_OF_SEARCH,CLICK,CPC,SPONSORED_PRODUCTS:PRODUCT_AD:REST_OF_SEARCH:UNSPECIFIED:CLICK,USD,0,383,314.06,27,1807.65
2026-12-25,US,adv_demo_001,SPONSORED_PRODUCTS,PRODUCT_AD,,,TOP_OF_SEARCH,IMPRESSION,CPM,SPONSORED_PRODUCTS:PRODUCT_AD:TOP_OF_SEARCH:UNSPECIFIED:IMPRESSION,USD,46568,0,0,0,0
2026-12-25,US,adv_demo_001,SPONSORED_PRODUCTS,PRODUCT_AD,,,TOP_OF_SEARCH,CLICK,CPC,SPONSORED_PRODUCTS:PRODUCT_AD:TOP_OF_SEARCH:UNSPECIFIED:CLICK,USD,0,548,558.96,41,3070.08
2026-12-26,US,adv_demo_001,AMAZON_DSP,,,AUDIO,,IMPRESSION,CPM,AMAZON_DSP:AUDIO:UNSPECIFIED:UNSPECIFIED:IMPRESSION,USD,43053,0,774.95,0,0
2026-12-26,US,adv_demo_001,AMAZON_DSP,,IMAGE,DISPLAY,,IMPRESSION,CPM,AMAZON_DSP:DISPLAY:UNSPECIFIED:IMAGE:IMPRESSION,USD,52594,0,657.43,0,0
2026-12-26,US,adv_demo_001,AMAZON_DSP,,VIDEO,ONLINE_VIDEO,,IMPRESSION,CPM,AMAZON_DSP:ONLINE_VIDEO:UNSPECIFIED:VIDEO:IMPRESSION,USD,40135,0,802.7,0,0
2026-12-26,US,adv_demo_001,AMAZON_DSP,,VIDEO,STREAMING_TV,,IMPRESSION,CPM,AMAZON_DSP:STREAMING_TV:UNSPECIFIED:VIDEO:IMPRESSION,USD,48676,0,1362.93,0,0
2026-12-26,US,adv_demo_001,SPONSORED_BRANDS,COMPONENT,IMAGE,,TOP_OF_SEARCH,IMPRESSION,CPM,SPONSORED_BRANDS:COMPONENT:TOP_OF_SEARCH:IMAGE:IMPRESSION,USD,21217,0,0,0,0
2026-12-26,US,adv_demo_001,SPONSORED_BRANDS,COMPONENT,IMAGE,,TOP_OF_SEARCH,CLICK,CPC,SPONSORED_BRANDS:COMPONENT:TOP_OF_SEARCH:IMAGE:CLICK,USD,0,170,204.0,9,730.62
2026-12-26,US,adv_demo_001,SPONSORED_BRANDS,DISPLAY,IMAGE,,REST_OF_SEARCH,IMPRESSION,CPM,SPONSORED_BRANDS:DISPLAY:REST_OF_SEARCH:IMAGE:IMPRESSION,USD,24758,0,0,0,0
2026-12-26,US,adv_demo_001,SPONSORED_BRANDS,VIDEO,VIDEO,,TOP_OF_SEARCH,IMPRESSION,CPM,SPONSORED_BRANDS:VIDEO:TOP_OF_SEARCH:VIDEO:IMPRESSION,USD,20299,0,0,0,0
2026-12-26,US,adv_demo_001,SPONSORED_BRANDS,VIDEO,VIDEO,,TOP_OF_SEARCH,CLICK,CPC,SPONSORED_BRANDS:VIDEO:TOP_OF_SEARCH:VIDEO:CLICK,USD,0,147,202.86,7,643.37
2026-12-26,US,adv_demo_001,SPONSORED_DISPLAY,DISPLAY,IMAGE,,PRODUCT_PAGE,IMPRESSION,CPM,SPONSORED_DISPLAY:DISPLAY:PRODUCT_PAGE:IMAGE:IMPRESSION,USD,28840,0,0,0,0
2026-12-26,US,adv_demo_001,SPONSORED_DISPLAY,DISPLAY,IMAGE,,PRODUCT_PAGE,CLICK,CPC,SPONSORED_DISPLAY:DISPLAY:PRODUCT_PAGE:IMAGE:CLICK,USD,0,157,144.44,7,542.64
2026-12-26,US,adv_demo_001,SPONSORED_DISPLAY,DISPLAY,VIDEO,,PRODUCT_PAGE,IMPRESSION,CPM,SPONSORED_DISPLAY:DISPLAY:PRODUCT_PAGE:VIDEO:IMPRESSION,USD,24381,0,0,0,0
2026-12-26,US,adv_demo_001,SPONSORED_DISPLAY,VIDEO,VIDEO,,PRODUCT_PAGE,CLICK,CPC,SPONSORED_DISPLAY:VIDEO:PRODUCT_PAGE:VIDEO:CLICK,USD,0,152,179.36,8,732.16
2026-12-26,US,adv_demo_001,SPONSORED_PRODUCTS,PRODUCT_AD,,,PRODUCT_PAGE,CLICK,CPC,SPONSORED_PRODUCTS:PRODUCT_AD:PRODUCT_PAGE:UNSPECIFIED:CLICK,USD,0,402,353.76,28,1999.2
2026-12-26,US,adv_demo_001,SPONSORED_PRODUCTS,PRODUCT_AD,,,REST_OF_SEARCH,CLICK,CPC,SPONSORED_PRODUCTS:PRODUCT_AD:REST_OF_SEARCH:UNSPECIFIED:CLICK,USD,0,334,273.88,21,1310.4
2026-12-26,US,adv_demo_001,SPONSORED_PRODUCTS,PRODUCT_AD,,,TOP_OF_SEARCH,IMPRESSION,CPM,SPONSORED_PRODUCTS:PRODUCT_AD:TOP_OF_SEARCH:UNSPECIFIED:IMPRESSION,USD,40745,0,0,0,0
2026-12-26,US,adv_demo_001,SPONSORED_PRODUCTS,PRODUCT_AD,,,TOP_OF_SEARCH,CLICK,CPC,SPONSORED_PRODUCTS:PRODUCT_AD:TOP_OF_SEARCH:UNSPECIFIED:CLICK,USD,0,484,493.68,37,2584.08
2026-12-27,US,adv_demo_001,AMAZON_DSP,,,AUDIO,,IMPRESSION,CPM,AMAZON_DSP:AUDIO:UNSPECIFIED:UNSPECIFIED:IMPRESSION,USD,44030,0,792.54,0,0
2026-12-27,US,adv_demo_001,AMAZON_DSP,,IMAGE,DISPLAY,,IMPRESSION,CPM,AMAZON_DSP:DISPLAY:UNSPECIFIED:IMAGE:IMPRESSION,USD,53571,0,669.64,0,0
2026-12-27,US,adv_demo_001,AMAZON_DSP,,VIDEO,ONLINE_VIDEO,,IMPRESSION,CPM,AMAZON_DSP:ONLINE_VIDEO:UNSPECIFIED:VIDEO:IMPRESSION,USD,41112,0,822.24,0,0
2026-12-27,US,adv_demo_001,AMAZON_DSP,,VIDEO,STREAMING_TV,,IMPRESSION,CPM,AMAZON_DSP:STREAMING_TV:UNSPECIFIED:VIDEO:IMPRESSION,USD,49653,0,1390.28,0,0
2026-12-27,US,adv_demo_001,SPONSORED_BRANDS,COMPONENT,IMAGE,,TOP_OF_SEARCH,IMPRESSION,CPM,SPONSORED_BRANDS:COMPONENT:TOP_OF_SEARCH:IMAGE:IMPRESSION,USD,22194,0,0,0,0
2026-12-27,US,adv_demo_001,SPONSORED_BRANDS,COMPONENT,IMAGE,,TOP_OF_SEARCH,CLICK,CPC,SPONSORED_BRANDS:COMPONENT:TOP_OF_SEARCH:IMAGE:CLICK,USD,0,179,214.8,10,836.4
2026-12-27,US,adv_demo_001,SPONSORED_BRANDS,DISPLAY,IMAGE,,REST_OF_SEARCH,IMPRESSION,CPM,SPONSORED_BRANDS:DISPLAY:REST_OF_SEARCH:IMAGE:IMPRESSION,USD,25735,0,0,0,0
2026-12-27,US,adv_demo_001,SPONSORED_BRANDS,VIDEO,VIDEO,,TOP_OF_SEARCH,IMPRESSION,CPM,SPONSORED_BRANDS:VIDEO:TOP_OF_SEARCH:VIDEO:IMPRESSION,USD,21276,0,0,0,0
2026-12-27,US,adv_demo_001,SPONSORED_BRANDS,VIDEO,VIDEO,,TOP_OF_SEARCH,CLICK,CPC,SPONSORED_BRANDS:VIDEO:TOP_OF_SEARCH:VIDEO:CLICK,USD,0,142,195.96,7,662.48
2026-12-27,US,adv_demo_001,SPONSORED_DISPLAY,DISPLAY,IMAGE,,PRODUCT_PAGE,IMPRESSION,CPM,SPONSORED_DISPLAY:DISPLAY:PRODUCT_PAGE:IMAGE:IMPRESSION,USD,29817,0,0,0,0
2026-12-27,US,adv_demo_001,SPONSORED_DISPLAY,DISPLAY,IMAGE,,PRODUCT_PAGE,CLICK,CPC,SPONSORED_DISPLAY:DISPLAY:PRODUCT_PAGE:IMAGE:CLICK,USD,0,164,150.88,8,638.4
2026-12-27,US,adv_demo_001,SPONSORED_DISPLAY,DISPLAY,VIDEO,,PRODUCT_PAGE,IMPRESSION,CPM,SPONSORED_DISPLAY:DISPLAY:PRODUCT_PAGE:VIDEO:IMPRESSION,USD,25358,0,0,0,0
2026-12-27,US,adv_demo_001,SPONSORED_DISPLAY,VIDEO,VIDEO,,PRODUCT_PAGE,CLICK,CPC,SPONSORED_DISPLAY:VIDEO:PRODUCT_PAGE:VIDEO:CLICK,USD,0,114,134.52,5,426.8
2026-12-27,US,adv_demo_001,SPONSORED_PRODUCTS,PRODUCT_AD,,,PRODUCT_PAGE,CLICK,CPC,SPONSORED_PRODUCTS:PRODUCT_AD:PRODUCT_PAGE:UNSPECIFIED:CLICK,USD,0,346,304.48,24,1599.36
2026-12-27,US,adv_demo_001,SPONSORED_PRODUCTS,PRODUCT_AD,,,REST_OF_SEARCH,CLICK,CPC,SPONSORED_PRODUCTS:PRODUCT_AD:REST_OF_SEARCH:UNSPECIFIED:CLICK,USD,0,346,283.72,23,1480.05
2026-12-27,US,adv_demo_001,SPONSORED_PRODUCTS,PRODUCT_AD,,,TOP_OF_SEARCH,IMPRESSION,CPM,SPONSORED_PRODUCTS:PRODUCT_AD:TOP_OF_SEARCH:UNSPECIFIED:IMPRESSION,USD,41722,0,0,0,0
2026-12-27,US,adv_demo_001,SPONSORED_PRODUCTS,PRODUCT_AD,,,TOP_OF_SEARCH,CLICK,CPC,SPONSORED_PRODUCTS:PRODUCT_AD:TOP_OF_SEARCH:UNSPECIFIED:CLICK,USD,0,501,511.02,39,2808.0
2026-12-28,US,adv_demo_001,AMAZON_DSP,,,AUDIO,,IMPRESSION,CPM,AMAZON_DSP:AUDIO:UNSPECIFIED:UNSPECIFIED:IMPRESSION,USD,45007,0,810.13,0,0
2026-12-28,US,adv_demo_001,AMAZON_DSP,,IMAGE,DISPLAY,,IMPRESSION,CPM,AMAZON_DSP:DISPLAY:UNSPECIFIED:IMAGE:IMPRESSION,USD,54548,0,681.85,0,0
2026-12-28,US,adv_demo_001,AMAZON_DSP,,VIDEO,ONLINE_VIDEO,,IMPRESSION,CPM,AMAZON_DSP:ONLINE_VIDEO:UNSPECIFIED:VIDEO:IMPRESSION,USD,42089,0,841.78,0,0
2026-12-28,US,adv_demo_001,AMAZON_DSP,,VIDEO,STREAMING_TV,,IMPRESSION,CPM,AMAZON_DSP:STREAMING_TV:UNSPECIFIED:VIDEO:IMPRESSION,USD,50630,0,1417.64,0,0
2026-12-28,US,adv_demo_001,SPONSORED_BRANDS,COMPONENT,IMAGE,,TOP_OF_SEARCH,IMPRESSION,CPM,SPONSORED_BRANDS:COMPONENT:TOP_OF_SEARCH:IMAGE:IMPRESSION,USD,23171,0,0,0,0
2026-12-28,US,adv_demo_001,SPONSORED_BRANDS,COMPONENT,IMAGE,,TOP_OF_SEARCH,CLICK,CPC,SPONSORED_BRANDS:COMPONENT:TOP_OF_SEARCH:IMAGE:CLICK,USD,0,189,226.8,10,861.0
2026-12-28,US,adv_demo_001,SPONSORED_BRANDS,DISPLAY,IMAGE,,REST_OF_SEARCH,IMPRESSION,CPM,SPONSORED_BRANDS:DISPLAY:REST_OF_SEARCH:IMAGE:IMPRESSION,USD,26712,0,0,0,0
2026-12-28,US,adv_demo_001,SPONSORED_BRANDS,VIDEO,VIDEO,,TOP_OF_SEARCH,IMPRESSION,CPM,SPONSORED_BRANDS:VIDEO:TOP_OF_SEARCH:VIDEO:IMPRESSION,USD,22253,0,0,0,0
2026-12-28,US,adv_demo_001,SPONSORED_BRANDS,VIDEO,VIDEO,,TOP_OF_SEARCH,CLICK,CPC,SPONSORED_BRANDS:VIDEO:TOP_OF_SEARCH:VIDEO:CLICK,USD,0,150,207.0,7,617.89
2026-12-28,US,adv_demo_001,SPONSORED_DISPLAY,DISPLAY,IMAGE,,PRODUCT_PAGE,IMPRESSION,CPM,SPONSORED_DISPLAY:DISPLAY:PRODUCT_PAGE:IMAGE:IMPRESSION,USD,30794,0,0,0,0
2026-12-28,US,adv_demo_001,SPONSORED_DISPLAY,DISPLAY,IMAGE,,PRODUCT_PAGE,CLICK,CPC,SPONSORED_DISPLAY:DISPLAY:PRODUCT_PAGE:IMAGE:CLICK,USD,0,171,157.32,7,521.36
2026-12-28,US,adv_demo_001,SPONSORED_DISPLAY,DISPLAY,VIDEO,,PRODUCT_PAGE,IMPRESSION,CPM,SPONSORED_DISPLAY:DISPLAY:PRODUCT_PAGE:VIDEO:IMPRESSION,USD,19535,0,0,0,0
2026-12-28,US,adv_demo_001,SPONSORED_DISPLAY,VIDEO,VIDEO,,PRODUCT_PAGE,CLICK,CPC,SPONSORED_DISPLAY:VIDEO:PRODUCT_PAGE:VIDEO:CLICK,USD,0,122,143.96,6,528.0
2026-12-28,US,adv_demo_001,SPONSORED_PRODUCTS,PRODUCT_AD,,,PRODUCT_PAGE,CLICK,CPC,SPONSORED_PRODUCTS:PRODUCT_AD:PRODUCT_PAGE:UNSPECIFIED:CLICK,USD,0,360,316.8,26,1785.68
2026-12-28,US,adv_demo_001,SPONSORED_PRODUCTS,PRODUCT_AD,,,REST_OF_SEARCH,CLICK,CPC,SPONSORED_PRODUCTS:PRODUCT_AD:REST_OF_SEARCH:UNSPECIFIED:CLICK,USD,0,359,294.38,24,1591.2
2026-12-28,US,adv_demo_001,SPONSORED_PRODUCTS,PRODUCT_AD,,,TOP_OF_SEARCH,IMPRESSION,CPM,SPONSORED_PRODUCTS:PRODUCT_AD:TOP_OF_SEARCH:UNSPECIFIED:IMPRESSION,USD,42699,0,0,0,0
2026-12-28,US,adv_demo_001,SPONSORED_PRODUCTS,PRODUCT_AD,,,TOP_OF_SEARCH,CLICK,CPC,SPONSORED_PRODUCTS:PRODUCT_AD:TOP_OF_SEARCH:UNSPECIFIED:CLICK,USD,0,518,528.36,42,3114.72
2026-12-29,US,adv_demo_001,AMAZON_DSP,,,AUDIO,,IMPRESSION,CPM,AMAZON_DSP:AUDIO:UNSPECIFIED:UNSPECIFIED:IMPRESSION,USD,45984,0,827.71,0,0
2026-12-29,US,adv_demo_001,AMAZON_DSP,,IMAGE,DISPLAY,,IMPRESSION,CPM,AMAZON_DSP:DISPLAY:UNSPECIFIED:IMAGE:IMPRESSION,USD,55525,0,694.06,0,0
2026-12-29,US,adv_demo_001,AMAZON_DSP,,VIDEO,ONLINE_VIDEO,,IMPRESSION,CPM,AMAZON_DSP:ONLINE_VIDEO:UNSPECIFIED:VIDEO:IMPRESSION,USD,43066,0,861.32,0,0
2026-12-29,US,adv_demo_001,AMAZON_DSP,,VIDEO,STREAMING_TV,,IMPRESSION,CPM,AMAZON_DSP:STREAMING_TV:UNSPECIFIED:VIDEO:IMPRESSION,USD,51607,0,1445.0,0,0
2026-12-29,US,adv_demo_001,SPONSORED_BRANDS,COMPONENT,IMAGE,,TOP_OF_SEARCH,IMPRESSION,CPM,SPONSORED_BRANDS:COMPONENT:TOP_OF_SEARCH:IMAGE:IMPRESSION,USD,24148,0,0,0,0
2026-12-29,US,adv_demo_001,SPONSORED_BRANDS,COMPONENT,IMAGE,,TOP_OF_SEARCH,CLICK,CPC,SPONSORED_BRANDS:COMPONENT:TOP_OF_SEARCH:IMAGE:CLICK,USD,0,182,218.4,9,723.24
2026-12-29,US,adv_demo_001,SPONSORED_BRANDS,DISPLAY,IMAGE,,REST_OF_SEARCH,IMPRESSION,CPM,SPONSORED_BRANDS:DISPLAY:REST_OF_SEARCH:IMAGE:IMPRESSION,USD,27689,0,0,0,0
2026-12-29,US,adv_demo_001,SPONSORED_BRANDS,VIDEO,VIDEO,,TOP_OF_SEARCH,IMPRESSION,CPM,SPONSORED_BRANDS:VIDEO:TOP_OF_SEARCH:VIDEO:IMPRESSION,USD,16430,0,0,0,0
2026-12-29,US,adv_demo_001,SPONSORED_BRANDS,VIDEO,VIDEO,,TOP_OF_SEARCH,CLICK,CPC,SPONSORED_BRANDS:VIDEO:TOP_OF_SEARCH:VIDEO:CLICK,USD,0,112,154.56,5,455.0
2026-12-29,US,adv_demo_001,SPONSORED_DISPLAY,DISPLAY,IMAGE,,PRODUCT_PAGE,IMPRESSION,CPM,SPONSORED_DISPLAY:DISPLAY:PRODUCT_PAGE:IMAGE:IMPRESSION,USD,24971,0,0,0,0
2026-12-29,US,adv_demo_001,SPONSORED_DISPLAY,DISPLAY,IMAGE,,PRODUCT_PAGE,CLICK,CPC,SPONSORED_DISPLAY:DISPLAY:PRODUCT_PAGE:IMAGE:CLICK,USD,0,140,128.8,6,460.56
2026-12-29,US,adv_demo_001,SPONSORED_DISPLAY,DISPLAY,VIDEO,,PRODUCT_PAGE,IMPRESSION,CPM,SPONSORED_DISPLAY:DISPLAY:PRODUCT_PAGE:VIDEO:IMPRESSION,USD,20512,0,0,0,0
2026-12-29,US,adv_demo_001,SPONSORED_DISPLAY,VIDEO,VIDEO,,PRODUCT_PAGE,CLICK,CPC,SPONSORED_DISPLAY:VIDEO:PRODUCT_PAGE:VIDEO:CLICK,USD,0,130,153.4,6,543.84
2026-12-29,US,adv_demo_001,SPONSORED_PRODUCTS,PRODUCT_AD,,,PRODUCT_PAGE,CLICK,CPC,SPONSORED_PRODUCTS:PRODUCT_AD:PRODUCT_PAGE:UNSPECIFIED:CLICK,USD,0,374,329.12,27,1909.44
2026-12-29,US,adv_demo_001,SPONSORED_PRODUCTS,PRODUCT_AD,,,REST_OF_SEARCH,CLICK,CPC,SPONSORED_PRODUCTS:PRODUCT_AD:REST_OF_SEARCH:UNSPECIFIED:CLICK,USD,0,372,305.04,25,1706.25
2026-12-29,US,adv_demo_001,SPONSORED_PRODUCTS,PRODUCT_AD,,,TOP_OF_SEARCH,IMPRESSION,CPM,SPONSORED_PRODUCTS:PRODUCT_AD:TOP_OF_SEARCH:UNSPECIFIED:IMPRESSION,USD,43676,0,0,0,0
2026-12-29,US,adv_demo_001,SPONSORED_PRODUCTS,PRODUCT_AD,,,TOP_OF_SEARCH,CLICK,CPC,SPONSORED_PRODUCTS:PRODUCT_AD:TOP_OF_SEARCH:UNSPECIFIED:CLICK,USD,0,535,545.7,44,3041.28
2026-12-30,US,adv_demo_001,AMAZON_DSP,,,AUDIO,,IMPRESSION,CPM,AMAZON_DSP:AUDIO:UNSPECIFIED:UNSPECIFIED:IMPRESSION,USD,46961,0,845.3,0,0
2026-12-30,US,adv_demo_001,AMAZON_DSP,,IMAGE,DISPLAY,,IMPRESSION,CPM,AMAZON_DSP:DISPLAY:UNSPECIFIED:IMAGE:IMPRESSION,USD,56502,0,706.27,0,0
2026-12-30,US,adv_demo_001,AMAZON_DSP,,VIDEO,ONLINE_VIDEO,,IMPRESSION,CPM,AMAZON_DSP:ONLINE_VIDEO:UNSPECIFIED:VIDEO:IMPRESSION,USD,44043,0,880.86,0,0
2026-12-30,US,adv_demo_001,AMAZON_DSP,,VIDEO,STREAMING_TV,,IMPRESSION,CPM,AMAZON_DSP:STREAMING_TV:UNSPECIFIED:VIDEO:IMPRESSION,USD,52584,0,1472.35,0,0
2026-12-30,US,adv_demo_001,SPONSORED_BRANDS,COMPONENT,IMAGE,,TOP_OF_SEARCH,IMPRESSION,CPM,SPONSORED_BRANDS:COMPONENT:TOP_OF_SEARCH:IMAGE:IMPRESSION,USD,18325,0,0,0,0
2026-12-30,US,adv_demo_001,SPONSORED_BRANDS,COMPONENT,IMAGE,,TOP_OF_SEARCH,CLICK,CPC,SPONSORED_BRANDS:COMPONENT:TOP_OF_SEARCH:IMAGE:CLICK,USD,0,139,166.8,7,579.74
2026-12-30,US,adv_demo_001,SPONSORED_BRANDS,DISPLAY,IMAGE,,REST_OF_SEARCH,IMPRESSION,CPM,SPONSORED_BRANDS:DISPLAY:REST_OF_SEARCH:IMAGE:IMPRESSION,USD,21866,0,0,0,0
2026-12-30,US,adv_demo_001,SPONSORED_BRANDS,VIDEO,VIDEO,,TOP_OF_SEARCH,IMPRESSION,CPM,SPONSORED_BRANDS:VIDEO:TOP_OF_SEARCH:VIDEO:IMPRESSION,USD,17407,0,0,0,0
2026-12-30,US,adv_demo_001,SPONSORED_BRANDS,VIDEO,VIDEO,,TOP_OF_SEARCH,CLICK,CPC,SPONSORED_BRANDS:VIDEO:TOP_OF_SEARCH:VIDEO:CLICK,USD,0,120,165.6,6,562.38
2026-12-30,US,adv_demo_001,SPONSORED_DISPLAY,DISPLAY,IMAGE,,PRODUCT_PAGE,IMPRESSION,CPM,SPONSORED_DISPLAY:DISPLAY:PRODUCT_PAGE:IMAGE:IMPRESSION,USD,25948,0,0,0,0
2026-12-30,US,adv_demo_001,SPONSORED_DISPLAY,DISPLAY,IMAGE,,PRODUCT_PAGE,CLICK,CPC,SPONSORED_DISPLAY:DISPLAY:PRODUCT_PAGE:IMAGE:CLICK,USD,0,147,135.24,6,474.24
2026-12-30,US,adv_demo_001,SPONSORED_DISPLAY,DISPLAY,VIDEO,,PRODUCT_PAGE,IMPRESSION,CPM,SPONSORED_DISPLAY:DISPLAY:PRODUCT_PAGE:VIDEO:IMPRESSION,USD,21489,0,0,0,0
2026-12-30,US,adv_demo_001,SPONSORED_DISPLAY,VIDEO,VIDEO,,PRODUCT_PAGE,CLICK,CPC,SPONSORED_DISPLAY:VIDEO:PRODUCT_PAGE:VIDEO:CLICK,USD,0,138,162.84,7,591.36
2026-12-30,US,adv_demo_001,SPONSORED_PRODUCTS,PRODUCT_AD,,,PRODUCT_PAGE,CLICK,CPC,SPONSORED_PRODUCTS:PRODUCT_AD:PRODUCT_PAGE:UNSPECIFIED:CLICK,USD,0,388,341.44,29,1912.84
2026-12-30,US,adv_demo_001,SPONSORED_PRODUCTS,PRODUCT_AD,,,REST_OF_SEARCH,CLICK,CPC,SPONSORED_PRODUCTS:PRODUCT_AD:REST_OF_SEARCH:UNSPECIFIED:CLICK,USD,0,385,315.7,27,1719.9
2026-12-30,US,adv_demo_001,SPONSORED_PRODUCTS,PRODUCT_AD,,,TOP_OF_SEARCH,IMPRESSION,CPM,SPONSORED_PRODUCTS:PRODUCT_AD:TOP_OF_SEARCH:UNSPECIFIED:IMPRESSION,USD,44653,0,0,0,0
2026-12-30,US,adv_demo_001,SPONSORED_PRODUCTS,PRODUCT_AD,,,TOP_OF_SEARCH,CLICK,CPC,SPONSORED_PRODUCTS:PRODUCT_AD:TOP_OF_SEARCH:UNSPECIFIED:CLICK,USD,0,504,514.08,42,2993.76
2026-12-31,US,adv_demo_001,AMAZON_DSP,,,AUDIO,,IMPRESSION,CPM,AMAZON_DSP:AUDIO:UNSPECIFIED:UNSPECIFIED:IMPRESSION,USD,47938,0,862.88,0,0
2026-12-31,US,adv_demo_001,AMAZON_DSP,,IMAGE,DISPLAY,,IMPRESSION,CPM,AMAZON_DSP:DISPLAY:UNSPECIFIED:IMAGE:IMPRESSION,USD,57479,0,718.49,0,0
2026-12-31,US,adv_demo_001,AMAZON_DSP,,VIDEO,ONLINE_VIDEO,,IMPRESSION,CPM,AMAZON_DSP:ONLINE_VIDEO:UNSPECIFIED:VIDEO:IMPRESSION,USD,38220,0,764.4,0,0
2026-12-31,US,adv_demo_001,AMAZON_DSP,,VIDEO,STREAMING_TV,,IMPRESSION,CPM,AMAZON_DSP:STREAMING_TV:UNSPECIFIED:VIDEO:IMPRESSION,USD,46761,0,1309.31,0,0
2026-12-31,US,adv_demo_001,SPONSORED_BRANDS,COMPONENT,IMAGE,,TOP_OF_SEARCH,IMPRESSION,CPM,SPONSORED_BRANDS:COMPONENT:TOP_OF_SEARCH:IMAGE:IMPRESSION,USD,19302,0,0,0,0
2026-12-31,US,adv_demo_001,SPONSORED_BRANDS,COMPONENT,IMAGE,,TOP_OF_SEARCH,CLICK,CPC,SPONSORED_BRANDS:COMPONENT:TOP_OF_SEARCH:IMAGE:CLICK,USD,0,148,177.6,8,682.24
2026-12-31,US,adv_demo_001,SPONSORED_BRANDS,DISPLAY,IMAGE,,REST_OF_SEARCH,IMPRESSION,CPM,SPONSORED_BRANDS:DISPLAY:REST_OF_SEARCH:IMAGE:IMPRESSION,USD,22843,0,0,0,0
2026-12-31,US,adv_demo_001,SPONSORED_BRANDS,VIDEO,VIDEO,,TOP_OF_SEARCH,IMPRESSION,CPM,SPONSORED_BRANDS:VIDEO:TOP_OF_SEARCH:VIDEO:IMPRESSION,USD,18384,0,0,0,0
2026-12-31,US,adv_demo_001,SPONSORED_BRANDS,VIDEO,VIDEO,,TOP_OF_SEARCH,CLICK,CPC,SPONSORED_BRANDS:VIDEO:TOP_OF_SEARCH:VIDEO:CLICK,USD,0,128,176.64,6,524.16
2026-12-31,US,adv_demo_001,SPONSORED_DISPLAY,DISPLAY,IMAGE,,PRODUCT_PAGE,IMPRESSION,CPM,SPONSORED_DISPLAY:DISPLAY:PRODUCT_PAGE:IMAGE:IMPRESSION,USD,26925,0,0,0,0
2026-12-31,US,adv_demo_001,SPONSORED_DISPLAY,DISPLAY,IMAGE,,PRODUCT_PAGE,CLICK,CPC,SPONSORED_DISPLAY:DISPLAY:PRODUCT_PAGE:IMAGE:CLICK,USD,0,155,142.6,7,516.04
2026-12-31,US,adv_demo_001,SPONSORED_DISPLAY,DISPLAY,VIDEO,,PRODUCT_PAGE,IMPRESSION,CPM,SPONSORED_DISPLAY:DISPLAY:PRODUCT_PAGE:VIDEO:IMPRESSION,USD,22466,0,0,0,0
2026-12-31,US,adv_demo_001,SPONSORED_DISPLAY,VIDEO,VIDEO,,PRODUCT_PAGE,CLICK,CPC,SPONSORED_DISPLAY:VIDEO:PRODUCT_PAGE:VIDEO:CLICK,USD,0,146,172.28,7,609.84
2026-12-31,US,adv_demo_001,SPONSORED_PRODUCTS,PRODUCT_AD,,,PRODUCT_PAGE,CLICK,CPC,SPONSORED_PRODUCTS:PRODUCT_AD:PRODUCT_PAGE:UNSPECIFIED:CLICK,USD,0,402,353.76,31,2108.0
2026-12-31,US,adv_demo_001,SPONSORED_PRODUCTS,PRODUCT_AD,,,REST_OF_SEARCH,CLICK,CPC,SPONSORED_PRODUCTS:PRODUCT_AD:REST_OF_SEARCH:UNSPECIFIED:CLICK,USD,0,363,297.66,23,1509.95
2026-12-31,US,adv_demo_001,SPONSORED_PRODUCTS,PRODUCT_AD,,,TOP_OF_SEARCH,IMPRESSION,CPM,SPONSORED_PRODUCTS:PRODUCT_AD:TOP_OF_SEARCH:UNSPECIFIED:IMPRESSION,USD,45630,0,0,0,0
2026-12-31,US,adv_demo_001,SPONSORED_PRODUCTS,PRODUCT_AD,,,TOP_OF_SEARCH,CLICK,CPC,SPONSORED_PRODUCTS:PRODUCT_AD:TOP_OF_SEARCH:UNSPECIFIED:CLICK,USD,0,520,530.4,40,2937.6
