user_id,path,conversion,revenue,touch_count,first_touch_channel,last_touch_channel,conversion_timestamp
u00001,Start > Meta > Google Search > Null,0,0,2,Meta,Google Search,
u00002,Start > Google Search > TikTok > Google Search > Null,0,0,3,Google Search,Google Search,
u00003,Start > Meta > Email > Google Search > Google Search > Conversion,1,767.5,4,Meta,Google Search,2026-01-10 21:31:00
u00004,Start > Meta > Google Search > Google Search > Google Search > Google Search > Conversion,1,559.65,5,Meta,Google Search,2026-02-02 21:42:00
u00005,Start > TikTok > Null,0,0,1,TikTok,TikTok,
u00006,Start > Google Search > TikTok > Google Search > Google Search > Meta > Conversion,1,429.65,5,Google Search,Meta,2026-02-03 03:19:00
u00007,Start > Google Search > TikTok > TikTok > Google Search > TikTok > Null,0,0,5,Google Search,TikTok,
u00008,Start > TikTok > Google Search > Conversion,1,589.25,2,TikTok,Google Search,2026-01-31 15:34:00
u00009,Start > Meta > Meta > Google Search > Google Search > TikTok > Conversion,1,370.25,5,Meta,TikTok,2026-02-07 18:51:00
u00010,Start > TikTok > Meta > Null,0,0,2,TikTok,Meta,
u00011,Start > Meta > Meta > Google Search > TikTok > Google Search > Null,0,0,5,Meta,Google Search,
u00012,Start > Google Search > Null,0,0,1,Google Search,Google Search,
u00013,Start > Google Search > Email > Null,0,0,2,Google Search,Email,
u00014,Start > TikTok > TikTok > TikTok > Google Search > Meta > Null,0,0,5,TikTok,Meta,
u00015,Start > TikTok > Null,0,0,1,TikTok,TikTok,
u00016,Start > Meta > Meta > Google Search > Null,0,0,3,Meta,Google Search,
u00017,Start > Email > Null,0,0,1,Email,Email,
u00018,Start > Meta > Null,0,0,1,Meta,Meta,
u00019,Start > Google Search > TikTok > Google Search > Null,0,0,3,Google Search,Google Search,
u00020,Start > Meta > Google Search > TikTok > Email > Meta > Null,0,0,5,Meta,Meta,
u00021,Start > Meta > Email > Null,0,0,2,Meta,Email,
u00022,Start > TikTok > Null,0,0,1,TikTok,TikTok,
u00023,Start > Google Search > Null,0,0,1,Google Search,Google Search,
u00024,Start > Google Search > Meta > Null,0,0,2,Google Search,Meta,
u00025,Start > Meta > Google Search > Google Search > Meta > Null,0,0,4,Meta,Meta,
u00026,Start > Google Search > Null,0,0,1,Google Search,Google Search,
u00027,Start > Google Search > Email > Meta > Google Search > Null,0,0,4,Google Search,Google Search,
u00028,Start > TikTok > Meta > Meta > Meta > Null,0,0,4,TikTok,Meta,
u00029,Start > TikTok > Email > Null,0,0,2,TikTok,Email,
u00030,Start > Google Search > Meta > Google Search > Conversion,1,635.3,3,Google Search,Google Search,2026-01-07 04:06:00
u00031,Start > TikTok > Meta > Null,0,0,2,TikTok,Meta,
u00032,Start > Google Search > Google Search > Conversion,1,556.05,2,Google Search,Google Search,2026-02-25 02:47:00
u00033,Start > Meta > Meta > TikTok > TikTok > Null,0,0,4,Meta,TikTok,
u00034,Start > Meta > Meta > Null,0,0,2,Meta,Meta,
u00035,Start > TikTok > TikTok > TikTok > Null,0,0,3,TikTok,TikTok,
u00036,Start > TikTok > TikTok > Null,0,0,2,TikTok,TikTok,
u00037,Start > Google Search > Null,0,0,1,Google Search,Google Search,
u00038,Start > Meta > Google Search > Null,0,0,2,Meta,Google Search,
u00039,Start > TikTok > TikTok > Google Search > Null,0,0,3,TikTok,Google Search,
u00040,Start > Meta > Google Search > Conversion,1,666,2,Meta,Google Search,2026-01-05 09:47:00
u00041,Start > Meta > Email > Null,0,0,2,Meta,Email,
u00042,Start > Meta > TikTok > Meta > Null,0,0,3,Meta,Meta,
u00043,Start > Meta > Meta > Meta > TikTok > Meta > Null,0,0,5,Meta,Meta,
u00044,Start > TikTok > Google Search > Meta > Meta > Meta > Null,0,0,5,TikTok,Meta,
u00045,Start > Meta > Meta > Null,0,0,2,Meta,Meta,
u00046,Start > Meta > Google Search > Null,0,0,2,Meta,Google Search,
u00047,Start > Google Search > TikTok > Google Search > Meta > Null,0,0,4,Google Search,Meta,
u00048,Start > Google Search > Meta > Google Search > Null,0,0,3,Google Search,Google Search,
u00049,Start > Meta > Google Search > TikTok > Null,0,0,3,Meta,TikTok,
u00050,Start > Google Search > TikTok > Meta > Meta > Meta > Null,0,0,5,Google Search,Meta,
u00051,Start > Google Search > Conversion,1,550.4,1,Google Search,Google Search,2026-03-01 13:38:00
u00052,Start > Email > Null,0,0,1,Email,Email,
u00053,Start > Meta > Email > Email > Google Search > Conversion,1,755.05,4,Meta,Google Search,2026-01-15 14:38:00
u00054,Start > TikTok > TikTok > TikTok > Null,0,0,3,TikTok,TikTok,
u00055,Start > Google Search > TikTok > Null,0,0,2,Google Search,TikTok,
u00056,Start > Google Search > TikTok > TikTok > Google Search > Email > Conversion,1,255.95,5,Google Search,Email,2026-01-21 07:46:00
u00057,Start > TikTok > Meta > Conversion,1,613.3,2,TikTok,Meta,2026-01-22 15:33:00
u00058,Start > Google Search > Meta > TikTok > Google Search > Meta > Null,0,0,5,Google Search,Meta,
u00059,Start > Meta > Meta > Null,0,0,2,Meta,Meta,
u00060,Start > TikTok > TikTok > Null,0,0,2,TikTok,TikTok,
u00061,Start > Meta > Null,0,0,1,Meta,Meta,
u00062,Start > TikTok > Google Search > Null,0,0,2,TikTok,Google Search,
u00063,Start > TikTok > TikTok > Null,0,0,2,TikTok,TikTok,
u00064,Start > Meta > Google Search > Null,0,0,2,Meta,Google Search,
u00065,Start > Meta > TikTok > Null,0,0,2,Meta,TikTok,
u00066,Start > Meta > Meta > TikTok > Meta > Null,0,0,4,Meta,Meta,
u00067,Start > TikTok > TikTok > Null,0,0,2,TikTok,TikTok,
u00068,Start > TikTok > Meta > Conversion,1,358.6,2,TikTok,Meta,2026-01-09 07:03:00
u00069,Start > TikTok > Email > Google Search > Meta > Null,0,0,4,TikTok,Meta,
u00070,Start > Google Search > Conversion,1,740.15,1,Google Search,Google Search,2026-02-02 00:25:00
u00071,Start > TikTok > Meta > TikTok > Conversion,1,499.15,3,TikTok,TikTok,2026-03-02 22:50:00
u00072,Start > TikTok > Google Search > Meta > Conversion,1,579.4,3,TikTok,Meta,2026-01-31 10:32:00
u00073,Start > TikTok > Google Search > Null,0,0,2,TikTok,Google Search,
u00074,Start > TikTok > Google Search > TikTok > Email > TikTok > Conversion,1,594.25,5,TikTok,TikTok,2026-01-29 23:52:00
u00075,Start > Meta > Email > TikTok > Google Search > Google Search > Conversion,1,865.5,5,Meta,Google Search,2026-02-10 08:16:00
u00076,Start > TikTok > TikTok > Null,0,0,2,TikTok,TikTok,
u00077,Start > Meta > Google Search > Google Search > Meta > Google Search > Null,0,0,5,Meta,Google Search,
u00078,Start > TikTok > Meta > Google Search > Conversion,1,844.25,3,TikTok,Google Search,2026-01-21 16:38:00
u00079,Start > Google Search > Null,0,0,1,Google Search,Google Search,
u00080,Start > TikTok > Null,0,0,1,TikTok,TikTok,
u00081,Start > Google Search > Meta > Conversion,1,475.9,2,Google Search,Meta,2026-03-04 04:48:00
u00082,Start > Google Search > Meta > Null,0,0,2,Google Search,Meta,
u00083,Start > Meta > Meta > Conversion,1,505.25,2,Meta,Meta,2026-02-02 03:56:00
u00084,Start > TikTok > TikTok > Google Search > Meta > Null,0,0,4,TikTok,Meta,
u00085,Start > TikTok > Meta > Meta > Null,0,0,3,TikTok,Meta,
u00086,Start > Google Search > Google Search > Email > Google Search > Null,0,0,4,Google Search,Google Search,
u00087,Start > TikTok > Email > Google Search > Meta > Null,0,0,4,TikTok,Meta,
u00088,Start > TikTok > Null,0,0,1,TikTok,TikTok,
u00089,Start > TikTok > Google Search > Google Search > Google Search > Google Search > Null,0,0,5,TikTok,Google Search,
u00090,Start > Meta > TikTok > Null,0,0,2,Meta,TikTok,
u00091,Start > TikTok > TikTok > Null,0,0,2,TikTok,TikTok,
u00092,Start > TikTok > TikTok > Null,0,0,2,TikTok,TikTok,
u00093,Start > TikTok > Null,0,0,1,TikTok,TikTok,
u00094,Start > TikTok > Meta > Google Search > Conversion,1,470.15,3,TikTok,Google Search,2026-02-08 19:49:00
u00095,Start > Meta > Google Search > Null,0,0,2,Meta,Google Search,
u00096,Start > Meta > Null,0,0,1,Meta,Meta,
u00097,Start > Meta > Google Search > Google Search > Google Search > Conversion,1,874.2,4,Meta,Google Search,2026-02-04 16:43:00
u00098,Start > Meta > Meta > Null,0,0,2,Meta,Meta,
u00099,Start > TikTok > Email > Null,0,0,2,TikTok,Email,
u00100,Start > Google Search > Meta > Meta > Null,0,0,3,Google Search,Meta,
u00101,Start > TikTok > Google Search > Meta > Null,0,0,3,TikTok,Meta,
u00102,Start > Google Search > Null,0,0,1,Google Search,Google Search,
u00103,Start > Meta > Email > Null,0,0,2,Meta,Email,
u00104,Start > Google Search > Meta > TikTok > TikTok > TikTok > Null,0,0,5,Google Search,TikTok,
u00105,Start > TikTok > Google Search > Null,0,0,2,TikTok,Google Search,
u00106,Start > TikTok > TikTok > TikTok > Null,0,0,3,TikTok,TikTok,
u00107,Start > TikTok > Google Search > Email > TikTok > Meta > Conversion,1,387.15,5,TikTok,Meta,2026-02-21 01:59:00
u00108,Start > Email > Null,0,0,1,Email,Email,
u00109,Start > TikTok > Email > Meta > Null,0,0,3,TikTok,Meta,
u00110,Start > TikTok > Meta > TikTok > Null,0,0,3,TikTok,TikTok,
u00111,Start > Google Search > Null,0,0,1,Google Search,Google Search,
u00112,Start > Meta > Google Search > Null,0,0,2,Meta,Google Search,
u00113,Start > Google Search > Google Search > Google Search > Meta > Meta > Conversion,1,514.25,5,Google Search,Meta,2026-02-10 21:50:00
u00114,Start > TikTok > TikTok > Google Search > Null,0,0,3,TikTok,Google Search,
u00115,Start > TikTok > Meta > Null,0,0,2,TikTok,Meta,
u00116,Start > TikTok > TikTok > Meta > Null,0,0,3,TikTok,Meta,
u00117,Start > TikTok > Google Search > Meta > Email > Null,0,0,4,TikTok,Email,
u00118,Start > TikTok > Meta > Meta > Null,0,0,3,TikTok,Meta,
u00119,Start > TikTok > Google Search > Null,0,0,2,TikTok,Google Search,
u00120,Start > Meta > TikTok > Google Search > Null,0,0,3,Meta,Google Search,
u00121,Start > Email > Conversion,1,315,1,Email,Email,2026-02-07 09:58:00
u00122,Start > TikTok > Google Search > TikTok > Email > Null,0,0,4,TikTok,Email,
u00123,Start > Google Search > Null,0,0,1,Google Search,Google Search,
u00124,Start > Meta > Google Search > Meta > Conversion,1,337.25,3,Meta,Meta,2026-01-20 17:55:00
u00125,Start > TikTok > Email > Null,0,0,2,TikTok,Email,
u00126,Start > Meta > TikTok > Null,0,0,2,Meta,TikTok,
u00127,Start > TikTok > Meta > Google Search > Email > Null,0,0,4,TikTok,Email,
u00128,Start > Meta > Google Search > Google Search > Null,0,0,3,Meta,Google Search,
u00129,Start > Meta > Google Search > Null,0,0,2,Meta,Google Search,
u00130,Start > TikTok > Google Search > Google Search > Null,0,0,3,TikTok,Google Search,
u00131,Start > Meta > Meta > Meta > TikTok > Conversion,1,634.3,4,Meta,TikTok,2026-01-27 17:54:00
u00132,Start > Google Search > Google Search > Meta > Google Search > Null,0,0,4,Google Search,Google Search,
u00133,Start > Meta > Google Search > Meta > Meta > Conversion,1,353.6,4,Meta,Meta,2026-02-21 15:09:00
u00134,Start > TikTok > Meta > Null,0,0,2,TikTok,Meta,
u00135,Start > Meta > TikTok > Null,0,0,2,Meta,TikTok,
u00136,Start > Meta > TikTok > TikTok > Conversion,1,652.7,3,Meta,TikTok,2026-02-05 12:03:00
u00137,Start > Meta > TikTok > Email > Conversion,1,496.45,3,Meta,Email,2026-01-18 17:32:00
u00138,Start > TikTok > Meta > Null,0,0,2,TikTok,Meta,
u00139,Start > Meta > Null,0,0,1,Meta,Meta,
u00140,Start > Google Search > TikTok > Meta > Conversion,1,513.75,3,Google Search,Meta,2026-01-27 18:47:00
u00141,Start > Google Search > Meta > Null,0,0,2,Google Search,Meta,
u00142,Start > Google Search > Meta > Null,0,0,2,Google Search,Meta,
u00143,Start > Meta > Meta > TikTok > Conversion,1,378.35,3,Meta,TikTok,2026-01-28 23:54:00
u00144,Start > Meta > Null,0,0,1,Meta,Meta,
u00145,Start > TikTok > Meta > TikTok > Null,0,0,3,TikTok,TikTok,
u00146,Start > Meta > Google Search > Google Search > Null,0,0,3,Meta,Google Search,
u00147,Start > Meta > Email > Email > Null,0,0,3,Meta,Email,
u00148,Start > Meta > Google Search > Null,0,0,2,Meta,Google Search,
u00149,Start > Meta > Google Search > Google Search > Null,0,0,3,Meta,Google Search,
u00150,Start > TikTok > Email > Meta > Null,0,0,3,TikTok,Meta,
u00151,Start > TikTok > Meta > Null,0,0,2,TikTok,Meta,
u00152,Start > Meta > Null,0,0,1,Meta,Meta,
u00153,Start > TikTok > Google Search > Google Search > TikTok > Google Search > Conversion,1,900.2,5,TikTok,Google Search,2026-01-24 15:37:00
u00154,Start > TikTok > Google Search > Null,0,0,2,TikTok,Google Search,
u00155,Start > TikTok > TikTok > Null,0,0,2,TikTok,TikTok,
u00156,Start > Google Search > TikTok > Conversion,1,661.95,2,Google Search,TikTok,2026-02-09 10:30:00
u00157,Start > TikTok > Meta > Null,0,0,2,TikTok,Meta,
u00158,Start > TikTok > Null,0,0,1,TikTok,TikTok,
u00159,Start > TikTok > Meta > Google Search > Conversion,1,548.9,3,TikTok,Google Search,2026-02-26 06:39:00
u00160,Start > Email > Conversion,1,523.3,1,Email,Email,2026-01-07 21:12:00
u00161,Start > Google Search > TikTok > Null,0,0,2,Google Search,TikTok,
u00162,Start > Google Search > Meta > Conversion,1,408.15,2,Google Search,Meta,2026-02-14 15:18:00
u00163,Start > Meta > TikTok > Email > Meta > Null,0,0,4,Meta,Meta,
u00164,Start > TikTok > Google Search > TikTok > Null,0,0,3,TikTok,TikTok,
u00165,Start > TikTok > TikTok > Google Search > Email > Conversion,1,505.7,4,TikTok,Email,2026-03-05 03:14:00
u00166,Start > Google Search > Google Search > TikTok > Null,0,0,3,Google Search,TikTok,
u00167,Start > Meta > Email > Conversion,1,254.55,2,Meta,Email,2026-01-24 22:07:00
u00168,Start > TikTok > TikTok > Null,0,0,2,TikTok,TikTok,
u00169,Start > TikTok > Meta > Email > TikTok > Conversion,1,628.9,4,TikTok,TikTok,2026-02-01 00:42:00
u00170,Start > Google Search > Null,0,0,1,Google Search,Google Search,
u00171,Start > TikTok > Null,0,0,1,TikTok,TikTok,
u00172,Start > Meta > Null,0,0,1,Meta,Meta,
u00173,Start > TikTok > Google Search > Null,0,0,2,TikTok,Google Search,
u00174,Start > Meta > TikTok > Email > Google Search > Null,0,0,4,Meta,Google Search,
u00175,Start > TikTok > Google Search > Google Search > Email > Null,0,0,4,TikTok,Email,
u00176,Start > Meta > TikTok > Null,0,0,2,Meta,TikTok,
u00177,Start > TikTok > Meta > Null,0,0,2,TikTok,Meta,
u00178,Start > TikTok > Meta > Email > Null,0,0,3,TikTok,Email,
u00179,Start > TikTok > Conversion,1,604.15,1,TikTok,TikTok,2026-01-15 13:03:00
u00180,Start > TikTok > Email > Google Search > Conversion,1,553.35,3,TikTok,Google Search,2026-01-19 03:01:00
u00181,Start > Meta > TikTok > TikTok > Null,0,0,3,Meta,TikTok,
u00182,Start > Google Search > Google Search > Google Search > Google Search > Meta > Null,0,0,5,Google Search,Meta,
u00183,Start > TikTok > Google Search > Null,0,0,2,TikTok,Google Search,
u00184,Start > TikTok > Meta > Google Search > Null,0,0,3,TikTok,Google Search,
u00185,Start > TikTok > Null,0,0,1,TikTok,TikTok,
u00186,Start > Email > Null,0,0,1,Email,Email,
u00187,Start > Meta > Google Search > TikTok > Google Search > Conversion,1,896,4,Meta,Google Search,2026-03-02 03:25:00
u00188,Start > TikTok > Email > Meta > Conversion,1,496.05,3,TikTok,Meta,2026-02-16 11:53:00
u00189,Start > TikTok > Null,0,0,1,TikTok,TikTok,
u00190,Start > Email > Null,0,0,1,Email,Email,
u00191,Start > TikTok > Meta > Null,0,0,2,TikTok,Meta,
u00192,Start > Google Search > Meta > Null,0,0,2,Google Search,Meta,
u00193,Start > Google Search > Google Search > Meta > Conversion,1,695.45,3,Google Search,Meta,2026-01-21 12:30:00
u00194,Start > Google Search > Email > Meta > Google Search > Null,0,0,4,Google Search,Google Search,
u00195,Start > Meta > Meta > Meta > Email > Conversion,1,445.25,4,Meta,Email,2026-01-29 22:03:00
u00196,Start > TikTok > Email > Meta > Null,0,0,3,TikTok,Meta,
u00197,Start > TikTok > Google Search > TikTok > Google Search > Email > Null,0,0,5,TikTok,Email,
u00198,Start > TikTok > TikTok > Google Search > Null,0,0,3,TikTok,Google Search,
u00199,Start > Google Search > Conversion,1,801.05,1,Google Search,Google Search,2026-02-17 17:23:00
u00200,Start > Meta > TikTok > Google Search > Conversion,1,931.95,3,Meta,Google Search,2026-02-05 22:14:00
u00201,Start > Google Search > Meta > Meta > Email > TikTok > Null,0,0,5,Google Search,TikTok,
u00202,Start > Meta > TikTok > TikTok > Null,0,0,3,Meta,TikTok,
u00203,Start > Meta > Google Search > Conversion,1,825.1,2,Meta,Google Search,2026-02-08 18:53:00
u00204,Start > Meta > Meta > Google Search > TikTok > Null,0,0,4,Meta,TikTok,
u00205,Start > TikTok > Email > Email > Null,0,0,3,TikTok,Email,
u00206,Start > Meta > TikTok > TikTok > Meta > Meta > Conversion,1,327.25,5,Meta,Meta,2026-02-16 11:12:00
u00207,Start > TikTok > Null,0,0,1,TikTok,TikTok,
u00208,Start > Google Search > Null,0,0,1,Google Search,Google Search,
u00209,Start > Meta > Meta > Null,0,0,2,Meta,Meta,
u00210,Start > Meta > Meta > Google Search > TikTok > Google Search > Conversion,1,860.8,5,Meta,Google Search,2026-01-10 09:54:00
u00211,Start > TikTok > Meta > Conversion,1,415.95,2,TikTok,Meta,2026-01-28 02:29:00
u00212,Start > TikTok > Google Search > TikTok > TikTok > TikTok > Null,0,0,5,TikTok,TikTok,
u00213,Start > TikTok > TikTok > Google Search > Conversion,1,628.55,3,TikTok,Google Search,2026-01-30 11:54:00
u00214,Start > TikTok > Meta > Google Search > Meta > Google Search > Null,0,0,5,TikTok,Google Search,
u00215,Start > Google Search > TikTok > Meta > Meta > Null,0,0,4,Google Search,Meta,
u00216,Start > Meta > Meta > Meta > Meta > Null,0,0,4,Meta,Meta,
u00217,Start > TikTok > TikTok > Null,0,0,2,TikTok,TikTok,
u00218,Start > Google Search > Null,0,0,1,Google Search,Google Search,
u00219,Start > TikTok > Google Search > Email > TikTok > Null,0,0,4,TikTok,TikTok,
u00220,Start > TikTok > TikTok > TikTok > Null,0,0,3,TikTok,TikTok,
u00221,Start > Google Search > TikTok > Google Search > Google Search > Google Search > Null,0,0,5,Google Search,Google Search,
u00222,Start > Meta > TikTok > Meta > TikTok > Null,0,0,4,Meta,TikTok,
u00223,Start > Google Search > TikTok > Google Search > Meta > Conversion,1,514.45,4,Google Search,Meta,2026-01-11 22:09:00
u00224,Start > TikTok > Google Search > Meta > Meta > Null,0,0,4,TikTok,Meta,
u00225,Start > Google Search > Meta > Google Search > TikTok > Conversion,1,363.45,4,Google Search,TikTok,2026-01-29 12:27:00
u00226,Start > Meta > Email > Conversion,1,286.05,2,Meta,Email,2026-01-13 04:26:00
u00227,Start > Google Search > TikTok > Null,0,0,2,Google Search,TikTok,
u00228,Start > Google Search > Google Search > Google Search > Google Search > Email > Null,0,0,5,Google Search,Email,
u00229,Start > TikTok > Google Search > TikTok > Null,0,0,3,TikTok,TikTok,
u00230,Start > TikTok > TikTok > Email > Null,0,0,3,TikTok,Email,
u00231,Start > Meta > Null,0,0,1,Meta,Meta,
u00232,Start > Meta > TikTok > Conversion,1,423.55,2,Meta,TikTok,2026-01-11 00:37:00
u00233,Start > Google Search > Meta > Conversion,1,620,2,Google Search,Meta,2026-01-29 05:24:00
u00234,Start > TikTok > Email > Null,0,0,2,TikTok,Email,
u00235,Start > Google Search > TikTok > Null,0,0,2,Google Search,TikTok,
u00236,Start > Google Search > Meta > Meta > Null,0,0,3,Google Search,Meta,
u00237,Start > TikTok > Meta > Null,0,0,2,TikTok,Meta,
u00238,Start > Meta > Email > Google Search > Conversion,1,915.8,3,Meta,Google Search,2026-02-26 23:22:00
u00239,Start > Meta > TikTok > Null,0,0,2,Meta,TikTok,
u00240,Start > Meta > Google Search > Email > Null,0,0,3,Meta,Email,
u00241,Start > TikTok > Null,0,0,1,TikTok,TikTok,
u00242,Start > TikTok > Meta > Null,0,0,2,TikTok,Meta,
u00243,Start > Meta > Google Search > Google Search > Conversion,1,610.3,3,Meta,Google Search,2026-01-31 19:48:00
u00244,Start > TikTok > TikTok > Meta > TikTok > TikTok > Conversion,1,635.85,5,TikTok,TikTok,2026-02-08 16:15:00
u00245,Start > Google Search > Conversion,1,764.6,1,Google Search,Google Search,2026-01-18 17:25:00
u00246,Start > TikTok > Meta > Conversion,1,615.65,2,TikTok,Meta,2026-02-05 11:14:00
u00247,Start > Meta > Meta > Conversion,1,514.55,2,Meta,Meta,2026-02-09 20:39:00
u00248,Start > Meta > Google Search > Google Search > Meta > TikTok > Null,0,0,5,Meta,TikTok,
u00249,Start > Meta > Google Search > Email > Google Search > Conversion,1,483.35,4,Meta,Google Search,2026-01-29 06:04:00
u00250,Start > TikTok > Conversion,1,496.55,1,TikTok,TikTok,2026-02-27 02:08:00
u00251,Start > Google Search > TikTok > Null,0,0,2,Google Search,TikTok,
u00252,Start > Google Search > TikTok > Google Search > Meta > TikTok > Null,0,0,5,Google Search,TikTok,
u00253,Start > TikTok > Meta > Google Search > Meta > Google Search > Null,0,0,5,TikTok,Google Search,
u00254,Start > TikTok > TikTok > Meta > TikTok > Meta > Null,0,0,5,TikTok,Meta,
u00255,Start > TikTok > Google Search > Meta > Email > Null,0,0,4,TikTok,Email,
u00256,Start > TikTok > Meta > Meta > Conversion,1,495.15,3,TikTok,Meta,2026-02-22 07:18:00
u00257,Start > TikTok > Google Search > Null,0,0,2,TikTok,Google Search,
u00258,Start > Google Search > Google Search > Meta > Email > Conversion,1,333.6,4,Google Search,Email,2026-01-15 08:54:00
u00259,Start > Meta > Google Search > Conversion,1,798.25,2,Meta,Google Search,2026-02-07 04:22:00
u00260,Start > Google Search > Null,0,0,1,Google Search,Google Search,
u00261,Start > Meta > Null,0,0,1,Meta,Meta,
u00262,Start > TikTok > TikTok > Null,0,0,2,TikTok,TikTok,
u00263,Start > TikTok > TikTok > Null,0,0,2,TikTok,TikTok,
u00264,Start > Google Search > Null,0,0,1,Google Search,Google Search,
u00265,Start > Meta > TikTok > TikTok > Null,0,0,3,Meta,TikTok,
u00266,Start > TikTok > Null,0,0,1,TikTok,TikTok,
u00267,Start > Google Search > Conversion,1,643.75,1,Google Search,Google Search,2026-02-15 04:54:00
u00268,Start > Google Search > Conversion,1,538.55,1,Google Search,Google Search,2026-01-12 13:44:00
u00269,Start > Google Search > Meta > Google Search > Google Search > Null,0,0,4,Google Search,Google Search,
u00270,Start > Meta > Null,0,0,1,Meta,Meta,
u00271,Start > TikTok > Google Search > Meta > Null,0,0,3,TikTok,Meta,
u00272,Start > Meta > TikTok > Google Search > Conversion,1,885.65,3,Meta,Google Search,2026-01-21 00:36:00
u00273,Start > TikTok > Meta > Google Search > Email > Conversion,1,426.75,4,TikTok,Email,2026-03-02 01:18:00
u00274,Start > Meta > Google Search > TikTok > Conversion,1,614.35,3,Meta,TikTok,2026-03-01 14:17:00
u00275,Start > TikTok > Meta > Meta > Meta > TikTok > Null,0,0,5,TikTok,TikTok,
u00276,Start > Google Search > Meta > TikTok > Null,0,0,3,Google Search,TikTok,
u00277,Start > Meta > Google Search > Conversion,1,648,2,Meta,Google Search,2026-01-29 11:39:00
u00278,Start > Meta > Email > Null,0,0,2,Meta,Email,
u00279,Start > Meta > TikTok > Google Search > Conversion,1,508.4,3,Meta,Google Search,2026-01-24 13:40:00
u00280,Start > Meta > TikTok > Null,0,0,2,Meta,TikTok,
u00281,Start > TikTok > Meta > Meta > Email > Meta > Null,0,0,5,TikTok,Meta,
u00282,Start > TikTok > TikTok > Meta > Null,0,0,3,TikTok,Meta,
u00283,Start > TikTok > TikTok > Null,0,0,2,TikTok,TikTok,
u00284,Start > Google Search > Google Search > Google Search > Null,0,0,3,Google Search,Google Search,
u00285,Start > Meta > TikTok > TikTok > Null,0,0,3,Meta,TikTok,
u00286,Start > Meta > TikTok > TikTok > Google Search > Null,0,0,4,Meta,Google Search,
u00287,Start > TikTok > Google Search > TikTok > Null,0,0,3,TikTok,TikTok,
u00288,Start > TikTok > Null,0,0,1,TikTok,TikTok,
u00289,Start > TikTok > TikTok > Email > Null,0,0,3,TikTok,Email,
u00290,Start > Google Search > TikTok > Meta > Conversion,1,637.35,3,Google Search,Meta,2026-01-08 01:59:00
u00291,Start > TikTok > TikTok > TikTok > Null,0,0,3,TikTok,TikTok,
u00292,Start > TikTok > Google Search > Null,0,0,2,TikTok,Google Search,
u00293,Start > Meta > Null,0,0,1,Meta,Meta,
u00294,Start > Meta > Google Search > Null,0,0,2,Meta,Google Search,
u00295,Start > TikTok > Email > Google Search > Conversion,1,818.7,3,TikTok,Google Search,2026-02-05 14:38:00
u00296,Start > Google Search > Meta > TikTok > Conversion,1,422.3,3,Google Search,TikTok,2026-02-04 11:16:00
u00297,Start > TikTok > Meta > Email > Google Search > TikTok > Conversion,1,523.9,5,TikTok,TikTok,2026-01-11 14:26:00
u00298,Start > Meta > TikTok > Email > Google Search > Email > Conversion,1,253.4,5,Meta,Email,2026-01-30 20:13:00
u00299,Start > Meta > Null,0,0,1,Meta,Meta,
u00300,Start > Google Search > Google Search > Google Search > TikTok > Null,0,0,4,Google Search,TikTok,
u00301,Start > TikTok > Meta > Null,0,0,2,TikTok,Meta,
u00302,Start > Meta > TikTok > Null,0,0,2,Meta,TikTok,
u00303,Start > TikTok > Meta > Null,0,0,2,TikTok,Meta,
u00304,Start > TikTok > Meta > Email > Meta > Conversion,1,578.35,4,TikTok,Meta,2026-01-28 20:05:00
u00305,Start > Meta > TikTok > TikTok > Null,0,0,3,Meta,TikTok,
u00306,Start > Meta > Google Search > Email > Conversion,1,270,3,Meta,Email,2026-01-16 19:21:00
u00307,Start > TikTok > Google Search > TikTok > Google Search > Null,0,0,4,TikTok,Google Search,
u00308,Start > TikTok > Email > TikTok > Conversion,1,400.75,3,TikTok,TikTok,2026-01-16 06:33:00
u00309,Start > TikTok > Google Search > Null,0,0,2,TikTok,Google Search,
u00310,Start > Google Search > Email > Meta > Null,0,0,3,Google Search,Meta,
u00311,Start > Google Search > Google Search > Conversion,1,672.4,2,Google Search,Google Search,2026-01-17 14:06:00
u00312,Start > TikTok > TikTok > TikTok > TikTok > Null,0,0,4,TikTok,TikTok,
u00313,Start > Google Search > Null,0,0,1,Google Search,Google Search,
u00314,Start > Google Search > Null,0,0,1,Google Search,Google Search,
u00315,Start > Meta > TikTok > Null,0,0,2,Meta,TikTok,
u00316,Start > Meta > Meta > Meta > Null,0,0,3,Meta,Meta,
u00317,Start > Meta > Null,0,0,1,Meta,Meta,
u00318,Start > Meta > Email > Conversion,1,523.85,2,Meta,Email,2026-02-23 10:08:00
u00319,Start > TikTok > Meta > Google Search > Meta > Conversion,1,406.95,4,TikTok,Meta,2026-02-06 04:01:00
u00320,Start > Meta > Meta > Null,0,0,2,Meta,Meta,
u00321,Start > Email > Null,0,0,1,Email,Email,
u00322,Start > TikTok > Meta > Google Search > Email > Meta > Conversion,1,615.75,5,TikTok,Meta,2026-01-14 18:45:00
u00323,Start > Meta > TikTok > Meta > Meta > TikTok > Null,0,0,5,Meta,TikTok,
u00324,Start > TikTok > TikTok > Email > Null,0,0,3,TikTok,Email,
u00325,Start > Meta > Email > TikTok > Null,0,0,3,Meta,TikTok,
u00326,Start > TikTok > Meta > TikTok > Null,0,0,3,TikTok,TikTok,
u00327,Start > Google Search > Google Search > Null,0,0,2,Google Search,Google Search,
u00328,Start > Meta > Meta > Email > Google Search > Meta > Conversion,1,405.05,5,Meta,Meta,2026-01-17 16:42:00
u00329,Start > TikTok > Email > Null,0,0,2,TikTok,Email,
u00330,Start > Google Search > Meta > Google Search > TikTok > Meta > Null,0,0,5,Google Search,Meta,
u00331,Start > Meta > Meta > Google Search > Meta > Null,0,0,4,Meta,Meta,
u00332,Start > Google Search > Meta > Meta > Meta > Null,0,0,4,Google Search,Meta,
u00333,Start > TikTok > TikTok > Google Search > Meta > Conversion,1,364.2,4,TikTok,Meta,2026-01-06 03:28:00
u00334,Start > Meta > Meta > Google Search > Email > Conversion,1,341,4,Meta,Email,2026-02-09 11:05:00
u00335,Start > Meta > Meta > Meta > Null,0,0,3,Meta,Meta,
u00336,Start > Google Search > Null,0,0,1,Google Search,Google Search,
u00337,Start > TikTok > Email > Email > Conversion,1,440.35,3,TikTok,Email,2026-01-29 18:05:00
u00338,Start > TikTok > Meta > Meta > Google Search > Conversion,1,596.8,4,TikTok,Google Search,2026-02-06 09:17:00
u00339,Start > Google Search > Meta > Null,0,0,2,Google Search,Meta,
u00340,Start > TikTok > Google Search > Meta > TikTok > Null,0,0,4,TikTok,TikTok,
u00341,Start > TikTok > Meta > Google Search > Null,0,0,3,TikTok,Google Search,
u00342,Start > TikTok > TikTok > Meta > TikTok > Null,0,0,4,TikTok,TikTok,
u00343,Start > TikTok > Meta > Email > Conversion,1,384.75,3,TikTok,Email,2026-02-05 06:28:00
u00344,Start > TikTok > TikTok > Null,0,0,2,TikTok,TikTok,
u00345,Start > Google Search > Google Search > TikTok > Null,0,0,3,Google Search,TikTok,
u00346,Start > TikTok > Meta > Meta > Null,0,0,3,TikTok,Meta,
u00347,Start > Meta > Email > Null,0,0,2,Meta,Email,
u00348,Start > Email > Conversion,1,627.25,1,Email,Email,2026-02-17 21:34:00
u00349,Start > TikTok > Google Search > Google Search > Null,0,0,3,TikTok,Google Search,
u00350,Start > Email > Null,0,0,1,Email,Email,
u00351,Start > TikTok > Meta > Null,0,0,2,TikTok,Meta,
u00352,Start > Google Search > Meta > Null,0,0,2,Google Search,Meta,
u00353,Start > Google Search > Google Search > Email > Google Search > Null,0,0,4,Google Search,Google Search,
u00354,Start > Google Search > Null,0,0,1,Google Search,Google Search,
u00355,Start > Meta > Null,0,0,1,Meta,Meta,
u00356,Start > TikTok > Google Search > Google Search > Null,0,0,3,TikTok,Google Search,
u00357,Start > TikTok > Meta > Meta > Null,0,0,3,TikTok,Meta,
u00358,Start > Email > Null,0,0,1,Email,Email,
u00359,Start > TikTok > Google Search > Null,0,0,2,TikTok,Google Search,
u00360,Start > Meta > TikTok > Null,0,0,2,Meta,TikTok,
u00361,Start > Google Search > Google Search > Conversion,1,805.15,2,Google Search,Google Search,2026-01-19 15:32:00
u00362,Start > TikTok > Null,0,0,1,TikTok,TikTok,
u00363,Start > TikTok > Email > Null,0,0,2,TikTok,Email,
u00364,Start > Meta > Meta > Null,0,0,2,Meta,Meta,
u00365,Start > Google Search > Google Search > Null,0,0,2,Google Search,Google Search,
u00366,Start > Meta > Null,0,0,1,Meta,Meta,
u00367,Start > Meta > Meta > Email > Google Search > Conversion,1,649.45,4,Meta,Google Search,2026-01-05 18:47:00
u00368,Start > TikTok > Null,0,0,1,TikTok,TikTok,
u00369,Start > Google Search > Email > Google Search > Null,0,0,3,Google Search,Google Search,
u00370,Start > Meta > Null,0,0,1,Meta,Meta,
u00371,Start > Meta > TikTok > TikTok > Email > Google Search > Null,0,0,5,Meta,Google Search,
u00372,Start > TikTok > Google Search > Google Search > Null,0,0,3,TikTok,Google Search,
u00373,Start > Meta > Meta > Google Search > Null,0,0,3,Meta,Google Search,
u00374,Start > Google Search > TikTok > Google Search > Google Search > Meta > Null,0,0,5,Google Search,Meta,
u00375,Start > Google Search > Google Search > Google Search > Null,0,0,3,Google Search,Google Search,
u00376,Start > Google Search > TikTok > Google Search > Null,0,0,3,Google Search,Google Search,
u00377,Start > Google Search > Google Search > Google Search > Null,0,0,3,Google Search,Google Search,
u00378,Start > TikTok > TikTok > Conversion,1,574.8,2,TikTok,TikTok,2026-02-21 22:51:00
u00379,Start > Meta > Google Search > Email > Email > Null,0,0,4,Meta,Email,
u00380,Start > Meta > Meta > Email > Conversion,1,356.4,3,Meta,Email,2026-01-14 21:01:00
u00381,Start > Google Search > Null,0,0,1,Google Search,Google Search,
u00382,Start > TikTok > Google Search > Google Search > Meta > TikTok > Conversion,1,680.8,5,TikTok,TikTok,2026-02-26 02:30:00
u00383,Start > Meta > Google Search > Meta > Meta > Null,0,0,4,Meta,Meta,
u00384,Start > Meta > TikTok > Google Search > Google Search > Null,0,0,4,Meta,Google Search,
u00385,Start > Meta > Google Search > Google Search > Meta > Conversion,1,523.6,4,Meta,Meta,2026-01-23 02:32:00
u00386,Start > TikTok > Email > Null,0,0,2,TikTok,Email,
u00387,Start > Google Search > Meta > Email > Null,0,0,3,Google Search,Email,
u00388,Start > Google Search > TikTok > Google Search > Meta > Conversion,1,646.55,4,Google Search,Meta,2026-02-01 00:32:00
u00389,Start > TikTok > Email > Meta > Conversion,1,523.75,3,TikTok,Meta,2026-02-24 10:04:00
u00390,Start > Google Search > Null,0,0,1,Google Search,Google Search,
u00391,Start > Meta > Email > Null,0,0,2,Meta,Email,
u00392,Start > TikTok > TikTok > Email > Null,0,0,3,TikTok,Email,
u00393,Start > TikTok > Email > Email > TikTok > Conversion,1,620.05,4,TikTok,TikTok,2026-01-26 09:27:00
u00394,Start > TikTok > TikTok > Null,0,0,2,TikTok,TikTok,
u00395,Start > Meta > TikTok > TikTok > Null,0,0,3,Meta,TikTok,
u00396,Start > TikTok > Null,0,0,1,TikTok,TikTok,
u00397,Start > TikTok > Google Search > Meta > Conversion,1,457.1,3,TikTok,Meta,2026-02-14 00:39:00
u00398,Start > Meta > Google Search > Meta > Google Search > Null,0,0,4,Meta,Google Search,
u00399,Start > Meta > Null,0,0,1,Meta,Meta,
u00400,Start > TikTok > Null,0,0,1,TikTok,TikTok,
u00401,Start > TikTok > Meta > Google Search > Conversion,1,872.15,3,TikTok,Google Search,2026-01-12 11:33:00
u00402,Start > TikTok > Google Search > Null,0,0,2,TikTok,Google Search,
u00403,Start > Meta > Email > Null,0,0,2,Meta,Email,
u00404,Start > TikTok > TikTok > Null,0,0,2,TikTok,TikTok,
u00405,Start > Google Search > TikTok > Conversion,1,689.95,2,Google Search,TikTok,2026-01-06 10:14:00
u00406,Start > Meta > Google Search > Conversion,1,614.1,2,Meta,Google Search,2026-02-12 01:49:00
u00407,Start > Meta > Google Search > Email > Conversion,1,483.45,3,Meta,Email,2026-01-10 06:49:00
u00408,Start > TikTok > TikTok > Null,0,0,2,TikTok,TikTok,
u00409,Start > Meta > Meta > Null,0,0,2,Meta,Meta,
u00410,Start > TikTok > Google Search > Conversion,1,628.95,2,TikTok,Google Search,2026-01-17 04:46:00
u00411,Start > Google Search > Meta > Email > Conversion,1,521,3,Google Search,Email,2026-01-21 00:38:00
u00412,Start > TikTok > Meta > Conversion,1,451.3,2,TikTok,Meta,2026-01-24 02:51:00
u00413,Start > TikTok > Google Search > Conversion,1,813.65,2,TikTok,Google Search,2026-02-11 00:51:00
u00414,Start > Google Search > Google Search > Null,0,0,2,Google Search,Google Search,
u00415,Start > Meta > TikTok > Email > Meta > Conversion,1,434.55,4,Meta,Meta,2026-01-30 00:25:00
u00416,Start > TikTok > Meta > TikTok > TikTok > Null,0,0,4,TikTok,TikTok,
u00417,Start > Google Search > Google Search > Google Search > Email > TikTok > Conversion,1,666.75,5,Google Search,TikTok,2026-01-19 10:17:00
u00418,Start > TikTok > Email > Conversion,1,420.3,2,TikTok,Email,2026-01-30 00:17:00
u00419,Start > Google Search > Null,0,0,1,Google Search,Google Search,
u00420,Start > TikTok > TikTok > Google Search > Null,0,0,3,TikTok,Google Search,
u00421,Start > TikTok > Null,0,0,1,TikTok,TikTok,
u00422,Start > TikTok > Email > Null,0,0,2,TikTok,Email,
u00423,Start > TikTok > TikTok > Conversion,1,386.45,2,TikTok,TikTok,2026-02-17 12:50:00
u00424,Start > Meta > Google Search > Conversion,1,799.3,2,Meta,Google Search,2026-02-16 07:50:00
u00425,Start > Meta > Google Search > TikTok > Google Search > Null,0,0,4,Meta,Google Search,
u00426,Start > TikTok > TikTok > TikTok > Email > Null,0,0,4,TikTok,Email,
u00427,Start > Google Search > Null,0,0,1,Google Search,Google Search,
u00428,Start > Google Search > Null,0,0,1,Google Search,Google Search,
u00429,Start > Meta > Null,0,0,1,Meta,Meta,
u00430,Start > Meta > TikTok > Email > TikTok > Null,0,0,4,Meta,TikTok,
u00431,Start > TikTok > Meta > Conversion,1,585,2,TikTok,Meta,2026-01-04 11:00:00
u00432,Start > Meta > Google Search > Email > Google Search > Meta > Null,0,0,5,Meta,Meta,
u00433,Start > Meta > Null,0,0,1,Meta,Meta,
u00434,Start > Meta > Meta > Email > Null,0,0,3,Meta,Email,
u00435,Start > TikTok > Meta > Email > Conversion,1,329,3,TikTok,Email,2026-01-23 22:25:00
u00436,Start > TikTok > Google Search > Conversion,1,527.95,2,TikTok,Google Search,2026-02-11 12:47:00
u00437,Start > Meta > Email > Google Search > TikTok > Null,0,0,4,Meta,TikTok,
u00438,Start > TikTok > Meta > Google Search > Google Search > Meta > Conversion,1,566.25,5,TikTok,Meta,2026-01-30 11:03:00
u00439,Start > TikTok > Null,0,0,1,TikTok,TikTok,
u00440,Start > Email > Null,0,0,1,Email,Email,
u00441,Start > Google Search > Email > TikTok > Google Search > Null,0,0,4,Google Search,Google Search,
u00442,Start > Meta > Null,0,0,1,Meta,Meta,
u00443,Start > TikTok > Email > Meta > Google Search > Null,0,0,4,TikTok,Google Search,
u00444,Start > Google Search > Null,0,0,1,Google Search,Google Search,
u00445,Start > TikTok > TikTok > Null,0,0,2,TikTok,TikTok,
u00446,Start > Google Search > Google Search > TikTok > Null,0,0,3,Google Search,TikTok,
u00447,Start > Meta > TikTok > Null,0,0,2,Meta,TikTok,
u00448,Start > Meta > Meta > Null,0,0,2,Meta,Meta,
u00449,Start > Email > Null,0,0,1,Email,Email,
u00450,Start > Meta > TikTok > Google Search > Null,0,0,3,Meta,Google Search,
u00451,Start > TikTok > Null,0,0,1,TikTok,TikTok,
u00452,Start > TikTok > Null,0,0,1,TikTok,TikTok,
u00453,Start > TikTok > Meta > Null,0,0,2,TikTok,Meta,
u00454,Start > TikTok > Email > Google Search > Meta > Google Search > Null,0,0,5,TikTok,Google Search,
u00455,Start > Google Search > Null,0,0,1,Google Search,Google Search,
u00456,Start > TikTok > Email > Meta > Google Search > Null,0,0,4,TikTok,Google Search,
u00457,Start > Meta > Email > Conversion,1,445.45,2,Meta,Email,2026-03-03 20:58:00
u00458,Start > TikTok > Meta > Google Search > Null,0,0,3,TikTok,Google Search,
u00459,Start > TikTok > Meta > Google Search > Meta > Null,0,0,4,TikTok,Meta,
u00460,Start > Meta > TikTok > Meta > Meta > Conversion,1,613.1,4,Meta,Meta,2026-02-16 18:16:00
u00461,Start > Google Search > Email > Null,0,0,2,Google Search,Email,
u00462,Start > TikTok > Google Search > Conversion,1,551.9,2,TikTok,Google Search,2026-02-07 03:32:00
u00463,Start > Google Search > Google Search > Meta > Conversion,1,433.4,3,Google Search,Meta,2026-02-18 21:44:00
u00464,Start > TikTok > Email > Conversion,1,530.2,2,TikTok,Email,2026-02-28 17:22:00
u00465,Start > TikTok > Email > Meta > Meta > Null,0,0,4,TikTok,Meta,
u00466,Start > TikTok > Email > Google Search > Null,0,0,3,TikTok,Google Search,
u00467,Start > Google Search > Null,0,0,1,Google Search,Google Search,
u00468,Start > Google Search > Google Search > Meta > Google Search > Email > Null,0,0,5,Google Search,Email,
u00469,Start > TikTok > Google Search > Google Search > Email > Email > Conversion,1,538.95,5,TikTok,Email,2026-01-31 00:57:00
u00470,Start > TikTok > Meta > Conversion,1,656.9,2,TikTok,Meta,2026-01-03 05:06:00
u00471,Start > TikTok > Google Search > Conversion,1,783.1,2,TikTok,Google Search,2026-01-31 09:56:00
u00472,Start > Meta > Google Search > Meta > Null,0,0,3,Meta,Meta,
u00473,Start > Meta > Null,0,0,1,Meta,Meta,
u00474,Start > Google Search > TikTok > Google Search > TikTok > Null,0,0,4,Google Search,TikTok,
u00475,Start > Meta > Null,0,0,1,Meta,Meta,
u00476,Start > TikTok > Meta > Null,0,0,2,TikTok,Meta,
u00477,Start > TikTok > Meta > Meta > Null,0,0,3,TikTok,Meta,
u00478,Start > TikTok > TikTok > Google Search > Null,0,0,3,TikTok,Google Search,
u00479,Start > Meta > Null,0,0,1,Meta,Meta,
u00480,Start > TikTok > Meta > Email > Meta > TikTok > Null,0,0,5,TikTok,TikTok,
u00481,Start > Email > Null,0,0,1,Email,Email,
u00482,Start > TikTok > Null,0,0,1,TikTok,TikTok,
u00483,Start > TikTok > Google Search > Null,0,0,2,TikTok,Google Search,
u00484,Start > Meta > Meta > Null,0,0,2,Meta,Meta,
u00485,Start > Meta > Email > Null,0,0,2,Meta,Email,
u00486,Start > Google Search > TikTok > Meta > Conversion,1,339.9,3,Google Search,Meta,2026-02-24 02:16:00
u00487,Start > Google Search > TikTok > Google Search > Meta > Null,0,0,4,Google Search,Meta,
u00488,Start > TikTok > Google Search > TikTok > Conversion,1,417.8,3,TikTok,TikTok,2026-02-07 01:26:00
u00489,Start > Meta > Null,0,0,1,Meta,Meta,
u00490,Start > TikTok > Google Search > Meta > Null,0,0,3,TikTok,Meta,
u00491,Start > Meta > Meta > TikTok > Null,0,0,3,Meta,TikTok,
u00492,Start > TikTok > Meta > Null,0,0,2,TikTok,Meta,
u00493,Start > Google Search > Meta > Null,0,0,2,Google Search,Meta,
u00494,Start > TikTok > Google Search > TikTok > TikTok > Email > Null,0,0,5,TikTok,Email,
u00495,Start > Google Search > Meta > Google Search > Null,0,0,3,Google Search,Google Search,
u00496,Start > TikTok > TikTok > Email > Null,0,0,3,TikTok,Email,
u00497,Start > Google Search > TikTok > Google Search > Null,0,0,3,Google Search,Google Search,
u00498,Start > TikTok > Meta > Email > Null,0,0,3,TikTok,Email,
u00499,Start > Google Search > Meta > Null,0,0,2,Google Search,Meta,
u00500,Start > TikTok > TikTok > Google Search > TikTok > Google Search > Null,0,0,5,TikTok,Google Search,
u00501,Start > TikTok > Email > Google Search > Email > Null,0,0,4,TikTok,Email,
u00502,Start > TikTok > Meta > Null,0,0,2,TikTok,Meta,
u00503,Start > Meta > Google Search > TikTok > Null,0,0,3,Meta,TikTok,
u00504,Start > TikTok > TikTok > TikTok > Email > Null,0,0,4,TikTok,Email,
u00505,Start > TikTok > Meta > Meta > TikTok > Email > Null,0,0,5,TikTok,Email,
u00506,Start > Meta > TikTok > Null,0,0,2,Meta,TikTok,
u00507,Start > Meta > TikTok > Email > Email > Null,0,0,4,Meta,Email,
u00508,Start > TikTok > Google Search > Null,0,0,2,TikTok,Google Search,
u00509,Start > TikTok > Email > Meta > Email > Null,0,0,4,TikTok,Email,
u00510,Start > Meta > Email > Conversion,1,295.8,2,Meta,Email,2026-03-04 09:56:00
u00511,Start > Google Search > Google Search > Null,0,0,2,Google Search,Google Search,
u00512,Start > TikTok > Null,0,0,1,TikTok,TikTok,
u00513,Start > TikTok > Google Search > Meta > Conversion,1,552.6,3,TikTok,Meta,2026-02-10 08:27:00
u00514,Start > TikTok > TikTok > Meta > Google Search > Google Search > Conversion,1,491.5,5,TikTok,Google Search,2026-02-28 18:54:00
u00515,Start > Meta > Null,0,0,1,Meta,Meta,
u00516,Start > TikTok > Meta > TikTok > TikTok > Null,0,0,4,TikTok,TikTok,
u00517,Start > Meta > Null,0,0,1,Meta,Meta,
u00518,Start > TikTok > TikTok > TikTok > Google Search > Conversion,1,741.8,4,TikTok,Google Search,2026-03-01 21:00:00
u00519,Start > Google Search > Meta > Null,0,0,2,Google Search,Meta,
u00520,Start > TikTok > Google Search > Null,0,0,2,TikTok,Google Search,
u00521,Start > Meta > TikTok > Null,0,0,2,Meta,TikTok,
u00522,Start > Meta > Google Search > Null,0,0,2,Meta,Google Search,
u00523,Start > Google Search > Meta > Conversion,1,484.7,2,Google Search,Meta,2026-01-06 05:08:00
u00524,Start > TikTok > TikTok > Meta > Null,0,0,3,TikTok,Meta,
u00525,Start > TikTok > Null,0,0,1,TikTok,TikTok,
u00526,Start > Google Search > Google Search > Meta > Conversion,1,355.1,3,Google Search,Meta,2026-01-14 03:15:00
u00527,Start > Google Search > Null,0,0,1,Google Search,Google Search,
u00528,Start > TikTok > Google Search > TikTok > Meta > Meta > Conversion,1,677.75,5,TikTok,Meta,2026-02-05 18:14:00
u00529,Start > TikTok > Meta > Email > Email > Meta > Null,0,0,5,TikTok,Meta,
u00530,Start > TikTok > Meta > Null,0,0,2,TikTok,Meta,
u00531,Start > Meta > Meta > Google Search > Null,0,0,3,Meta,Google Search,
u00532,Start > Meta > Meta > TikTok > TikTok > Null,0,0,4,Meta,TikTok,
u00533,Start > TikTok > TikTok > Null,0,0,2,TikTok,TikTok,
u00534,Start > TikTok > TikTok > Meta > Null,0,0,3,TikTok,Meta,
u00535,Start > Meta > Email > Google Search > Null,0,0,3,Meta,Google Search,
u00536,Start > Email > Null,0,0,1,Email,Email,
u00537,Start > TikTok > Meta > Email > Meta > Conversion,1,365.05,4,TikTok,Meta,2026-03-04 20:21:00
u00538,Start > TikTok > Null,0,0,1,TikTok,TikTok,
u00539,Start > TikTok > Meta > Null,0,0,2,TikTok,Meta,
u00540,Start > TikTok > Google Search > Meta > Meta > Email > Null,0,0,5,TikTok,Email,
u00541,Start > TikTok > Email > Null,0,0,2,TikTok,Email,
u00542,Start > Meta > TikTok > Null,0,0,2,Meta,TikTok,
u00543,Start > TikTok > Google Search > Google Search > Google Search > Google Search > Null,0,0,5,TikTok,Google Search,
u00544,Start > TikTok > TikTok > TikTok > Null,0,0,3,TikTok,TikTok,
u00545,Start > TikTok > Google Search > Google Search > Conversion,1,658.45,3,TikTok,Google Search,2026-01-11 04:22:00
u00546,Start > Meta > Null,0,0,1,Meta,Meta,
u00547,Start > Meta > Meta > Null,0,0,2,Meta,Meta,
u00548,Start > Meta > Meta > Email > Conversion,1,301.75,3,Meta,Email,2026-02-16 08:18:00
u00549,Start > TikTok > TikTok > Email > Conversion,1,275.75,3,TikTok,Email,2026-02-09 22:03:00
u00550,Start > TikTok > Google Search > Conversion,1,668.75,2,TikTok,Google Search,2026-01-05 05:35:00
u00551,Start > Meta > Google Search > Conversion,1,723.3,2,Meta,Google Search,2026-01-15 08:17:00
u00552,Start > Meta > Meta > TikTok > TikTok > Google Search > Null,0,0,5,Meta,Google Search,
u00553,Start > Google Search > Null,0,0,1,Google Search,Google Search,
u00554,Start > Meta > Null,0,0,1,Meta,Meta,
u00555,Start > Meta > Google Search > Google Search > Google Search > Null,0,0,4,Meta,Google Search,
u00556,Start > Meta > Email > Google Search > Google Search > Null,0,0,4,Meta,Google Search,
u00557,Start > Meta > Google Search > Null,0,0,2,Meta,Google Search,
u00558,Start > Google Search > Email > TikTok > Null,0,0,3,Google Search,TikTok,
u00559,Start > Meta > TikTok > Email > Null,0,0,3,Meta,Email,
u00560,Start > TikTok > Google Search > Meta > Google Search > Meta > Null,0,0,5,TikTok,Meta,
u00561,Start > Google Search > Meta > Null,0,0,2,Google Search,Meta,
u00562,Start > TikTok > Email > Meta > Email > Conversion,1,477.4,4,TikTok,Email,2026-02-09 10:19:00
u00563,Start > TikTok > Meta > Null,0,0,2,TikTok,Meta,
u00564,Start > TikTok > Email > TikTok > Google Search > Conversion,1,809.15,4,TikTok,Google Search,2026-02-02 04:00:00
u00565,Start > Meta > TikTok > Null,0,0,2,Meta,TikTok,
u00566,Start > Google Search > Meta > Email > Meta > TikTok > Conversion,1,746.95,5,Google Search,TikTok,2026-02-24 08:45:00
u00567,Start > Meta > Google Search > Google Search > Meta > Null,0,0,4,Meta,Meta,
u00568,Start > Meta > Google Search > Meta > Meta > Google Search > Null,0,0,5,Meta,Google Search,
u00569,Start > Meta > TikTok > TikTok > Meta > Google Search > Null,0,0,5,Meta,Google Search,
u00570,Start > Meta > Google Search > Google Search > Null,0,0,3,Meta,Google Search,
u00571,Start > Meta > Email > Null,0,0,2,Meta,Email,
u00572,Start > TikTok > Meta > TikTok > Meta > Null,0,0,4,TikTok,Meta,
u00573,Start > Google Search > Google Search > Null,0,0,2,Google Search,Google Search,
u00574,Start > TikTok > Null,0,0,1,TikTok,TikTok,
u00575,Start > Meta > Meta > Null,0,0,2,Meta,Meta,
u00576,Start > Meta > TikTok > Google Search > Email > TikTok > Conversion,1,583.55,5,Meta,TikTok,2026-02-17 22:18:00
u00577,Start > Google Search > Email > Google Search > Meta > Null,0,0,4,Google Search,Meta,
u00578,Start > Google Search > Email > Google Search > Google Search > Conversion,1,768.15,4,Google Search,Google Search,2026-02-18 15:54:00
u00579,Start > TikTok > TikTok > Google Search > Null,0,0,3,TikTok,Google Search,
u00580,Start > Google Search > Google Search > Meta > Null,0,0,3,Google Search,Meta,
u00581,Start > TikTok > Google Search > Conversion,1,702.25,2,TikTok,Google Search,2026-01-04 19:17:00
u00582,Start > Google Search > TikTok > Google Search > Null,0,0,3,Google Search,Google Search,
u00583,Start > TikTok > Meta > Null,0,0,2,TikTok,Meta,
u00584,Start > TikTok > Meta > Null,0,0,2,TikTok,Meta,
u00585,Start > Meta > Google Search > Google Search > TikTok > Null,0,0,4,Meta,TikTok,
u00586,Start > Meta > Google Search > Email > Null,0,0,3,Meta,Email,
u00587,Start > TikTok > TikTok > TikTok > Email > Null,0,0,4,TikTok,Email,
u00588,Start > TikTok > Meta > TikTok > TikTok > Null,0,0,4,TikTok,TikTok,
u00589,Start > TikTok > Google Search > Email > Null,0,0,3,TikTok,Email,
u00590,Start > TikTok > Google Search > Email > Null,0,0,3,TikTok,Email,
u00591,Start > Meta > Meta > Null,0,0,2,Meta,Meta,
u00592,Start > Google Search > Google Search > Google Search > Google Search > Meta > Null,0,0,5,Google Search,Meta,
u00593,Start > TikTok > Email > Email > Null,0,0,3,TikTok,Email,
u00594,Start > Google Search > Null,0,0,1,Google Search,Google Search,
u00595,Start > Google Search > TikTok > Null,0,0,2,Google Search,TikTok,
u00596,Start > Meta > Email > Meta > Email > Meta > Null,0,0,5,Meta,Meta,
u00597,Start > TikTok > Null,0,0,1,TikTok,TikTok,
u00598,Start > Google Search > Null,0,0,1,Google Search,Google Search,
u00599,Start > TikTok > Google Search > Null,0,0,2,TikTok,Google Search,
u00600,Start > Meta > Google Search > Google Search > TikTok > Null,0,0,4,Meta,TikTok,
u00601,Start > TikTok > Null,0,0,1,TikTok,TikTok,
u00602,Start > TikTok > TikTok > Meta > Email > TikTok > Null,0,0,5,TikTok,TikTok,
u00603,Start > Google Search > TikTok > Meta > Meta > Google Search > Null,0,0,5,Google Search,Google Search,
u00604,Start > Email > Null,0,0,1,Email,Email,
u00605,Start > Meta > Google Search > Null,0,0,2,Meta,Google Search,
u00606,Start > Meta > Email > Null,0,0,2,Meta,Email,
u00607,Start > Meta > Google Search > Email > Google Search > Conversion,1,503.2,4,Meta,Google Search,2026-01-27 23:36:00
u00608,Start > TikTok > Google Search > TikTok > Conversion,1,499.15,3,TikTok,TikTok,2026-02-17 13:00:00
u00609,Start > TikTok > Null,0,0,1,TikTok,TikTok,
u00610,Start > Meta > Google Search > Null,0,0,2,Meta,Google Search,
u00611,Start > Google Search > Meta > Conversion,1,595.45,2,Google Search,Meta,2026-01-30 07:45:00
u00612,Start > TikTok > Null,0,0,1,TikTok,TikTok,
u00613,Start > Meta > Null,0,0,1,Meta,Meta,
u00614,Start > TikTok > TikTok > Null,0,0,2,TikTok,TikTok,
u00615,Start > Google Search > Meta > Null,0,0,2,Google Search,Meta,
u00616,Start > TikTok > Meta > Null,0,0,2,TikTok,Meta,
u00617,Start > TikTok > Email > Conversion,1,406,2,TikTok,Email,2026-01-29 14:35:00
u00618,Start > Meta > Meta > TikTok > Null,0,0,3,Meta,TikTok,
u00619,Start > TikTok > Meta > Meta > Email > TikTok > Null,0,0,5,TikTok,TikTok,
u00620,Start > TikTok > Google Search > Conversion,1,903.65,2,TikTok,Google Search,2026-02-06 11:18:00
u00621,Start > Meta > Google Search > Conversion,1,734.65,2,Meta,Google Search,2026-02-14 08:34:00
u00622,Start > Meta > Meta > Meta > Null,0,0,3,Meta,Meta,
u00623,Start > TikTok > TikTok > Null,0,0,2,TikTok,TikTok,
u00624,Start > TikTok > Meta > Meta > Google Search > Conversion,1,843.7,4,TikTok,Google Search,2026-03-01 09:19:00
u00625,Start > Meta > TikTok > TikTok > Meta > Null,0,0,4,Meta,Meta,
u00626,Start > TikTok > Meta > TikTok > Meta > Null,0,0,4,TikTok,Meta,
u00627,Start > Meta > Meta > Null,0,0,2,Meta,Meta,
u00628,Start > TikTok > Email > Google Search > Null,0,0,3,TikTok,Google Search,
u00629,Start > Google Search > Google Search > Google Search > Google Search > Meta > Conversion,1,586.95,5,Google Search,Meta,2026-02-05 19:21:00
u00630,Start > Meta > Google Search > Null,0,0,2,Meta,Google Search,
u00631,Start > Meta > TikTok > Conversion,1,712,2,Meta,TikTok,2026-02-28 17:06:00
u00632,Start > Meta > TikTok > Google Search > Null,0,0,3,Meta,Google Search,
u00633,Start > TikTok > Email > Null,0,0,2,TikTok,Email,
u00634,Start > TikTok > Meta > Null,0,0,2,TikTok,Meta,
u00635,Start > TikTok > Meta > Meta > Null,0,0,3,TikTok,Meta,
u00636,Start > TikTok > Google Search > Null,0,0,2,TikTok,Google Search,
u00637,Start > Meta > Meta > Null,0,0,2,Meta,Meta,
u00638,Start > Google Search > Google Search > Meta > Email > Google Search > Conversion,1,613.9,5,Google Search,Google Search,2026-02-21 20:58:00
u00639,Start > Google Search > Conversion,1,892.3,1,Google Search,Google Search,2026-02-06 00:15:00
u00640,Start > TikTok > Email > Null,0,0,2,TikTok,Email,
u00641,Start > TikTok > Meta > Null,0,0,2,TikTok,Meta,
u00642,Start > TikTok > Email > Google Search > Email > Null,0,0,4,TikTok,Email,
u00643,Start > Google Search > Conversion,1,678.9,1,Google Search,Google Search,2026-01-28 02:12:00
u00644,Start > Google Search > TikTok > Google Search > TikTok > Conversion,1,701.05,4,Google Search,TikTok,2026-03-03 20:00:00
u00645,Start > Meta > Google Search > Null,0,0,2,Meta,Google Search,
u00646,Start > Meta > Meta > Email > Meta > TikTok > Conversion,1,641.85,5,Meta,TikTok,2026-02-22 07:29:00
u00647,Start > TikTok > TikTok > Google Search > Null,0,0,3,TikTok,Google Search,
u00648,Start > Meta > Null,0,0,1,Meta,Meta,
u00649,Start > Meta > Null,0,0,1,Meta,Meta,
u00650,Start > TikTok > Email > TikTok > Meta > Null,0,0,4,TikTok,Meta,
u00651,Start > TikTok > Google Search > Google Search > Google Search > Conversion,1,818.2,4,TikTok,Google Search,2026-01-20 09:07:00
u00652,Start > TikTok > Null,0,0,1,TikTok,TikTok,
u00653,Start > TikTok > Email > Email > Meta > Null,0,0,4,TikTok,Meta,
u00654,Start > Meta > Email > Conversion,1,471.3,2,Meta,Email,2026-01-20 04:04:00
u00655,Start > Google Search > TikTok > Google Search > TikTok > TikTok > Null,0,0,5,Google Search,TikTok,
u00656,Start > Google Search > Email > Null,0,0,2,Google Search,Email,
u00657,Start > TikTok > Meta > TikTok > Email > Null,0,0,4,TikTok,Email,
u00658,Start > TikTok > TikTok > Meta > TikTok > Null,0,0,4,TikTok,TikTok,
u00659,Start > Google Search > Meta > Meta > Null,0,0,3,Google Search,Meta,
u00660,Start > Google Search > Email > Conversion,1,580.5,2,Google Search,Email,2026-02-12 02:09:00
u00661,Start > Google Search > Google Search > TikTok > Conversion,1,647.7,3,Google Search,TikTok,2026-02-12 06:49:00
u00662,Start > TikTok > Meta > Google Search > Google Search > Null,0,0,4,TikTok,Google Search,
u00663,Start > TikTok > Google Search > TikTok > Google Search > Meta > Conversion,1,453.1,5,TikTok,Meta,2026-01-27 11:00:00
u00664,Start > TikTok > TikTok > Null,0,0,2,TikTok,TikTok,
u00665,Start > TikTok > Null,0,0,1,TikTok,TikTok,
u00666,Start > TikTok > Email > Google Search > Email > Meta > Null,0,0,5,TikTok,Meta,
u00667,Start > TikTok > TikTok > Meta > Meta > Google Search > Null,0,0,5,TikTok,Google Search,
u00668,Start > TikTok > Meta > Google Search > Email > Null,0,0,4,TikTok,Email,
u00669,Start > Google Search > Google Search > Google Search > Null,0,0,3,Google Search,Google Search,
u00670,Start > Google Search > TikTok > Google Search > Google Search > Null,0,0,4,Google Search,Google Search,
u00671,Start > Meta > Null,0,0,1,Meta,Meta,
u00672,Start > Google Search > Google Search > Null,0,0,2,Google Search,Google Search,
u00673,Start > TikTok > Google Search > Null,0,0,2,TikTok,Google Search,
u00674,Start > Meta > Null,0,0,1,Meta,Meta,
u00675,Start > Google Search > Google Search > TikTok > Email > Email > Conversion,1,393.35,5,Google Search,Email,2026-01-07 05:17:00
u00676,Start > TikTok > Meta > Google Search > Null,0,0,3,TikTok,Google Search,
u00677,Start > Meta > Meta > Email > Null,0,0,3,Meta,Email,
u00678,Start > TikTok > Meta > Null,0,0,2,TikTok,Meta,
u00679,Start > Meta > TikTok > TikTok > TikTok > Null,0,0,4,Meta,TikTok,
u00680,Start > Google Search > Meta > Google Search > Null,0,0,3,Google Search,Google Search,
u00681,Start > Meta > Meta > Null,0,0,2,Meta,Meta,
u00682,Start > TikTok > Meta > Email > Conversion,1,405.25,3,TikTok,Email,2026-02-16 05:23:00
u00683,Start > Meta > Meta > Null,0,0,2,Meta,Meta,
u00684,Start > Google Search > TikTok > Null,0,0,2,Google Search,TikTok,
u00685,Start > Meta > TikTok > Email > Conversion,1,251.35,3,Meta,Email,2026-02-25 17:01:00
u00686,Start > Meta > TikTok > Meta > TikTok > Null,0,0,4,Meta,TikTok,
u00687,Start > Google Search > Meta > Meta > Conversion,1,653.45,3,Google Search,Meta,2026-01-13 13:44:00
u00688,Start > TikTok > Meta > Null,0,0,2,TikTok,Meta,
u00689,Start > Meta > TikTok > Conversion,1,503.7,2,Meta,TikTok,2026-02-27 08:09:00
u00690,Start > Meta > TikTok > Null,0,0,2,Meta,TikTok,
u00691,Start > Meta > Google Search > Google Search > Meta > Null,0,0,4,Meta,Meta,
u00692,Start > TikTok > Meta > TikTok > Meta > Google Search > Conversion,1,460,5,TikTok,Google Search,2026-03-04 11:08:00
u00693,Start > TikTok > Meta > Null,0,0,2,TikTok,Meta,
u00694,Start > Google Search > Null,0,0,1,Google Search,Google Search,
u00695,Start > TikTok > Meta > Meta > Email > Email > Conversion,1,402.25,5,TikTok,Email,2026-03-03 23:22:00
u00696,Start > Meta > Meta > Google Search > Null,0,0,3,Meta,Google Search,
u00697,Start > Google Search > Null,0,0,1,Google Search,Google Search,
u00698,Start > TikTok > Null,0,0,1,TikTok,TikTok,
u00699,Start > Meta > TikTok > TikTok > Google Search > Conversion,1,803.15,4,Meta,Google Search,2026-02-14 17:53:00
u00700,Start > TikTok > TikTok > TikTok > TikTok > Null,0,0,4,TikTok,TikTok,
u00701,Start > Google Search > Google Search > Null,0,0,2,Google Search,Google Search,
u00702,Start > Meta > Email > Null,0,0,2,Meta,Email,
u00703,Start > TikTok > Meta > Meta > Meta > Null,0,0,4,TikTok,Meta,
u00704,Start > TikTok > Google Search > Null,0,0,2,TikTok,Google Search,
u00705,Start > Google Search > Null,0,0,1,Google Search,Google Search,
u00706,Start > TikTok > Email > TikTok > Meta > Meta > Conversion,1,688.15,5,TikTok,Meta,2026-02-01 18:13:00
u00707,Start > Google Search > Google Search > Null,0,0,2,Google Search,Google Search,
u00708,Start > Google Search > Google Search > Google Search > Null,0,0,3,Google Search,Google Search,
u00709,Start > Google Search > Null,0,0,1,Google Search,Google Search,
u00710,Start > Meta > Google Search > Email > Null,0,0,3,Meta,Email,
u00711,Start > Google Search > Meta > TikTok > Conversion,1,724.75,3,Google Search,TikTok,2026-02-23 06:07:00
u00712,Start > TikTok > TikTok > Null,0,0,2,TikTok,TikTok,
u00713,Start > Google Search > Null,0,0,1,Google Search,Google Search,
u00714,Start > TikTok > Null,0,0,1,TikTok,TikTok,
u00715,Start > Meta > Conversion,1,335.8,1,Meta,Meta,2026-01-29 20:21:00
u00716,Start > TikTok > TikTok > Google Search > Google Search > TikTok > Null,0,0,5,TikTok,TikTok,
u00717,Start > TikTok > Google Search > Google Search > Null,0,0,3,TikTok,Google Search,
u00718,Start > TikTok > TikTok > Null,0,0,2,TikTok,TikTok,
u00719,Start > TikTok > Google Search > Google Search > Meta > Google Search > Conversion,1,695.85,5,TikTok,Google Search,2026-02-26 23:59:00
u00720,Start > Google Search > Google Search > Email > Email > Null,0,0,4,Google Search,Email,
u00721,Start > Google Search > Email > TikTok > Google Search > Email > Null,0,0,5,Google Search,Email,
u00722,Start > TikTok > Null,0,0,1,TikTok,TikTok,
u00723,Start > TikTok > Null,0,0,1,TikTok,TikTok,
u00724,Start > Meta > TikTok > Google Search > TikTok > Meta > Null,0,0,5,Meta,Meta,
u00725,Start > TikTok > Email > Null,0,0,2,TikTok,Email,
u00726,Start > Meta > Email > Google Search > Google Search > Null,0,0,4,Meta,Google Search,
u00727,Start > TikTok > Google Search > Google Search > Null,0,0,3,TikTok,Google Search,
u00728,Start > TikTok > Meta > Google Search > Meta > TikTok > Null,0,0,5,TikTok,TikTok,
u00729,Start > TikTok > Meta > Conversion,1,496.1,2,TikTok,Meta,2026-02-10 14:02:00
u00730,Start > Meta > Meta > TikTok > Google Search > Google Search > Null,0,0,5,Meta,Google Search,
u00731,Start > Meta > Meta > TikTok > Null,0,0,3,Meta,TikTok,
u00732,Start > Google Search > Google Search > TikTok > TikTok > Null,0,0,4,Google Search,TikTok,
u00733,Start > TikTok > Meta > Meta > Null,0,0,3,TikTok,Meta,
u00734,Start > Meta > Email > Google Search > Null,0,0,3,Meta,Google Search,
u00735,Start > TikTok > Email > Email > Google Search > Conversion,1,763.45,4,TikTok,Google Search,2026-02-06 21:09:00
u00736,Start > Meta > Null,0,0,1,Meta,Meta,
u00737,Start > Meta > TikTok > Google Search > Google Search > Null,0,0,4,Meta,Google Search,
u00738,Start > Google Search > Meta > Google Search > Null,0,0,3,Google Search,Google Search,
u00739,Start > TikTok > Meta > Null,0,0,2,TikTok,Meta,
u00740,Start > Meta > Meta > Null,0,0,2,Meta,Meta,
u00741,Start > Meta > TikTok > Google Search > Email > Null,0,0,4,Meta,Email,
u00742,Start > TikTok > Null,0,0,1,TikTok,TikTok,
u00743,Start > Google Search > Google Search > Null,0,0,2,Google Search,Google Search,
u00744,Start > Meta > Email > Null,0,0,2,Meta,Email,
u00745,Start > Meta > Google Search > Null,0,0,2,Meta,Google Search,
u00746,Start > Google Search > Null,0,0,1,Google Search,Google Search,
u00747,Start > TikTok > Null,0,0,1,TikTok,TikTok,
u00748,Start > TikTok > Meta > TikTok > Email > Null,0,0,4,TikTok,Email,
u00749,Start > Meta > TikTok > Null,0,0,2,Meta,TikTok,
u00750,Start > Google Search > Null,0,0,1,Google Search,Google Search,
u00751,Start > Google Search > Meta > Conversion,1,604.3,2,Google Search,Meta,2026-01-19 21:02:00
u00752,Start > TikTok > Meta > Meta > Conversion,1,519.2,3,TikTok,Meta,2026-01-09 13:20:00
u00753,Start > Meta > TikTok > Google Search > Meta > Google Search > Null,0,0,5,Meta,Google Search,
u00754,Start > Meta > Meta > Null,0,0,2,Meta,Meta,
u00755,Start > Meta > Google Search > Null,0,0,2,Meta,Google Search,
u00756,Start > Meta > Google Search > TikTok > Null,0,0,3,Meta,TikTok,
u00757,Start > TikTok > Google Search > Meta > TikTok > Null,0,0,4,TikTok,TikTok,
u00758,Start > Meta > Meta > Null,0,0,2,Meta,Meta,
u00759,Start > TikTok > TikTok > Null,0,0,2,TikTok,TikTok,
u00760,Start > TikTok > Google Search > Google Search > Google Search > Conversion,1,456.05,4,TikTok,Google Search,2026-02-21 10:46:00
u00761,Start > Google Search > TikTok > Null,0,0,2,Google Search,TikTok,
u00762,Start > TikTok > Google Search > Google Search > Null,0,0,3,TikTok,Google Search,
u00763,Start > TikTok > Meta > Email > Meta > Null,0,0,4,TikTok,Meta,
u00764,Start > Meta > Email > Null,0,0,2,Meta,Email,
u00765,Start > Google Search > Meta > Null,0,0,2,Google Search,Meta,
u00766,Start > Google Search > Conversion,1,451.05,1,Google Search,Google Search,2026-01-26 16:36:00
u00767,Start > Meta > Google Search > Null,0,0,2,Meta,Google Search,
u00768,Start > Google Search > TikTok > Null,0,0,2,Google Search,TikTok,
u00769,Start > TikTok > Meta > Conversion,1,693.85,2,TikTok,Meta,2026-02-10 13:06:00
u00770,Start > TikTok > Conversion,1,639.1,1,TikTok,TikTok,2026-01-15 19:34:00
u00771,Start > Meta > Meta > Null,0,0,2,Meta,Meta,
u00772,Start > TikTok > Null,0,0,1,TikTok,TikTok,
u00773,Start > Google Search > Meta > Null,0,0,2,Google Search,Meta,
u00774,Start > TikTok > Null,0,0,1,TikTok,TikTok,
u00775,Start > TikTok > Google Search > Null,0,0,2,TikTok,Google Search,
u00776,Start > Meta > Meta > Email > Null,0,0,3,Meta,Email,
u00777,Start > TikTok > Google Search > Null,0,0,2,TikTok,Google Search,
u00778,Start > TikTok > Meta > Meta > Email > Google Search > Conversion,1,722.55,5,TikTok,Google Search,2026-01-21 04:44:00
u00779,Start > TikTok > Meta > Conversion,1,339.05,2,TikTok,Meta,2026-02-16 05:30:00
u00780,Start > TikTok > TikTok > TikTok > Null,0,0,3,TikTok,TikTok,
u00781,Start > TikTok > TikTok > TikTok > Google Search > Null,0,0,4,TikTok,Google Search,
u00782,Start > TikTok > Google Search > Null,0,0,2,TikTok,Google Search,
u00783,Start > TikTok > Null,0,0,1,TikTok,TikTok,
u00784,Start > TikTok > Google Search > Google Search > Google Search > Conversion,1,579.15,4,TikTok,Google Search,2026-02-20 00:04:00
u00785,Start > TikTok > Meta > Conversion,1,539.8,2,TikTok,Meta,2026-01-21 02:39:00
u00786,Start > TikTok > TikTok > Google Search > Google Search > Conversion,1,778.95,4,TikTok,Google Search,2026-01-12 18:33:00
u00787,Start > Meta > TikTok > Meta > Meta > Meta > Null,0,0,5,Meta,Meta,
u00788,Start > Meta > TikTok > Meta > TikTok > Conversion,1,512.2,4,Meta,TikTok,2026-03-02 03:59:00
u00789,Start > Google Search > Conversion,1,473.3,1,Google Search,Google Search,2026-02-16 04:38:00
u00790,Start > Meta > Google Search > Google Search > Google Search > TikTok > Conversion,1,545.55,5,Meta,TikTok,2026-01-14 01:39:00
u00791,Start > TikTok > Google Search > Null,0,0,2,TikTok,Google Search,
u00792,Start > Meta > Google Search > Meta > Google Search > Null,0,0,4,Meta,Google Search,
u00793,Start > Email > Null,0,0,1,Email,Email,
u00794,Start > Meta > Google Search > Google Search > Google Search > Null,0,0,4,Meta,Google Search,
u00795,Start > Meta > Google Search > Email > Null,0,0,3,Meta,Email,
u00796,Start > Google Search > Null,0,0,1,Google Search,Google Search,
u00797,Start > TikTok > TikTok > Meta > Conversion,1,539.35,3,TikTok,Meta,2026-02-16 04:52:00
u00798,Start > Meta > Google Search > TikTok > Null,0,0,3,Meta,TikTok,
u00799,Start > Meta > TikTok > Google Search > Conversion,1,763.55,3,Meta,Google Search,2026-02-18 23:46:00
u00800,Start > TikTok > Meta > TikTok > TikTok > Conversion,1,531.2,4,TikTok,TikTok,2026-01-14 16:30:00
u00801,Start > TikTok > Meta > Google Search > Email > Null,0,0,4,TikTok,Email,
u00802,Start > Google Search > TikTok > TikTok > Null,0,0,3,Google Search,TikTok,
u00803,Start > TikTok > Null,0,0,1,TikTok,TikTok,
u00804,Start > Google Search > Null,0,0,1,Google Search,Google Search,
u00805,Start > TikTok > Null,0,0,1,TikTok,TikTok,
u00806,Start > TikTok > Google Search > Meta > Null,0,0,3,TikTok,Meta,
u00807,Start > TikTok > Meta > Conversion,1,548.65,2,TikTok,Meta,2026-02-14 05:54:00
u00808,Start > Meta > TikTok > TikTok > Null,0,0,3,Meta,TikTok,
u00809,Start > TikTok > Meta > Conversion,1,540.85,2,TikTok,Meta,2026-02-04 06:50:00
u00810,Start > Meta > Email > Email > Meta > Conversion,1,377.55,4,Meta,Meta,2026-01-27 14:25:00
u00811,Start > TikTok > TikTok > Null,0,0,2,TikTok,TikTok,
u00812,Start > Meta > TikTok > Google Search > Google Search > Null,0,0,4,Meta,Google Search,
u00813,Start > Google Search > Email > Conversion,1,340.35,2,Google Search,Email,2026-02-06 09:48:00
u00814,Start > TikTok > Email > Meta > Null,0,0,3,TikTok,Meta,
u00815,Start > Google Search > TikTok > Google Search > Null,0,0,3,Google Search,Google Search,
u00816,Start > TikTok > TikTok > Null,0,0,2,TikTok,TikTok,
u00817,Start > Google Search > Email > TikTok > Conversion,1,538.9,3,Google Search,TikTok,2026-02-05 12:25:00
u00818,Start > TikTok > Google Search > Meta > TikTok > Google Search > Conversion,1,857.45,5,TikTok,Google Search,2026-02-20 00:56:00
u00819,Start > TikTok > Null,0,0,1,TikTok,TikTok,
u00820,Start > TikTok > Meta > TikTok > Google Search > TikTok > Null,0,0,5,TikTok,TikTok,
u00821,Start > Meta > TikTok > Conversion,1,600.55,2,Meta,TikTok,2026-02-15 14:18:00
u00822,Start > Meta > Email > Google Search > Meta > Email > Conversion,1,526.45,5,Meta,Email,2026-02-23 15:05:00
u00823,Start > Meta > Google Search > Null,0,0,2,Meta,Google Search,
u00824,Start > Meta > Google Search > Google Search > Google Search > Null,0,0,4,Meta,Google Search,
u00825,Start > TikTok > Null,0,0,1,TikTok,TikTok,
u00826,Start > TikTok > Google Search > TikTok > Google Search > TikTok > Null,0,0,5,TikTok,TikTok,
u00827,Start > TikTok > Google Search > Null,0,0,2,TikTok,Google Search,
u00828,Start > TikTok > Google Search > Google Search > Null,0,0,3,TikTok,Google Search,
u00829,Start > TikTok > Meta > Null,0,0,2,TikTok,Meta,
u00830,Start > TikTok > Meta > Email > TikTok > Conversion,1,601.95,4,TikTok,TikTok,2026-01-05 00:55:00
u00831,Start > Google Search > Meta > Email > Email > Null,0,0,4,Google Search,Email,
u00832,Start > Google Search > Null,0,0,1,Google Search,Google Search,
u00833,Start > Meta > Meta > Meta > Null,0,0,3,Meta,Meta,
u00834,Start > TikTok > Null,0,0,1,TikTok,TikTok,
u00835,Start > Google Search > Email > Null,0,0,2,Google Search,Email,
u00836,Start > TikTok > Google Search > TikTok > Null,0,0,3,TikTok,TikTok,
u00837,Start > Meta > Google Search > Conversion,1,764.15,2,Meta,Google Search,2026-01-08 14:03:00
u00838,Start > TikTok > Google Search > Google Search > Null,0,0,3,TikTok,Google Search,
u00839,Start > TikTok > Google Search > Google Search > Google Search > Meta > Null,0,0,5,TikTok,Meta,
u00840,Start > Meta > Google Search > TikTok > Meta > Email > Null,0,0,5,Meta,Email,
u00841,Start > Email > Null,0,0,1,Email,Email,
u00842,Start > TikTok > Email > Google Search > Conversion,1,777.4,3,TikTok,Google Search,2026-01-31 09:51:00
u00843,Start > TikTok > Meta > TikTok > Google Search > Null,0,0,4,TikTok,Google Search,
u00844,Start > Google Search > Null,0,0,1,Google Search,Google Search,
u00845,Start > Google Search > Null,0,0,1,Google Search,Google Search,
u00846,Start > Meta > TikTok > Null,0,0,2,Meta,TikTok,
u00847,Start > Google Search > Null,0,0,1,Google Search,Google Search,
u00848,Start > Meta > Email > Google Search > TikTok > Meta > Conversion,1,644.2,5,Meta,Meta,2026-02-27 18:47:00
u00849,Start > Google Search > Meta > Conversion,1,303.05,2,Google Search,Meta,2026-02-17 14:19:00
u00850,Start > Meta > Email > TikTok > Null,0,0,3,Meta,TikTok,
u00851,Start > TikTok > TikTok > TikTok > Google Search > Conversion,1,626.95,4,TikTok,Google Search,2026-02-02 03:50:00
u00852,Start > Meta > Google Search > Google Search > Null,0,0,3,Meta,Google Search,
u00853,Start > Meta > Google Search > Meta > Meta > Null,0,0,4,Meta,Meta,
u00854,Start > Google Search > Email > Google Search > Meta > Meta > Conversion,1,313.5,5,Google Search,Meta,2026-02-09 02:20:00
u00855,Start > TikTok > Meta > Meta > Null,0,0,3,TikTok,Meta,
u00856,Start > Google Search > Null,0,0,1,Google Search,Google Search,
u00857,Start > Meta > Null,0,0,1,Meta,Meta,
u00858,Start > Meta > TikTok > Google Search > Null,0,0,3,Meta,Google Search,
u00859,Start > Meta > Meta > Google Search > Meta > Null,0,0,4,Meta,Meta,
u00860,Start > Meta > Null,0,0,1,Meta,Meta,
u00861,Start > Email > Null,0,0,1,Email,Email,
u00862,Start > TikTok > Google Search > TikTok > Conversion,1,647.45,3,TikTok,TikTok,2026-02-16 19:28:00
u00863,Start > Google Search > Google Search > Null,0,0,2,Google Search,Google Search,
u00864,Start > TikTok > Meta > Null,0,0,2,TikTok,Meta,
u00865,Start > Google Search > TikTok > Meta > Null,0,0,3,Google Search,Meta,
u00866,Start > Meta > Meta > Meta > Null,0,0,3,Meta,Meta,
u00867,Start > TikTok > TikTok > Google Search > Email > Null,0,0,4,TikTok,Email,
u00868,Start > Meta > Null,0,0,1,Meta,Meta,
u00869,Start > TikTok > Null,0,0,1,TikTok,TikTok,
u00870,Start > Google Search > Null,0,0,1,Google Search,Google Search,
u00871,Start > TikTok > Google Search > Google Search > Null,0,0,3,TikTok,Google Search,
u00872,Start > TikTok > Meta > TikTok > Null,0,0,3,TikTok,TikTok,
u00873,Start > Google Search > Null,0,0,1,Google Search,Google Search,
u00874,Start > Google Search > TikTok > Google Search > Null,0,0,3,Google Search,Google Search,
u00875,Start > TikTok > Google Search > Meta > TikTok > Null,0,0,4,TikTok,TikTok,
u00876,Start > TikTok > Email > Null,0,0,2,TikTok,Email,
u00877,Start > Meta > Null,0,0,1,Meta,Meta,
u00878,Start > TikTok > Google Search > Google Search > Null,0,0,3,TikTok,Google Search,
u00879,Start > Email > Null,0,0,1,Email,Email,
u00880,Start > TikTok > Conversion,1,637.9,1,TikTok,TikTok,2026-01-12 21:10:00
u00881,Start > TikTok > TikTok > TikTok > Null,0,0,3,TikTok,TikTok,
u00882,Start > TikTok > Meta > Meta > Null,0,0,3,TikTok,Meta,
u00883,Start > TikTok > TikTok > Null,0,0,2,TikTok,TikTok,
u00884,Start > Meta > Meta > Null,0,0,2,Meta,Meta,
u00885,Start > Meta > Meta > TikTok > Null,0,0,3,Meta,TikTok,
u00886,Start > TikTok > Meta > Null,0,0,2,TikTok,Meta,
u00887,Start > Meta > Meta > TikTok > Google Search > Null,0,0,4,Meta,Google Search,
u00888,Start > TikTok > Null,0,0,1,TikTok,TikTok,
u00889,Start > Meta > Null,0,0,1,Meta,Meta,
u00890,Start > Google Search > Google Search > Meta > Google Search > Email > Null,0,0,5,Google Search,Email,
u00891,Start > TikTok > Meta > Google Search > Null,0,0,3,TikTok,Google Search,
u00892,Start > Meta > Meta > Google Search > Null,0,0,3,Meta,Google Search,
u00893,Start > Meta > TikTok > Null,0,0,2,Meta,TikTok,
u00894,Start > TikTok > Meta > TikTok > Null,0,0,3,TikTok,TikTok,
u00895,Start > TikTok > TikTok > Email > Null,0,0,3,TikTok,Email,
u00896,Start > TikTok > TikTok > Email > Meta > Google Search > Conversion,1,450.2,5,TikTok,Google Search,2026-01-07 23:41:00
u00897,Start > TikTok > Meta > Google Search > Conversion,1,464.15,3,TikTok,Google Search,2026-01-06 03:29:00
u00898,Start > Meta > Email > Google Search > Google Search > Conversion,1,947.65,4,Meta,Google Search,2026-02-28 02:18:00
u00899,Start > TikTok > Meta > Null,0,0,2,TikTok,Meta,
u00900,Start > Google Search > Meta > Google Search > Null,0,0,3,Google Search,Google Search,
u00901,Start > TikTok > Google Search > Conversion,1,707.35,2,TikTok,Google Search,2026-01-25 03:10:00
u00902,Start > TikTok > TikTok > Null,0,0,2,TikTok,TikTok,
u00903,Start > TikTok > Meta > TikTok > Null,0,0,3,TikTok,TikTok,
u00904,Start > TikTok > TikTok > Email > Meta > Null,0,0,4,TikTok,Meta,
u00905,Start > TikTok > Null,0,0,1,TikTok,TikTok,
u00906,Start > TikTok > TikTok > Conversion,1,505.3,2,TikTok,TikTok,2026-01-29 16:45:00
u00907,Start > Google Search > Null,0,0,1,Google Search,Google Search,
u00908,Start > TikTok > Email > Email > Email > Null,0,0,4,TikTok,Email,
u00909,Start > Google Search > Meta > Meta > Null,0,0,3,Google Search,Meta,
u00910,Start > TikTok > Google Search > Meta > Meta > Google Search > Null,0,0,5,TikTok,Google Search,
u00911,Start > Meta > TikTok > Email > Null,0,0,3,Meta,Email,
u00912,Start > Meta > Null,0,0,1,Meta,Meta,
u00913,Start > Google Search > TikTok > Email > Email > Null,0,0,4,Google Search,Email,
u00914,Start > Google Search > Google Search > Meta > Google Search > Null,0,0,4,Google Search,Google Search,
u00915,Start > Meta > Email > Meta > Null,0,0,3,Meta,Meta,
u00916,Start > Google Search > Meta > Email > Google Search > Conversion,1,733.3,4,Google Search,Google Search,2026-01-06 13:53:00
u00917,Start > Google Search > Null,0,0,1,Google Search,Google Search,
u00918,Start > Meta > Null,0,0,1,Meta,Meta,
u00919,Start > TikTok > Null,0,0,1,TikTok,TikTok,
u00920,Start > Meta > Google Search > Google Search > Meta > Google Search > Null,0,0,5,Meta,Google Search,
u00921,Start > Google Search > Null,0,0,1,Google Search,Google Search,
u00922,Start > Meta > Google Search > Email > Email > Null,0,0,4,Meta,Email,
u00923,Start > Meta > Null,0,0,1,Meta,Meta,
u00924,Start > Meta > Google Search > TikTok > Null,0,0,3,Meta,TikTok,
u00925,Start > TikTok > TikTok > Null,0,0,2,TikTok,TikTok,
u00926,Start > Email > Null,0,0,1,Email,Email,
u00927,Start > Meta > Google Search > Null,0,0,2,Meta,Google Search,
u00928,Start > Google Search > Meta > TikTok > Conversion,1,622.4,3,Google Search,TikTok,2026-01-10 08:42:00
u00929,Start > Meta > TikTok > Null,0,0,2,Meta,TikTok,
u00930,Start > TikTok > TikTok > Null,0,0,2,TikTok,TikTok,
u00931,Start > Google Search > Google Search > TikTok > Null,0,0,3,Google Search,TikTok,
u00932,Start > Meta > Google Search > Email > TikTok > Google Search > Conversion,1,702.1,5,Meta,Google Search,2026-01-12 22:40:00
u00933,Start > Google Search > TikTok > Null,0,0,2,Google Search,TikTok,
u00934,Start > Meta > Email > Null,0,0,2,Meta,Email,
u00935,Start > Google Search > Null,0,0,1,Google Search,Google Search,
u00936,Start > TikTok > Meta > Email > Conversion,1,645.9,3,TikTok,Email,2026-03-02 13:44:00
u00937,Start > Meta > Null,0,0,1,Meta,Meta,
u00938,Start > TikTok > Meta > Null,0,0,2,TikTok,Meta,
u00939,Start > TikTok > Null,0,0,1,TikTok,TikTok,
u00940,Start > TikTok > TikTok > TikTok > Google Search > Null,0,0,4,TikTok,Google Search,
u00941,Start > Meta > Email > Email > Google Search > TikTok > Null,0,0,5,Meta,TikTok,
u00942,Start > Meta > Google Search > Google Search > Google Search > Meta > Null,0,0,5,Meta,Meta,
u00943,Start > TikTok > Google Search > Null,0,0,2,TikTok,Google Search,
u00944,Start > Meta > TikTok > Null,0,0,2,Meta,TikTok,
u00945,Start > Google Search > Meta > TikTok > Meta > Meta > Conversion,1,431.25,5,Google Search,Meta,2026-01-30 22:12:00
u00946,Start > Meta > Null,0,0,1,Meta,Meta,
u00947,Start > TikTok > Null,0,0,1,TikTok,TikTok,
u00948,Start > Google Search > Null,0,0,1,Google Search,Google Search,
u00949,Start > Meta > Meta > Meta > TikTok > Email > Conversion,1,408.1,5,Meta,Email,2026-01-05 10:13:00
u00950,Start > Meta > Email > TikTok > Meta > Null,0,0,4,Meta,Meta,
u00951,Start > Meta > TikTok > Email > Null,0,0,3,Meta,Email,
u00952,Start > Google Search > Google Search > Meta > Null,0,0,3,Google Search,Meta,
u00953,Start > Meta > Google Search > Email > Google Search > Meta > Null,0,0,5,Meta,Meta,
u00954,Start > Google Search > Email > Google Search > Conversion,1,807.2,3,Google Search,Google Search,2026-01-20 11:39:00
u00955,Start > Meta > Email > TikTok > Null,0,0,3,Meta,TikTok,
u00956,Start > TikTok > Google Search > Null,0,0,2,TikTok,Google Search,
u00957,Start > Google Search > TikTok > Google Search > Null,0,0,3,Google Search,Google Search,
u00958,Start > Meta > Null,0,0,1,Meta,Meta,
u00959,Start > TikTok > Meta > Meta > Meta > Meta > Null,0,0,5,TikTok,Meta,
u00960,Start > TikTok > Email > Meta > Google Search > Null,0,0,4,TikTok,Google Search,
u00961,Start > Meta > Email > Google Search > Null,0,0,3,Meta,Google Search,
u00962,Start > Google Search > Email > Conversion,1,356.85,2,Google Search,Email,2026-02-07 20:57:00
u00963,Start > Meta > Google Search > Meta > Null,0,0,3,Meta,Meta,
u00964,Start > TikTok > TikTok > Meta > TikTok > Meta > Null,0,0,5,TikTok,Meta,
u00965,Start > TikTok > Meta > Google Search > Email > Meta > Conversion,1,572.25,5,TikTok,Meta,2026-01-06 00:36:00
u00966,Start > Meta > Meta > Meta > Null,0,0,3,Meta,Meta,
u00967,Start > TikTok > Google Search > Null,0,0,2,TikTok,Google Search,
u00968,Start > Email > Null,0,0,1,Email,Email,
u00969,Start > Email > Null,0,0,1,Email,Email,
u00970,Start > Email > Null,0,0,1,Email,Email,
u00971,Start > TikTok > TikTok > Meta > Null,0,0,3,TikTok,Meta,
u00972,Start > Meta > Null,0,0,1,Meta,Meta,
u00973,Start > Google Search > Google Search > Meta > Null,0,0,3,Google Search,Meta,
u00974,Start > Meta > Null,0,0,1,Meta,Meta,
u00975,Start > Meta > Conversion,1,375,1,Meta,Meta,2026-01-16 10:04:00
u00976,Start > Email > Null,0,0,1,Email,Email,
u00977,Start > Meta > Google Search > Email > Google Search > Null,0,0,4,Meta,Google Search,
u00978,Start > TikTok > Null,0,0,1,TikTok,TikTok,
u00979,Start > TikTok > Google Search > Null,0,0,2,TikTok,Google Search,
u00980,Start > TikTok > Google Search > Meta > Conversion,1,454.15,3,TikTok,Meta,2026-02-27 23:51:00
u00981,Start > TikTok > Google Search > Meta > Conversion,1,331,3,TikTok,Meta,2026-02-05 10:44:00
u00982,Start > Meta > Google Search > Meta > Null,0,0,3,Meta,Meta,
u00983,Start > Google Search > Conversion,1,923.3,1,Google Search,Google Search,2026-02-11 12:32:00
u00984,Start > TikTok > Email > Null,0,0,2,TikTok,Email,
u00985,Start > TikTok > Google Search > Null,0,0,2,TikTok,Google Search,
u00986,Start > TikTok > Meta > TikTok > Null,0,0,3,TikTok,TikTok,
u00987,Start > Meta > Meta > TikTok > Conversion,1,726.4,3,Meta,TikTok,2026-01-20 21:36:00
u00988,Start > TikTok > Email > TikTok > Null,0,0,3,TikTok,TikTok,
u00989,Start > TikTok > Google Search > TikTok > Conversion,1,745,3,TikTok,TikTok,2026-03-01 10:06:00
u00990,Start > Google Search > Google Search > Google Search > Meta > Conversion,1,543,4,Google Search,Meta,2026-01-24 02:17:00
u00991,Start > Google Search > Email > Conversion,1,418.05,2,Google Search,Email,2026-02-10 06:48:00
u00992,Start > Meta > Meta > Email > Null,0,0,3,Meta,Email,
u00993,Start > Meta > Meta > Meta > Null,0,0,3,Meta,Meta,
u00994,Start > Google Search > TikTok > Google Search > TikTok > Null,0,0,4,Google Search,TikTok,
u00995,Start > TikTok > Google Search > Meta > Conversion,1,643.2,3,TikTok,Meta,2026-01-19 21:01:00
u00996,Start > TikTok > TikTok > Null,0,0,2,TikTok,TikTok,
u00997,Start > Meta > Google Search > Email > Google Search > Meta > Null,0,0,5,Meta,Meta,
u00998,Start > TikTok > Meta > Meta > Meta > Email > Null,0,0,5,TikTok,Email,
u00999,Start > TikTok > Email > TikTok > Meta > Google Search > Null,0,0,5,TikTok,Google Search,
u01000,Start > Meta > Google Search > Google Search > Email > TikTok > Conversion,1,598.9,5,Meta,TikTok,2026-01-23 18:40:00
u01001,Start > TikTok > Email > Meta > Null,0,0,3,TikTok,Meta,
u01002,Start > Google Search > Meta > Google Search > Null,0,0,3,Google Search,Google Search,
u01003,Start > Google Search > Meta > TikTok > Google Search > Conversion,1,537.75,4,Google Search,Google Search,2026-01-07 06:02:00
u01004,Start > Meta > TikTok > Null,0,0,2,Meta,TikTok,
u01005,Start > Meta > Google Search > TikTok > Conversion,1,416.5,3,Meta,TikTok,2026-03-02 21:58:00
u01006,Start > TikTok > Google Search > Email > Conversion,1,324,3,TikTok,Email,2026-02-16 00:55:00
u01007,Start > Meta > Null,0,0,1,Meta,Meta,
u01008,Start > Meta > Null,0,0,1,Meta,Meta,
u01009,Start > TikTok > Google Search > Google Search > Conversion,1,617.6,3,TikTok,Google Search,2026-01-17 13:41:00
u01010,Start > TikTok > TikTok > Google Search > Conversion,1,525.9,3,TikTok,Google Search,2026-02-05 23:07:00
u01011,Start > Google Search > TikTok > Meta > Conversion,1,695.55,3,Google Search,Meta,2026-01-27 22:28:00
u01012,Start > Email > Null,0,0,1,Email,Email,
u01013,Start > Meta > Meta > Email > Google Search > Google Search > Conversion,1,692.8,5,Meta,Google Search,2026-01-25 10:33:00
u01014,Start > Google Search > Null,0,0,1,Google Search,Google Search,
u01015,Start > Meta > Conversion,1,300.85,1,Meta,Meta,2026-02-04 00:24:00
u01016,Start > Meta > Null,0,0,1,Meta,Meta,
u01017,Start > Meta > TikTok > Null,0,0,2,Meta,TikTok,
u01018,Start > Google Search > Google Search > Null,0,0,2,Google Search,Google Search,
u01019,Start > TikTok > Meta > TikTok > Google Search > Meta > Null,0,0,5,TikTok,Meta,
u01020,Start > Meta > TikTok > Meta > Null,0,0,3,Meta,Meta,
u01021,Start > Google Search > Null,0,0,1,Google Search,Google Search,
u01022,Start > TikTok > Email > Meta > Null,0,0,3,TikTok,Meta,
u01023,Start > TikTok > Email > Null,0,0,2,TikTok,Email,
u01024,Start > Meta > Google Search > Null,0,0,2,Meta,Google Search,
u01025,Start > Meta > Meta > Null,0,0,2,Meta,Meta,
u01026,Start > Google Search > Null,0,0,1,Google Search,Google Search,
u01027,Start > Meta > Google Search > Conversion,1,647.25,2,Meta,Google Search,2026-02-13 02:40:00
u01028,Start > TikTok > Meta > Email > TikTok > Null,0,0,4,TikTok,TikTok,
u01029,Start > TikTok > Google Search > Meta > Null,0,0,3,TikTok,Meta,
u01030,Start > Email > Null,0,0,1,Email,Email,
u01031,Start > Google Search > Email > Google Search > Null,0,0,3,Google Search,Google Search,
u01032,Start > TikTok > Google Search > Conversion,1,621.45,2,TikTok,Google Search,2026-01-11 01:06:00
u01033,Start > TikTok > Email > Meta > Google Search > TikTok > Conversion,1,710.3,5,TikTok,TikTok,2026-03-03 21:52:00
u01034,Start > Meta > Google Search > Null,0,0,2,Meta,Google Search,
u01035,Start > Google Search > Null,0,0,1,Google Search,Google Search,
u01036,Start > Meta > Email > Google Search > Null,0,0,3,Meta,Google Search,
u01037,Start > Meta > Meta > Null,0,0,2,Meta,Meta,
u01038,Start > TikTok > Meta > TikTok > Meta > Null,0,0,4,TikTok,Meta,
u01039,Start > Google Search > TikTok > Null,0,0,2,Google Search,TikTok,
u01040,Start > Google Search > Meta > TikTok > Meta > Meta > Conversion,1,624.85,5,Google Search,Meta,2026-02-26 17:48:00
u01041,Start > Meta > Null,0,0,1,Meta,Meta,
u01042,Start > Google Search > Null,0,0,1,Google Search,Google Search,
u01043,Start > Google Search > TikTok > Null,0,0,2,Google Search,TikTok,
u01044,Start > Google Search > Google Search > Null,0,0,2,Google Search,Google Search,
u01045,Start > TikTok > Google Search > Email > Google Search > Null,0,0,4,TikTok,Google Search,
u01046,Start > Meta > Google Search > Email > Null,0,0,3,Meta,Email,
u01047,Start > TikTok > Null,0,0,1,TikTok,TikTok,
u01048,Start > Meta > TikTok > Meta > Null,0,0,3,Meta,Meta,
u01049,Start > Google Search > Google Search > Google Search > Null,0,0,3,Google Search,Google Search,
u01050,Start > Meta > Google Search > Google Search > Google Search > Conversion,1,510.65,4,Meta,Google Search,2026-02-08 11:15:00
u01051,Start > Google Search > Google Search > Email > Null,0,0,3,Google Search,Email,
u01052,Start > TikTok > Google Search > Meta > Google Search > Google Search > Conversion,1,888.6,5,TikTok,Google Search,2026-02-22 12:32:00
u01053,Start > Meta > Google Search > Google Search > Email > Meta > Conversion,1,553.85,5,Meta,Meta,2026-01-24 08:58:00
u01054,Start > Google Search > TikTok > Null,0,0,2,Google Search,TikTok,
u01055,Start > Google Search > Meta > Conversion,1,308.65,2,Google Search,Meta,2026-02-04 01:16:00
u01056,Start > TikTok > Google Search > Null,0,0,2,TikTok,Google Search,
u01057,Start > TikTok > Google Search > Google Search > Google Search > Meta > Null,0,0,5,TikTok,Meta,
u01058,Start > TikTok > Meta > Google Search > Conversion,1,768.45,3,TikTok,Google Search,2026-02-08 20:20:00
u01059,Start > TikTok > Google Search > Null,0,0,2,TikTok,Google Search,
u01060,Start > TikTok > TikTok > Google Search > Google Search > Null,0,0,4,TikTok,Google Search,
u01061,Start > Meta > TikTok > Meta > Null,0,0,3,Meta,Meta,
u01062,Start > Meta > TikTok > Meta > Null,0,0,3,Meta,Meta,
u01063,Start > Google Search > Meta > Conversion,1,323.95,2,Google Search,Meta,2026-01-24 19:14:00
u01064,Start > TikTok > Google Search > TikTok > Null,0,0,3,TikTok,TikTok,
u01065,Start > TikTok > Null,0,0,1,TikTok,TikTok,
u01066,Start > Google Search > Null,0,0,1,Google Search,Google Search,
u01067,Start > TikTok > Email > Null,0,0,2,TikTok,Email,
u01068,Start > Meta > Google Search > Meta > Google Search > Google Search > Null,0,0,5,Meta,Google Search,
u01069,Start > TikTok > Meta > TikTok > Conversion,1,515.45,3,TikTok,TikTok,2026-02-27 05:18:00
u01070,Start > Meta > Meta > TikTok > Meta > TikTok > Conversion,1,679.55,5,Meta,TikTok,2026-02-02 10:33:00
u01071,Start > TikTok > Null,0,0,1,TikTok,TikTok,
u01072,Start > Google Search > Null,0,0,1,Google Search,Google Search,
u01073,Start > Meta > Email > TikTok > Conversion,1,587.5,3,Meta,TikTok,2026-01-07 21:18:00
u01074,Start > Meta > TikTok > Meta > Meta > Conversion,1,586.55,4,Meta,Meta,2026-02-09 08:12:00
u01075,Start > TikTok > Email > Email > Null,0,0,3,TikTok,Email,
u01076,Start > Google Search > Null,0,0,1,Google Search,Google Search,
u01077,Start > TikTok > TikTok > Google Search > Null,0,0,3,TikTok,Google Search,
u01078,Start > Google Search > Meta > Null,0,0,2,Google Search,Meta,
u01079,Start > Meta > TikTok > TikTok > TikTok > Meta > Null,0,0,5,Meta,Meta,
u01080,Start > TikTok > Null,0,0,1,TikTok,TikTok,
u01081,Start > Google Search > Meta > TikTok > Google Search > Null,0,0,4,Google Search,Google Search,
u01082,Start > Google Search > Meta > Meta > Conversion,1,590.15,3,Google Search,Meta,2026-03-03 01:17:00
u01083,Start > TikTok > Google Search > Null,0,0,2,TikTok,Google Search,
u01084,Start > Meta > Meta > Null,0,0,2,Meta,Meta,
u01085,Start > TikTok > Google Search > Null,0,0,2,TikTok,Google Search,
u01086,Start > Meta > Meta > Meta > TikTok > Conversion,1,472.9,4,Meta,TikTok,2026-02-01 14:27:00
u01087,Start > Meta > Null,0,0,1,Meta,Meta,
u01088,Start > Meta > Null,0,0,1,Meta,Meta,
u01089,Start > TikTok > TikTok > TikTok > Null,0,0,3,TikTok,TikTok,
u01090,Start > Meta > Meta > Null,0,0,2,Meta,Meta,
u01091,Start > TikTok > Google Search > Email > Null,0,0,3,TikTok,Email,
u01092,Start > Meta > Email > TikTok > Null,0,0,3,Meta,TikTok,
u01093,Start > Meta > Email > TikTok > Email > Null,0,0,4,Meta,Email,
u01094,Start > TikTok > TikTok > Null,0,0,2,TikTok,TikTok,
u01095,Start > TikTok > Null,0,0,1,TikTok,TikTok,
u01096,Start > TikTok > Meta > Google Search > Null,0,0,3,TikTok,Google Search,
u01097,Start > Google Search > Null,0,0,1,Google Search,Google Search,
u01098,Start > Meta > Meta > Google Search > Null,0,0,3,Meta,Google Search,
u01099,Start > Google Search > TikTok > Meta > Null,0,0,3,Google Search,Meta,
u01100,Start > TikTok > Meta > TikTok > Conversion,1,441.45,3,TikTok,TikTok,2026-01-22 03:10:00
u01101,Start > TikTok > Google Search > Null,0,0,2,TikTok,Google Search,
u01102,Start > TikTok > Null,0,0,1,TikTok,TikTok,
u01103,Start > Google Search > TikTok > Meta > Google Search > Conversion,1,527.4,4,Google Search,Google Search,2026-02-08 12:37:00
u01104,Start > TikTok > Meta > Meta > Null,0,0,3,TikTok,Meta,
u01105,Start > Meta > Meta > Null,0,0,2,Meta,Meta,
u01106,Start > Google Search > Meta > Meta > Meta > Conversion,1,354.45,4,Google Search,Meta,2026-03-02 17:48:00
u01107,Start > TikTok > Google Search > Conversion,1,714.5,2,TikTok,Google Search,2026-02-15 09:03:00
u01108,Start > TikTok > Meta > Email > Null,0,0,3,TikTok,Email,
u01109,Start > Google Search > Meta > Email > Null,0,0,3,Google Search,Email,
u01110,Start > Meta > Email > TikTok > Google Search > Conversion,1,893.5,4,Meta,Google Search,2026-01-21 22:18:00
u01111,Start > TikTok > Meta > Null,0,0,2,TikTok,Meta,
u01112,Start > Google Search > Null,0,0,1,Google Search,Google Search,
u01113,Start > TikTok > Google Search > TikTok > Null,0,0,3,TikTok,TikTok,
u01114,Start > Google Search > Null,0,0,1,Google Search,Google Search,
u01115,Start > TikTok > Google Search > Null,0,0,2,TikTok,Google Search,
u01116,Start > TikTok > Meta > TikTok > Null,0,0,3,TikTok,TikTok,
u01117,Start > TikTok > Meta > Conversion,1,481.05,2,TikTok,Meta,2026-02-26 07:33:00
u01118,Start > TikTok > Google Search > Null,0,0,2,TikTok,Google Search,
u01119,Start > Google Search > Google Search > Email > Email > Conversion,1,591.4,4,Google Search,Email,2026-01-06 06:41:00
u01120,Start > TikTok > Google Search > Google Search > TikTok > Email > Null,0,0,5,TikTok,Email,
u01121,Start > TikTok > Email > TikTok > Google Search > Null,0,0,4,TikTok,Google Search,
u01122,Start > TikTok > TikTok > TikTok > Meta > Null,0,0,4,TikTok,Meta,
u01123,Start > Meta > Email > Meta > Meta > Google Search > Conversion,1,769.9,5,Meta,Google Search,2026-01-29 03:01:00
u01124,Start > Meta > Google Search > Google Search > Meta > Null,0,0,4,Meta,Meta,
u01125,Start > TikTok > Meta > Null,0,0,2,TikTok,Meta,
u01126,Start > Meta > Null,0,0,1,Meta,Meta,
u01127,Start > TikTok > Google Search > Google Search > Null,0,0,3,TikTok,Google Search,
u01128,Start > TikTok > Google Search > TikTok > Email > Conversion,1,359.4,4,TikTok,Email,2026-02-20 06:19:00
u01129,Start > TikTok > Null,0,0,1,TikTok,TikTok,
u01130,Start > Google Search > Meta > Null,0,0,2,Google Search,Meta,
u01131,Start > Meta > TikTok > Google Search > Meta > Conversion,1,344.35,4,Meta,Meta,2026-01-08 07:42:00
u01132,Start > TikTok > Null,0,0,1,TikTok,TikTok,
u01133,Start > TikTok > Meta > Conversion,1,337.25,2,TikTok,Meta,2026-01-14 00:45:00
u01134,Start > Meta > Null,0,0,1,Meta,Meta,
u01135,Start > TikTok > Email > Null,0,0,2,TikTok,Email,
u01136,Start > Meta > Null,0,0,1,Meta,Meta,
u01137,Start > TikTok > Null,0,0,1,TikTok,TikTok,
u01138,Start > TikTok > TikTok > Null,0,0,2,TikTok,TikTok,
u01139,Start > Meta > Meta > Null,0,0,2,Meta,Meta,
u01140,Start > Meta > Email > TikTok > Meta > Conversion,1,482.25,4,Meta,Meta,2026-02-06 15:56:00
u01141,Start > TikTok > Meta > Null,0,0,2,TikTok,Meta,
u01142,Start > TikTok > Google Search > Email > TikTok > Meta > Null,0,0,5,TikTok,Meta,
u01143,Start > Google Search > Null,0,0,1,Google Search,Google Search,
u01144,Start > Google Search > Meta > Null,0,0,2,Google Search,Meta,
u01145,Start > Meta > Meta > Meta > Null,0,0,3,Meta,Meta,
u01146,Start > Google Search > Meta > Conversion,1,606,2,Google Search,Meta,2026-01-06 15:08:00
u01147,Start > TikTok > Meta > TikTok > Conversion,1,413.9,3,TikTok,TikTok,2026-02-27 21:26:00
u01148,Start > Google Search > TikTok > Null,0,0,2,Google Search,TikTok,
u01149,Start > Google Search > Null,0,0,1,Google Search,Google Search,
u01150,Start > TikTok > Meta > Google Search > Null,0,0,3,TikTok,Google Search,
u01151,Start > Meta > Google Search > TikTok > Conversion,1,458.45,3,Meta,TikTok,2026-01-18 03:30:00
u01152,Start > Meta > Email > TikTok > Null,0,0,3,Meta,TikTok,
u01153,Start > TikTok > Meta > Conversion,1,360.1,2,TikTok,Meta,2026-01-06 09:03:00
u01154,Start > Meta > Google Search > Google Search > Null,0,0,3,Meta,Google Search,
u01155,Start > Meta > TikTok > Null,0,0,2,Meta,TikTok,
u01156,Start > Meta > Google Search > Null,0,0,2,Meta,Google Search,
u01157,Start > Meta > TikTok > TikTok > Google Search > Conversion,1,675.65,4,Meta,Google Search,2026-01-26 11:14:00
u01158,Start > TikTok > Email > Meta > Meta > Conversion,1,649.5,4,TikTok,Meta,2026-02-13 12:18:00
u01159,Start > Meta > Meta > Null,0,0,2,Meta,Meta,
u01160,Start > Meta > Email > Null,0,0,2,Meta,Email,
u01161,Start > TikTok > Email > Google Search > Conversion,1,907.4,3,TikTok,Google Search,2026-01-20 09:44:00
u01162,Start > Google Search > Meta > Meta > Null,0,0,3,Google Search,Meta,
u01163,Start > TikTok > Google Search > TikTok > Null,0,0,3,TikTok,TikTok,
u01164,Start > TikTok > Meta > Null,0,0,2,TikTok,Meta,
u01165,Start > Meta > Google Search > Meta > Conversion,1,528.1,3,Meta,Meta,2026-01-06 00:46:00
u01166,Start > Email > Null,0,0,1,Email,Email,
u01167,Start > TikTok > Google Search > TikTok > Email > Null,0,0,4,TikTok,Email,
u01168,Start > TikTok > TikTok > Null,0,0,2,TikTok,TikTok,
u01169,Start > Meta > Google Search > Conversion,1,692.15,2,Meta,Google Search,2026-01-25 08:33:00
u01170,Start > Google Search > Email > Meta > Null,0,0,3,Google Search,Meta,
u01171,Start > Meta > Google Search > Google Search > Email > Null,0,0,4,Meta,Email,
u01172,Start > TikTok > Google Search > TikTok > Null,0,0,3,TikTok,TikTok,
u01173,Start > Google Search > Google Search > Meta > Meta > Null,0,0,4,Google Search,Meta,
u01174,Start > Meta > Google Search > TikTok > Meta > Meta > Conversion,1,321.35,5,Meta,Meta,2026-02-10 16:58:00
u01175,Start > Meta > Email > TikTok > TikTok > Email > Null,0,0,5,Meta,Email,
u01176,Start > Google Search > Conversion,1,562.95,1,Google Search,Google Search,2026-01-13 15:18:00
u01177,Start > TikTok > Meta > Null,0,0,2,TikTok,Meta,
u01178,Start > Google Search > Null,0,0,1,Google Search,Google Search,
u01179,Start > Meta > Google Search > Null,0,0,2,Meta,Google Search,
u01180,Start > TikTok > Meta > Null,0,0,2,TikTok,Meta,
u01181,Start > TikTok > Google Search > Meta > TikTok > Null,0,0,4,TikTok,TikTok,
u01182,Start > Meta > TikTok > Conversion,1,736.8,2,Meta,TikTok,2026-02-20 05:02:00
u01183,Start > Google Search > Email > Null,0,0,2,Google Search,Email,
u01184,Start > Meta > Google Search > Meta > Null,0,0,3,Meta,Meta,
u01185,Start > TikTok > Google Search > Conversion,1,660.8,2,TikTok,Google Search,2026-01-23 03:35:00
u01186,Start > TikTok > Meta > TikTok > Meta > Conversion,1,398.1,4,TikTok,Meta,2026-01-11 16:10:00
u01187,Start > Meta > Null,0,0,1,Meta,Meta,
u01188,Start > Meta > Google Search > Null,0,0,2,Meta,Google Search,
u01189,Start > TikTok > Null,0,0,1,TikTok,TikTok,
u01190,Start > TikTok > TikTok > TikTok > Null,0,0,3,TikTok,TikTok,
u01191,Start > Google Search > Null,0,0,1,Google Search,Google Search,
u01192,Start > TikTok > Google Search > Conversion,1,669.65,2,TikTok,Google Search,2026-02-27 10:55:00
u01193,Start > Meta > Meta > Null,0,0,2,Meta,Meta,
u01194,Start > Meta > Meta > TikTok > Meta > Null,0,0,4,Meta,Meta,
u01195,Start > Google Search > Null,0,0,1,Google Search,Google Search,
u01196,Start > TikTok > Google Search > Google Search > Email > Null,0,0,4,TikTok,Email,
u01197,Start > TikTok > Google Search > Null,0,0,2,TikTok,Google Search,
u01198,Start > Google Search > Null,0,0,1,Google Search,Google Search,
u01199,Start > Google Search > Meta > TikTok > Google Search > TikTok > Null,0,0,5,Google Search,TikTok,
u01200,Start > Google Search > Google Search > Null,0,0,2,Google Search,Google Search,
u01201,Start > Google Search > Google Search > Null,0,0,2,Google Search,Google Search,
u01202,Start > Google Search > TikTok > Email > TikTok > Null,0,0,4,Google Search,TikTok,
u01203,Start > Meta > Meta > Google Search > Google Search > Null,0,0,4,Meta,Google Search,
u01204,Start > Google Search > Null,0,0,1,Google Search,Google Search,
u01205,Start > TikTok > Google Search > Meta > Meta > Meta > Conversion,1,660.35,5,TikTok,Meta,2026-02-12 10:33:00
u01206,Start > Google Search > Email > Null,0,0,2,Google Search,Email,
u01207,Start > Meta > Google Search > Null,0,0,2,Meta,Google Search,
u01208,Start > TikTok > Meta > Null,0,0,2,TikTok,Meta,
u01209,Start > TikTok > Conversion,1,716.5,1,TikTok,TikTok,2026-02-23 21:30:00
u01210,Start > Meta > Meta > Google Search > Conversion,1,872.3,3,Meta,Google Search,2026-01-16 06:19:00
u01211,Start > Meta > TikTok > Meta > Google Search > Meta > Conversion,1,367.45,5,Meta,Meta,2026-02-27 23:03:00
u01212,Start > TikTok > TikTok > TikTok > Email > Null,0,0,4,TikTok,Email,
u01213,Start > TikTok > Meta > Meta > Meta > Meta > Null,0,0,5,TikTok,Meta,
u01214,Start > TikTok > Google Search > Meta > Null,0,0,3,TikTok,Meta,
u01215,Start > Meta > TikTok > Meta > TikTok > Google Search > Null,0,0,5,Meta,Google Search,
u01216,Start > Google Search > Null,0,0,1,Google Search,Google Search,
u01217,Start > Google Search > Google Search > Google Search > TikTok > Null,0,0,4,Google Search,TikTok,
u01218,Start > TikTok > Meta > Google Search > Null,0,0,3,TikTok,Google Search,
u01219,Start > Meta > TikTok > Email > Null,0,0,3,Meta,Email,
u01220,Start > TikTok > Google Search > TikTok > Meta > Null,0,0,4,TikTok,Meta,
u01221,Start > Google Search > Conversion,1,814.8,1,Google Search,Google Search,2026-02-10 22:08:00
u01222,Start > Google Search > Meta > Null,0,0,2,Google Search,Meta,
u01223,Start > TikTok > Null,0,0,1,TikTok,TikTok,
u01224,Start > Meta > TikTok > Null,0,0,2,Meta,TikTok,
u01225,Start > TikTok > Google Search > Meta > Email > Meta > Conversion,1,642.5,5,TikTok,Meta,2026-01-18 02:53:00
u01226,Start > Meta > Meta > Google Search > Meta > TikTok > Conversion,1,415.45,5,Meta,TikTok,2026-01-11 03:17:00
u01227,Start > Google Search > Meta > Null,0,0,2,Google Search,Meta,
u01228,Start > TikTok > TikTok > Null,0,0,2,TikTok,TikTok,
u01229,Start > Google Search > Email > Conversion,1,359.4,2,Google Search,Email,2026-01-08 12:52:00
u01230,Start > Google Search > TikTok > Meta > Null,0,0,3,Google Search,Meta,
u01231,Start > Meta > Meta > Google Search > Conversion,1,570.25,3,Meta,Google Search,2026-03-04 23:16:00
u01232,Start > TikTok > Google Search > TikTok > Google Search > Null,0,0,4,TikTok,Google Search,
u01233,Start > TikTok > TikTok > Null,0,0,2,TikTok,TikTok,
u01234,Start > TikTok > TikTok > Null,0,0,2,TikTok,TikTok,
u01235,Start > TikTok > TikTok > Google Search > TikTok > Null,0,0,4,TikTok,TikTok,
u01236,Start > TikTok > Google Search > Email > Conversion,1,562.65,3,TikTok,Email,2026-02-07 11:50:00
u01237,Start > TikTok > TikTok > Google Search > Meta > Null,0,0,4,TikTok,Meta,
u01238,Start > Google Search > Meta > Null,0,0,2,Google Search,Meta,
u01239,Start > TikTok > Meta > Meta > Null,0,0,3,TikTok,Meta,
u01240,Start > Meta > Conversion,1,576.55,1,Meta,Meta,2026-01-14 04:31:00
u01241,Start > TikTok > Google Search > TikTok > Google Search > Conversion,1,876.45,4,TikTok,Google Search,2026-02-15 17:15:00
u01242,Start > Meta > TikTok > TikTok > Meta > Conversion,1,451.55,4,Meta,Meta,2026-01-06 02:41:00
u01243,Start > TikTok > Email > Google Search > Conversion,1,546.65,3,TikTok,Google Search,2026-01-15 10:23:00
u01244,Start > TikTok > Google Search > Google Search > Meta > Email > Null,0,0,5,TikTok,Email,
u01245,Start > Meta > TikTok > Null,0,0,2,Meta,TikTok,
u01246,Start > TikTok > Google Search > Meta > Meta > TikTok > Conversion,1,533.05,5,TikTok,TikTok,2026-01-24 04:48:00
u01247,Start > TikTok > TikTok > Google Search > Meta > Meta > Null,0,0,5,TikTok,Meta,
u01248,Start > Meta > TikTok > TikTok > Null,0,0,3,Meta,TikTok,
u01249,Start > Meta > TikTok > Email > Null,0,0,3,Meta,Email,
u01250,Start > Google Search > Google Search > Null,0,0,2,Google Search,Google Search,
u01251,Start > TikTok > Meta > Meta > Null,0,0,3,TikTok,Meta,
u01252,Start > TikTok > Google Search > Google Search > TikTok > Null,0,0,4,TikTok,TikTok,
u01253,Start > Meta > TikTok > TikTok > Meta > Null,0,0,4,Meta,Meta,
u01254,Start > Google Search > Google Search > TikTok > Google Search > TikTok > Conversion,1,567.4,5,Google Search,TikTok,2026-03-04 16:53:00
u01255,Start > Google Search > Conversion,1,790.9,1,Google Search,Google Search,2026-01-22 23:14:00
u01256,Start > TikTok > Email > Google Search > Google Search > Conversion,1,664.35,4,TikTok,Google Search,2026-01-23 07:48:00
u01257,Start > Google Search > Null,0,0,1,Google Search,Google Search,
u01258,Start > TikTok > Conversion,1,514.4,1,TikTok,TikTok,2026-01-18 18:27:00
u01259,Start > Google Search > Meta > Email > Conversion,1,531.9,3,Google Search,Email,2026-01-29 09:19:00
u01260,Start > TikTok > Google Search > Null,0,0,2,TikTok,Google Search,
u01261,Start > TikTok > TikTok > Email > Meta > Null,0,0,4,TikTok,Meta,
u01262,Start > Google Search > Email > Meta > Null,0,0,3,Google Search,Meta,
u01263,Start > TikTok > Meta > Conversion,1,413.55,2,TikTok,Meta,2026-02-07 00:13:00
u01264,Start > Email > Null,0,0,1,Email,Email,
u01265,Start > Google Search > TikTok > Conversion,1,402.5,2,Google Search,TikTok,2026-02-11 07:55:00
u01266,Start > Meta > Email > Google Search > Conversion,1,488.6,3,Meta,Google Search,2026-01-22 09:08:00
u01267,Start > TikTok > Google Search > Meta > Google Search > Null,0,0,4,TikTok,Google Search,
u01268,Start > Meta > TikTok > Google Search > Google Search > Null,0,0,4,Meta,Google Search,
u01269,Start > Meta > Meta > Google Search > Google Search > Null,0,0,4,Meta,Google Search,
u01270,Start > TikTok > Null,0,0,1,TikTok,TikTok,
u01271,Start > TikTok > Google Search > Google Search > Conversion,1,821.95,3,TikTok,Google Search,2026-01-19 04:55:00
u01272,Start > TikTok > Conversion,1,726.9,1,TikTok,TikTok,2026-01-16 12:55:00
u01273,Start > Meta > Google Search > Null,0,0,2,Meta,Google Search,
u01274,Start > Meta > Google Search > Null,0,0,2,Meta,Google Search,
u01275,Start > TikTok > Meta > TikTok > Email > Google Search > Conversion,1,859.7,5,TikTok,Google Search,2026-01-06 18:58:00
u01276,Start > TikTok > Null,0,0,1,TikTok,TikTok,
u01277,Start > TikTok > Null,0,0,1,TikTok,TikTok,
u01278,Start > TikTok > Google Search > Meta > Conversion,1,479.8,3,TikTok,Meta,2026-01-06 15:30:00
u01279,Start > Meta > Email > TikTok > TikTok > Null,0,0,4,Meta,TikTok,
u01280,Start > TikTok > Meta > Conversion,1,580.1,2,TikTok,Meta,2026-02-13 15:06:00
u01281,Start > Meta > Google Search > TikTok > Conversion,1,410.45,3,Meta,TikTok,2026-02-09 08:10:00
u01282,Start > Email > Null,0,0,1,Email,Email,
u01283,Start > Google Search > Null,0,0,1,Google Search,Google Search,
u01284,Start > Meta > Google Search > Email > Google Search > Conversion,1,621.25,4,Meta,Google Search,2026-02-23 00:04:00
u01285,Start > TikTok > TikTok > Meta > Null,0,0,3,TikTok,Meta,
u01286,Start > TikTok > Google Search > TikTok > Email > Meta > Conversion,1,467.5,5,TikTok,Meta,2026-01-17 00:01:00
u01287,Start > Google Search > Conversion,1,748.65,1,Google Search,Google Search,2026-03-03 15:54:00
u01288,Start > Meta > Meta > Null,0,0,2,Meta,Meta,
u01289,Start > Meta > Google Search > Null,0,0,2,Meta,Google Search,
u01290,Start > Meta > TikTok > TikTok > Null,0,0,3,Meta,TikTok,
u01291,Start > Meta > Meta > Null,0,0,2,Meta,Meta,
u01292,Start > Google Search > TikTok > Email > TikTok > Null,0,0,4,Google Search,TikTok,
u01293,Start > TikTok > Conversion,1,716.4,1,TikTok,TikTok,2026-02-18 15:16:00
u01294,Start > Meta > Google Search > Conversion,1,504.15,2,Meta,Google Search,2026-02-06 23:10:00
u01295,Start > Google Search > Google Search > Null,0,0,2,Google Search,Google Search,
u01296,Start > TikTok > Null,0,0,1,TikTok,TikTok,
u01297,Start > Meta > Meta > Google Search > Null,0,0,3,Meta,Google Search,
u01298,Start > TikTok > Email > Conversion,1,530.7,2,TikTok,Email,2026-02-25 23:28:00
u01299,Start > TikTok > Google Search > Email > TikTok > Google Search > Null,0,0,5,TikTok,Google Search,
u01300,Start > TikTok > Meta > Null,0,0,2,TikTok,Meta,
u01301,Start > Meta > TikTok > Null,0,0,2,Meta,TikTok,
u01302,Start > Google Search > Meta > Null,0,0,2,Google Search,Meta,
u01303,Start > Google Search > Meta > Email > Conversion,1,567.35,3,Google Search,Email,2026-01-24 17:22:00
u01304,Start > Email > Null,0,0,1,Email,Email,
u01305,Start > Meta > Conversion,1,418.1,1,Meta,Meta,2026-01-02 12:53:00
u01306,Start > Meta > Google Search > Null,0,0,2,Meta,Google Search,
u01307,Start > TikTok > Meta > Google Search > Null,0,0,3,TikTok,Google Search,
u01308,Start > TikTok > Google Search > Google Search > Null,0,0,3,TikTok,Google Search,
u01309,Start > Meta > Null,0,0,1,Meta,Meta,
u01310,Start > TikTok > TikTok > Meta > TikTok > Null,0,0,4,TikTok,TikTok,
u01311,Start > TikTok > Meta > Null,0,0,2,TikTok,Meta,
u01312,Start > Google Search > Null,0,0,1,Google Search,Google Search,
u01313,Start > Google Search > Null,0,0,1,Google Search,Google Search,
u01314,Start > Meta > Null,0,0,1,Meta,Meta,
u01315,Start > TikTok > Google Search > Google Search > Email > Null,0,0,4,TikTok,Email,
u01316,Start > TikTok > Null,0,0,1,TikTok,TikTok,
u01317,Start > Google Search > Google Search > Null,0,0,2,Google Search,Google Search,
u01318,Start > Meta > Google Search > Null,0,0,2,Meta,Google Search,
u01319,Start > Google Search > Email > Email > TikTok > Null,0,0,4,Google Search,TikTok,
u01320,Start > Meta > Google Search > Null,0,0,2,Meta,Google Search,
u01321,Start > Google Search > Google Search > Null,0,0,2,Google Search,Google Search,
u01322,Start > Meta > Meta > Google Search > Conversion,1,725.15,3,Meta,Google Search,2026-03-01 04:29:00
u01323,Start > TikTok > Meta > Conversion,1,519.6,2,TikTok,Meta,2026-01-21 19:37:00
u01324,Start > TikTok > Conversion,1,543.15,1,TikTok,TikTok,2026-01-26 23:54:00
u01325,Start > Google Search > Email > Meta > TikTok > Meta > Conversion,1,550.6,5,Google Search,Meta,2026-01-09 03:59:00
u01326,Start > Google Search > Null,0,0,1,Google Search,Google Search,
u01327,Start > TikTok > Google Search > Google Search > TikTok > Conversion,1,634.25,4,TikTok,TikTok,2026-01-21 23:15:00
u01328,Start > TikTok > Email > Null,0,0,2,TikTok,Email,
u01329,Start > Meta > Email > Meta > Google Search > Meta > Null,0,0,5,Meta,Meta,
u01330,Start > TikTok > Meta > Meta > TikTok > Meta > Null,0,0,5,TikTok,Meta,
u01331,Start > Meta > Email > TikTok > TikTok > Google Search > Conversion,1,520.95,5,Meta,Google Search,2026-01-21 22:44:00
u01332,Start > Meta > Google Search > Conversion,1,946.25,2,Meta,Google Search,2026-02-11 16:29:00
u01333,Start > TikTok > TikTok > Null,0,0,2,TikTok,TikTok,
u01334,Start > TikTok > TikTok > Google Search > Null,0,0,3,TikTok,Google Search,
u01335,Start > TikTok > TikTok > Null,0,0,2,TikTok,TikTok,
u01336,Start > Google Search > Null,0,0,1,Google Search,Google Search,
u01337,Start > TikTok > Null,0,0,1,TikTok,TikTok,
u01338,Start > Meta > Null,0,0,1,Meta,Meta,
u01339,Start > TikTok > Meta > TikTok > Email > Null,0,0,4,TikTok,Email,
u01340,Start > Meta > Google Search > Meta > Null,0,0,3,Meta,Meta,
u01341,Start > Meta > Google Search > TikTok > Meta > Google Search > Null,0,0,5,Meta,Google Search,
u01342,Start > TikTok > Meta > Meta > Google Search > Conversion,1,513.25,4,TikTok,Google Search,2026-01-18 00:59:00
u01343,Start > Meta > Google Search > TikTok > Google Search > Null,0,0,4,Meta,Google Search,
u01344,Start > Meta > Meta > Meta > Null,0,0,3,Meta,Meta,
u01345,Start > Meta > Google Search > Null,0,0,2,Meta,Google Search,
u01346,Start > Meta > Google Search > Conversion,1,844.4,2,Meta,Google Search,2026-02-13 12:41:00
u01347,Start > TikTok > TikTok > TikTok > Null,0,0,3,TikTok,TikTok,
u01348,Start > TikTok > Google Search > Email > Null,0,0,3,TikTok,Email,
u01349,Start > Google Search > Null,0,0,1,Google Search,Google Search,
u01350,Start > Google Search > Conversion,1,584.5,1,Google Search,Google Search,2026-01-03 22:53:00
u01351,Start > Meta > TikTok > TikTok > Conversion,1,508.15,3,Meta,TikTok,2026-02-23 06:41:00
u01352,Start > Meta > Conversion,1,466.1,1,Meta,Meta,2026-02-24 13:38:00
u01353,Start > TikTok > Meta > Null,0,0,2,TikTok,Meta,
u01354,Start > TikTok > Google Search > Google Search > Null,0,0,3,TikTok,Google Search,
u01355,Start > Meta > TikTok > Google Search > Meta > Conversion,1,493.2,4,Meta,Meta,2026-02-25 14:18:00
u01356,Start > TikTok > TikTok > Meta > Meta > Null,0,0,4,TikTok,Meta,
u01357,Start > Email > Conversion,1,430.65,1,Email,Email,2026-02-09 21:50:00
u01358,Start > TikTok > Conversion,1,680.95,1,TikTok,TikTok,2026-01-12 00:52:00
u01359,Start > Meta > Google Search > Google Search > Meta > Conversion,1,340.8,4,Meta,Meta,2026-02-07 12:24:00
u01360,Start > Meta > Email > Google Search > Null,0,0,3,Meta,Google Search,
u01361,Start > Google Search > Meta > Conversion,1,691.2,2,Google Search,Meta,2026-01-24 00:37:00
u01362,Start > TikTok > TikTok > Email > Null,0,0,3,TikTok,Email,
u01363,Start > TikTok > Google Search > TikTok > Meta > Conversion,1,664.3,4,TikTok,Meta,2026-02-10 14:06:00
u01364,Start > Google Search > Null,0,0,1,Google Search,Google Search,
u01365,Start > Email > Null,0,0,1,Email,Email,
u01366,Start > TikTok > TikTok > Null,0,0,2,TikTok,TikTok,
u01367,Start > Meta > Google Search > Google Search > Null,0,0,3,Meta,Google Search,
u01368,Start > TikTok > Email > Email > Meta > Null,0,0,4,TikTok,Meta,
u01369,Start > Email > Null,0,0,1,Email,Email,
u01370,Start > TikTok > Meta > TikTok > Null,0,0,3,TikTok,TikTok,
u01371,Start > Google Search > Null,0,0,1,Google Search,Google Search,
u01372,Start > Google Search > Null,0,0,1,Google Search,Google Search,
u01373,Start > Meta > Meta > Null,0,0,2,Meta,Meta,
u01374,Start > Meta > TikTok > Null,0,0,2,Meta,TikTok,
u01375,Start > TikTok > Meta > TikTok > Null,0,0,3,TikTok,TikTok,
u01376,Start > Meta > TikTok > Meta > Conversion,1,473.85,3,Meta,Meta,2026-01-03 20:31:00
u01377,Start > TikTok > Email > Email > Null,0,0,3,TikTok,Email,
u01378,Start > TikTok > Google Search > Google Search > Null,0,0,3,TikTok,Google Search,
u01379,Start > TikTok > TikTok > Meta > Meta > Null,0,0,4,TikTok,Meta,
u01380,Start > Meta > Email > TikTok > Email > Conversion,1,446.55,4,Meta,Email,2026-02-09 16:26:00
u01381,Start > TikTok > Null,0,0,1,TikTok,TikTok,
u01382,Start > TikTok > Meta > Meta > Email > Null,0,0,4,TikTok,Email,
u01383,Start > Email > Null,0,0,1,Email,Email,
u01384,Start > TikTok > Meta > Google Search > Meta > Meta > Conversion,1,603.65,5,TikTok,Meta,2026-03-01 23:22:00
u01385,Start > Meta > Google Search > Conversion,1,764.45,2,Meta,Google Search,2026-03-02 10:55:00
u01386,Start > Meta > TikTok > Conversion,1,703.1,2,Meta,TikTok,2026-02-03 22:17:00
u01387,Start > Meta > Meta > Null,0,0,2,Meta,Meta,
u01388,Start > Google Search > Google Search > Google Search > Google Search > Email > Null,0,0,5,Google Search,Email,
u01389,Start > TikTok > TikTok > Null,0,0,2,TikTok,TikTok,
u01390,Start > Meta > Null,0,0,1,Meta,Meta,
u01391,Start > Meta > Meta > Null,0,0,2,Meta,Meta,
u01392,Start > Meta > TikTok > TikTok > TikTok > Null,0,0,4,Meta,TikTok,
u01393,Start > TikTok > Meta > Null,0,0,2,TikTok,Meta,
u01394,Start > Meta > Meta > Email > Null,0,0,3,Meta,Email,
u01395,Start > Meta > TikTok > Meta > Null,0,0,3,Meta,Meta,
u01396,Start > TikTok > Email > Conversion,1,371,2,TikTok,Email,2026-01-28 12:22:00
u01397,Start > TikTok > Email > Null,0,0,2,TikTok,Email,
u01398,Start > TikTok > Email > Null,0,0,2,TikTok,Email,
u01399,Start > Meta > Meta > Null,0,0,2,Meta,Meta,
u01400,Start > Meta > TikTok > TikTok > Email > Null,0,0,4,Meta,Email,
u01401,Start > Google Search > TikTok > TikTok > Google Search > Null,0,0,4,Google Search,Google Search,
u01402,Start > TikTok > TikTok > Null,0,0,2,TikTok,TikTok,
u01403,Start > Google Search > Null,0,0,1,Google Search,Google Search,
u01404,Start > Meta > TikTok > Google Search > Conversion,1,603.4,3,Meta,Google Search,2026-01-24 14:33:00
u01405,Start > Meta > Null,0,0,1,Meta,Meta,
u01406,Start > Meta > Meta > TikTok > Google Search > Conversion,1,465.25,4,Meta,Google Search,2026-01-09 03:34:00
u01407,Start > TikTok > TikTok > Meta > TikTok > Google Search > Null,0,0,5,TikTok,Google Search,
u01408,Start > Meta > Null,0,0,1,Meta,Meta,
u01409,Start > Google Search > TikTok > Null,0,0,2,Google Search,TikTok,
u01410,Start > Google Search > TikTok > Google Search > Meta > TikTok > Null,0,0,5,Google Search,TikTok,
u01411,Start > Meta > TikTok > Null,0,0,2,Meta,TikTok,
u01412,Start > TikTok > Email > Google Search > Null,0,0,3,TikTok,Google Search,
u01413,Start > Meta > Meta > Google Search > Null,0,0,3,Meta,Google Search,
u01414,Start > TikTok > Google Search > Null,0,0,2,TikTok,Google Search,
u01415,Start > Google Search > Meta > TikTok > Email > Null,0,0,4,Google Search,Email,
u01416,Start > Email > Null,0,0,1,Email,Email,
u01417,Start > TikTok > Meta > Conversion,1,515,2,TikTok,Meta,2026-01-24 10:45:00
u01418,Start > TikTok > Meta > Google Search > Null,0,0,3,TikTok,Google Search,
u01419,Start > Meta > Meta > Email > Google Search > Null,0,0,4,Meta,Google Search,
u01420,Start > Email > Null,0,0,1,Email,Email,
u01421,Start > TikTok > Google Search > Null,0,0,2,TikTok,Google Search,
u01422,Start > Google Search > Null,0,0,1,Google Search,Google Search,
u01423,Start > TikTok > Meta > Email > Meta > Google Search > Null,0,0,5,TikTok,Google Search,
u01424,Start > Meta > Google Search > Null,0,0,2,Meta,Google Search,
u01425,Start > TikTok > Meta > Conversion,1,599.35,2,TikTok,Meta,2026-01-18 10:48:00
u01426,Start > Google Search > Google Search > TikTok > Google Search > Null,0,0,4,Google Search,Google Search,
u01427,Start > Meta > Google Search > TikTok > Null,0,0,3,Meta,TikTok,
u01428,Start > TikTok > Meta > Meta > Meta > Meta > Null,0,0,5,TikTok,Meta,
u01429,Start > Google Search > TikTok > Conversion,1,451.8,2,Google Search,TikTok,2026-02-01 19:52:00
u01430,Start > TikTok > Meta > Meta > Null,0,0,3,TikTok,Meta,
u01431,Start > TikTok > Meta > Google Search > Meta > Conversion,1,622.75,4,TikTok,Meta,2026-02-20 17:09:00
u01432,Start > Meta > Google Search > Google Search > Conversion,1,511.35,3,Meta,Google Search,2026-01-20 17:32:00
u01433,Start > Meta > Null,0,0,1,Meta,Meta,
u01434,Start > Meta > Meta > Meta > Null,0,0,3,Meta,Meta,
u01435,Start > TikTok > Meta > Null,0,0,2,TikTok,Meta,
u01436,Start > Meta > Email > Conversion,1,592.9,2,Meta,Email,2026-01-11 18:28:00
u01437,Start > TikTok > Google Search > Conversion,1,931.65,2,TikTok,Google Search,2026-02-12 20:46:00
u01438,Start > Meta > Google Search > Null,0,0,2,Meta,Google Search,
u01439,Start > Google Search > Google Search > Google Search > TikTok > Null,0,0,4,Google Search,TikTok,
u01440,Start > Meta > Email > Google Search > Null,0,0,3,Meta,Google Search,
u01441,Start > Meta > Google Search > Google Search > Null,0,0,3,Meta,Google Search,
u01442,Start > TikTok > Meta > TikTok > Google Search > Meta > Null,0,0,5,TikTok,Meta,
u01443,Start > TikTok > Meta > Google Search > Null,0,0,3,TikTok,Google Search,
u01444,Start > Meta > Null,0,0,1,Meta,Meta,
u01445,Start > Meta > Meta > Meta > Meta > Null,0,0,4,Meta,Meta,
u01446,Start > Meta > TikTok > Null,0,0,2,Meta,TikTok,
u01447,Start > Google Search > Meta > Conversion,1,618.35,2,Google Search,Meta,2026-02-06 12:58:00
u01448,Start > Meta > Google Search > Meta > Null,0,0,3,Meta,Meta,
u01449,Start > Google Search > Email > Null,0,0,2,Google Search,Email,
u01450,Start > TikTok > Email > TikTok > TikTok > Null,0,0,4,TikTok,TikTok,
u01451,Start > Google Search > Conversion,1,931.6,1,Google Search,Google Search,2026-02-04 03:01:00
u01452,Start > Meta > Meta > TikTok > Null,0,0,3,Meta,TikTok,
u01453,Start > Meta > TikTok > TikTok > Meta > Null,0,0,4,Meta,Meta,
u01454,Start > Meta > Conversion,1,611.8,1,Meta,Meta,2026-02-25 07:06:00
u01455,Start > Google Search > TikTok > Conversion,1,554.7,2,Google Search,TikTok,2026-02-18 06:13:00
u01456,Start > TikTok > Meta > Email > Null,0,0,3,TikTok,Email,
u01457,Start > Meta > Null,0,0,1,Meta,Meta,
u01458,Start > Google Search > Null,0,0,1,Google Search,Google Search,
u01459,Start > TikTok > Google Search > TikTok > Email > Null,0,0,4,TikTok,Email,
u01460,Start > TikTok > Meta > Google Search > Google Search > Email > Null,0,0,5,TikTok,Email,
u01461,Start > TikTok > Meta > Google Search > Meta > Null,0,0,4,TikTok,Meta,
u01462,Start > Meta > Email > Email > Google Search > Null,0,0,4,Meta,Google Search,
u01463,Start > Meta > Meta > Meta > Meta > Null,0,0,4,Meta,Meta,
u01464,Start > TikTok > Null,0,0,1,TikTok,TikTok,
u01465,Start > TikTok > Email > Conversion,1,409.35,2,TikTok,Email,2026-02-05 22:05:00
u01466,Start > TikTok > Email > Meta > Conversion,1,492.5,3,TikTok,Meta,2026-01-12 22:44:00
u01467,Start > TikTok > TikTok > Email > Meta > Meta > Null,0,0,5,TikTok,Meta,
u01468,Start > Meta > Meta > Email > Null,0,0,3,Meta,Email,
u01469,Start > TikTok > Meta > Null,0,0,2,TikTok,Meta,
u01470,Start > TikTok > Google Search > Null,0,0,2,TikTok,Google Search,
u01471,Start > Meta > TikTok > Meta > Null,0,0,3,Meta,Meta,
u01472,Start > TikTok > Google Search > TikTok > Email > Null,0,0,4,TikTok,Email,
u01473,Start > TikTok > Email > Google Search > Google Search > Conversion,1,797.25,4,TikTok,Google Search,2026-02-13 03:24:00
u01474,Start > TikTok > Null,0,0,1,TikTok,TikTok,
u01475,Start > Meta > TikTok > Null,0,0,2,Meta,TikTok,
u01476,Start > TikTok > Null,0,0,1,TikTok,TikTok,
u01477,Start > Meta > Null,0,0,1,Meta,Meta,
u01478,Start > Meta > TikTok > Meta > Email > Conversion,1,370.25,4,Meta,Email,2026-03-03 09:12:00
u01479,Start > Meta > Meta > Null,0,0,2,Meta,Meta,
u01480,Start > Google Search > Conversion,1,548.25,1,Google Search,Google Search,2026-02-11 00:45:00
u01481,Start > Google Search > Google Search > Null,0,0,2,Google Search,Google Search,
u01482,Start > Meta > Email > TikTok > Email > Conversion,1,577.55,4,Meta,Email,2026-01-15 13:58:00
u01483,Start > Email > Null,0,0,1,Email,Email,
u01484,Start > TikTok > Email > TikTok > Google Search > Email > Null,0,0,5,TikTok,Email,
u01485,Start > Google Search > Meta > TikTok > Google Search > TikTok > Null,0,0,5,Google Search,TikTok,
u01486,Start > Meta > Null,0,0,1,Meta,Meta,
u01487,Start > Google Search > Null,0,0,1,Google Search,Google Search,
u01488,Start > TikTok > Google Search > Google Search > Null,0,0,3,TikTok,Google Search,
u01489,Start > Google Search > Google Search > Google Search > Null,0,0,3,Google Search,Google Search,
u01490,Start > TikTok > Meta > Google Search > Null,0,0,3,TikTok,Google Search,
u01491,Start > Google Search > Google Search > Null,0,0,2,Google Search,Google Search,
u01492,Start > Meta > Google Search > Null,0,0,2,Meta,Google Search,
u01493,Start > Meta > TikTok > Meta > TikTok > Meta > Null,0,0,5,Meta,Meta,
u01494,Start > Google Search > Google Search > TikTok > Null,0,0,3,Google Search,TikTok,
u01495,Start > Meta > Google Search > TikTok > Null,0,0,3,Meta,TikTok,
u01496,Start > Google Search > Meta > Null,0,0,2,Google Search,Meta,
u01497,Start > TikTok > TikTok > Null,0,0,2,TikTok,TikTok,
u01498,Start > Meta > TikTok > TikTok > Null,0,0,3,Meta,TikTok,
u01499,Start > TikTok > Meta > Meta > Meta > Null,0,0,4,TikTok,Meta,
u01500,Start > Meta > Meta > Email > Null,0,0,3,Meta,Email,
u01501,Start > TikTok > TikTok > Null,0,0,2,TikTok,TikTok,
u01502,Start > TikTok > Google Search > TikTok > Null,0,0,3,TikTok,TikTok,
u01503,Start > Meta > Meta > Meta > TikTok > Null,0,0,4,Meta,TikTok,
u01504,Start > Meta > TikTok > TikTok > Conversion,1,475.95,3,Meta,TikTok,2026-02-18 20:06:00
u01505,Start > Meta > Conversion,1,699.75,1,Meta,Meta,2026-02-26 13:59:00
u01506,Start > Meta > TikTok > TikTok > TikTok > Null,0,0,4,Meta,TikTok,
u01507,Start > Meta > Google Search > Null,0,0,2,Meta,Google Search,
u01508,Start > TikTok > Google Search > TikTok > TikTok > Google Search > Null,0,0,5,TikTok,Google Search,
u01509,Start > Meta > Null,0,0,1,Meta,Meta,
u01510,Start > Google Search > TikTok > Null,0,0,2,Google Search,TikTok,
u01511,Start > TikTok > Null,0,0,1,TikTok,TikTok,
u01512,Start > TikTok > TikTok > Null,0,0,2,TikTok,TikTok,
u01513,Start > Meta > Google Search > Google Search > Null,0,0,3,Meta,Google Search,
u01514,Start > TikTok > Meta > Meta > Null,0,0,3,TikTok,Meta,
u01515,Start > Google Search > TikTok > Google Search > Null,0,0,3,Google Search,Google Search,
u01516,Start > Meta > Email > Meta > Null,0,0,3,Meta,Meta,
u01517,Start > Google Search > Google Search > Null,0,0,2,Google Search,Google Search,
u01518,Start > Meta > Meta > TikTok > Email > Google Search > Conversion,1,859,5,Meta,Google Search,2026-01-10 06:04:00
u01519,Start > TikTok > Meta > Meta > Null,0,0,3,TikTok,Meta,
u01520,Start > Google Search > Null,0,0,1,Google Search,Google Search,
u01521,Start > Google Search > Null,0,0,1,Google Search,Google Search,
u01522,Start > TikTok > TikTok > Email > Null,0,0,3,TikTok,Email,
u01523,Start > TikTok > Null,0,0,1,TikTok,TikTok,
u01524,Start > TikTok > Meta > Meta > Null,0,0,3,TikTok,Meta,
u01525,Start > Meta > Meta > Null,0,0,2,Meta,Meta,
u01526,Start > TikTok > Email > Google Search > Google Search > Null,0,0,4,TikTok,Google Search,
u01527,Start > Meta > TikTok > Google Search > Null,0,0,3,Meta,Google Search,
u01528,Start > Google Search > Email > Null,0,0,2,Google Search,Email,
u01529,Start > Meta > Google Search > Google Search > Null,0,0,3,Meta,Google Search,
u01530,Start > Google Search > Null,0,0,1,Google Search,Google Search,
u01531,Start > TikTok > TikTok > Email > Meta > Null,0,0,4,TikTok,Meta,
u01532,Start > Email > Null,0,0,1,Email,Email,
u01533,Start > TikTok > Meta > TikTok > Meta > Conversion,1,326.5,4,TikTok,Meta,2026-02-19 17:54:00
u01534,Start > TikTok > Meta > TikTok > Null,0,0,3,TikTok,TikTok,
u01535,Start > Google Search > Null,0,0,1,Google Search,Google Search,
u01536,Start > Meta > Email > Google Search > TikTok > Null,0,0,4,Meta,TikTok,
u01537,Start > TikTok > Meta > Meta > Meta > TikTok > Null,0,0,5,TikTok,TikTok,
u01538,Start > Google Search > Null,0,0,1,Google Search,Google Search,
u01539,Start > Google Search > Email > Meta > Null,0,0,3,Google Search,Meta,
u01540,Start > TikTok > TikTok > TikTok > Null,0,0,3,TikTok,TikTok,
u01541,Start > Google Search > TikTok > Email > Conversion,1,646.65,3,Google Search,Email,2026-02-01 08:37:00
u01542,Start > Meta > Meta > Email > TikTok > Null,0,0,4,Meta,TikTok,
u01543,Start > Meta > TikTok > Meta > Meta > Null,0,0,4,Meta,Meta,
u01544,Start > Meta > TikTok > Null,0,0,2,Meta,TikTok,
u01545,Start > Google Search > Google Search > Null,0,0,2,Google Search,Google Search,
u01546,Start > TikTok > Google Search > Google Search > Email > Null,0,0,4,TikTok,Email,
u01547,Start > Meta > Email > Google Search > Null,0,0,3,Meta,Google Search,
u01548,Start > TikTok > Google Search > Null,0,0,2,TikTok,Google Search,
u01549,Start > TikTok > Google Search > Meta > Google Search > Google Search > Null,0,0,5,TikTok,Google Search,
u01550,Start > Meta > Null,0,0,1,Meta,Meta,
u01551,Start > TikTok > Meta > TikTok > Null,0,0,3,TikTok,TikTok,
u01552,Start > Email > Null,0,0,1,Email,Email,
u01553,Start > TikTok > TikTok > Google Search > Conversion,1,628.45,3,TikTok,Google Search,2026-01-19 09:20:00
u01554,Start > TikTok > TikTok > TikTok > Meta > TikTok > Null,0,0,5,TikTok,TikTok,
u01555,Start > TikTok > Null,0,0,1,TikTok,TikTok,
u01556,Start > Meta > TikTok > Conversion,1,352.65,2,Meta,TikTok,2026-01-27 12:11:00
u01557,Start > TikTok > Google Search > TikTok > TikTok > Null,0,0,4,TikTok,TikTok,
u01558,Start > Meta > Null,0,0,1,Meta,Meta,
u01559,Start > TikTok > Meta > TikTok > TikTok > TikTok > Null,0,0,5,TikTok,TikTok,
u01560,Start > TikTok > TikTok > Meta > Conversion,1,481.6,3,TikTok,Meta,2026-03-03 16:28:00
u01561,Start > Meta > Meta > Null,0,0,2,Meta,Meta,
u01562,Start > Google Search > Meta > Google Search > Null,0,0,3,Google Search,Google Search,
u01563,Start > TikTok > Google Search > Null,0,0,2,TikTok,Google Search,
u01564,Start > Google Search > Email > Conversion,1,568.65,2,Google Search,Email,2026-01-23 20:52:00
u01565,Start > Meta > Meta > Meta > Conversion,1,422.25,3,Meta,Meta,2026-02-16 15:59:00
u01566,Start > Meta > Null,0,0,1,Meta,Meta,
u01567,Start > Google Search > Google Search > Conversion,1,450.6,2,Google Search,Google Search,2026-01-26 13:53:00
u01568,Start > Meta > Null,0,0,1,Meta,Meta,
u01569,Start > Meta > Google Search > Meta > Conversion,1,444.85,3,Meta,Meta,2026-01-18 02:36:00
u01570,Start > TikTok > Meta > Null,0,0,2,TikTok,Meta,
u01571,Start > TikTok > Meta > Google Search > Null,0,0,3,TikTok,Google Search,
u01572,Start > Meta > Google Search > TikTok > Conversion,1,662.4,3,Meta,TikTok,2026-02-15 17:15:00
u01573,Start > Meta > Google Search > Google Search > Meta > Null,0,0,4,Meta,Meta,
u01574,Start > TikTok > Null,0,0,1,TikTok,TikTok,
u01575,Start > Meta > Google Search > Null,0,0,2,Meta,Google Search,
u01576,Start > TikTok > Google Search > TikTok > Null,0,0,3,TikTok,TikTok,
u01577,Start > Google Search > Null,0,0,1,Google Search,Google Search,
u01578,Start > TikTok > Google Search > Null,0,0,2,TikTok,Google Search,
u01579,Start > Google Search > Email > Google Search > Null,0,0,3,Google Search,Google Search,
u01580,Start > TikTok > TikTok > Null,0,0,2,TikTok,TikTok,
u01581,Start > TikTok > Meta > Meta > Email > Google Search > Null,0,0,5,TikTok,Google Search,
u01582,Start > TikTok > Google Search > Google Search > Null,0,0,3,TikTok,Google Search,
u01583,Start > Meta > Meta > Null,0,0,2,Meta,Meta,
u01584,Start > Google Search > TikTok > Email > Google Search > Null,0,0,4,Google Search,Google Search,
u01585,Start > Meta > Google Search > Email > Meta > Meta > Null,0,0,5,Meta,Meta,
u01586,Start > Google Search > Google Search > Meta > Email > Google Search > Null,0,0,5,Google Search,Google Search,
u01587,Start > Email > Null,0,0,1,Email,Email,
u01588,Start > Meta > Google Search > TikTok > TikTok > Meta > Null,0,0,5,Meta,Meta,
u01589,Start > TikTok > Google Search > Null,0,0,2,TikTok,Google Search,
u01590,Start > TikTok > TikTok > Null,0,0,2,TikTok,TikTok,
u01591,Start > Google Search > Meta > Meta > Email > Null,0,0,4,Google Search,Email,
u01592,Start > TikTok > Google Search > Null,0,0,2,TikTok,Google Search,
u01593,Start > TikTok > Null,0,0,1,TikTok,TikTok,
u01594,Start > Google Search > Null,0,0,1,Google Search,Google Search,
u01595,Start > TikTok > Google Search > Null,0,0,2,TikTok,Google Search,
u01596,Start > Google Search > Meta > Null,0,0,2,Google Search,Meta,
u01597,Start > Google Search > TikTok > Null,0,0,2,Google Search,TikTok,
u01598,Start > Meta > Email > Google Search > Conversion,1,507.35,3,Meta,Google Search,2026-02-11 06:09:00
u01599,Start > TikTok > TikTok > Null,0,0,2,TikTok,TikTok,
u01600,Start > TikTok > Null,0,0,1,TikTok,TikTok,
u01601,Start > TikTok > Google Search > TikTok > Google Search > Null,0,0,4,TikTok,Google Search,
u01602,Start > TikTok > Null,0,0,1,TikTok,TikTok,
u01603,Start > Google Search > Conversion,1,734.1,1,Google Search,Google Search,2026-01-14 21:15:00
u01604,Start > TikTok > Google Search > Google Search > Email > Meta > Conversion,1,334.85,5,TikTok,Meta,2026-03-05 05:17:00
u01605,Start > TikTok > Google Search > Google Search > Email > Null,0,0,4,TikTok,Email,
u01606,Start > TikTok > Null,0,0,1,TikTok,TikTok,
u01607,Start > Google Search > Google Search > Null,0,0,2,Google Search,Google Search,
u01608,Start > Meta > Email > TikTok > Conversion,1,455.4,3,Meta,TikTok,2026-01-09 16:40:00
u01609,Start > Meta > Google Search > Null,0,0,2,Meta,Google Search,
u01610,Start > TikTok > TikTok > TikTok > Null,0,0,3,TikTok,TikTok,
u01611,Start > TikTok > Meta > Meta > TikTok > Null,0,0,4,TikTok,TikTok,
u01612,Start > TikTok > TikTok > Meta > TikTok > TikTok > Conversion,1,705.75,5,TikTok,TikTok,2026-02-12 00:52:00
u01613,Start > TikTok > Email > Conversion,1,467.05,2,TikTok,Email,2026-02-08 08:23:00
u01614,Start > Meta > Google Search > Conversion,1,660.55,2,Meta,Google Search,2026-02-17 09:38:00
u01615,Start > TikTok > Meta > Meta > TikTok > TikTok > Null,0,0,5,TikTok,TikTok,
u01616,Start > Meta > Null,0,0,1,Meta,Meta,
u01617,Start > Google Search > Conversion,1,904.9,1,Google Search,Google Search,2026-01-08 08:21:00
u01618,Start > TikTok > Google Search > Google Search > Null,0,0,3,TikTok,Google Search,
u01619,Start > Email > Null,0,0,1,Email,Email,
u01620,Start > TikTok > Google Search > Email > Google Search > Google Search > Null,0,0,5,TikTok,Google Search,
u01621,Start > TikTok > Meta > Google Search > Conversion,1,795.5,3,TikTok,Google Search,2026-02-16 12:19:00
u01622,Start > Meta > Email > TikTok > Null,0,0,3,Meta,TikTok,
u01623,Start > TikTok > Conversion,1,458.35,1,TikTok,TikTok,2026-01-11 14:33:00
u01624,Start > TikTok > TikTok > Meta > Conversion,1,478,3,TikTok,Meta,2026-02-15 05:10:00
u01625,Start > TikTok > Google Search > Meta > Null,0,0,3,TikTok,Meta,
u01626,Start > Google Search > Meta > Google Search > Meta > Google Search > Null,0,0,5,Google Search,Google Search,
u01627,Start > Meta > Google Search > TikTok > Null,0,0,3,Meta,TikTok,
u01628,Start > TikTok > Google Search > Conversion,1,698.5,2,TikTok,Google Search,2026-02-20 21:51:00
u01629,Start > Meta > TikTok > Meta > Google Search > TikTok > Conversion,1,714.25,5,Meta,TikTok,2026-02-10 01:28:00
u01630,Start > Meta > Meta > Meta > Google Search > Meta > Null,0,0,5,Meta,Meta,
u01631,Start > Google Search > Google Search > Conversion,1,670.15,2,Google Search,Google Search,2026-01-17 10:34:00
u01632,Start > Meta > Null,0,0,1,Meta,Meta,
u01633,Start > TikTok > Google Search > Null,0,0,2,TikTok,Google Search,
u01634,Start > TikTok > Meta > TikTok > Google Search > Null,0,0,4,TikTok,Google Search,
u01635,Start > TikTok > Google Search > Conversion,1,810.05,2,TikTok,Google Search,2026-01-16 21:40:00
u01636,Start > Meta > TikTok > TikTok > Meta > Conversion,1,393.25,4,Meta,Meta,2026-01-29 23:38:00
u01637,Start > Google Search > TikTok > Google Search > Null,0,0,3,Google Search,Google Search,
u01638,Start > Google Search > TikTok > Google Search > Null,0,0,3,Google Search,Google Search,
u01639,Start > TikTok > Email > Null,0,0,2,TikTok,Email,
u01640,Start > Meta > Google Search > Meta > TikTok > Conversion,1,532.75,4,Meta,TikTok,2026-02-15 23:48:00
u01641,Start > Meta > TikTok > Conversion,1,482.65,2,Meta,TikTok,2026-02-27 05:45:00
u01642,Start > Meta > Google Search > Meta > Null,0,0,3,Meta,Meta,
u01643,Start > TikTok > Null,0,0,1,TikTok,TikTok,
u01644,Start > Meta > Email > Conversion,1,394.9,2,Meta,Email,2026-03-02 16:22:00
u01645,Start > TikTok > TikTok > Google Search > Conversion,1,802.25,3,TikTok,Google Search,2026-01-08 07:02:00
u01646,Start > Meta > Google Search > Google Search > TikTok > Google Search > Conversion,1,757,5,Meta,Google Search,2026-02-20 23:59:00
u01647,Start > Google Search > Null,0,0,1,Google Search,Google Search,
u01648,Start > Meta > TikTok > Null,0,0,2,Meta,TikTok,
u01649,Start > Google Search > Google Search > TikTok > Email > Conversion,1,267.35,4,Google Search,Email,2026-03-01 14:44:00
u01650,Start > TikTok > Google Search > TikTok > Conversion,1,561.35,3,TikTok,TikTok,2026-01-24 12:57:00
u01651,Start > Meta > Conversion,1,383.85,1,Meta,Meta,2026-01-10 09:26:00
u01652,Start > Google Search > Google Search > Conversion,1,490.55,2,Google Search,Google Search,2026-02-11 07:03:00
u01653,Start > TikTok > Google Search > Google Search > Google Search > Email > Null,0,0,5,TikTok,Email,
u01654,Start > Meta > Google Search > Conversion,1,597.15,2,Meta,Google Search,2026-01-10 03:20:00
u01655,Start > Meta > Meta > Email > Google Search > Google Search > Null,0,0,5,Meta,Google Search,
u01656,Start > Meta > TikTok > Email > Null,0,0,3,Meta,Email,
u01657,Start > TikTok > Google Search > Conversion,1,556.6,2,TikTok,Google Search,2026-01-12 20:11:00
u01658,Start > TikTok > Google Search > Meta > Conversion,1,471.75,3,TikTok,Meta,2026-02-04 21:28:00
u01659,Start > TikTok > Google Search > Meta > Null,0,0,3,TikTok,Meta,
u01660,Start > Meta > Google Search > Email > Conversion,1,293.1,3,Meta,Email,2026-01-27 10:06:00
u01661,Start > TikTok > Conversion,1,512,1,TikTok,TikTok,2026-01-07 02:32:00
u01662,Start > TikTok > Null,0,0,1,TikTok,TikTok,
u01663,Start > Google Search > Null,0,0,1,Google Search,Google Search,
u01664,Start > Google Search > Google Search > Google Search > Null,0,0,3,Google Search,Google Search,
u01665,Start > TikTok > TikTok > Google Search > TikTok > Google Search > Null,0,0,5,TikTok,Google Search,
u01666,Start > TikTok > Google Search > Null,0,0,2,TikTok,Google Search,
u01667,Start > Google Search > Null,0,0,1,Google Search,Google Search,
u01668,Start > Google Search > Email > Google Search > Null,0,0,3,Google Search,Google Search,
u01669,Start > TikTok > Email > Null,0,0,2,TikTok,Email,
u01670,Start > Meta > Null,0,0,1,Meta,Meta,
u01671,Start > TikTok > Null,0,0,1,TikTok,TikTok,
u01672,Start > Meta > TikTok > TikTok > Conversion,1,439,3,Meta,TikTok,2026-01-20 18:54:00
u01673,Start > TikTok > Email > TikTok > TikTok > Null,0,0,4,TikTok,TikTok,
u01674,Start > Meta > Google Search > Google Search > Google Search > Google Search > Null,0,0,5,Meta,Google Search,
u01675,Start > Meta > Google Search > Meta > Null,0,0,3,Meta,Meta,
u01676,Start > Meta > Null,0,0,1,Meta,Meta,
u01677,Start > TikTok > Google Search > Conversion,1,778.35,2,TikTok,Google Search,2026-01-06 11:00:00
u01678,Start > TikTok > Google Search > Meta > TikTok > Null,0,0,4,TikTok,TikTok,
u01679,Start > TikTok > Meta > Null,0,0,2,TikTok,Meta,
u01680,Start > Meta > Google Search > Meta > Null,0,0,3,Meta,Meta,
u01681,Start > TikTok > Meta > Email > Null,0,0,3,TikTok,Email,
u01682,Start > Google Search > Google Search > Email > Null,0,0,3,Google Search,Email,
u01683,Start > TikTok > Email > TikTok > Null,0,0,3,TikTok,TikTok,
u01684,Start > TikTok > Google Search > Conversion,1,830.25,2,TikTok,Google Search,2026-02-22 14:05:00
u01685,Start > Meta > Email > TikTok > TikTok > Null,0,0,4,Meta,TikTok,
u01686,Start > TikTok > Google Search > TikTok > Null,0,0,3,TikTok,TikTok,
u01687,Start > TikTok > Null,0,0,1,TikTok,TikTok,
u01688,Start > Meta > Meta > Null,0,0,2,Meta,Meta,
u01689,Start > Meta > Email > Conversion,1,492.75,2,Meta,Email,2026-02-10 13:46:00
u01690,Start > TikTok > Conversion,1,423.35,1,TikTok,TikTok,2026-01-10 09:19:00
u01691,Start > TikTok > Null,0,0,1,TikTok,TikTok,
u01692,Start > Google Search > Google Search > Google Search > TikTok > Null,0,0,4,Google Search,TikTok,
u01693,Start > Meta > Meta > TikTok > TikTok > Null,0,0,4,Meta,TikTok,
u01694,Start > Meta > TikTok > Null,0,0,2,Meta,TikTok,
u01695,Start > Meta > Google Search > Google Search > Conversion,1,585.75,3,Meta,Google Search,2026-02-05 22:49:00
u01696,Start > Meta > Null,0,0,1,Meta,Meta,
u01697,Start > Meta > Meta > Null,0,0,2,Meta,Meta,
u01698,Start > TikTok > TikTok > Null,0,0,2,TikTok,TikTok,
u01699,Start > Meta > Meta > Email > TikTok > Null,0,0,4,Meta,TikTok,
u01700,Start > Meta > Meta > Google Search > Null,0,0,3,Meta,Google Search,
u01701,Start > TikTok > Meta > Email > Meta > Null,0,0,4,TikTok,Meta,
u01702,Start > TikTok > Null,0,0,1,TikTok,TikTok,
u01703,Start > Meta > Meta > Null,0,0,2,Meta,Meta,
u01704,Start > TikTok > TikTok > Meta > Email > Null,0,0,4,TikTok,Email,
u01705,Start > TikTok > TikTok > Google Search > Google Search > Null,0,0,4,TikTok,Google Search,
u01706,Start > Meta > TikTok > Null,0,0,2,Meta,TikTok,
u01707,Start > TikTok > TikTok > Null,0,0,2,TikTok,TikTok,
u01708,Start > Meta > Meta > Email > Google Search > Null,0,0,4,Meta,Google Search,
u01709,Start > Meta > Google Search > Null,0,0,2,Meta,Google Search,
u01710,Start > Google Search > Null,0,0,1,Google Search,Google Search,
u01711,Start > Meta > Null,0,0,1,Meta,Meta,
u01712,Start > Google Search > TikTok > TikTok > Google Search > Meta > Conversion,1,351.2,5,Google Search,Meta,2026-01-16 12:12:00
u01713,Start > Meta > Meta > Meta > Google Search > Conversion,1,552.3,4,Meta,Google Search,2026-01-14 03:03:00
u01714,Start > TikTok > Meta > TikTok > Null,0,0,3,TikTok,TikTok,
u01715,Start > Meta > Google Search > Google Search > Null,0,0,3,Meta,Google Search,
u01716,Start > Meta > Meta > Null,0,0,2,Meta,Meta,
u01717,Start > TikTok > Meta > Null,0,0,2,TikTok,Meta,
u01718,Start > Google Search > Meta > Google Search > Null,0,0,3,Google Search,Google Search,
u01719,Start > Google Search > Google Search > Null,0,0,2,Google Search,Google Search,
u01720,Start > Meta > Meta > Null,0,0,2,Meta,Meta,
u01721,Start > TikTok > TikTok > TikTok > Null,0,0,3,TikTok,TikTok,
u01722,Start > TikTok > TikTok > Email > Null,0,0,3,TikTok,Email,
u01723,Start > TikTok > Email > Null,0,0,2,TikTok,Email,
u01724,Start > Meta > Null,0,0,1,Meta,Meta,
u01725,Start > TikTok > Google Search > Null,0,0,2,TikTok,Google Search,
u01726,Start > Google Search > Email > Meta > Google Search > TikTok > Conversion,1,584.95,5,Google Search,TikTok,2026-01-07 13:31:00
u01727,Start > Meta > Meta > Null,0,0,2,Meta,Meta,
u01728,Start > Meta > Meta > Null,0,0,2,Meta,Meta,
u01729,Start > Google Search > Null,0,0,1,Google Search,Google Search,
u01730,Start > TikTok > Meta > Google Search > Meta > Conversion,1,336.75,4,TikTok,Meta,2026-02-23 14:25:00
u01731,Start > TikTok > Google Search > Conversion,1,659.15,2,TikTok,Google Search,2026-02-24 07:04:00
u01732,Start > Meta > Google Search > TikTok > Google Search > Null,0,0,4,Meta,Google Search,
u01733,Start > Meta > Meta > Meta > TikTok > Null,0,0,4,Meta,TikTok,
u01734,Start > Meta > Meta > Meta > Google Search > Email > Conversion,1,397.45,5,Meta,Email,2026-01-08 20:53:00
u01735,Start > Meta > Meta > Google Search > Null,0,0,3,Meta,Google Search,
u01736,Start > Meta > Meta > Google Search > TikTok > Null,0,0,4,Meta,TikTok,
u01737,Start > TikTok > Null,0,0,1,TikTok,TikTok,
u01738,Start > TikTok > TikTok > Null,0,0,2,TikTok,TikTok,
u01739,Start > Meta > Google Search > Null,0,0,2,Meta,Google Search,
u01740,Start > Google Search > Google Search > Conversion,1,849.9,2,Google Search,Google Search,2026-02-09 17:03:00
u01741,Start > TikTok > TikTok > Null,0,0,2,TikTok,TikTok,
u01742,Start > Meta > Meta > Email > Google Search > Conversion,1,711.3,4,Meta,Google Search,2026-01-31 14:06:00
u01743,Start > TikTok > TikTok > Null,0,0,2,TikTok,TikTok,
u01744,Start > TikTok > Meta > TikTok > Meta > Null,0,0,4,TikTok,Meta,
u01745,Start > Google Search > Meta > Meta > Meta > Null,0,0,4,Google Search,Meta,
u01746,Start > Meta > Meta > Meta > Null,0,0,3,Meta,Meta,
u01747,Start > Meta > Google Search > Google Search > Null,0,0,3,Meta,Google Search,
u01748,Start > Email > Null,0,0,1,Email,Email,
u01749,Start > Google Search > TikTok > Null,0,0,2,Google Search,TikTok,
u01750,Start > Meta > TikTok > Meta > Google Search > Null,0,0,4,Meta,Google Search,
u01751,Start > Meta > Google Search > Null,0,0,2,Meta,Google Search,
u01752,Start > Google Search > Google Search > TikTok > Null,0,0,3,Google Search,TikTok,
u01753,Start > TikTok > TikTok > Null,0,0,2,TikTok,TikTok,
u01754,Start > Meta > Null,0,0,1,Meta,Meta,
u01755,Start > Meta > Email > Null,0,0,2,Meta,Email,
u01756,Start > Google Search > Email > Google Search > Google Search > Google Search > Null,0,0,5,Google Search,Google Search,
u01757,Start > Google Search > Google Search > Null,0,0,2,Google Search,Google Search,
u01758,Start > Google Search > Google Search > TikTok > Meta > Conversion,1,386.7,4,Google Search,Meta,2026-01-16 05:21:00
u01759,Start > Meta > Meta > TikTok > Meta > Null,0,0,4,Meta,Meta,
u01760,Start > Meta > TikTok > Conversion,1,638.5,2,Meta,TikTok,2026-02-20 01:31:00
u01761,Start > TikTok > Email > Google Search > Null,0,0,3,TikTok,Google Search,
u01762,Start > Meta > Null,0,0,1,Meta,Meta,
u01763,Start > TikTok > Google Search > Email > Null,0,0,3,TikTok,Email,
u01764,Start > TikTok > Email > Google Search > Meta > Null,0,0,4,TikTok,Meta,
u01765,Start > Google Search > Google Search > Conversion,1,848.3,2,Google Search,Google Search,2026-02-07 00:09:00
u01766,Start > Google Search > Meta > Null,0,0,2,Google Search,Meta,
u01767,Start > TikTok > TikTok > Null,0,0,2,TikTok,TikTok,
u01768,Start > Google Search > Google Search > Null,0,0,2,Google Search,Google Search,
u01769,Start > Google Search > Meta > Email > TikTok > Null,0,0,4,Google Search,TikTok,
u01770,Start > TikTok > Google Search > TikTok > Null,0,0,3,TikTok,TikTok,
u01771,Start > TikTok > Google Search > Conversion,1,492.8,2,TikTok,Google Search,2026-02-16 05:37:00
u01772,Start > Google Search > Meta > TikTok > Conversion,1,352.3,3,Google Search,TikTok,2026-02-14 01:29:00
u01773,Start > Meta > Conversion,1,547.3,1,Meta,Meta,2026-02-23 21:07:00
u01774,Start > Meta > TikTok > TikTok > Null,0,0,3,Meta,TikTok,
u01775,Start > Google Search > TikTok > TikTok > Null,0,0,3,Google Search,TikTok,
u01776,Start > TikTok > TikTok > Meta > Null,0,0,3,TikTok,Meta,
u01777,Start > Email > Null,0,0,1,Email,Email,
u01778,Start > TikTok > Meta > Null,0,0,2,TikTok,Meta,
u01779,Start > Google Search > Null,0,0,1,Google Search,Google Search,
u01780,Start > TikTok > Meta > Meta > Meta > Conversion,1,563.05,4,TikTok,Meta,2026-01-24 06:31:00
u01781,Start > TikTok > Google Search > Conversion,1,775.35,2,TikTok,Google Search,2026-02-08 16:08:00
u01782,Start > TikTok > Google Search > Meta > Conversion,1,302.75,3,TikTok,Meta,2026-03-02 12:42:00
u01783,Start > Google Search > Null,0,0,1,Google Search,Google Search,
u01784,Start > TikTok > Email > Conversion,1,393.6,2,TikTok,Email,2026-02-22 11:53:00
u01785,Start > TikTok > Google Search > Null,0,0,2,TikTok,Google Search,
u01786,Start > TikTok > Google Search > Meta > Meta > Google Search > Null,0,0,5,TikTok,Google Search,
u01787,Start > Google Search > TikTok > Null,0,0,2,Google Search,TikTok,
u01788,Start > Google Search > Email > TikTok > Null,0,0,3,Google Search,TikTok,
u01789,Start > TikTok > Null,0,0,1,TikTok,TikTok,
u01790,Start > TikTok > Google Search > Meta > Null,0,0,3,TikTok,Meta,
u01791,Start > Meta > Meta > Null,0,0,2,Meta,Meta,
u01792,Start > Meta > TikTok > Conversion,1,376.25,2,Meta,TikTok,2026-01-20 08:44:00
u01793,Start > TikTok > Google Search > Null,0,0,2,TikTok,Google Search,
u01794,Start > Meta > TikTok > Null,0,0,2,Meta,TikTok,
u01795,Start > TikTok > Meta > Null,0,0,2,TikTok,Meta,
u01796,Start > TikTok > Meta > Null,0,0,2,TikTok,Meta,
u01797,Start > TikTok > Email > Google Search > Meta > Conversion,1,356.1,4,TikTok,Meta,2026-01-13 04:32:00
u01798,Start > TikTok > Null,0,0,1,TikTok,TikTok,
u01799,Start > Meta > TikTok > Conversion,1,623,2,Meta,TikTok,2026-02-06 01:31:00
u01800,Start > TikTok > Google Search > Conversion,1,743.9,2,TikTok,Google Search,2026-02-21 21:01:00
u01801,Start > Meta > Meta > TikTok > Google Search > Email > Conversion,1,417.4,5,Meta,Email,2026-02-25 23:50:00
u01802,Start > Google Search > Email > Conversion,1,561.45,2,Google Search,Email,2026-01-30 12:45:00
u01803,Start > Meta > Google Search > TikTok > Google Search > Null,0,0,4,Meta,Google Search,
u01804,Start > Meta > Google Search > Null,0,0,2,Meta,Google Search,
u01805,Start > Google Search > TikTok > Conversion,1,587.85,2,Google Search,TikTok,2026-01-08 03:34:00
u01806,Start > Meta > Meta > Null,0,0,2,Meta,Meta,
u01807,Start > Meta > TikTok > TikTok > Meta > Conversion,1,423.7,4,Meta,Meta,2026-01-10 23:33:00
u01808,Start > TikTok > Google Search > Google Search > Google Search > Google Search > Null,0,0,5,TikTok,Google Search,
u01809,Start > Google Search > Null,0,0,1,Google Search,Google Search,
u01810,Start > Meta > Null,0,0,1,Meta,Meta,
u01811,Start > TikTok > TikTok > Google Search > Null,0,0,3,TikTok,Google Search,
u01812,Start > Meta > Meta > Null,0,0,2,Meta,Meta,
u01813,Start > Google Search > Meta > Meta > TikTok > Null,0,0,4,Google Search,TikTok,
u01814,Start > TikTok > TikTok > Meta > TikTok > Null,0,0,4,TikTok,TikTok,
u01815,Start > TikTok > Meta > Google Search > TikTok > Null,0,0,4,TikTok,TikTok,
u01816,Start > TikTok > Email > Null,0,0,2,TikTok,Email,
u01817,Start > Google Search > Null,0,0,1,Google Search,Google Search,
u01818,Start > Google Search > Null,0,0,1,Google Search,Google Search,
u01819,Start > Google Search > Google Search > Null,0,0,2,Google Search,Google Search,
u01820,Start > TikTok > Email > Google Search > Google Search > Meta > Null,0,0,5,TikTok,Meta,
u01821,Start > Meta > TikTok > Meta > Null,0,0,3,Meta,Meta,
u01822,Start > Google Search > Email > Meta > Email > Conversion,1,343.2,4,Google Search,Email,2026-01-28 18:16:00
u01823,Start > TikTok > Email > Null,0,0,2,TikTok,Email,
u01824,Start > TikTok > TikTok > TikTok > Conversion,1,515.4,3,TikTok,TikTok,2026-01-13 16:42:00
u01825,Start > Google Search > Email > Email > Meta > Null,0,0,4,Google Search,Meta,
u01826,Start > TikTok > Conversion,1,630.25,1,TikTok,TikTok,2026-02-22 13:22:00
u01827,Start > Google Search > Google Search > Null,0,0,2,Google Search,Google Search,
u01828,Start > TikTok > Null,0,0,1,TikTok,TikTok,
u01829,Start > Meta > Google Search > Null,0,0,2,Meta,Google Search,
u01830,Start > TikTok > Meta > Email > Null,0,0,3,TikTok,Email,
u01831,Start > Google Search > TikTok > Meta > Null,0,0,3,Google Search,Meta,
u01832,Start > TikTok > Google Search > Null,0,0,2,TikTok,Google Search,
u01833,Start > Google Search > Null,0,0,1,Google Search,Google Search,
u01834,Start > Meta > Google Search > Google Search > Null,0,0,3,Meta,Google Search,
u01835,Start > Google Search > Null,0,0,1,Google Search,Google Search,
u01836,Start > Google Search > Null,0,0,1,Google Search,Google Search,
u01837,Start > Meta > Google Search > Conversion,1,707.8,2,Meta,Google Search,2026-02-23 18:27:00
u01838,Start > Google Search > Meta > Google Search > Null,0,0,3,Google Search,Google Search,
u01839,Start > Meta > Google Search > Email > Null,0,0,3,Meta,Email,
u01840,Start > TikTok > TikTok > Null,0,0,2,TikTok,TikTok,
u01841,Start > TikTok > TikTok > Conversion,1,603.2,2,TikTok,TikTok,2026-01-07 02:12:00
u01842,Start > Google Search > Meta > Google Search > Email > Conversion,1,395.35,4,Google Search,Email,2026-02-20 11:36:00
u01843,Start > TikTok > Meta > Meta > Null,0,0,3,TikTok,Meta,
u01844,Start > TikTok > Meta > Null,0,0,2,TikTok,Meta,
u01845,Start > Meta > Conversion,1,523.3,1,Meta,Meta,2026-01-23 22:15:00
u01846,Start > TikTok > TikTok > TikTok > Null,0,0,3,TikTok,TikTok,
u01847,Start > Meta > Null,0,0,1,Meta,Meta,
u01848,Start > TikTok > Google Search > Email > Conversion,1,303.35,3,TikTok,Email,2026-01-06 20:41:00
u01849,Start > TikTok > Null,0,0,1,TikTok,TikTok,
u01850,Start > TikTok > Meta > Google Search > TikTok > Conversion,1,406.35,4,TikTok,TikTok,2026-01-10 03:00:00
u01851,Start > Meta > TikTok > Google Search > Null,0,0,3,Meta,Google Search,
u01852,Start > TikTok > Email > Null,0,0,2,TikTok,Email,
u01853,Start > Google Search > Meta > Google Search > Null,0,0,3,Google Search,Google Search,
u01854,Start > TikTok > Meta > Email > Meta > Null,0,0,4,TikTok,Meta,
u01855,Start > TikTok > TikTok > Meta > Meta > Email > Null,0,0,5,TikTok,Email,
u01856,Start > TikTok > Meta > TikTok > Email > Conversion,1,352.9,4,TikTok,Email,2026-02-13 13:03:00
u01857,Start > Google Search > Meta > Null,0,0,2,Google Search,Meta,
u01858,Start > Google Search > Google Search > TikTok > Null,0,0,3,Google Search,TikTok,
u01859,Start > Meta > Meta > TikTok > Meta > Meta > Conversion,1,620.8,5,Meta,Meta,2026-03-01 06:59:00
u01860,Start > TikTok > Email > Meta > Google Search > Google Search > Null,0,0,5,TikTok,Google Search,
u01861,Start > Email > Null,0,0,1,Email,Email,
u01862,Start > Meta > TikTok > Google Search > Conversion,1,880.25,3,Meta,Google Search,2026-03-02 20:22:00
u01863,Start > Meta > TikTok > Conversion,1,423.5,2,Meta,TikTok,2026-02-28 15:09:00
u01864,Start > Meta > Email > Meta > Email > Google Search > Conversion,1,655.9,5,Meta,Google Search,2026-01-29 16:10:00
u01865,Start > TikTok > Google Search > Meta > Conversion,1,588.15,3,TikTok,Meta,2026-02-17 14:58:00
u01866,Start > TikTok > Meta > Null,0,0,2,TikTok,Meta,
u01867,Start > Google Search > Null,0,0,1,Google Search,Google Search,
u01868,Start > Google Search > Null,0,0,1,Google Search,Google Search,
u01869,Start > Meta > Google Search > TikTok > Conversion,1,471.4,3,Meta,TikTok,2026-02-03 05:12:00
u01870,Start > TikTok > Email > Google Search > Null,0,0,3,TikTok,Google Search,
u01871,Start > Meta > Null,0,0,1,Meta,Meta,
u01872,Start > TikTok > Null,0,0,1,TikTok,TikTok,
u01873,Start > TikTok > Google Search > Null,0,0,2,TikTok,Google Search,
u01874,Start > TikTok > Meta > Meta > Google Search > Null,0,0,4,TikTok,Google Search,
u01875,Start > TikTok > Email > Email > Conversion,1,583.05,3,TikTok,Email,2026-02-24 00:28:00
u01876,Start > Google Search > Google Search > Conversion,1,452.95,2,Google Search,Google Search,2026-02-03 15:58:00
u01877,Start > TikTok > Null,0,0,1,TikTok,TikTok,
u01878,Start > TikTok > Meta > TikTok > Conversion,1,604.25,3,TikTok,TikTok,2026-02-23 00:10:00
u01879,Start > TikTok > Null,0,0,1,TikTok,TikTok,
u01880,Start > TikTok > Google Search > Email > Google Search > Meta > Conversion,1,662.45,5,TikTok,Meta,2026-03-02 11:19:00
u01881,Start > Meta > Meta > Email > Null,0,0,3,Meta,Email,
u01882,Start > Google Search > Null,0,0,1,Google Search,Google Search,
u01883,Start > TikTok > TikTok > TikTok > Conversion,1,552.2,3,TikTok,TikTok,2026-01-15 00:53:00
u01884,Start > Meta > Google Search > Email > TikTok > Conversion,1,728.15,4,Meta,TikTok,2026-03-04 03:33:00
u01885,Start > TikTok > TikTok > Google Search > Conversion,1,676.05,3,TikTok,Google Search,2026-02-23 09:09:00
u01886,Start > TikTok > TikTok > Meta > Null,0,0,3,TikTok,Meta,
u01887,Start > Meta > TikTok > Google Search > Null,0,0,3,Meta,Google Search,
u01888,Start > Meta > Conversion,1,335.5,1,Meta,Meta,2026-01-03 11:45:00
u01889,Start > Google Search > Google Search > Email > Google Search > Email > Null,0,0,5,Google Search,Email,
u01890,Start > TikTok > TikTok > Null,0,0,2,TikTok,TikTok,
u01891,Start > Meta > Email > Google Search > TikTok > Email > Null,0,0,5,Meta,Email,
u01892,Start > Google Search > Email > Null,0,0,2,Google Search,Email,
u01893,Start > TikTok > Meta > Google Search > Null,0,0,3,TikTok,Google Search,
u01894,Start > Google Search > Null,0,0,1,Google Search,Google Search,
u01895,Start > TikTok > TikTok > Null,0,0,2,TikTok,TikTok,
u01896,Start > TikTok > Google Search > Meta > Null,0,0,3,TikTok,Meta,
u01897,Start > Google Search > Email > Conversion,1,575.2,2,Google Search,Email,2026-02-19 02:12:00
u01898,Start > TikTok > TikTok > Null,0,0,2,TikTok,TikTok,
u01899,Start > Google Search > TikTok > Meta > TikTok > Conversion,1,692.65,4,Google Search,TikTok,2026-01-17 22:13:00
u01900,Start > TikTok > Meta > Null,0,0,2,TikTok,Meta,
u01901,Start > Meta > Google Search > Null,0,0,2,Meta,Google Search,
u01902,Start > Meta > Meta > Null,0,0,2,Meta,Meta,
u01903,Start > TikTok > TikTok > Null,0,0,2,TikTok,TikTok,
u01904,Start > Meta > TikTok > Email > TikTok > Email > Null,0,0,5,Meta,Email,
u01905,Start > TikTok > Conversion,1,606.65,1,TikTok,TikTok,2026-02-27 20:27:00
u01906,Start > Google Search > TikTok > Email > Google Search > Conversion,1,620,4,Google Search,Google Search,2026-01-16 09:58:00
u01907,Start > Meta > Google Search > TikTok > Meta > Conversion,1,353.35,4,Meta,Meta,2026-02-09 22:45:00
u01908,Start > TikTok > Google Search > Email > Null,0,0,3,TikTok,Email,
u01909,Start > Google Search > Meta > Email > Conversion,1,559.15,3,Google Search,Email,2026-01-27 23:58:00
u01910,Start > Google Search > Email > Google Search > Meta > Null,0,0,4,Google Search,Meta,
u01911,Start > TikTok > TikTok > Null,0,0,2,TikTok,TikTok,
u01912,Start > Meta > Google Search > Null,0,0,2,Meta,Google Search,
u01913,Start > Meta > Email > Null,0,0,2,Meta,Email,
u01914,Start > TikTok > Google Search > Meta > Conversion,1,539.55,3,TikTok,Meta,2026-02-28 09:11:00
u01915,Start > Meta > Null,0,0,1,Meta,Meta,
u01916,Start > TikTok > Null,0,0,1,TikTok,TikTok,
u01917,Start > Meta > Meta > Null,0,0,2,Meta,Meta,
u01918,Start > TikTok > Null,0,0,1,TikTok,TikTok,
u01919,Start > Google Search > Meta > Null,0,0,2,Google Search,Meta,
u01920,Start > TikTok > Google Search > Google Search > Conversion,1,776.4,3,TikTok,Google Search,2026-01-25 06:24:00
u01921,Start > TikTok > Google Search > Meta > Google Search > TikTok > Conversion,1,643.9,5,TikTok,TikTok,2026-01-28 12:13:00
u01922,Start > Meta > TikTok > TikTok > Meta > Null,0,0,4,Meta,Meta,
u01923,Start > Meta > Google Search > TikTok > Null,0,0,3,Meta,TikTok,
u01924,Start > Google Search > Meta > Google Search > TikTok > Google Search > Conversion,1,472.55,5,Google Search,Google Search,2026-02-28 16:40:00
u01925,Start > Meta > TikTok > Meta > Google Search > Email > Null,0,0,5,Meta,Email,
u01926,Start > Google Search > Google Search > Meta > Conversion,1,574.9,3,Google Search,Meta,2026-02-21 03:04:00
u01927,Start > Google Search > Meta > Null,0,0,2,Google Search,Meta,
u01928,Start > Google Search > Google Search > Meta > Google Search > Null,0,0,4,Google Search,Google Search,
u01929,Start > TikTok > Null,0,0,1,TikTok,TikTok,
u01930,Start > Meta > Google Search > Meta > Google Search > Null,0,0,4,Meta,Google Search,
u01931,Start > TikTok > Email > Conversion,1,580.2,2,TikTok,Email,2026-02-17 11:59:00
u01932,Start > Meta > Null,0,0,1,Meta,Meta,
u01933,Start > Meta > Google Search > Null,0,0,2,Meta,Google Search,
u01934,Start > TikTok > Email > TikTok > TikTok > TikTok > Conversion,1,740.25,5,TikTok,TikTok,2026-03-04 18:16:00
u01935,Start > TikTok > Google Search > Meta > Conversion,1,675.7,3,TikTok,Meta,2026-02-26 18:47:00
u01936,Start > Meta > Google Search > Null,0,0,2,Meta,Google Search,
u01937,Start > Meta > Google Search > Google Search > Null,0,0,3,Meta,Google Search,
u01938,Start > TikTok > Meta > TikTok > Google Search > TikTok > Null,0,0,5,TikTok,TikTok,
u01939,Start > TikTok > TikTok > Google Search > Null,0,0,3,TikTok,Google Search,
u01940,Start > Google Search > Meta > Google Search > Null,0,0,3,Google Search,Google Search,
u01941,Start > Google Search > Meta > Null,0,0,2,Google Search,Meta,
u01942,Start > TikTok > Meta > Null,0,0,2,TikTok,Meta,
u01943,Start > Google Search > Conversion,1,613.6,1,Google Search,Google Search,2026-02-23 22:17:00
u01944,Start > TikTok > Email > Conversion,1,254.55,2,TikTok,Email,2026-01-06 03:04:00
u01945,Start > TikTok > Email > TikTok > Meta > Meta > Conversion,1,480.25,5,TikTok,Meta,2026-02-28 22:07:00
u01946,Start > Meta > Google Search > Meta > Null,0,0,3,Meta,Meta,
u01947,Start > TikTok > Email > TikTok > Meta > Null,0,0,4,TikTok,Meta,
u01948,Start > Email > Conversion,1,617.05,1,Email,Email,2026-03-02 06:43:00
u01949,Start > TikTok > Google Search > Null,0,0,2,TikTok,Google Search,
u01950,Start > TikTok > Conversion,1,667.2,1,TikTok,TikTok,2026-01-06 23:03:00
u01951,Start > Email > Null,0,0,1,Email,Email,
u01952,Start > TikTok > TikTok > Google Search > Null,0,0,3,TikTok,Google Search,
u01953,Start > Google Search > Meta > Email > Email > Null,0,0,4,Google Search,Email,
u01954,Start > Meta > Google Search > Email > Google Search > Null,0,0,4,Meta,Google Search,
u01955,Start > TikTok > Google Search > Null,0,0,2,TikTok,Google Search,
u01956,Start > TikTok > Meta > Google Search > Email > Conversion,1,325.75,4,TikTok,Email,2026-02-09 04:35:00
u01957,Start > Meta > TikTok > Google Search > Meta > Meta > Null,0,0,5,Meta,Meta,
u01958,Start > Google Search > TikTok > Null,0,0,2,Google Search,TikTok,
u01959,Start > TikTok > Meta > Google Search > TikTok > Null,0,0,4,TikTok,TikTok,
u01960,Start > Email > Null,0,0,1,Email,Email,
u01961,Start > TikTok > TikTok > Meta > Google Search > Null,0,0,4,TikTok,Google Search,
u01962,Start > Meta > Google Search > Conversion,1,811.95,2,Meta,Google Search,2026-02-12 15:33:00
u01963,Start > Google Search > Google Search > TikTok > Google Search > TikTok > Null,0,0,5,Google Search,TikTok,
u01964,Start > TikTok > Email > Conversion,1,394.1,2,TikTok,Email,2026-01-06 20:08:00
u01965,Start > TikTok > TikTok > TikTok > Null,0,0,3,TikTok,TikTok,
u01966,Start > Google Search > Meta > TikTok > Null,0,0,3,Google Search,TikTok,
u01967,Start > Google Search > Null,0,0,1,Google Search,Google Search,
u01968,Start > Meta > Meta > Null,0,0,2,Meta,Meta,
u01969,Start > Meta > Meta > TikTok > Null,0,0,3,Meta,TikTok,
u01970,Start > Google Search > Null,0,0,1,Google Search,Google Search,
u01971,Start > TikTok > Email > Email > Null,0,0,3,TikTok,Email,
u01972,Start > Meta > Meta > Null,0,0,2,Meta,Meta,
u01973,Start > TikTok > Meta > Meta > Null,0,0,3,TikTok,Meta,
u01974,Start > TikTok > TikTok > Meta > TikTok > Conversion,1,678.3,4,TikTok,TikTok,2026-02-14 14:27:00
u01975,Start > Meta > TikTok > Null,0,0,2,Meta,TikTok,
u01976,Start > TikTok > Google Search > Null,0,0,2,TikTok,Google Search,
u01977,Start > Meta > Google Search > Google Search > Google Search > Conversion,1,628.2,4,Meta,Google Search,2026-01-29 06:23:00
u01978,Start > TikTok > TikTok > Null,0,0,2,TikTok,TikTok,
u01979,Start > Meta > Meta > TikTok > Meta > Null,0,0,4,Meta,Meta,
u01980,Start > Meta > Email > Null,0,0,2,Meta,Email,
u01981,Start > TikTok > TikTok > Null,0,0,2,TikTok,TikTok,
u01982,Start > TikTok > Meta > Email > Google Search > Conversion,1,475.65,4,TikTok,Google Search,2026-02-14 16:27:00
u01983,Start > Meta > TikTok > Google Search > Null,0,0,3,Meta,Google Search,
u01984,Start > Google Search > Meta > Meta > Null,0,0,3,Google Search,Meta,
u01985,Start > Meta > Google Search > Null,0,0,2,Meta,Google Search,
u01986,Start > TikTok > Meta > Meta > Google Search > TikTok > Null,0,0,5,TikTok,TikTok,
u01987,Start > TikTok > TikTok > Google Search > Null,0,0,3,TikTok,Google Search,
u01988,Start > TikTok > Null,0,0,1,TikTok,TikTok,
u01989,Start > Meta > Meta > TikTok > Email > Null,0,0,4,Meta,Email,
u01990,Start > Meta > Meta > Meta > Null,0,0,3,Meta,Meta,
u01991,Start > TikTok > Google Search > Google Search > Meta > Conversion,1,533.7,4,TikTok,Meta,2026-02-02 02:36:00
u01992,Start > TikTok > Google Search > TikTok > Null,0,0,3,TikTok,TikTok,
u01993,Start > Google Search > Email > Meta > Null,0,0,3,Google Search,Meta,
u01994,Start > Meta > TikTok > Null,0,0,2,Meta,TikTok,
u01995,Start > TikTok > Null,0,0,1,TikTok,TikTok,
u01996,Start > Google Search > Meta > TikTok > Null,0,0,3,Google Search,TikTok,
u01997,Start > Google Search > Null,0,0,1,Google Search,Google Search,
u01998,Start > TikTok > Email > Null,0,0,2,TikTok,Email,
u01999,Start > Meta > Meta > Conversion,1,577.5,2,Meta,Meta,2026-02-04 03:17:00
u02000,Start > Meta > TikTok > Null,0,0,2,Meta,TikTok,
u02001,Start > TikTok > Google Search > Null,0,0,2,TikTok,Google Search,
u02002,Start > Email > Null,0,0,1,Email,Email,
u02003,Start > TikTok > TikTok > Null,0,0,2,TikTok,TikTok,
u02004,Start > Google Search > Meta > Null,0,0,2,Google Search,Meta,
u02005,Start > Email > Null,0,0,1,Email,Email,
u02006,Start > TikTok > Meta > Null,0,0,2,TikTok,Meta,
u02007,Start > Meta > Google Search > Conversion,1,483.05,2,Meta,Google Search,2026-01-08 06:00:00
u02008,Start > TikTok > Null,0,0,1,TikTok,TikTok,
u02009,Start > TikTok > Null,0,0,1,TikTok,TikTok,
u02010,Start > TikTok > Google Search > TikTok > Null,0,0,3,TikTok,TikTok,
u02011,Start > Google Search > Null,0,0,1,Google Search,Google Search,
u02012,Start > TikTok > TikTok > TikTok > TikTok > Google Search > Conversion,1,655.45,5,TikTok,Google Search,2026-02-28 05:19:00
u02013,Start > Google Search > TikTok > Email > Email > Null,0,0,4,Google Search,Email,
u02014,Start > TikTok > TikTok > Conversion,1,491.6,2,TikTok,TikTok,2026-03-03 00:31:00
u02015,Start > Google Search > Google Search > TikTok > Meta > Null,0,0,4,Google Search,Meta,
u02016,Start > TikTok > Null,0,0,1,TikTok,TikTok,
u02017,Start > TikTok > Null,0,0,1,TikTok,TikTok,
u02018,Start > TikTok > Meta > Meta > Null,0,0,3,TikTok,Meta,
u02019,Start > TikTok > Google Search > TikTok > Null,0,0,3,TikTok,TikTok,
u02020,Start > Meta > Google Search > Meta > Null,0,0,3,Meta,Meta,
u02021,Start > Google Search > TikTok > Null,0,0,2,Google Search,TikTok,
u02022,Start > TikTok > TikTok > Google Search > Null,0,0,3,TikTok,Google Search,
u02023,Start > TikTok > Email > Meta > Google Search > Meta > Conversion,1,405.45,5,TikTok,Meta,2026-02-22 11:42:00
u02024,Start > Meta > Null,0,0,1,Meta,Meta,
u02025,Start > Meta > Meta > TikTok > Google Search > TikTok > Conversion,1,551.2,5,Meta,TikTok,2026-01-12 09:14:00
u02026,Start > Meta > Email > Google Search > Google Search > Conversion,1,676.15,4,Meta,Google Search,2026-02-22 20:01:00
u02027,Start > TikTok > Meta > Email > Email > Null,0,0,4,TikTok,Email,
u02028,Start > Meta > TikTok > Null,0,0,2,Meta,TikTok,
u02029,Start > Meta > Google Search > Google Search > Conversion,1,610.9,3,Meta,Google Search,2026-01-09 21:33:00
u02030,Start > Meta > Google Search > Google Search > Meta > Conversion,1,690.4,4,Meta,Meta,2026-01-26 02:16:00
u02031,Start > TikTok > Null,0,0,1,TikTok,TikTok,
u02032,Start > TikTok > Google Search > Email > Conversion,1,583.2,3,TikTok,Email,2026-02-11 05:11:00
u02033,Start > Google Search > Conversion,1,685.15,1,Google Search,Google Search,2026-02-26 11:01:00
u02034,Start > Meta > Null,0,0,1,Meta,Meta,
u02035,Start > Meta > Meta > Null,0,0,2,Meta,Meta,
u02036,Start > TikTok > Email > TikTok > Conversion,1,641.7,3,TikTok,TikTok,2026-01-29 03:59:00
u02037,Start > Meta > Null,0,0,1,Meta,Meta,
u02038,Start > Meta > Null,0,0,1,Meta,Meta,
u02039,Start > Google Search > Email > Null,0,0,2,Google Search,Email,
u02040,Start > TikTok > TikTok > Email > Null,0,0,3,TikTok,Email,
u02041,Start > Google Search > Google Search > Null,0,0,2,Google Search,Google Search,
u02042,Start > Meta > Meta > Null,0,0,2,Meta,Meta,
u02043,Start > Meta > Google Search > TikTok > Conversion,1,578.75,3,Meta,TikTok,2026-02-18 02:07:00
u02044,Start > Meta > Null,0,0,1,Meta,Meta,
u02045,Start > TikTok > Google Search > Meta > Null,0,0,3,TikTok,Meta,
u02046,Start > Meta > Google Search > Email > Null,0,0,3,Meta,Email,
u02047,Start > Google Search > Meta > Null,0,0,2,Google Search,Meta,
u02048,Start > Meta > TikTok > Null,0,0,2,Meta,TikTok,
u02049,Start > Google Search > Email > Google Search > Null,0,0,3,Google Search,Google Search,
u02050,Start > TikTok > Null,0,0,1,TikTok,TikTok,
u02051,Start > TikTok > Email > Conversion,1,567.3,2,TikTok,Email,2026-02-23 03:09:00
u02052,Start > TikTok > TikTok > Meta > TikTok > Email > Null,0,0,5,TikTok,Email,
u02053,Start > Meta > Null,0,0,1,Meta,Meta,
u02054,Start > TikTok > Google Search > Null,0,0,2,TikTok,Google Search,
u02055,Start > Meta > Meta > Meta > Email > Null,0,0,4,Meta,Email,
u02056,Start > Meta > Email > TikTok > Meta > Null,0,0,4,Meta,Meta,
u02057,Start > TikTok > Null,0,0,1,TikTok,TikTok,
u02058,Start > TikTok > TikTok > Google Search > Email > TikTok > Conversion,1,350.05,5,TikTok,TikTok,2026-01-20 14:10:00
u02059,Start > Meta > Google Search > Null,0,0,2,Meta,Google Search,
u02060,Start > TikTok > Meta > Meta > Conversion,1,581.7,3,TikTok,Meta,2026-02-10 23:03:00
u02061,Start > Meta > TikTok > Meta > Null,0,0,3,Meta,Meta,
u02062,Start > Meta > Null,0,0,1,Meta,Meta,
u02063,Start > Meta > Google Search > Google Search > Null,0,0,3,Meta,Google Search,
u02064,Start > TikTok > TikTok > Null,0,0,2,TikTok,TikTok,
u02065,Start > TikTok > Null,0,0,1,TikTok,TikTok,
u02066,Start > TikTok > Email > Null,0,0,2,TikTok,Email,
u02067,Start > TikTok > Null,0,0,1,TikTok,TikTok,
u02068,Start > Meta > TikTok > Meta > TikTok > Meta > Null,0,0,5,Meta,Meta,
u02069,Start > Google Search > Google Search > Null,0,0,2,Google Search,Google Search,
u02070,Start > Meta > Google Search > Google Search > Conversion,1,639.5,3,Meta,Google Search,2026-01-17 09:22:00
u02071,Start > Meta > Null,0,0,1,Meta,Meta,
u02072,Start > TikTok > Email > Null,0,0,2,TikTok,Email,
u02073,Start > TikTok > Google Search > Meta > TikTok > Meta > Conversion,1,439.8,5,TikTok,Meta,2026-02-15 16:54:00
u02074,Start > Meta > Google Search > Google Search > Null,0,0,3,Meta,Google Search,
u02075,Start > TikTok > Google Search > Null,0,0,2,TikTok,Google Search,
u02076,Start > TikTok > TikTok > Email > Null,0,0,3,TikTok,Email,
u02077,Start > TikTok > TikTok > Meta > Google Search > Null,0,0,4,TikTok,Google Search,
u02078,Start > Meta > Google Search > Conversion,1,658.7,2,Meta,Google Search,2026-03-01 16:45:00
u02079,Start > TikTok > Meta > Null,0,0,2,TikTok,Meta,
u02080,Start > Meta > TikTok > TikTok > Google Search > Null,0,0,4,Meta,Google Search,
u02081,Start > Meta > Meta > Null,0,0,2,Meta,Meta,
u02082,Start > TikTok > Null,0,0,1,TikTok,TikTok,
u02083,Start > Google Search > Google Search > Null,0,0,2,Google Search,Google Search,
u02084,Start > Google Search > Google Search > Meta > Meta > Conversion,1,479.55,4,Google Search,Meta,2026-03-02 11:40:00
u02085,Start > Google Search > Google Search > Email > Null,0,0,3,Google Search,Email,
u02086,Start > Google Search > TikTok > Null,0,0,2,Google Search,TikTok,
u02087,Start > Meta > TikTok > TikTok > TikTok > Null,0,0,4,Meta,TikTok,
u02088,Start > Meta > TikTok > Null,0,0,2,Meta,TikTok,
u02089,Start > Google Search > Email > Null,0,0,2,Google Search,Email,
u02090,Start > Meta > Google Search > Conversion,1,881.4,2,Meta,Google Search,2026-02-15 00:56:00
u02091,Start > Email > Null,0,0,1,Email,Email,
u02092,Start > Google Search > TikTok > Conversion,1,596.05,2,Google Search,TikTok,2026-02-22 16:33:00
u02093,Start > TikTok > Email > Meta > Null,0,0,3,TikTok,Meta,
u02094,Start > TikTok > Meta > TikTok > TikTok > Google Search > Null,0,0,5,TikTok,Google Search,
u02095,Start > TikTok > Meta > Conversion,1,344.85,2,TikTok,Meta,2026-01-18 00:50:00
u02096,Start > TikTok > TikTok > TikTok > Meta > Null,0,0,4,TikTok,Meta,
u02097,Start > TikTok > Email > Meta > Null,0,0,3,TikTok,Meta,
u02098,Start > Meta > Meta > Null,0,0,2,Meta,Meta,
u02099,Start > Google Search > Null,0,0,1,Google Search,Google Search,
u02100,Start > Google Search > Google Search > Conversion,1,502.7,2,Google Search,Google Search,2026-01-06 03:37:00
u02101,Start > Google Search > Null,0,0,1,Google Search,Google Search,
u02102,Start > Meta > Google Search > Null,0,0,2,Meta,Google Search,
u02103,Start > TikTok > Meta > Null,0,0,2,TikTok,Meta,
u02104,Start > TikTok > TikTok > Null,0,0,2,TikTok,TikTok,
u02105,Start > TikTok > Null,0,0,1,TikTok,TikTok,
u02106,Start > Google Search > Meta > Google Search > Null,0,0,3,Google Search,Google Search,
u02107,Start > TikTok > Null,0,0,1,TikTok,TikTok,
u02108,Start > TikTok > Google Search > Null,0,0,2,TikTok,Google Search,
u02109,Start > TikTok > TikTok > TikTok > Email > Conversion,1,314.95,4,TikTok,Email,2026-01-25 23:25:00
u02110,Start > Google Search > Meta > Conversion,1,657.75,2,Google Search,Meta,2026-02-02 09:31:00
u02111,Start > TikTok > Email > Conversion,1,366.65,2,TikTok,Email,2026-02-25 18:38:00
u02112,Start > TikTok > TikTok > Google Search > Google Search > Null,0,0,4,TikTok,Google Search,
u02113,Start > Meta > Meta > Meta > Google Search > Conversion,1,662.65,4,Meta,Google Search,2026-01-25 03:17:00
u02114,Start > Meta > Google Search > TikTok > Meta > Meta > Null,0,0,5,Meta,Meta,
u02115,Start > Meta > TikTok > Google Search > Null,0,0,3,Meta,Google Search,
u02116,Start > TikTok > Google Search > Null,0,0,2,TikTok,Google Search,
u02117,Start > Google Search > TikTok > Meta > Email > Conversion,1,388.55,4,Google Search,Email,2026-01-05 09:22:00
u02118,Start > Google Search > Google Search > Google Search > Null,0,0,3,Google Search,Google Search,
u02119,Start > TikTok > TikTok > Google Search > Google Search > Email > Conversion,1,533.35,5,TikTok,Email,2026-02-16 01:39:00
u02120,Start > Meta > Email > Conversion,1,345.4,2,Meta,Email,2026-01-16 07:25:00
u02121,Start > TikTok > Google Search > Meta > Conversion,1,639.35,3,TikTok,Meta,2026-01-13 02:59:00
u02122,Start > TikTok > Google Search > TikTok > Conversion,1,613.9,3,TikTok,TikTok,2026-02-11 12:30:00
u02123,Start > Meta > Null,0,0,1,Meta,Meta,
u02124,Start > Meta > TikTok > Conversion,1,631.55,2,Meta,TikTok,2026-02-26 06:09:00
u02125,Start > TikTok > Google Search > Google Search > Conversion,1,637.9,3,TikTok,Google Search,2026-02-21 18:49:00
u02126,Start > TikTok > Meta > Google Search > Conversion,1,820.2,3,TikTok,Google Search,2026-01-04 20:26:00
u02127,Start > TikTok > Google Search > Google Search > Meta > Conversion,1,349.75,4,TikTok,Meta,2026-01-11 07:10:00
u02128,Start > TikTok > Email > TikTok > Null,0,0,3,TikTok,TikTok,
u02129,Start > Google Search > Email > Conversion,1,556.2,2,Google Search,Email,2026-02-21 12:30:00
u02130,Start > Meta > Google Search > Email > Email > Google Search > Conversion,1,719.25,5,Meta,Google Search,2026-01-11 09:43:00
u02131,Start > TikTok > TikTok > Meta > Google Search > Meta > Null,0,0,5,TikTok,Meta,
u02132,Start > Google Search > Null,0,0,1,Google Search,Google Search,
u02133,Start > Google Search > Meta > Null,0,0,2,Google Search,Meta,
u02134,Start > Google Search > Google Search > Null,0,0,2,Google Search,Google Search,
u02135,Start > TikTok > Meta > Email > Conversion,1,353,3,TikTok,Email,2026-03-03 09:20:00
u02136,Start > Meta > Meta > Meta > Null,0,0,3,Meta,Meta,
u02137,Start > TikTok > Google Search > Meta > Null,0,0,3,TikTok,Meta,
u02138,Start > TikTok > Conversion,1,418.25,1,TikTok,TikTok,2026-01-31 18:48:00
u02139,Start > TikTok > Google Search > Meta > Conversion,1,493.7,3,TikTok,Meta,2026-01-26 03:52:00
u02140,Start > Meta > Google Search > Email > Google Search > Conversion,1,901.3,4,Meta,Google Search,2026-02-26 05:57:00
u02141,Start > Meta > TikTok > Email > TikTok > TikTok > Null,0,0,5,Meta,TikTok,
u02142,Start > TikTok > Email > Email > Null,0,0,3,TikTok,Email,
u02143,Start > TikTok > Meta > Google Search > Email > Conversion,1,630.15,4,TikTok,Email,2026-02-15 11:09:00
u02144,Start > Google Search > TikTok > Google Search > Conversion,1,764.2,3,Google Search,Google Search,2026-01-09 13:07:00
u02145,Start > Google Search > Meta > TikTok > Conversion,1,497.4,3,Google Search,TikTok,2026-02-22 06:00:00
u02146,Start > Meta > Google Search > Email > Conversion,1,626.9,3,Meta,Email,2026-02-13 06:34:00
u02147,Start > TikTok > Google Search > Null,0,0,2,TikTok,Google Search,
u02148,Start > Meta > Google Search > Google Search > Email > Null,0,0,4,Meta,Email,
u02149,Start > Meta > Email > Google Search > Conversion,1,519.8,3,Meta,Google Search,2026-01-21 20:45:00
u02150,Start > Meta > Meta > Email > Meta > Meta > Null,0,0,5,Meta,Meta,
u02151,Start > Google Search > Google Search > TikTok > Null,0,0,3,Google Search,TikTok,
u02152,Start > TikTok > Google Search > TikTok > Null,0,0,3,TikTok,TikTok,
u02153,Start > TikTok > Null,0,0,1,TikTok,TikTok,
u02154,Start > TikTok > Google Search > Email > Null,0,0,3,TikTok,Email,
u02155,Start > TikTok > Google Search > TikTok > Null,0,0,3,TikTok,TikTok,
u02156,Start > Meta > Meta > Null,0,0,2,Meta,Meta,
u02157,Start > Meta > Google Search > Meta > Null,0,0,3,Meta,Meta,
u02158,Start > Google Search > TikTok > Meta > Null,0,0,3,Google Search,Meta,
u02159,Start > Google Search > Null,0,0,1,Google Search,Google Search,
u02160,Start > Meta > TikTok > Null,0,0,2,Meta,TikTok,
u02161,Start > TikTok > Meta > Null,0,0,2,TikTok,Meta,
u02162,Start > Meta > Meta > TikTok > Meta > TikTok > Conversion,1,696.05,5,Meta,TikTok,2026-02-09 19:49:00
u02163,Start > TikTok > Meta > Null,0,0,2,TikTok,Meta,
u02164,Start > Meta > TikTok > Null,0,0,2,Meta,TikTok,
u02165,Start > Meta > Email > Email > Google Search > Meta > Null,0,0,5,Meta,Meta,
u02166,Start > Google Search > Null,0,0,1,Google Search,Google Search,
u02167,Start > Meta > Null,0,0,1,Meta,Meta,
u02168,Start > TikTok > Null,0,0,1,TikTok,TikTok,
u02169,Start > Google Search > Email > Conversion,1,566.4,2,Google Search,Email,2026-02-05 03:32:00
u02170,Start > TikTok > Meta > Conversion,1,357.2,2,TikTok,Meta,2026-02-05 23:16:00
u02171,Start > TikTok > Email > Email > Null,0,0,3,TikTok,Email,
u02172,Start > TikTok > TikTok > Conversion,1,682.7,2,TikTok,TikTok,2026-02-18 17:42:00
u02173,Start > Google Search > TikTok > Meta > Null,0,0,3,Google Search,Meta,
u02174,Start > Meta > TikTok > Google Search > Conversion,1,548.15,3,Meta,Google Search,2026-02-18 19:00:00
u02175,Start > Meta > TikTok > Google Search > TikTok > Null,0,0,4,Meta,TikTok,
u02176,Start > Meta > Email > Null,0,0,2,Meta,Email,
u02177,Start > Email > Null,0,0,1,Email,Email,
u02178,Start > TikTok > Google Search > Conversion,1,943.45,2,TikTok,Google Search,2026-01-29 22:41:00
u02179,Start > Google Search > Google Search > Null,0,0,2,Google Search,Google Search,
u02180,Start > Meta > TikTok > Email > Google Search > Null,0,0,4,Meta,Google Search,
u02181,Start > TikTok > Google Search > Null,0,0,2,TikTok,Google Search,
u02182,Start > Meta > TikTok > Null,0,0,2,Meta,TikTok,
u02183,Start > TikTok > Meta > Meta > Conversion,1,383.9,3,TikTok,Meta,2026-02-04 21:52:00
u02184,Start > TikTok > Meta > Null,0,0,2,TikTok,Meta,
u02185,Start > TikTok > Null,0,0,1,TikTok,TikTok,
u02186,Start > Email > Null,0,0,1,Email,Email,
u02187,Start > TikTok > Null,0,0,1,TikTok,TikTok,
u02188,Start > Meta > Email > Conversion,1,340.45,2,Meta,Email,2026-02-20 10:30:00
u02189,Start > Meta > TikTok > TikTok > TikTok > Email > Null,0,0,5,Meta,Email,
u02190,Start > TikTok > Google Search > TikTok > Meta > Google Search > Conversion,1,937.85,5,TikTok,Google Search,2026-02-02 00:00:00
u02191,Start > Google Search > Null,0,0,1,Google Search,Google Search,
u02192,Start > TikTok > Null,0,0,1,TikTok,TikTok,
u02193,Start > TikTok > Meta > Meta > Null,0,0,3,TikTok,Meta,
u02194,Start > Meta > Meta > Google Search > Google Search > Email > Conversion,1,325.25,5,Meta,Email,2026-01-06 07:02:00
u02195,Start > Meta > Email > Meta > Null,0,0,3,Meta,Meta,
u02196,Start > Google Search > Meta > Null,0,0,2,Google Search,Meta,
u02197,Start > Meta > Meta > Google Search > Null,0,0,3,Meta,Google Search,
u02198,Start > TikTok > Conversion,1,519,1,TikTok,TikTok,2026-03-02 07:07:00
u02199,Start > Google Search > Meta > Google Search > Conversion,1,659.15,3,Google Search,Google Search,2026-01-07 07:13:00
u02200,Start > TikTok > Meta > Google Search > TikTok > Null,0,0,4,TikTok,TikTok,
u02201,Start > Google Search > Null,0,0,1,Google Search,Google Search,
u02202,Start > TikTok > TikTok > TikTok > Meta > Meta > Null,0,0,5,TikTok,Meta,
u02203,Start > Email > Null,0,0,1,Email,Email,
u02204,Start > TikTok > Google Search > Null,0,0,2,TikTok,Google Search,
u02205,Start > TikTok > Meta > Meta > Google Search > Null,0,0,4,TikTok,Google Search,
u02206,Start > Meta > Conversion,1,631.2,1,Meta,Meta,2026-01-17 02:12:00
u02207,Start > Email > Conversion,1,385.95,1,Email,Email,2026-01-20 20:47:00
u02208,Start > Meta > Meta > Null,0,0,2,Meta,Meta,
u02209,Start > Meta > Google Search > Null,0,0,2,Meta,Google Search,
u02210,Start > Google Search > TikTok > Null,0,0,2,Google Search,TikTok,
u02211,Start > TikTok > Null,0,0,1,TikTok,TikTok,
u02212,Start > TikTok > Email > Google Search > Null,0,0,3,TikTok,Google Search,
u02213,Start > TikTok > Google Search > Email > Null,0,0,3,TikTok,Email,
u02214,Start > TikTok > TikTok > Email > TikTok > Email > Conversion,1,609.2,5,TikTok,Email,2026-02-26 21:03:00
u02215,Start > Meta > Email > Meta > Google Search > Null,0,0,4,Meta,Google Search,
u02216,Start > TikTok > Google Search > TikTok > Conversion,1,575.5,3,TikTok,TikTok,2026-02-05 10:00:00
u02217,Start > TikTok > Email > Null,0,0,2,TikTok,Email,
u02218,Start > Meta > TikTok > Null,0,0,2,Meta,TikTok,
u02219,Start > Google Search > Google Search > Conversion,1,609.65,2,Google Search,Google Search,2026-02-11 22:27:00
u02220,Start > Meta > Email > Conversion,1,302.05,2,Meta,Email,2026-02-07 23:22:00
u02221,Start > Meta > Email > Email > TikTok > Meta > Null,0,0,5,Meta,Meta,
u02222,Start > Meta > Null,0,0,1,Meta,Meta,
u02223,Start > Google Search > TikTok > TikTok > Google Search > Google Search > Conversion,1,920.4,5,Google Search,Google Search,2026-03-05 04:27:00
u02224,Start > Google Search > Meta > Meta > Conversion,1,423.1,3,Google Search,Meta,2026-02-25 05:48:00
u02225,Start > TikTok > TikTok > TikTok > TikTok > Null,0,0,4,TikTok,TikTok,
u02226,Start > Meta > TikTok > Email > Google Search > Null,0,0,4,Meta,Google Search,
u02227,Start > Meta > TikTok > Null,0,0,2,Meta,TikTok,
u02228,Start > Google Search > Google Search > TikTok > Meta > Email > Conversion,1,440.75,5,Google Search,Email,2026-02-08 21:25:00
u02229,Start > Google Search > TikTok > Null,0,0,2,Google Search,TikTok,
u02230,Start > TikTok > Null,0,0,1,TikTok,TikTok,
u02231,Start > Google Search > Meta > Meta > TikTok > Conversion,1,474.25,4,Google Search,TikTok,2026-02-28 10:28:00
u02232,Start > Meta > Null,0,0,1,Meta,Meta,
u02233,Start > TikTok > Google Search > Email > Google Search > Conversion,1,885.05,4,TikTok,Google Search,2026-01-20 03:17:00
u02234,Start > Meta > Null,0,0,1,Meta,Meta,
u02235,Start > TikTok > TikTok > Email > Meta > TikTok > Null,0,0,5,TikTok,TikTok,
u02236,Start > Meta > Meta > TikTok > Null,0,0,3,Meta,TikTok,
u02237,Start > TikTok > Google Search > Email > Meta > Null,0,0,4,TikTok,Meta,
u02238,Start > TikTok > Meta > Google Search > Google Search > Null,0,0,4,TikTok,Google Search,
u02239,Start > TikTok > Null,0,0,1,TikTok,TikTok,
u02240,Start > TikTok > TikTok > Google Search > Google Search > Null,0,0,4,TikTok,Google Search,
u02241,Start > Google Search > Meta > TikTok > Email > Conversion,1,311.45,4,Google Search,Email,2026-02-26 18:39:00
u02242,Start > Meta > Email > Null,0,0,2,Meta,Email,
u02243,Start > TikTok > Google Search > Google Search > Null,0,0,3,TikTok,Google Search,
u02244,Start > TikTok > TikTok > Email > Google Search > Null,0,0,4,TikTok,Google Search,
u02245,Start > TikTok > Null,0,0,1,TikTok,TikTok,
u02246,Start > TikTok > Email > TikTok > Null,0,0,3,TikTok,TikTok,
u02247,Start > TikTok > Meta > Conversion,1,302.6,2,TikTok,Meta,2026-01-13 14:09:00
u02248,Start > TikTok > Google Search > Null,0,0,2,TikTok,Google Search,
u02249,Start > Meta > Google Search > Google Search > Null,0,0,3,Meta,Google Search,
u02250,Start > TikTok > Google Search > Email > Null,0,0,3,TikTok,Email,
u02251,Start > Meta > Email > Meta > Google Search > Meta > Null,0,0,5,Meta,Meta,
u02252,Start > TikTok > Google Search > Null,0,0,2,TikTok,Google Search,
u02253,Start > Meta > Google Search > Google Search > Null,0,0,3,Meta,Google Search,
u02254,Start > Meta > Meta > Conversion,1,506.5,2,Meta,Meta,2026-02-10 02:09:00
u02255,Start > TikTok > Meta > Null,0,0,2,TikTok,Meta,
u02256,Start > TikTok > Meta > TikTok > Null,0,0,3,TikTok,TikTok,
u02257,Start > Google Search > Null,0,0,1,Google Search,Google Search,
u02258,Start > TikTok > Google Search > Meta > Null,0,0,3,TikTok,Meta,
u02259,Start > Google Search > TikTok > Email > Null,0,0,3,Google Search,Email,
u02260,Start > Google Search > Meta > Meta > Google Search > Null,0,0,4,Google Search,Google Search,
u02261,Start > Meta > Email > Null,0,0,2,Meta,Email,
u02262,Start > TikTok > Meta > Null,0,0,2,TikTok,Meta,
u02263,Start > Meta > Null,0,0,1,Meta,Meta,
u02264,Start > TikTok > Email > Google Search > Google Search > Google Search > Null,0,0,5,TikTok,Google Search,
u02265,Start > Google Search > TikTok > Email > Conversion,1,541.7,3,Google Search,Email,2026-02-19 05:11:00
u02266,Start > Google Search > Null,0,0,1,Google Search,Google Search,
u02267,Start > TikTok > Google Search > Google Search > Null,0,0,3,TikTok,Google Search,
u02268,Start > Google Search > Conversion,1,605.05,1,Google Search,Google Search,2026-01-03 10:28:00
u02269,Start > Google Search > Conversion,1,787.75,1,Google Search,Google Search,2026-01-20 22:24:00
u02270,Start > TikTok > Meta > Google Search > Null,0,0,3,TikTok,Google Search,
u02271,Start > TikTok > Email > Null,0,0,2,TikTok,Email,
u02272,Start > Google Search > Null,0,0,1,Google Search,Google Search,
u02273,Start > Google Search > Google Search > Google Search > Null,0,0,3,Google Search,Google Search,
u02274,Start > Meta > Google Search > Google Search > TikTok > Null,0,0,4,Meta,TikTok,
u02275,Start > Meta > Google Search > TikTok > Google Search > Conversion,1,506.15,4,Meta,Google Search,2026-02-01 02:19:00
u02276,Start > TikTok > Email > Conversion,1,480.4,2,TikTok,Email,2026-01-03 07:40:00
u02277,Start > TikTok > TikTok > Email > Null,0,0,3,TikTok,Email,
u02278,Start > TikTok > Google Search > Google Search > Email > Meta > Conversion,1,617.7,5,TikTok,Meta,2026-02-22 23:24:00
u02279,Start > Google Search > Meta > TikTok > Conversion,1,513.75,3,Google Search,TikTok,2026-02-02 23:18:00
u02280,Start > Meta > Meta > Google Search > TikTok > Null,0,0,4,Meta,TikTok,
u02281,Start > Meta > Google Search > Email > Google Search > Null,0,0,4,Meta,Google Search,
u02282,Start > TikTok > Google Search > Conversion,1,907.35,2,TikTok,Google Search,2026-02-05 22:36:00
u02283,Start > TikTok > Meta > Conversion,1,463.65,2,TikTok,Meta,2026-01-27 03:16:00
u02284,Start > TikTok > TikTok > Meta > Null,0,0,3,TikTok,Meta,
u02285,Start > Google Search > Null,0,0,1,Google Search,Google Search,
u02286,Start > Email > Null,0,0,1,Email,Email,
u02287,Start > TikTok > TikTok > Google Search > Conversion,1,917.2,3,TikTok,Google Search,2026-02-24 19:14:00
u02288,Start > Meta > Meta > Meta > Null,0,0,3,Meta,Meta,
u02289,Start > Google Search > TikTok > Meta > Null,0,0,3,Google Search,Meta,
u02290,Start > Meta > Meta > Null,0,0,2,Meta,Meta,
u02291,Start > Google Search > Null,0,0,1,Google Search,Google Search,
u02292,Start > TikTok > TikTok > Null,0,0,2,TikTok,TikTok,
u02293,Start > Meta > Email > TikTok > Null,0,0,3,Meta,TikTok,
u02294,Start > TikTok > Google Search > Conversion,1,947.05,2,TikTok,Google Search,2026-01-08 14:32:00
u02295,Start > Meta > TikTok > Null,0,0,2,Meta,TikTok,
u02296,Start > TikTok > Google Search > TikTok > Null,0,0,3,TikTok,TikTok,
u02297,Start > Meta > TikTok > Email > Conversion,1,528,3,Meta,Email,2026-02-25 07:19:00
u02298,Start > TikTok > TikTok > TikTok > Null,0,0,3,TikTok,TikTok,
u02299,Start > Google Search > Null,0,0,1,Google Search,Google Search,
u02300,Start > Google Search > TikTok > Email > Null,0,0,3,Google Search,Email,
u02301,Start > TikTok > TikTok > Google Search > Google Search > Meta > Conversion,1,424.8,5,TikTok,Meta,2026-03-04 02:50:00
u02302,Start > TikTok > TikTok > Meta > TikTok > Meta > Null,0,0,5,TikTok,Meta,
u02303,Start > Meta > TikTok > TikTok > Meta > Google Search > Null,0,0,5,Meta,Google Search,
u02304,Start > TikTok > Meta > Null,0,0,2,TikTok,Meta,
u02305,Start > Meta > Email > Google Search > Null,0,0,3,Meta,Google Search,
u02306,Start > Meta > Null,0,0,1,Meta,Meta,
u02307,Start > Google Search > TikTok > Conversion,1,597.9,2,Google Search,TikTok,2026-01-08 14:15:00
u02308,Start > TikTok > Google Search > Meta > TikTok > Null,0,0,4,TikTok,TikTok,
u02309,Start > TikTok > TikTok > Google Search > Conversion,1,532.35,3,TikTok,Google Search,2026-02-01 16:38:00
u02310,Start > TikTok > Email > Null,0,0,2,TikTok,Email,
u02311,Start > Meta > Email > Null,0,0,2,Meta,Email,
u02312,Start > Google Search > Null,0,0,1,Google Search,Google Search,
u02313,Start > Meta > Google Search > Google Search > Conversion,1,752.4,3,Meta,Google Search,2026-01-27 16:13:00
u02314,Start > Google Search > Null,0,0,1,Google Search,Google Search,
u02315,Start > TikTok > TikTok > Null,0,0,2,TikTok,TikTok,
u02316,Start > Meta > TikTok > Null,0,0,2,Meta,TikTok,
u02317,Start > TikTok > TikTok > Null,0,0,2,TikTok,TikTok,
u02318,Start > TikTok > TikTok > Meta > Conversion,1,543.7,3,TikTok,Meta,2026-02-27 04:59:00
u02319,Start > Meta > Meta > Null,0,0,2,Meta,Meta,
u02320,Start > Google Search > Email > Google Search > Null,0,0,3,Google Search,Google Search,
u02321,Start > Meta > TikTok > Null,0,0,2,Meta,TikTok,
u02322,Start > TikTok > Google Search > Null,0,0,2,TikTok,Google Search,
u02323,Start > TikTok > TikTok > Meta > Conversion,1,307.5,3,TikTok,Meta,2026-01-09 11:39:00
u02324,Start > TikTok > Meta > Meta > Conversion,1,505.6,3,TikTok,Meta,2026-01-23 06:23:00
u02325,Start > Google Search > Google Search > Null,0,0,2,Google Search,Google Search,
u02326,Start > TikTok > Google Search > Meta > Meta > Meta > Null,0,0,5,TikTok,Meta,
u02327,Start > Google Search > Meta > Null,0,0,2,Google Search,Meta,
u02328,Start > TikTok > TikTok > Null,0,0,2,TikTok,TikTok,
u02329,Start > TikTok > TikTok > Google Search > Email > Null,0,0,4,TikTok,Email,
u02330,Start > Meta > Google Search > TikTok > Null,0,0,3,Meta,TikTok,
u02331,Start > TikTok > Google Search > Google Search > Null,0,0,3,TikTok,Google Search,
u02332,Start > Meta > Meta > TikTok > Null,0,0,3,Meta,TikTok,
u02333,Start > Meta > Google Search > TikTok > TikTok > Null,0,0,4,Meta,TikTok,
u02334,Start > TikTok > TikTok > Google Search > Meta > TikTok > Null,0,0,5,TikTok,TikTok,
u02335,Start > TikTok > Meta > Google Search > Null,0,0,3,TikTok,Google Search,
u02336,Start > TikTok > Null,0,0,1,TikTok,TikTok,
u02337,Start > Meta > TikTok > Meta > Email > Null,0,0,4,Meta,Email,
u02338,Start > Meta > TikTok > Meta > Google Search > Null,0,0,4,Meta,Google Search,
u02339,Start > Google Search > TikTok > Google Search > Email > Meta > Conversion,1,646.3,5,Google Search,Meta,2026-02-24 16:52:00
u02340,Start > Google Search > TikTok > Email > Meta > Google Search > Conversion,1,640.4,5,Google Search,Google Search,2026-01-11 07:10:00
u02341,Start > Google Search > Meta > Null,0,0,2,Google Search,Meta,
u02342,Start > TikTok > TikTok > TikTok > Conversion,1,440.1,3,TikTok,TikTok,2026-02-12 21:44:00
u02343,Start > Meta > Google Search > Email > Null,0,0,3,Meta,Email,
u02344,Start > Google Search > Null,0,0,1,Google Search,Google Search,
u02345,Start > TikTok > Meta > TikTok > Conversion,1,561.6,3,TikTok,TikTok,2026-01-21 01:07:00
u02346,Start > Google Search > Google Search > TikTok > Google Search > Null,0,0,4,Google Search,Google Search,
u02347,Start > Google Search > TikTok > TikTok > Null,0,0,3,Google Search,TikTok,
u02348,Start > TikTok > Email > Google Search > Null,0,0,3,TikTok,Google Search,
u02349,Start > TikTok > Google Search > Conversion,1,617.85,2,TikTok,Google Search,2026-02-21 11:50:00
u02350,Start > TikTok > Meta > Null,0,0,2,TikTok,Meta,
u02351,Start > TikTok > Google Search > Conversion,1,669.95,2,TikTok,Google Search,2026-02-12 15:18:00
u02352,Start > Google Search > Google Search > Google Search > Null,0,0,3,Google Search,Google Search,
u02353,Start > TikTok > Meta > Email > Null,0,0,3,TikTok,Email,
u02354,Start > Email > Null,0,0,1,Email,Email,
u02355,Start > Meta > Email > Meta > Null,0,0,3,Meta,Meta,
u02356,Start > Meta > TikTok > Null,0,0,2,Meta,TikTok,
u02357,Start > TikTok > Google Search > Conversion,1,912.35,2,TikTok,Google Search,2026-02-25 17:51:00
u02358,Start > Google Search > Email > Meta > Meta > Conversion,1,537.1,4,Google Search,Meta,2026-01-10 00:54:00
u02359,Start > Meta > Null,0,0,1,Meta,Meta,
u02360,Start > Meta > Meta > Null,0,0,2,Meta,Meta,
u02361,Start > TikTok > Meta > Null,0,0,2,TikTok,Meta,
u02362,Start > TikTok > Email > Google Search > Null,0,0,3,TikTok,Google Search,
u02363,Start > Meta > TikTok > Google Search > Null,0,0,3,Meta,Google Search,
u02364,Start > Meta > Null,0,0,1,Meta,Meta,
u02365,Start > TikTok > Meta > Meta > Google Search > Null,0,0,4,TikTok,Google Search,
u02366,Start > Google Search > Null,0,0,1,Google Search,Google Search,
u02367,Start > TikTok > Null,0,0,1,TikTok,TikTok,
u02368,Start > Meta > TikTok > Meta > Null,0,0,3,Meta,Meta,
u02369,Start > TikTok > Null,0,0,1,TikTok,TikTok,
u02370,Start > Google Search > Meta > Conversion,1,593.55,2,Google Search,Meta,2026-01-16 14:45:00
u02371,Start > TikTok > Meta > Email > Conversion,1,493.75,3,TikTok,Email,2026-01-23 00:00:00
u02372,Start > TikTok > Google Search > TikTok > Null,0,0,3,TikTok,TikTok,
u02373,Start > Meta > TikTok > Google Search > Null,0,0,3,Meta,Google Search,
u02374,Start > Meta > Meta > Email > Null,0,0,3,Meta,Email,
u02375,Start > Email > Null,0,0,1,Email,Email,
u02376,Start > Meta > Google Search > Meta > Google Search > Conversion,1,662.15,4,Meta,Google Search,2026-02-17 11:52:00
u02377,Start > TikTok > Google Search > Meta > Conversion,1,658.5,3,TikTok,Meta,2026-01-09 16:08:00
u02378,Start > TikTok > Email > Google Search > Meta > Null,0,0,4,TikTok,Meta,
u02379,Start > TikTok > Meta > Null,0,0,2,TikTok,Meta,
u02380,Start > Google Search > Google Search > Null,0,0,2,Google Search,Google Search,
u02381,Start > TikTok > Meta > Null,0,0,2,TikTok,Meta,
u02382,Start > TikTok > Null,0,0,1,TikTok,TikTok,
u02383,Start > Meta > Google Search > Null,0,0,2,Meta,Google Search,
u02384,Start > Google Search > Null,0,0,1,Google Search,Google Search,
u02385,Start > Google Search > Google Search > Null,0,0,2,Google Search,Google Search,
u02386,Start > Google Search > Meta > Conversion,1,320.65,2,Google Search,Meta,2026-02-11 19:31:00
u02387,Start > TikTok > TikTok > TikTok > Null,0,0,3,TikTok,TikTok,
u02388,Start > TikTok > Email > Google Search > Null,0,0,3,TikTok,Google Search,
u02389,Start > Google Search > Null,0,0,1,Google Search,Google Search,
u02390,Start > Email > Null,0,0,1,Email,Email,
u02391,Start > TikTok > Email > TikTok > Conversion,1,644.65,3,TikTok,TikTok,2026-02-21 06:54:00
u02392,Start > Google Search > Google Search > Conversion,1,835.75,2,Google Search,Google Search,2026-02-10 10:37:00
u02393,Start > Meta > Meta > TikTok > Null,0,0,3,Meta,TikTok,
u02394,Start > TikTok > TikTok > Null,0,0,2,TikTok,TikTok,
u02395,Start > Meta > Google Search > Meta > Conversion,1,317.4,3,Meta,Meta,2026-02-12 03:38:00
u02396,Start > Email > Null,0,0,1,Email,Email,
u02397,Start > Meta > Meta > Null,0,0,2,Meta,Meta,
u02398,Start > TikTok > Null,0,0,1,TikTok,TikTok,
u02399,Start > TikTok > Google Search > Null,0,0,2,TikTok,Google Search,
u02400,Start > Meta > TikTok > Null,0,0,2,Meta,TikTok,
u02401,Start > TikTok > TikTok > Google Search > TikTok > Null,0,0,4,TikTok,TikTok,
u02402,Start > TikTok > Conversion,1,521.85,1,TikTok,TikTok,2026-01-14 06:25:00
u02403,Start > TikTok > TikTok > Google Search > Google Search > Null,0,0,4,TikTok,Google Search,
u02404,Start > TikTok > Meta > TikTok > Null,0,0,3,TikTok,TikTok,
u02405,Start > Meta > Google Search > TikTok > TikTok > Conversion,1,582,4,Meta,TikTok,2026-01-08 07:27:00
u02406,Start > Meta > TikTok > Null,0,0,2,Meta,TikTok,
u02407,Start > Meta > Email > Null,0,0,2,Meta,Email,
u02408,Start > Meta > TikTok > Meta > Conversion,1,365.35,3,Meta,Meta,2026-01-16 10:05:00
u02409,Start > TikTok > Google Search > Null,0,0,2,TikTok,Google Search,
u02410,Start > TikTok > Meta > Conversion,1,411.8,2,TikTok,Meta,2026-01-15 19:17:00
u02411,Start > Meta > TikTok > Email > Null,0,0,3,Meta,Email,
u02412,Start > Meta > Meta > Meta > Null,0,0,3,Meta,Meta,
u02413,Start > Meta > Google Search > Meta > Google Search > Null,0,0,4,Meta,Google Search,
u02414,Start > TikTok > TikTok > Google Search > Null,0,0,3,TikTok,Google Search,
u02415,Start > Google Search > Meta > Null,0,0,2,Google Search,Meta,
u02416,Start > Google Search > Meta > TikTok > Google Search > Conversion,1,509.9,4,Google Search,Google Search,2026-01-31 06:42:00
u02417,Start > Google Search > Google Search > Null,0,0,2,Google Search,Google Search,
u02418,Start > Meta > Meta > Null,0,0,2,Meta,Meta,
u02419,Start > Meta > Google Search > TikTok > Conversion,1,461.8,3,Meta,TikTok,2026-02-01 22:49:00
u02420,Start > TikTok > Null,0,0,1,TikTok,TikTok,
u02421,Start > Meta > Meta > Conversion,1,620.3,2,Meta,Meta,2026-01-20 15:26:00
u02422,Start > Meta > Meta > TikTok > Null,0,0,3,Meta,TikTok,
u02423,Start > Meta > Google Search > TikTok > Google Search > Meta > Conversion,1,439.1,5,Meta,Meta,2026-01-21 11:20:00
u02424,Start > TikTok > TikTok > TikTok > Google Search > Null,0,0,4,TikTok,Google Search,
u02425,Start > Meta > Google Search > Google Search > Google Search > Google Search > Null,0,0,5,Meta,Google Search,
u02426,Start > Google Search > Meta > TikTok > Conversion,1,524.95,3,Google Search,TikTok,2026-02-19 14:06:00
u02427,Start > Google Search > TikTok > Null,0,0,2,Google Search,TikTok,
u02428,Start > Meta > TikTok > Null,0,0,2,Meta,TikTok,
u02429,Start > Meta > Null,0,0,1,Meta,Meta,
u02430,Start > TikTok > Meta > Email > Conversion,1,294.15,3,TikTok,Email,2026-02-27 21:49:00
u02431,Start > Meta > Google Search > TikTok > Null,0,0,3,Meta,TikTok,
u02432,Start > Meta > TikTok > Google Search > Conversion,1,474,3,Meta,Google Search,2026-01-30 06:40:00
u02433,Start > Meta > Google Search > Null,0,0,2,Meta,Google Search,
u02434,Start > TikTok > Meta > Google Search > Null,0,0,3,TikTok,Google Search,
u02435,Start > Meta > Meta > Meta > TikTok > Google Search > Null,0,0,5,Meta,Google Search,
u02436,Start > TikTok > Meta > Meta > Null,0,0,3,TikTok,Meta,
u02437,Start > TikTok > Google Search > Conversion,1,569.65,2,TikTok,Google Search,2026-01-08 19:46:00
u02438,Start > Meta > Meta > Google Search > Null,0,0,3,Meta,Google Search,
u02439,Start > Google Search > Google Search > Meta > Null,0,0,3,Google Search,Meta,
u02440,Start > Google Search > Null,0,0,1,Google Search,Google Search,
u02441,Start > Google Search > Email > Email > Null,0,0,3,Google Search,Email,
u02442,Start > TikTok > Google Search > Null,0,0,2,TikTok,Google Search,
u02443,Start > Meta > Meta > Google Search > Conversion,1,649.75,3,Meta,Google Search,2026-01-25 09:02:00
u02444,Start > TikTok > Google Search > Meta > Google Search > Google Search > Null,0,0,5,TikTok,Google Search,
u02445,Start > Meta > TikTok > TikTok > Null,0,0,3,Meta,TikTok,
u02446,Start > TikTok > TikTok > Null,0,0,2,TikTok,TikTok,
u02447,Start > TikTok > Null,0,0,1,TikTok,TikTok,
u02448,Start > TikTok > Email > Email > Null,0,0,3,TikTok,Email,
u02449,Start > TikTok > Email > TikTok > Google Search > Meta > Null,0,0,5,TikTok,Meta,
u02450,Start > TikTok > Email > TikTok > TikTok > Null,0,0,4,TikTok,TikTok,
u02451,Start > TikTok > TikTok > Null,0,0,2,TikTok,TikTok,
u02452,Start > Meta > Conversion,1,464.95,1,Meta,Meta,2026-02-14 02:12:00
u02453,Start > Google Search > Meta > TikTok > Google Search > Google Search > Null,0,0,5,Google Search,Google Search,
u02454,Start > Meta > Meta > Meta > Null,0,0,3,Meta,Meta,
u02455,Start > TikTok > Google Search > Email > Conversion,1,541.4,3,TikTok,Email,2026-01-28 21:19:00
u02456,Start > Google Search > TikTok > Email > Null,0,0,3,Google Search,Email,
u02457,Start > Meta > Google Search > Meta > Null,0,0,3,Meta,Meta,
u02458,Start > Meta > Meta > TikTok > Null,0,0,3,Meta,TikTok,
u02459,Start > TikTok > TikTok > Meta > Meta > Null,0,0,4,TikTok,Meta,
u02460,Start > Meta > Meta > Google Search > Null,0,0,3,Meta,Google Search,
u02461,Start > Google Search > Meta > TikTok > Google Search > TikTok > Null,0,0,5,Google Search,TikTok,
u02462,Start > Meta > Email > Google Search > Email > Meta > Conversion,1,639.1,5,Meta,Meta,2026-01-25 16:17:00
u02463,Start > Email > Null,0,0,1,Email,Email,
u02464,Start > TikTok > Null,0,0,1,TikTok,TikTok,
u02465,Start > Meta > Email > Null,0,0,2,Meta,Email,
u02466,Start > TikTok > Null,0,0,1,TikTok,TikTok,
u02467,Start > Google Search > Meta > Meta > Meta > Null,0,0,4,Google Search,Meta,
u02468,Start > TikTok > Google Search > Email > Google Search > TikTok > Null,0,0,5,TikTok,TikTok,
u02469,Start > TikTok > Google Search > Email > Null,0,0,3,TikTok,Email,
u02470,Start > Google Search > Null,0,0,1,Google Search,Google Search,
u02471,Start > Meta > TikTok > Email > Meta > Null,0,0,4,Meta,Meta,
u02472,Start > Google Search > Email > Google Search > Null,0,0,3,Google Search,Google Search,
u02473,Start > Google Search > Email > Null,0,0,2,Google Search,Email,
u02474,Start > TikTok > Google Search > Null,0,0,2,TikTok,Google Search,
u02475,Start > Meta > Email > Conversion,1,593.4,2,Meta,Email,2026-01-27 12:30:00
u02476,Start > TikTok > Email > Null,0,0,2,TikTok,Email,
u02477,Start > TikTok > TikTok > TikTok > Conversion,1,742.9,3,TikTok,TikTok,2026-01-10 08:36:00
u02478,Start > TikTok > Google Search > TikTok > Meta > Null,0,0,4,TikTok,Meta,
u02479,Start > TikTok > TikTok > Null,0,0,2,TikTok,TikTok,
u02480,Start > TikTok > Null,0,0,1,TikTok,TikTok,
u02481,Start > TikTok > Null,0,0,1,TikTok,TikTok,
u02482,Start > TikTok > Email > Email > Conversion,1,379.3,3,TikTok,Email,2026-02-05 16:16:00
u02483,Start > TikTok > Null,0,0,1,TikTok,TikTok,
u02484,Start > TikTok > Null,0,0,1,TikTok,TikTok,
u02485,Start > TikTok > Google Search > TikTok > Meta > Meta > Null,0,0,5,TikTok,Meta,
u02486,Start > Meta > Meta > Meta > TikTok > TikTok > Null,0,0,5,Meta,TikTok,
u02487,Start > Google Search > Null,0,0,1,Google Search,Google Search,
u02488,Start > TikTok > Google Search > Null,0,0,2,TikTok,Google Search,
u02489,Start > TikTok > Meta > TikTok > Null,0,0,3,TikTok,TikTok,
u02490,Start > Meta > TikTok > Null,0,0,2,Meta,TikTok,
u02491,Start > TikTok > Meta > Meta > Null,0,0,3,TikTok,Meta,
u02492,Start > TikTok > Null,0,0,1,TikTok,TikTok,
u02493,Start > Meta > Google Search > Null,0,0,2,Meta,Google Search,
u02494,Start > TikTok > Email > Meta > Null,0,0,3,TikTok,Meta,
u02495,Start > Meta > Google Search > Conversion,1,779.1,2,Meta,Google Search,2026-02-11 19:51:00
u02496,Start > Email > Null,0,0,1,Email,Email,
u02497,Start > Meta > TikTok > Google Search > TikTok > Google Search > Conversion,1,635.05,5,Meta,Google Search,2026-01-13 17:21:00
u02498,Start > Meta > Meta > Meta > Email > Meta > Conversion,1,558.45,5,Meta,Meta,2026-01-21 21:58:00
u02499,Start > TikTok > TikTok > Null,0,0,2,TikTok,TikTok,
u02500,Start > Meta > Meta > Null,0,0,2,Meta,Meta,
u02501,Start > TikTok > Email > Null,0,0,2,TikTok,Email,
u02502,Start > TikTok > TikTok > Meta > Google Search > Null,0,0,4,TikTok,Google Search,
u02503,Start > TikTok > Email > Conversion,1,429.1,2,TikTok,Email,2026-01-04 09:19:00
u02504,Start > Meta > Google Search > Null,0,0,2,Meta,Google Search,
u02505,Start > TikTok > Meta > TikTok > Google Search > Null,0,0,4,TikTok,Google Search,
u02506,Start > Meta > TikTok > TikTok > Conversion,1,488.95,3,Meta,TikTok,2026-02-03 18:36:00
u02507,Start > Meta > Meta > Meta > Null,0,0,3,Meta,Meta,
u02508,Start > TikTok > TikTok > Null,0,0,2,TikTok,TikTok,
u02509,Start > Google Search > Meta > Meta > Meta > Conversion,1,672.45,4,Google Search,Meta,2026-01-28 08:16:00
u02510,Start > Google Search > TikTok > Null,0,0,2,Google Search,TikTok,
u02511,Start > TikTok > Null,0,0,1,TikTok,TikTok,
u02512,Start > TikTok > Meta > Meta > Meta > Google Search > Null,0,0,5,TikTok,Google Search,
u02513,Start > TikTok > Email > Null,0,0,2,TikTok,Email,
u02514,Start > Meta > Google Search > Null,0,0,2,Meta,Google Search,
u02515,Start > Meta > Null,0,0,1,Meta,Meta,
u02516,Start > Google Search > Meta > Conversion,1,394.15,2,Google Search,Meta,2026-02-15 18:09:00
u02517,Start > TikTok > Meta > Meta > TikTok > Null,0,0,4,TikTok,TikTok,
u02518,Start > TikTok > Meta > Conversion,1,499.85,2,TikTok,Meta,2026-03-04 12:33:00
u02519,Start > Meta > Google Search > Meta > Conversion,1,447.7,3,Meta,Meta,2026-02-16 03:55:00
u02520,Start > TikTok > Null,0,0,1,TikTok,TikTok,
u02521,Start > TikTok > Null,0,0,1,TikTok,TikTok,
u02522,Start > TikTok > Google Search > Conversion,1,699.35,2,TikTok,Google Search,2026-02-23 19:40:00
u02523,Start > TikTok > Meta > Google Search > Null,0,0,3,TikTok,Google Search,
u02524,Start > Meta > Meta > Google Search > Null,0,0,3,Meta,Google Search,
u02525,Start > Meta > Null,0,0,1,Meta,Meta,
u02526,Start > TikTok > Meta > Google Search > Meta > Email > Conversion,1,575.35,5,TikTok,Email,2026-01-12 19:50:00
u02527,Start > Meta > Meta > Google Search > Email > Null,0,0,4,Meta,Email,
u02528,Start > Meta > Email > Google Search > Null,0,0,3,Meta,Google Search,
u02529,Start > Meta > Null,0,0,1,Meta,Meta,
u02530,Start > TikTok > Null,0,0,1,TikTok,TikTok,
u02531,Start > Meta > Google Search > Conversion,1,936.65,2,Meta,Google Search,2026-01-15 14:00:00
u02532,Start > TikTok > Meta > Conversion,1,367.3,2,TikTok,Meta,2026-01-04 13:43:00
u02533,Start > TikTok > Email > Meta > Null,0,0,3,TikTok,Meta,
u02534,Start > Meta > Null,0,0,1,Meta,Meta,
u02535,Start > Meta > Email > Google Search > TikTok > Conversion,1,575.7,4,Meta,TikTok,2026-01-23 14:01:00
u02536,Start > Meta > TikTok > Email > Meta > Google Search > Conversion,1,684.8,5,Meta,Google Search,2026-02-22 22:21:00
u02537,Start > Google Search > Null,0,0,1,Google Search,Google Search,
u02538,Start > TikTok > Google Search > Null,0,0,2,TikTok,Google Search,
u02539,Start > Google Search > Google Search > Email > Null,0,0,3,Google Search,Email,
u02540,Start > TikTok > TikTok > Meta > TikTok > TikTok > Null,0,0,5,TikTok,TikTok,
u02541,Start > TikTok > Meta > Meta > Null,0,0,3,TikTok,Meta,
u02542,Start > Meta > Email > Null,0,0,2,Meta,Email,
u02543,Start > TikTok > Meta > Meta > Null,0,0,3,TikTok,Meta,
u02544,Start > Google Search > Meta > Google Search > Google Search > Meta > Null,0,0,5,Google Search,Meta,
u02545,Start > Meta > Email > Conversion,1,373.7,2,Meta,Email,2026-01-13 02:28:00
u02546,Start > Meta > Email > Null,0,0,2,Meta,Email,
u02547,Start > TikTok > Google Search > Null,0,0,2,TikTok,Google Search,
u02548,Start > TikTok > Null,0,0,1,TikTok,TikTok,
u02549,Start > Meta > TikTok > Conversion,1,596.75,2,Meta,TikTok,2026-02-10 06:27:00
u02550,Start > Meta > Google Search > Conversion,1,862.35,2,Meta,Google Search,2026-01-27 11:32:00
u02551,Start > Meta > Meta > Meta > Google Search > Null,0,0,4,Meta,Google Search,
u02552,Start > Meta > Email > Meta > Null,0,0,3,Meta,Meta,
u02553,Start > Meta > Meta > TikTok > Meta > TikTok > Null,0,0,5,Meta,TikTok,
u02554,Start > Google Search > Null,0,0,1,Google Search,Google Search,
u02555,Start > Google Search > Google Search > Google Search > Null,0,0,3,Google Search,Google Search,
u02556,Start > TikTok > Null,0,0,1,TikTok,TikTok,
u02557,Start > Google Search > Null,0,0,1,Google Search,Google Search,
u02558,Start > Google Search > TikTok > Email > Meta > TikTok > Null,0,0,5,Google Search,TikTok,
u02559,Start > Google Search > Google Search > Email > Email > Google Search > Null,0,0,5,Google Search,Google Search,
u02560,Start > Google Search > Null,0,0,1,Google Search,Google Search,
u02561,Start > TikTok > TikTok > Google Search > Conversion,1,477.9,3,TikTok,Google Search,2026-01-17 12:40:00
u02562,Start > Google Search > Google Search > TikTok > TikTok > Conversion,1,420.85,4,Google Search,TikTok,2026-02-23 04:26:00
u02563,Start > Google Search > Null,0,0,1,Google Search,Google Search,
u02564,Start > Google Search > Google Search > Null,0,0,2,Google Search,Google Search,
u02565,Start > Meta > Email > Null,0,0,2,Meta,Email,
u02566,Start > TikTok > Meta > Conversion,1,649.05,2,TikTok,Meta,2026-02-19 03:30:00
u02567,Start > TikTok > Google Search > TikTok > Null,0,0,3,TikTok,TikTok,
u02568,Start > Google Search > Null,0,0,1,Google Search,Google Search,
u02569,Start > Meta > TikTok > Google Search > Google Search > Conversion,1,786.45,4,Meta,Google Search,2026-01-17 14:24:00
u02570,Start > TikTok > Email > Meta > Null,0,0,3,TikTok,Meta,
u02571,Start > Meta > TikTok > Google Search > Null,0,0,3,Meta,Google Search,
u02572,Start > TikTok > Meta > TikTok > Null,0,0,3,TikTok,TikTok,
u02573,Start > Meta > Meta > Meta > Null,0,0,3,Meta,Meta,
u02574,Start > TikTok > Meta > Null,0,0,2,TikTok,Meta,
u02575,Start > Meta > Email > Email > Email > Null,0,0,4,Meta,Email,
u02576,Start > Google Search > Meta > Conversion,1,449.85,2,Google Search,Meta,2026-01-23 23:23:00
u02577,Start > Meta > Null,0,0,1,Meta,Meta,
u02578,Start > Email > Null,0,0,1,Email,Email,
u02579,Start > Meta > Email > Google Search > Null,0,0,3,Meta,Google Search,
u02580,Start > TikTok > Google Search > Google Search > Null,0,0,3,TikTok,Google Search,
u02581,Start > Meta > TikTok > Meta > Google Search > Null,0,0,4,Meta,Google Search,
u02582,Start > Meta > Email > Google Search > Null,0,0,3,Meta,Google Search,
u02583,Start > TikTok > TikTok > Null,0,0,2,TikTok,TikTok,
u02584,Start > Google Search > Google Search > Google Search > Meta > TikTok > Null,0,0,5,Google Search,TikTok,
u02585,Start > TikTok > Null,0,0,1,TikTok,TikTok,
u02586,Start > TikTok > Google Search > Null,0,0,2,TikTok,Google Search,
u02587,Start > Meta > Meta > Null,0,0,2,Meta,Meta,
u02588,Start > TikTok > Google Search > TikTok > Conversion,1,452.85,3,TikTok,TikTok,2026-01-22 11:05:00
u02589,Start > TikTok > Null,0,0,1,TikTok,TikTok,
u02590,Start > Meta > Meta > Null,0,0,2,Meta,Meta,
u02591,Start > TikTok > TikTok > Email > TikTok > Google Search > Null,0,0,5,TikTok,Google Search,
u02592,Start > TikTok > Meta > TikTok > Email > Null,0,0,4,TikTok,Email,
u02593,Start > Email > Null,0,0,1,Email,Email,
u02594,Start > Meta > Null,0,0,1,Meta,Meta,
u02595,Start > Meta > Google Search > Email > Null,0,0,3,Meta,Email,
u02596,Start > Meta > Email > Meta > TikTok > Meta > Conversion,1,596.2,5,Meta,Meta,2026-01-18 04:26:00
u02597,Start > TikTok > TikTok > Null,0,0,2,TikTok,TikTok,
u02598,Start > TikTok > Meta > Google Search > Email > Meta > Null,0,0,5,TikTok,Meta,
u02599,Start > Meta > Meta > Google Search > TikTok > Meta > Null,0,0,5,Meta,Meta,
u02600,Start > Meta > Meta > Null,0,0,2,Meta,Meta,
u02601,Start > TikTok > Meta > Null,0,0,2,TikTok,Meta,
u02602,Start > Google Search > Google Search > TikTok > Null,0,0,3,Google Search,TikTok,
u02603,Start > TikTok > Null,0,0,1,TikTok,TikTok,
u02604,Start > Google Search > Null,0,0,1,Google Search,Google Search,
u02605,Start > Google Search > TikTok > Email > Meta > Email > Conversion,1,488.95,5,Google Search,Email,2026-01-18 07:01:00
u02606,Start > Meta > Meta > TikTok > Conversion,1,399.15,3,Meta,TikTok,2026-01-14 18:11:00
u02607,Start > Google Search > TikTok > Null,0,0,2,Google Search,TikTok,
u02608,Start > Meta > Google Search > Meta > Null,0,0,3,Meta,Meta,
u02609,Start > Meta > Google Search > Meta > Null,0,0,3,Meta,Meta,
u02610,Start > Meta > TikTok > Google Search > Email > Null,0,0,4,Meta,Email,
u02611,Start > Google Search > TikTok > Conversion,1,709.9,2,Google Search,TikTok,2026-01-10 02:06:00
u02612,Start > Google Search > Meta > Google Search > Meta > Null,0,0,4,Google Search,Meta,
u02613,Start > TikTok > Google Search > Email > Meta > Google Search > Conversion,1,759.55,5,TikTok,Google Search,2026-02-25 06:33:00
u02614,Start > TikTok > Meta > Null,0,0,2,TikTok,Meta,
u02615,Start > TikTok > TikTok > Null,0,0,2,TikTok,TikTok,
u02616,Start > Meta > Google Search > Null,0,0,2,Meta,Google Search,
u02617,Start > TikTok > Null,0,0,1,TikTok,TikTok,
u02618,Start > Meta > Meta > Google Search > TikTok > Email > Null,0,0,5,Meta,Email,
u02619,Start > Google Search > TikTok > TikTok > TikTok > TikTok > Conversion,1,364.4,5,Google Search,TikTok,2026-01-12 02:22:00
u02620,Start > TikTok > Meta > Email > TikTok > Meta > Null,0,0,5,TikTok,Meta,
u02621,Start > Google Search > Email > TikTok > TikTok > Meta > Null,0,0,5,Google Search,Meta,
u02622,Start > TikTok > Google Search > Null,0,0,2,TikTok,Google Search,
u02623,Start > Email > Conversion,1,352.8,1,Email,Email,2026-02-26 21:18:00
u02624,Start > TikTok > Meta > Null,0,0,2,TikTok,Meta,
u02625,Start > Google Search > Google Search > Null,0,0,2,Google Search,Google Search,
u02626,Start > Google Search > Google Search > Meta > Meta > Conversion,1,354.6,4,Google Search,Meta,2026-02-22 20:42:00
u02627,Start > TikTok > Meta > Null,0,0,2,TikTok,Meta,
u02628,Start > Google Search > Email > Google Search > Null,0,0,3,Google Search,Google Search,
u02629,Start > Meta > Google Search > Google Search > Conversion,1,750.05,3,Meta,Google Search,2026-01-10 11:02:00
u02630,Start > Meta > Google Search > TikTok > Null,0,0,3,Meta,TikTok,
u02631,Start > Meta > Meta > Google Search > TikTok > Null,0,0,4,Meta,TikTok,
u02632,Start > Google Search > Email > Meta > Conversion,1,344.8,3,Google Search,Meta,2026-01-25 03:55:00
u02633,Start > Meta > Google Search > Meta > Meta > Google Search > Null,0,0,5,Meta,Google Search,
u02634,Start > Email > Null,0,0,1,Email,Email,
u02635,Start > Google Search > Null,0,0,1,Google Search,Google Search,
u02636,Start > Meta > Google Search > Meta > Null,0,0,3,Meta,Meta,
u02637,Start > TikTok > Meta > Null,0,0,2,TikTok,Meta,
u02638,Start > Meta > Google Search > Null,0,0,2,Meta,Google Search,
u02639,Start > TikTok > Null,0,0,1,TikTok,TikTok,
u02640,Start > Meta > Meta > TikTok > Meta > Null,0,0,4,Meta,Meta,
u02641,Start > TikTok > TikTok > Null,0,0,2,TikTok,TikTok,
u02642,Start > TikTok > TikTok > Null,0,0,2,TikTok,TikTok,
u02643,Start > TikTok > Google Search > Meta > Email > Meta > Conversion,1,586.65,5,TikTok,Meta,2026-02-11 19:28:00
u02644,Start > Google Search > Null,0,0,1,Google Search,Google Search,
u02645,Start > Google Search > Conversion,1,774,1,Google Search,Google Search,2026-02-24 13:17:00
u02646,Start > TikTok > Email > TikTok > Meta > Meta > Null,0,0,5,TikTok,Meta,
u02647,Start > TikTok > Google Search > Null,0,0,2,TikTok,Google Search,
u02648,Start > Meta > Meta > Null,0,0,2,Meta,Meta,
u02649,Start > Google Search > Google Search > Null,0,0,2,Google Search,Google Search,
u02650,Start > TikTok > Email > Null,0,0,2,TikTok,Email,
u02651,Start > Meta > Meta > Google Search > Null,0,0,3,Meta,Google Search,
u02652,Start > Meta > Null,0,0,1,Meta,Meta,
u02653,Start > TikTok > TikTok > Meta > Conversion,1,398.4,3,TikTok,Meta,2026-01-30 00:55:00
u02654,Start > Meta > Meta > TikTok > Null,0,0,3,Meta,TikTok,
u02655,Start > TikTok > Conversion,1,387.2,1,TikTok,TikTok,2026-01-26 14:28:00
u02656,Start > TikTok > Meta > Conversion,1,579.95,2,TikTok,Meta,2026-01-10 22:04:00
u02657,Start > Google Search > Email > TikTok > Null,0,0,3,Google Search,TikTok,
u02658,Start > Meta > Meta > Null,0,0,2,Meta,Meta,
u02659,Start > TikTok > TikTok > Null,0,0,2,TikTok,TikTok,
u02660,Start > Meta > Google Search > Email > Email > Null,0,0,4,Meta,Email,
u02661,Start > Google Search > Google Search > Meta > Google Search > Null,0,0,4,Google Search,Google Search,
u02662,Start > Google Search > Email > TikTok > Google Search > Meta > Conversion,1,339.6,5,Google Search,Meta,2026-01-19 04:39:00
u02663,Start > TikTok > Email > Conversion,1,594.1,2,TikTok,Email,2026-03-02 12:49:00
u02664,Start > TikTok > Meta > Meta > Null,0,0,3,TikTok,Meta,
u02665,Start > TikTok > Meta > Meta > Google Search > Null,0,0,4,TikTok,Google Search,
u02666,Start > TikTok > Email > Meta > Meta > Conversion,1,566.05,4,TikTok,Meta,2026-02-04 00:55:00
u02667,Start > Meta > Meta > Email > TikTok > Null,0,0,4,Meta,TikTok,
u02668,Start > Meta > Meta > Null,0,0,2,Meta,Meta,
u02669,Start > Google Search > Google Search > Email > Null,0,0,3,Google Search,Email,
u02670,Start > TikTok > TikTok > Meta > Conversion,1,492.55,3,TikTok,Meta,2026-02-21 06:24:00
u02671,Start > Meta > Email > Null,0,0,2,Meta,Email,
u02672,Start > Meta > TikTok > Google Search > Null,0,0,3,Meta,Google Search,
u02673,Start > TikTok > Email > Null,0,0,2,TikTok,Email,
u02674,Start > Meta > TikTok > Google Search > Null,0,0,3,Meta,Google Search,
u02675,Start > Meta > TikTok > Google Search > Meta > Meta > Null,0,0,5,Meta,Meta,
u02676,Start > Meta > Null,0,0,1,Meta,Meta,
u02677,Start > TikTok > Meta > Google Search > Null,0,0,3,TikTok,Google Search,
u02678,Start > Meta > Google Search > Null,0,0,2,Meta,Google Search,
u02679,Start > Meta > TikTok > Google Search > Google Search > Conversion,1,501.25,4,Meta,Google Search,2026-01-20 21:31:00
u02680,Start > TikTok > Google Search > Null,0,0,2,TikTok,Google Search,
u02681,Start > Email > Null,0,0,1,Email,Email,
u02682,Start > TikTok > Meta > TikTok > Null,0,0,3,TikTok,TikTok,
u02683,Start > Email > Null,0,0,1,Email,Email,
u02684,Start > TikTok > Meta > Google Search > Conversion,1,644.75,3,TikTok,Google Search,2026-02-24 02:00:00
u02685,Start > Meta > Google Search > Google Search > Conversion,1,648.35,3,Meta,Google Search,2026-02-07 05:00:00
u02686,Start > Meta > Meta > TikTok > Null,0,0,3,Meta,TikTok,
u02687,Start > Meta > Email > TikTok > Meta > TikTok > Null,0,0,5,Meta,TikTok,
u02688,Start > TikTok > Email > Google Search > Conversion,1,896.45,3,TikTok,Google Search,2026-01-13 18:30:00
u02689,Start > Meta > Null,0,0,1,Meta,Meta,
u02690,Start > TikTok > Google Search > Email > Meta > Null,0,0,4,TikTok,Meta,
u02691,Start > TikTok > Null,0,0,1,TikTok,TikTok,
u02692,Start > TikTok > Email > TikTok > Conversion,1,711.4,3,TikTok,TikTok,2026-03-03 01:13:00
u02693,Start > Google Search > Null,0,0,1,Google Search,Google Search,
u02694,Start > TikTok > Meta > TikTok > Meta > Null,0,0,4,TikTok,Meta,
u02695,Start > Meta > Google Search > TikTok > Meta > Meta > Null,0,0,5,Meta,Meta,
u02696,Start > Meta > Meta > Null,0,0,2,Meta,Meta,
u02697,Start > TikTok > Conversion,1,483.8,1,TikTok,TikTok,2026-02-12 13:49:00
u02698,Start > Google Search > Google Search > Null,0,0,2,Google Search,Google Search,
u02699,Start > Meta > Google Search > TikTok > TikTok > Null,0,0,4,Meta,TikTok,
u02700,Start > Meta > Email > Google Search > Meta > Conversion,1,387.7,4,Meta,Meta,2026-02-03 22:36:00
u02701,Start > TikTok > Null,0,0,1,TikTok,TikTok,
u02702,Start > TikTok > Meta > Google Search > Null,0,0,3,TikTok,Google Search,
u02703,Start > Meta > TikTok > TikTok > Meta > Meta > Null,0,0,5,Meta,Meta,
u02704,Start > Meta > TikTok > Meta > Null,0,0,3,Meta,Meta,
u02705,Start > TikTok > Google Search > Google Search > Conversion,1,564.3,3,TikTok,Google Search,2026-01-30 13:23:00
u02706,Start > Meta > Null,0,0,1,Meta,Meta,
u02707,Start > Google Search > Meta > Conversion,1,552,2,Google Search,Meta,2026-02-13 15:44:00
u02708,Start > Google Search > Email > TikTok > Meta > Null,0,0,4,Google Search,Meta,
u02709,Start > Google Search > Email > Null,0,0,2,Google Search,Email,
u02710,Start > TikTok > Email > Conversion,1,478.7,2,TikTok,Email,2026-01-04 22:45:00
u02711,Start > TikTok > TikTok > Null,0,0,2,TikTok,TikTok,
u02712,Start > TikTok > Meta > TikTok > Email > Google Search > Conversion,1,504.6,5,TikTok,Google Search,2026-01-29 19:39:00
u02713,Start > Meta > Null,0,0,1,Meta,Meta,
u02714,Start > Google Search > Null,0,0,1,Google Search,Google Search,
u02715,Start > TikTok > Email > Null,0,0,2,TikTok,Email,
u02716,Start > Email > Conversion,1,466.35,1,Email,Email,2026-01-28 04:53:00
u02717,Start > TikTok > Google Search > TikTok > Null,0,0,3,TikTok,TikTok,
u02718,Start > Meta > Null,0,0,1,Meta,Meta,
u02719,Start > Google Search > Null,0,0,1,Google Search,Google Search,
u02720,Start > TikTok > TikTok > Meta > Meta > Null,0,0,4,TikTok,Meta,
u02721,Start > Google Search > Google Search > Google Search > Null,0,0,3,Google Search,Google Search,
u02722,Start > TikTok > Meta > Conversion,1,601,2,TikTok,Meta,2026-02-12 01:17:00
u02723,Start > Google Search > Google Search > Null,0,0,2,Google Search,Google Search,
u02724,Start > Meta > TikTok > Null,0,0,2,Meta,TikTok,
u02725,Start > TikTok > Meta > Null,0,0,2,TikTok,Meta,
u02726,Start > Meta > TikTok > Meta > Google Search > Conversion,1,467.95,4,Meta,Google Search,2026-02-24 08:14:00
u02727,Start > TikTok > TikTok > TikTok > TikTok > Null,0,0,4,TikTok,TikTok,
u02728,Start > TikTok > TikTok > TikTok > TikTok > TikTok > Null,0,0,5,TikTok,TikTok,
u02729,Start > Meta > Meta > Conversion,1,631.85,2,Meta,Meta,2026-01-21 03:11:00
u02730,Start > TikTok > Meta > Meta > Conversion,1,314.05,3,TikTok,Meta,2026-02-12 07:41:00
u02731,Start > TikTok > Meta > Null,0,0,2,TikTok,Meta,
u02732,Start > TikTok > TikTok > Null,0,0,2,TikTok,TikTok,
u02733,Start > Google Search > Email > Null,0,0,2,Google Search,Email,
u02734,Start > TikTok > TikTok > Null,0,0,2,TikTok,TikTok,
u02735,Start > Google Search > Meta > Null,0,0,2,Google Search,Meta,
u02736,Start > Meta > Google Search > Google Search > Meta > Conversion,1,380.4,4,Meta,Meta,2026-02-07 09:50:00
u02737,Start > TikTok > Null,0,0,1,TikTok,TikTok,
u02738,Start > Meta > Meta > Google Search > Google Search > Email > Null,0,0,5,Meta,Email,
u02739,Start > Meta > Google Search > Google Search > TikTok > Conversion,1,437.65,4,Meta,TikTok,2026-01-08 20:26:00
u02740,Start > TikTok > TikTok > Google Search > Google Search > Null,0,0,4,TikTok,Google Search,
u02741,Start > Google Search > Meta > Meta > Null,0,0,3,Google Search,Meta,
u02742,Start > Google Search > Conversion,1,802.95,1,Google Search,Google Search,2026-01-11 01:04:00
u02743,Start > TikTok > TikTok > Meta > Google Search > Conversion,1,834.3,4,TikTok,Google Search,2026-01-27 05:29:00
u02744,Start > TikTok > Null,0,0,1,TikTok,TikTok,
u02745,Start > Meta > Email > Conversion,1,565.85,2,Meta,Email,2026-03-03 17:44:00
u02746,Start > TikTok > Meta > Conversion,1,330.45,2,TikTok,Meta,2026-01-12 21:33:00
u02747,Start > TikTok > Meta > Null,0,0,2,TikTok,Meta,
u02748,Start > TikTok > Google Search > Null,0,0,2,TikTok,Google Search,
u02749,Start > TikTok > TikTok > Google Search > Meta > Email > Conversion,1,510.3,5,TikTok,Email,2026-01-24 10:05:00
u02750,Start > TikTok > Google Search > Null,0,0,2,TikTok,Google Search,
u02751,Start > Meta > Meta > Null,0,0,2,Meta,Meta,
u02752,Start > TikTok > TikTok > Google Search > Null,0,0,3,TikTok,Google Search,
u02753,Start > Google Search > Meta > Meta > Null,0,0,3,Google Search,Meta,
u02754,Start > TikTok > Meta > Conversion,1,592.7,2,TikTok,Meta,2026-02-04 10:21:00
u02755,Start > TikTok > Email > Meta > Conversion,1,385.05,3,TikTok,Meta,2026-02-11 06:54:00
u02756,Start > TikTok > Google Search > Meta > Email > Conversion,1,529.5,4,TikTok,Email,2026-02-28 13:02:00
u02757,Start > Google Search > TikTok > Google Search > Null,0,0,3,Google Search,Google Search,
u02758,Start > Google Search > Meta > TikTok > Meta > Conversion,1,502.3,4,Google Search,Meta,2026-02-22 18:12:00
u02759,Start > TikTok > TikTok > Google Search > Null,0,0,3,TikTok,Google Search,
u02760,Start > Google Search > Null,0,0,1,Google Search,Google Search,
u02761,Start > TikTok > Google Search > Google Search > Google Search > Null,0,0,4,TikTok,Google Search,
u02762,Start > TikTok > Meta > Conversion,1,363.5,2,TikTok,Meta,2026-03-02 03:55:00
u02763,Start > TikTok > Email > Google Search > Conversion,1,700.2,3,TikTok,Google Search,2026-02-11 14:27:00
u02764,Start > Meta > Google Search > TikTok > Conversion,1,716.3,3,Meta,TikTok,2026-02-26 03:04:00
u02765,Start > Google Search > Null,0,0,1,Google Search,Google Search,
u02766,Start > Google Search > Meta > Google Search > Google Search > Null,0,0,4,Google Search,Google Search,
u02767,Start > Google Search > Meta > Meta > Null,0,0,3,Google Search,Meta,
u02768,Start > Meta > Google Search > Null,0,0,2,Meta,Google Search,
u02769,Start > TikTok > Google Search > Google Search > Conversion,1,579.15,3,TikTok,Google Search,2026-02-08 23:51:00
u02770,Start > TikTok > Meta > Meta > Null,0,0,3,TikTok,Meta,
u02771,Start > Meta > Google Search > Null,0,0,2,Meta,Google Search,
u02772,Start > Email > Null,0,0,1,Email,Email,
u02773,Start > Email > Conversion,1,440.85,1,Email,Email,2026-02-12 13:58:00
u02774,Start > TikTok > Null,0,0,1,TikTok,TikTok,
u02775,Start > Meta > Google Search > Google Search > Meta > Conversion,1,572.25,4,Meta,Meta,2026-01-11 18:10:00
u02776,Start > Meta > Null,0,0,1,Meta,Meta,
u02777,Start > Meta > Google Search > Google Search > Conversion,1,489.1,3,Meta,Google Search,2026-01-11 09:43:00
u02778,Start > Meta > Meta > Meta > TikTok > Null,0,0,4,Meta,TikTok,
u02779,Start > TikTok > TikTok > Email > Null,0,0,3,TikTok,Email,
u02780,Start > TikTok > Google Search > TikTok > Meta > Null,0,0,4,TikTok,Meta,
u02781,Start > Google Search > Meta > Meta > Null,0,0,3,Google Search,Meta,
u02782,Start > Meta > Meta > Google Search > TikTok > Meta > Conversion,1,435.2,5,Meta,Meta,2026-02-13 07:23:00
u02783,Start > Meta > Meta > Email > Email > Null,0,0,4,Meta,Email,
u02784,Start > TikTok > Null,0,0,1,TikTok,TikTok,
u02785,Start > Email > Conversion,1,393.1,1,Email,Email,2026-02-14 03:00:00
u02786,Start > Email > Null,0,0,1,Email,Email,
u02787,Start > Google Search > TikTok > Google Search > Null,0,0,3,Google Search,Google Search,
u02788,Start > Meta > Google Search > Google Search > Null,0,0,3,Meta,Google Search,
u02789,Start > Meta > TikTok > Conversion,1,359.3,2,Meta,TikTok,2026-01-29 00:35:00
u02790,Start > Google Search > Google Search > Null,0,0,2,Google Search,Google Search,
u02791,Start > Meta > TikTok > Null,0,0,2,Meta,TikTok,
u02792,Start > Meta > TikTok > Google Search > TikTok > Email > Conversion,1,417.45,5,Meta,Email,2026-02-19 08:24:00
u02793,Start > Google Search > Meta > Meta > Meta > Null,0,0,4,Google Search,Meta,
u02794,Start > Meta > Null,0,0,1,Meta,Meta,
u02795,Start > TikTok > Meta > Email > Google Search > Meta > Conversion,1,567.05,5,TikTok,Meta,2026-01-31 15:31:00
u02796,Start > Meta > Google Search > Meta > Null,0,0,3,Meta,Meta,
u02797,Start > TikTok > Email > Null,0,0,2,TikTok,Email,
u02798,Start > TikTok > Meta > TikTok > Null,0,0,3,TikTok,TikTok,
u02799,Start > TikTok > Meta > Email > Null,0,0,3,TikTok,Email,
u02800,Start > TikTok > Conversion,1,362.75,1,TikTok,TikTok,2026-02-23 06:51:00
u02801,Start > TikTok > Google Search > TikTok > Google Search > Conversion,1,629.15,4,TikTok,Google Search,2026-02-17 18:53:00
u02802,Start > Meta > TikTok > Google Search > Null,0,0,3,Meta,Google Search,
u02803,Start > Google Search > Google Search > Google Search > Null,0,0,3,Google Search,Google Search,
u02804,Start > Google Search > Email > Conversion,1,476.85,2,Google Search,Email,2026-01-20 13:41:00
u02805,Start > TikTok > Null,0,0,1,TikTok,TikTok,
u02806,Start > TikTok > Google Search > Null,0,0,2,TikTok,Google Search,
u02807,Start > TikTok > TikTok > Google Search > TikTok > Conversion,1,567.9,4,TikTok,TikTok,2026-01-08 16:38:00
u02808,Start > Google Search > TikTok > Null,0,0,2,Google Search,TikTok,
u02809,Start > Google Search > Google Search > Null,0,0,2,Google Search,Google Search,
u02810,Start > TikTok > Null,0,0,1,TikTok,TikTok,
u02811,Start > Meta > Email > Google Search > Null,0,0,3,Meta,Google Search,
u02812,Start > TikTok > Meta > Meta > Conversion,1,385.5,3,TikTok,Meta,2026-01-27 13:23:00
u02813,Start > Meta > Null,0,0,1,Meta,Meta,
u02814,Start > Google Search > Null,0,0,1,Google Search,Google Search,
u02815,Start > Google Search > Meta > Google Search > TikTok > Conversion,1,678.65,4,Google Search,TikTok,2026-02-09 09:18:00
u02816,Start > TikTok > TikTok > Null,0,0,2,TikTok,TikTok,
u02817,Start > TikTok > Null,0,0,1,TikTok,TikTok,
u02818,Start > TikTok > Meta > TikTok > Null,0,0,3,TikTok,TikTok,
u02819,Start > Meta > Meta > TikTok > Null,0,0,3,Meta,TikTok,
u02820,Start > TikTok > Google Search > Email > TikTok > Null,0,0,4,TikTok,TikTok,
u02821,Start > Meta > Google Search > Meta > Null,0,0,3,Meta,Meta,
u02822,Start > TikTok > Meta > Meta > Conversion,1,698.6,3,TikTok,Meta,2026-02-05 01:58:00
u02823,Start > TikTok > Meta > Null,0,0,2,TikTok,Meta,
u02824,Start > TikTok > Google Search > Meta > Google Search > Null,0,0,4,TikTok,Google Search,
u02825,Start > TikTok > Meta > Null,0,0,2,TikTok,Meta,
u02826,Start > Google Search > Meta > Conversion,1,676.4,2,Google Search,Meta,2026-01-19 21:16:00
u02827,Start > Google Search > Meta > TikTok > Null,0,0,3,Google Search,TikTok,
u02828,Start > Meta > Meta > Null,0,0,2,Meta,Meta,
u02829,Start > Meta > Null,0,0,1,Meta,Meta,
u02830,Start > Meta > TikTok > TikTok > Conversion,1,395.15,3,Meta,TikTok,2026-02-26 01:22:00
u02831,Start > TikTok > Google Search > Meta > Null,0,0,3,TikTok,Meta,
u02832,Start > Meta > Google Search > Google Search > Meta > Null,0,0,4,Meta,Meta,
u02833,Start > Google Search > Email > Conversion,1,268.85,2,Google Search,Email,2026-02-05 13:18:00
u02834,Start > Google Search > Conversion,1,471.75,1,Google Search,Google Search,2026-02-03 20:21:00
u02835,Start > Meta > Null,0,0,1,Meta,Meta,
u02836,Start > Google Search > Null,0,0,1,Google Search,Google Search,
u02837,Start > Email > Conversion,1,392.1,1,Email,Email,2026-01-20 07:35:00
u02838,Start > TikTok > Meta > Null,0,0,2,TikTok,Meta,
u02839,Start > Meta > Google Search > TikTok > Email > Email > Null,0,0,5,Meta,Email,
u02840,Start > Google Search > Google Search > Meta > Conversion,1,635.45,3,Google Search,Meta,2026-01-11 01:12:00
u02841,Start > TikTok > Meta > Meta > Google Search > Meta > Null,0,0,5,TikTok,Meta,
u02842,Start > Meta > Email > Google Search > Meta > Null,0,0,4,Meta,Meta,
u02843,Start > Meta > Google Search > Null,0,0,2,Meta,Google Search,
u02844,Start > TikTok > Google Search > TikTok > Meta > Conversion,1,609.15,4,TikTok,Meta,2026-02-24 05:11:00
u02845,Start > Google Search > Meta > Null,0,0,2,Google Search,Meta,
u02846,Start > TikTok > Google Search > Null,0,0,2,TikTok,Google Search,
u02847,Start > Meta > Meta > Conversion,1,646.3,2,Meta,Meta,2026-01-04 07:30:00
u02848,Start > TikTok > Null,0,0,1,TikTok,TikTok,
u02849,Start > Meta > Email > Email > Conversion,1,368.15,3,Meta,Email,2026-02-24 11:17:00
u02850,Start > Google Search > Meta > Null,0,0,2,Google Search,Meta,
u02851,Start > Google Search > Null,0,0,1,Google Search,Google Search,
u02852,Start > TikTok > Meta > Email > Meta > Google Search > Conversion,1,587.75,5,TikTok,Google Search,2026-01-06 11:10:00
u02853,Start > TikTok > Meta > TikTok > Conversion,1,389.35,3,TikTok,TikTok,2026-02-23 11:21:00
u02854,Start > TikTok > Null,0,0,1,TikTok,TikTok,
u02855,Start > TikTok > Google Search > Google Search > Null,0,0,3,TikTok,Google Search,
u02856,Start > TikTok > Google Search > TikTok > Null,0,0,3,TikTok,TikTok,
u02857,Start > Google Search > Email > Google Search > Conversion,1,756.45,3,Google Search,Google Search,2026-02-21 16:07:00
u02858,Start > TikTok > TikTok > TikTok > Null,0,0,3,TikTok,TikTok,
u02859,Start > Meta > TikTok > Google Search > Google Search > Null,0,0,4,Meta,Google Search,
u02860,Start > Meta > Email > TikTok > Null,0,0,3,Meta,TikTok,
u02861,Start > TikTok > Meta > Null,0,0,2,TikTok,Meta,
u02862,Start > TikTok > Meta > Null,0,0,2,TikTok,Meta,
u02863,Start > Meta > TikTok > Null,0,0,2,Meta,TikTok,
u02864,Start > Meta > Google Search > Null,0,0,2,Meta,Google Search,
u02865,Start > Google Search > Null,0,0,1,Google Search,Google Search,
u02866,Start > TikTok > TikTok > TikTok > Null,0,0,3,TikTok,TikTok,
u02867,Start > TikTok > Meta > Email > Conversion,1,475.95,3,TikTok,Email,2026-02-19 01:45:00
u02868,Start > Meta > Google Search > Email > TikTok > Conversion,1,434.65,4,Meta,TikTok,2026-02-20 03:52:00
u02869,Start > TikTok > Conversion,1,658.9,1,TikTok,TikTok,2026-01-17 02:52:00
u02870,Start > Meta > Null,0,0,1,Meta,Meta,
u02871,Start > TikTok > Meta > Google Search > Conversion,1,636.65,3,TikTok,Google Search,2026-01-15 11:36:00
u02872,Start > Meta > TikTok > TikTok > Meta > Google Search > Null,0,0,5,Meta,Google Search,
u02873,Start > Meta > Meta > Google Search > Null,0,0,3,Meta,Google Search,
u02874,Start > Google Search > Email > Null,0,0,2,Google Search,Email,
u02875,Start > Google Search > Meta > Google Search > Conversion,1,700.1,3,Google Search,Google Search,2026-02-08 13:40:00
u02876,Start > Meta > Google Search > Meta > Google Search > Null,0,0,4,Meta,Google Search,
u02877,Start > TikTok > TikTok > Meta > Meta > Conversion,1,345.1,4,TikTok,Meta,2026-02-26 15:45:00
u02878,Start > TikTok > Google Search > TikTok > Meta > Google Search > Null,0,0,5,TikTok,Google Search,
u02879,Start > TikTok > TikTok > Null,0,0,2,TikTok,TikTok,
u02880,Start > Meta > Null,0,0,1,Meta,Meta,
u02881,Start > Google Search > TikTok > Meta > Conversion,1,586.75,3,Google Search,Meta,2026-02-24 13:42:00
u02882,Start > Meta > Google Search > Null,0,0,2,Meta,Google Search,
u02883,Start > TikTok > Google Search > TikTok > Null,0,0,3,TikTok,TikTok,
u02884,Start > Google Search > Email > Null,0,0,2,Google Search,Email,
u02885,Start > TikTok > Meta > Meta > Meta > Conversion,1,577.1,4,TikTok,Meta,2026-03-01 06:15:00
u02886,Start > Meta > TikTok > Null,0,0,2,Meta,TikTok,
u02887,Start > Meta > Meta > Google Search > Null,0,0,3,Meta,Google Search,
u02888,Start > TikTok > TikTok > Meta > Conversion,1,483.8,3,TikTok,Meta,2026-01-29 10:01:00
u02889,Start > Meta > Meta > Email > TikTok > Meta > Null,0,0,5,Meta,Meta,
u02890,Start > Google Search > Conversion,1,865,1,Google Search,Google Search,2026-02-12 09:31:00
u02891,Start > TikTok > Email > Email > Google Search > Conversion,1,916.65,4,TikTok,Google Search,2026-02-21 00:50:00
u02892,Start > Meta > Null,0,0,1,Meta,Meta,
u02893,Start > TikTok > TikTok > Email > Conversion,1,637.55,3,TikTok,Email,2026-01-29 02:50:00
u02894,Start > TikTok > Null,0,0,1,TikTok,TikTok,
u02895,Start > TikTok > Google Search > Meta > Meta > Meta > Null,0,0,5,TikTok,Meta,
u02896,Start > TikTok > Email > TikTok > Conversion,1,589.75,3,TikTok,TikTok,2026-02-28 10:17:00
u02897,Start > TikTok > Null,0,0,1,TikTok,TikTok,
u02898,Start > TikTok > TikTok > Null,0,0,2,TikTok,TikTok,
u02899,Start > Email > Null,0,0,1,Email,Email,
u02900,Start > TikTok > Google Search > Null,0,0,2,TikTok,Google Search,
u02901,Start > Google Search > Null,0,0,1,Google Search,Google Search,
u02902,Start > Meta > Meta > Meta > Meta > Null,0,0,4,Meta,Meta,
u02903,Start > Meta > Meta > Google Search > Conversion,1,712.65,3,Meta,Google Search,2026-01-29 04:26:00
u02904,Start > TikTok > Google Search > Conversion,1,482.1,2,TikTok,Google Search,2026-02-22 21:17:00
u02905,Start > TikTok > Meta > Meta > Meta > Email > Conversion,1,260.55,5,TikTok,Email,2026-01-12 06:35:00
u02906,Start > Google Search > Null,0,0,1,Google Search,Google Search,
u02907,Start > Meta > TikTok > Google Search > TikTok > Email > Conversion,1,437.8,5,Meta,Email,2026-03-05 01:25:00
u02908,Start > TikTok > Google Search > Google Search > Null,0,0,3,TikTok,Google Search,
u02909,Start > Meta > Meta > Null,0,0,2,Meta,Meta,
u02910,Start > TikTok > Null,0,0,1,TikTok,TikTok,
u02911,Start > TikTok > Google Search > TikTok > Null,0,0,3,TikTok,TikTok,
u02912,Start > TikTok > Meta > Null,0,0,2,TikTok,Meta,
u02913,Start > Meta > Google Search > TikTok > Conversion,1,520.5,3,Meta,TikTok,2026-01-28 07:24:00
u02914,Start > TikTok > Meta > Conversion,1,365.1,2,TikTok,Meta,2026-01-22 10:05:00
u02915,Start > TikTok > TikTok > Google Search > Google Search > Null,0,0,4,TikTok,Google Search,
u02916,Start > TikTok > Null,0,0,1,TikTok,TikTok,
u02917,Start > TikTok > Null,0,0,1,TikTok,TikTok,
u02918,Start > Email > Null,0,0,1,Email,Email,
u02919,Start > Meta > Email > Null,0,0,2,Meta,Email,
u02920,Start > Meta > TikTok > Meta > Meta > Email > Conversion,1,486.6,5,Meta,Email,2026-01-28 16:24:00
u02921,Start > TikTok > Null,0,0,1,TikTok,TikTok,
u02922,Start > Google Search > Google Search > Meta > Null,0,0,3,Google Search,Meta,
u02923,Start > TikTok > Email > Null,0,0,2,TikTok,Email,
u02924,Start > Meta > Null,0,0,1,Meta,Meta,
u02925,Start > Meta > TikTok > Null,0,0,2,Meta,TikTok,
u02926,Start > TikTok > Null,0,0,1,TikTok,TikTok,
u02927,Start > TikTok > Meta > Null,0,0,2,TikTok,Meta,
u02928,Start > Google Search > Meta > Conversion,1,614.6,2,Google Search,Meta,2026-02-21 02:53:00
u02929,Start > TikTok > Meta > Google Search > Null,0,0,3,TikTok,Google Search,
u02930,Start > Google Search > Null,0,0,1,Google Search,Google Search,
u02931,Start > Google Search > Meta > Null,0,0,2,Google Search,Meta,
u02932,Start > Meta > TikTok > TikTok > Null,0,0,3,Meta,TikTok,
u02933,Start > Google Search > Google Search > Null,0,0,2,Google Search,Google Search,
u02934,Start > TikTok > Google Search > TikTok > Email > Conversion,1,298.4,4,TikTok,Email,2026-03-02 06:57:00
u02935,Start > TikTok > Meta > TikTok > Email > Conversion,1,625.05,4,TikTok,Email,2026-02-13 05:02:00
u02936,Start > Meta > Null,0,0,1,Meta,Meta,
u02937,Start > Meta > Null,0,0,1,Meta,Meta,
u02938,Start > TikTok > Meta > Null,0,0,2,TikTok,Meta,
u02939,Start > Meta > Google Search > Email > TikTok > TikTok > Conversion,1,615.7,5,Meta,TikTok,2026-02-23 22:04:00
u02940,Start > Google Search > Email > Google Search > Null,0,0,3,Google Search,Google Search,
u02941,Start > Meta > Meta > Google Search > Null,0,0,3,Meta,Google Search,
u02942,Start > TikTok > Null,0,0,1,TikTok,TikTok,
u02943,Start > Meta > Google Search > Conversion,1,505.95,2,Meta,Google Search,2026-01-12 09:21:00
u02944,Start > Meta > Google Search > Null,0,0,2,Meta,Google Search,
u02945,Start > Google Search > Google Search > TikTok > Google Search > Google Search > Null,0,0,5,Google Search,Google Search,
u02946,Start > TikTok > Email > Google Search > Null,0,0,3,TikTok,Google Search,
u02947,Start > Meta > Google Search > Conversion,1,555.35,2,Meta,Google Search,2026-02-27 19:22:00
u02948,Start > TikTok > Meta > Null,0,0,2,TikTok,Meta,
u02949,Start > TikTok > Google Search > Null,0,0,2,TikTok,Google Search,
u02950,Start > TikTok > Google Search > Conversion,1,701.6,2,TikTok,Google Search,2026-01-04 16:10:00
u02951,Start > Meta > Email > Google Search > Null,0,0,3,Meta,Google Search,
u02952,Start > Google Search > TikTok > Conversion,1,460.05,2,Google Search,TikTok,2026-01-21 21:27:00
u02953,Start > TikTok > Google Search > Null,0,0,2,TikTok,Google Search,
u02954,Start > TikTok > Email > Null,0,0,2,TikTok,Email,
u02955,Start > Google Search > Conversion,1,709.2,1,Google Search,Google Search,2026-01-02 21:45:00
u02956,Start > Meta > Meta > Null,0,0,2,Meta,Meta,
u02957,Start > TikTok > Google Search > Null,0,0,2,TikTok,Google Search,
u02958,Start > Meta > Meta > Google Search > Meta > Conversion,1,628.9,4,Meta,Meta,2026-01-24 18:22:00
u02959,Start > Google Search > Email > Meta > Meta > Null,0,0,4,Google Search,Meta,
u02960,Start > Google Search > TikTok > Conversion,1,715.15,2,Google Search,TikTok,2026-01-13 02:21:00
u02961,Start > Email > Null,0,0,1,Email,Email,
u02962,Start > TikTok > Meta > Google Search > Null,0,0,3,TikTok,Google Search,
u02963,Start > Google Search > Google Search > Null,0,0,2,Google Search,Google Search,
u02964,Start > TikTok > Google Search > Meta > Null,0,0,3,TikTok,Meta,
u02965,Start > TikTok > TikTok > Meta > Google Search > Null,0,0,4,TikTok,Google Search,
u02966,Start > Meta > Google Search > Null,0,0,2,Meta,Google Search,
u02967,Start > TikTok > Meta > TikTok > Conversion,1,433.45,3,TikTok,TikTok,2026-02-01 07:34:00
u02968,Start > TikTok > TikTok > Null,0,0,2,TikTok,TikTok,
u02969,Start > Google Search > Null,0,0,1,Google Search,Google Search,
u02970,Start > TikTok > Google Search > Conversion,1,657.75,2,TikTok,Google Search,2026-02-07 12:50:00
u02971,Start > TikTok > TikTok > TikTok > Null,0,0,3,TikTok,TikTok,
u02972,Start > Meta > Meta > Google Search > Null,0,0,3,Meta,Google Search,
u02973,Start > Google Search > Google Search > Meta > Meta > Google Search > Null,0,0,5,Google Search,Google Search,
u02974,Start > Meta > Google Search > Google Search > Meta > Conversion,1,665.4,4,Meta,Meta,2026-01-31 22:55:00
u02975,Start > Meta > Meta > Meta > Google Search > Conversion,1,839.55,4,Meta,Google Search,2026-01-15 13:07:00
u02976,Start > Meta > Meta > TikTok > Null,0,0,3,Meta,TikTok,
u02977,Start > TikTok > Meta > Null,0,0,2,TikTok,Meta,
u02978,Start > TikTok > TikTok > Null,0,0,2,TikTok,TikTok,
u02979,Start > TikTok > TikTok > Null,0,0,2,TikTok,TikTok,
u02980,Start > Google Search > Email > Conversion,1,492.4,2,Google Search,Email,2026-01-16 05:49:00
u02981,Start > TikTok > Google Search > Email > TikTok > Null,0,0,4,TikTok,TikTok,
u02982,Start > Meta > Meta > Null,0,0,2,Meta,Meta,
u02983,Start > Meta > Google Search > Null,0,0,2,Meta,Google Search,
u02984,Start > Meta > Null,0,0,1,Meta,Meta,
u02985,Start > TikTok > Null,0,0,1,TikTok,TikTok,
u02986,Start > Meta > TikTok > TikTok > Google Search > Meta > Conversion,1,634.95,5,Meta,Meta,2026-01-24 18:05:00
u02987,Start > Email > Conversion,1,307.7,1,Email,Email,2026-02-25 23:32:00
u02988,Start > TikTok > Meta > Null,0,0,2,TikTok,Meta,
u02989,Start > TikTok > Email > Null,0,0,2,TikTok,Email,
u02990,Start > Meta > TikTok > TikTok > Null,0,0,3,Meta,TikTok,
u02991,Start > Meta > Null,0,0,1,Meta,Meta,
u02992,Start > Google Search > Null,0,0,1,Google Search,Google Search,
u02993,Start > TikTok > TikTok > TikTok > Google Search > Null,0,0,4,TikTok,Google Search,
u02994,Start > TikTok > Null,0,0,1,TikTok,TikTok,
u02995,Start > TikTok > Google Search > Email > Conversion,1,518.25,3,TikTok,Email,2026-01-27 03:58:00
u02996,Start > TikTok > Meta > Null,0,0,2,TikTok,Meta,
u02997,Start > TikTok > Meta > Meta > Google Search > Conversion,1,907.8,4,TikTok,Google Search,2026-02-10 20:46:00
u02998,Start > TikTok > Meta > Meta > Null,0,0,3,TikTok,Meta,
u02999,Start > TikTok > Email > Google Search > Null,0,0,3,TikTok,Google Search,
u03000,Start > Meta > Meta > Null,0,0,2,Meta,Meta,
